Cadence Genus(TM) Synthesis Solution.
Copyright 2018 Cadence Design Systems, Inc. All rights reserved worldwide.
Cadence and the Cadence logo are registered trademarks and Genus is a trademark
of Cadence Design Systems, Inc. in the United States and other countries.

Version: 18.14-s037_1, built Wed Mar 27 10:19:21 PDT 2019
Options: 
Date:    Wed Nov 12 19:59:41 2025
Host:    joker.ece.northwestern.edu (x86_64 w/Linux 4.18.0-553.82.1.el8_10.x86_64) (8cores*8cpus*1physical cpu*Intel(R) Core(TM) i7-9700 CPU @ 3.00GHz 12288KB) (32477796KB)
OS:      Red Hat Enterprise Linux release 8.10 (Ootpa)

Checking out license: Genus_Synthesis

Loading tool scripts...

Finished loading tool scripts (9 seconds elapsed).

WARNING: This version of the tool is 2422 days old.
@genus:root: 1> read_hdl -vhdl nn_config.vhd
@genus:root: 2> read_hdl -vhdl Weight_Memory.vhd
Warning : Initial values are ignored for synthesis. [VHDL-639]
        : in file 'Weight_Memory.vhd' on line 25333.
        : The specified construct has no effect on synthesis. In some cases (such as 'after' clauses in signal assignments) may cause a mismatch between and simulation.
@genus:root: 3> read_hdl -vhdl Sig_ROM.vhd
Warning : Initial values are ignored for synthesis. [VHDL-639]
        : in file 'Sig_ROM.vhd' on line 26.
@genus:root: 4> read_hdl -vhdl ReLU.vhd
@genus:root: 5> read_hdl -vhdl neuron.vhd
Warning : File declarations are not supported for synthesis. [VHDL-637]
        : in file 'neuron.vhd' on line 42.
@genus:root: 6> read_hdl -vhdl maxFinder.vhd
Warning : Initial values are ignored for synthesis. [VHDL-639]
        : in file 'maxFinder.vhd' on line 28.
Warning : Initial values are ignored for synthesis. [VHDL-639]
        : in file 'maxFinder.vhd' on line 29.
Warning : Initial values are ignored for synthesis. [VHDL-639]
        : in file 'maxFinder.vhd' on line 30.
Warning : Initial values are ignored for synthesis. [VHDL-639]
        : in file 'maxFinder.vhd' on line 31.
Warning : Initial values are ignored for synthesis. [VHDL-639]
        : in file 'maxFinder.vhd' on line 32.
Warning : Initial values are ignored for synthesis. [VHDL-639]
        : in file 'maxFinder.vhd' on line 34.
@genus:root: 7> read_hdl -vhdl Layer_1.vhd
@genus:root: 8> read_hdl -vhdl Layer_2.vhd
@genus:root: 9> read_hdl -vhdl Layer_3.vhd
@genus:root: 10> read_hdl -vhdl Layer_4.vhd
@genus:root: 11> read_hdl -vhdl DNN.vhd
@genus:root: 12> set_db library /vol/ece303/genus_tutorial/NangateOpenCellLibrary_typical.lib

Threads Configured:3

  Message Summary for Library NangateOpenCellLibrary_typical.lib:
  ***************************************************************
  Could not find an attribute in the library. [LBR-436]: 147
  An unsupported construct was detected in this library. [LBR-40]: 1
  ***************************************************************
 
Info    : Created nominal operating condition. [LBR-412]
        : Operating condition '_nominal_' was created for the PVT values (1.000000, 1.100000, 25.000000) in library 'NangateOpenCellLibrary_typical.lib'.
        : The nominal operating condition represents either the nominal PVT values if specified in the library source, or the default PVT values (1.0, 1.0, 1.0).
Warning : Library cell has no output pins defined. [LBR-9]
        : Library cell 'ANTENNA_X1' must have an output pin.
        : Add the missing output pin(s), then reload the library. Otherwise, the library cell will be marked as unusable and as timing model.
Warning : Library cell has no output pins defined. [LBR-9]
        : Library cell 'ANTENNA_X1' must have an output pin.
Warning : Library cell has no output pins defined. [LBR-9]
        : Library cell 'FILLCELL_X1' must have an output pin.
Warning : Library cell has no output pins defined. [LBR-9]
        : Library cell 'FILLCELL_X1' must have an output pin.
Warning : Library cell has no output pins defined. [LBR-9]
        : Library cell 'FILLCELL_X2' must have an output pin.
Warning : Library cell has no output pins defined. [LBR-9]
        : Library cell 'FILLCELL_X2' must have an output pin.
Warning : Library cell has no output pins defined. [LBR-9]
        : Library cell 'FILLCELL_X4' must have an output pin.
Warning : Library cell has no output pins defined. [LBR-9]
        : Library cell 'FILLCELL_X4' must have an output pin.
Warning : Library cell has no output pins defined. [LBR-9]
        : Library cell 'FILLCELL_X8' must have an output pin.
Warning : Library cell has no output pins defined. [LBR-9]
        : Library cell 'FILLCELL_X8' must have an output pin.
Warning : Library cell has no output pins defined. [LBR-9]
        : Library cell 'FILLCELL_X16' must have an output pin.
Warning : Library cell has no output pins defined. [LBR-9]
        : Library cell 'FILLCELL_X16' must have an output pin.
Warning : Library cell has no output pins defined. [LBR-9]
        : Library cell 'FILLCELL_X32' must have an output pin.
Warning : Library cell has no output pins defined. [LBR-9]
        : Library cell 'FILLCELL_X32' must have an output pin.
  Setting attribute of root '/': 'library' = /vol/ece303/genus_tutorial/NangateOpenCellLibrary_typical.lib
1 /vol/ece303/genus_tutorial/NangateOpenCellLibrary_typical.lib
@genus:root: 13> set_db lef_library /vol/ece303/genus_tutorial/NangateOpenCellLibrary.lef
Info    : Via with no resistance will have a value of '0.0' assigned. [PHYS-129]
        : Via 'via1_4' has no resistance value.
Info    : Via with no resistance will have a value of '0.0' assigned. [PHYS-129]
        : Via 'via1_0' has no resistance value.
Info    : Via with no resistance will have a value of '0.0' assigned. [PHYS-129]
        : Via 'via1_1' has no resistance value.
Info    : Via with no resistance will have a value of '0.0' assigned. [PHYS-129]
        : Via 'via1_2' has no resistance value.
Info    : Via with no resistance will have a value of '0.0' assigned. [PHYS-129]
        : Via 'via1_3' has no resistance value.
Info    : Via with no resistance will have a value of '0.0' assigned. [PHYS-129]
        : Via 'via1_5' has no resistance value.
Info    : Via with no resistance will have a value of '0.0' assigned. [PHYS-129]
        : Via 'via1_6' has no resistance value.
Info    : Via with no resistance will have a value of '0.0' assigned. [PHYS-129]
        : Via 'via1_7' has no resistance value.
Info    : Via with no resistance will have a value of '0.0' assigned. [PHYS-129]
        : Via 'via1_8' has no resistance value.
Info    : Via with no resistance will have a value of '0.0' assigned. [PHYS-129]
        : Via 'via2_8' has no resistance value.
Info    : Via with no resistance will have a value of '0.0' assigned. [PHYS-129]
        : Via 'via2_4' has no resistance value.
Info    : Via with no resistance will have a value of '0.0' assigned. [PHYS-129]
        : Via 'via2_5' has no resistance value.
Info    : Via with no resistance will have a value of '0.0' assigned. [PHYS-129]
        : Via 'via2_7' has no resistance value.
Info    : Via with no resistance will have a value of '0.0' assigned. [PHYS-129]
        : Via 'via2_6' has no resistance value.
Info    : Via with no resistance will have a value of '0.0' assigned. [PHYS-129]
        : Via 'via2_0' has no resistance value.
Info    : Via with no resistance will have a value of '0.0' assigned. [PHYS-129]
        : Via 'via2_1' has no resistance value.
Info    : Via with no resistance will have a value of '0.0' assigned. [PHYS-129]
        : Via 'via2_2' has no resistance value.
Info    : Via with no resistance will have a value of '0.0' assigned. [PHYS-129]
        : Via 'via2_3' has no resistance value.
Info    : Via with no resistance will have a value of '0.0' assigned. [PHYS-129]
        : Via 'via3_2' has no resistance value.
Info    : Via with no resistance will have a value of '0.0' assigned. [PHYS-129]
        : Via 'via3_0' has no resistance value.
Info    : Via with no resistance will have a value of '0.0' assigned. [PHYS-129]
        : Via 'via3_1' has no resistance value.
Info    : Via with no resistance will have a value of '0.0' assigned. [PHYS-129]
        : Via 'via4_0' has no resistance value.
Info    : Via with no resistance will have a value of '0.0' assigned. [PHYS-129]
        : Via 'via5_0' has no resistance value.
Info    : Via with no resistance will have a value of '0.0' assigned. [PHYS-129]
        : Via 'via6_0' has no resistance value.
Info    : Via with no resistance will have a value of '0.0' assigned. [PHYS-129]
        : Via 'via7_0' has no resistance value.
Info    : Via with no resistance will have a value of '0.0' assigned. [PHYS-129]
        : Via 'via8_0' has no resistance value.
Info    : Via with no resistance will have a value of '0.0' assigned. [PHYS-129]
        : Via 'via9_0' has no resistance value.

  According to lef_library, there are total 10 routing layers [ V(5) / H(5) ]

Warning : The variant range of wire parameters is too large. [PHYS-12]
        : The variant range (0.07, 0.8) of 'WIDTH' for layers 'metal3' and 'metal9' is too large.
        : Check the consistency of the parameters.
Warning : The variant range of wire parameters is too large. [PHYS-12]
        : The variant range (0.14, 1.6) of 'PITCH' for layers 'metal3' and 'metal9' is too large.
Warning : The variant range of wire parameters is too large. [PHYS-12]
        : The variant range (0.065, 0.8) of 'MINSPACING' for layers 'metal1' and 'metal10' is too large.
Warning : Non-monotonic wireload model found. [LBR-81]
        : 'Length' table in wireload model '5K_hvratio_1_1' is non-monotonic.
        : Non-monotonic wireload models can cause problems during synthesis and/or mapping.  Raising some of the points in the curve to give it a monotonic shape.
Warning : Non-monotonic wireload model found. [LBR-81]
        : 'Length' table in wireload model '5K_hvratio_1_2' is non-monotonic.
Warning : Non-monotonic wireload model found. [LBR-81]
        : 'Length' table in wireload model '5K_hvratio_1_4' is non-monotonic.
Warning : Non-monotonic wireload model found. [LBR-81]
        : 'Length' table in wireload model '3K_hvratio_1_1' is non-monotonic.
Warning : Non-monotonic wireload model found. [LBR-81]
        : 'Length' table in wireload model '3K_hvratio_1_2' is non-monotonic.
Warning : Non-monotonic wireload model found. [LBR-81]
        : 'Length' table in wireload model '3K_hvratio_1_2' is non-monotonic.
Warning : Non-monotonic wireload model found. [LBR-81]
        : 'Length' table in wireload model '3K_hvratio_1_2' is non-monotonic.
Warning : Non-monotonic wireload model found. [LBR-81]
        : 'Length' table in wireload model '3K_hvratio_1_4' is non-monotonic.
Warning : Non-monotonic wireload model found. [LBR-81]
        : 'Length' table in wireload model '1K_hvratio_1_1' is non-monotonic.
Warning : Non-monotonic wireload model found. [LBR-81]
        : 'Length' table in wireload model '1K_hvratio_1_2' is non-monotonic.
Warning : Non-monotonic wireload model found. [LBR-81]
        : 'Length' table in wireload model '1K_hvratio_1_4' is non-monotonic.
  Setting attribute of root '/': 'lef_library' = /vol/ece303/genus_tutorial/NangateOpenCellLibrary.lef
1 /vol/ece303/genus_tutorial/NangateOpenCellLibrary.lef
@genus:root: 14> elaborate
Warning : Non-monotonic wireload model found. [LBR-81]
        : 'Length' table in wireload model '5K_hvratio_1_1' is non-monotonic.
Warning : Non-monotonic wireload model found. [LBR-81]
        : 'Length' table in wireload model '5K_hvratio_1_2' is non-monotonic.
Warning : Non-monotonic wireload model found. [LBR-81]
        : 'Length' table in wireload model '5K_hvratio_1_4' is non-monotonic.
Warning : Non-monotonic wireload model found. [LBR-81]
        : 'Length' table in wireload model '3K_hvratio_1_1' is non-monotonic.
Warning : Non-monotonic wireload model found. [LBR-81]
        : 'Length' table in wireload model '3K_hvratio_1_2' is non-monotonic.
Warning : Non-monotonic wireload model found. [LBR-81]
        : 'Length' table in wireload model '3K_hvratio_1_2' is non-monotonic.
Warning : Non-monotonic wireload model found. [LBR-81]
        : 'Length' table in wireload model '3K_hvratio_1_2' is non-monotonic.
Warning : Non-monotonic wireload model found. [LBR-81]
        : 'Length' table in wireload model '3K_hvratio_1_4' is non-monotonic.
Warning : Non-monotonic wireload model found. [LBR-81]
        : 'Length' table in wireload model '1K_hvratio_1_1' is non-monotonic.
Info    : Elaborating Design. [ELAB-1]
        : Elaborating top-level block 'DNN' from file 'DNN.vhd'.
Info    : Binding to architecture. [ELAB-5]
        : Elaborating architecture 'rtl' for entity 'DNN'.
Warning : Using default parameter value for module elaboration. [CDFG-818]
        : Elaborating block 'DNN' with default parameters value.
Info    : Binding to architecture. [ELAB-5]
        : Elaborating architecture 'rtl' for entity 'Layer_1'.
Info    : Binding to architecture. [ELAB-5]
        : Elaborating architecture 'rtl' for entity 'neuron'.
Info    : Binding to architecture. [ELAB-5]
        : Elaborating architecture 'behavior' for entity 'Weight_Memory'.
Info    : Binding to architecture. [ELAB-5]
        : Elaborating architecture 'behavior' for entity 'Sig_ROM'.
Info    : Binding to architecture. [ELAB-5]
        : Elaborating architecture 'rtl' for entity 'neuron'.
Info    : Binding to architecture. [ELAB-5]
        : Elaborating architecture 'behavior' for entity 'Weight_Memory'.
Info    : Binding to architecture. [ELAB-5]
        : Elaborating architecture 'rtl' for entity 'neuron'.
Info    : Binding to architecture. [ELAB-5]
        : Elaborating architecture 'behavior' for entity 'Weight_Memory'.
Info    : Binding to architecture. [ELAB-5]
        : Elaborating architecture 'rtl' for entity 'neuron'.
Info    : Binding to architecture. [ELAB-5]
        : Elaborating architecture 'behavior' for entity 'Weight_Memory'.
Info    : Binding to architecture. [ELAB-5]
        : Elaborating architecture 'rtl' for entity 'neuron'.
Info    : Binding to architecture. [ELAB-5]
        : Elaborating architecture 'behavior' for entity 'Weight_Memory'.
Info    : Binding to architecture. [ELAB-5]
        : Elaborating architecture 'rtl' for entity 'neuron'.
Info    : Binding to architecture. [ELAB-5]
        : Elaborating architecture 'behavior' for entity 'Weight_Memory'.
Info    : Binding to architecture. [ELAB-5]
        : Elaborating architecture 'rtl' for entity 'neuron'.
Info    : Binding to architecture. [ELAB-5]
        : Elaborating architecture 'behavior' for entity 'Weight_Memory'.
Info    : Binding to architecture. [ELAB-5]
        : Elaborating architecture 'rtl' for entity 'neuron'.
Info    : Binding to architecture. [ELAB-5]
        : Elaborating architecture 'behavior' for entity 'Weight_Memory'.
Info    : Binding to architecture. [ELAB-5]
        : Elaborating architecture 'rtl' for entity 'neuron'.
Info    : Binding to architecture. [ELAB-5]
        : Elaborating architecture 'behavior' for entity 'Weight_Memory'.
Info    : Binding to architecture. [ELAB-5]
        : Elaborating architecture 'rtl' for entity 'neuron'.
Info    : Binding to architecture. [ELAB-5]
        : Elaborating architecture 'behavior' for entity 'Weight_Memory'.
Info    : Binding to architecture. [ELAB-5]
        : Elaborating architecture 'rtl' for entity 'neuron'.
Info    : Binding to architecture. [ELAB-5]
        : Elaborating architecture 'behavior' for entity 'Weight_Memory'.
Info    : Binding to architecture. [ELAB-5]
        : Elaborating architecture 'rtl' for entity 'neuron'.
Info    : Binding to architecture. [ELAB-5]
        : Elaborating architecture 'behavior' for entity 'Weight_Memory'.
Info    : Binding to architecture. [ELAB-5]
        : Elaborating architecture 'rtl' for entity 'neuron'.
Info    : Binding to architecture. [ELAB-5]
        : Elaborating architecture 'behavior' for entity 'Weight_Memory'.
Info    : Binding to architecture. [ELAB-5]
        : Elaborating architecture 'rtl' for entity 'neuron'.
Info    : Binding to architecture. [ELAB-5]
        : Elaborating architecture 'behavior' for entity 'Weight_Memory'.
Info    : Binding to architecture. [ELAB-5]
        : Elaborating architecture 'rtl' for entity 'neuron'.
Info    : Binding to architecture. [ELAB-5]
        : Elaborating architecture 'behavior' for entity 'Weight_Memory'.
Info    : Binding to architecture. [ELAB-5]
        : Elaborating architecture 'rtl' for entity 'neuron'.
Info    : Binding to architecture. [ELAB-5]
        : Elaborating architecture 'behavior' for entity 'Weight_Memory'.
Info    : Binding to architecture. [ELAB-5]
        : Elaborating architecture 'rtl' for entity 'neuron'.
Info    : Binding to architecture. [ELAB-5]
        : Elaborating architecture 'behavior' for entity 'Weight_Memory'.
Info    : Binding to architecture. [ELAB-5]
        : Elaborating architecture 'rtl' for entity 'neuron'.
Info    : Binding to architecture. [ELAB-5]
        : Elaborating architecture 'behavior' for entity 'Weight_Memory'.
Info    : Binding to architecture. [ELAB-5]
        : Elaborating architecture 'rtl' for entity 'neuron'.
Info    : Binding to architecture. [ELAB-5]
        : Elaborating architecture 'behavior' for entity 'Weight_Memory'.
Info    : Binding to architecture. [ELAB-5]
        : Elaborating architecture 'rtl' for entity 'neuron'.
Info    : Binding to architecture. [ELAB-5]
        : Elaborating architecture 'behavior' for entity 'Weight_Memory'.
Info    : Binding to architecture. [ELAB-5]
        : Elaborating architecture 'rtl' for entity 'neuron'.
Info    : Binding to architecture. [ELAB-5]
        : Elaborating architecture 'behavior' for entity 'Weight_Memory'.
Info    : Binding to architecture. [ELAB-5]
        : Elaborating architecture 'rtl' for entity 'neuron'.
Info    : Binding to architecture. [ELAB-5]
        : Elaborating architecture 'behavior' for entity 'Weight_Memory'.
Info    : Binding to architecture. [ELAB-5]
        : Elaborating architecture 'rtl' for entity 'neuron'.
Info    : Binding to architecture. [ELAB-5]
        : Elaborating architecture 'behavior' for entity 'Weight_Memory'.
Info    : Binding to architecture. [ELAB-5]
        : Elaborating architecture 'rtl' for entity 'neuron'.
Info    : Binding to architecture. [ELAB-5]
        : Elaborating architecture 'behavior' for entity 'Weight_Memory'.
Info    : Binding to architecture. [ELAB-5]
        : Elaborating architecture 'rtl' for entity 'neuron'.
Info    : Binding to architecture. [ELAB-5]
        : Elaborating architecture 'behavior' for entity 'Weight_Memory'.
Info    : Binding to architecture. [ELAB-5]
        : Elaborating architecture 'rtl' for entity 'neuron'.
Info    : Binding to architecture. [ELAB-5]
        : Elaborating architecture 'behavior' for entity 'Weight_Memory'.
Info    : Binding to architecture. [ELAB-5]
        : Elaborating architecture 'rtl' for entity 'neuron'.
Info    : Binding to architecture. [ELAB-5]
        : Elaborating architecture 'behavior' for entity 'Weight_Memory'.
Info    : Binding to architecture. [ELAB-5]
        : Elaborating architecture 'rtl' for entity 'neuron'.
Info    : Binding to architecture. [ELAB-5]
        : Elaborating architecture 'behavior' for entity 'Weight_Memory'.
Info    : Binding to architecture. [ELAB-5]
        : Elaborating architecture 'rtl' for entity 'neuron'.
Info    : Binding to architecture. [ELAB-5]
        : Elaborating architecture 'behavior' for entity 'Weight_Memory'.
Info    : Binding to architecture. [ELAB-5]
        : Elaborating architecture 'rtl' for entity 'neuron'.
Info    : Binding to architecture. [ELAB-5]
        : Elaborating architecture 'behavior' for entity 'Weight_Memory'.
Info    : Binding to architecture. [ELAB-5]
        : Elaborating architecture 'rtl' for entity 'Layer_2'.
Info    : Binding to architecture. [ELAB-5]
        : Elaborating architecture 'rtl' for entity 'neuron'.
Info    : Binding to architecture. [ELAB-5]
        : Elaborating architecture 'behavior' for entity 'Weight_Memory'.
Info    : Binding to architecture. [ELAB-5]
        : Elaborating architecture 'rtl' for entity 'neuron'.
Info    : Binding to architecture. [ELAB-5]
        : Elaborating architecture 'behavior' for entity 'Weight_Memory'.
Info    : Binding to architecture. [ELAB-5]
        : Elaborating architecture 'rtl' for entity 'neuron'.
Info    : Binding to architecture. [ELAB-5]
        : Elaborating architecture 'behavior' for entity 'Weight_Memory'.
Info    : Binding to architecture. [ELAB-5]
        : Elaborating architecture 'rtl' for entity 'neuron'.
Info    : Binding to architecture. [ELAB-5]
        : Elaborating architecture 'behavior' for entity 'Weight_Memory'.
Info    : Binding to architecture. [ELAB-5]
        : Elaborating architecture 'rtl' for entity 'neuron'.
Info    : Binding to architecture. [ELAB-5]
        : Elaborating architecture 'behavior' for entity 'Weight_Memory'.
Info    : Binding to architecture. [ELAB-5]
        : Elaborating architecture 'rtl' for entity 'neuron'.
Info    : Binding to architecture. [ELAB-5]
        : Elaborating architecture 'behavior' for entity 'Weight_Memory'.
Info    : Binding to architecture. [ELAB-5]
        : Elaborating architecture 'rtl' for entity 'neuron'.
Info    : Binding to architecture. [ELAB-5]
        : Elaborating architecture 'behavior' for entity 'Weight_Memory'.
Info    : Binding to architecture. [ELAB-5]
        : Elaborating architecture 'rtl' for entity 'neuron'.
Info    : Binding to architecture. [ELAB-5]
        : Elaborating architecture 'behavior' for entity 'Weight_Memory'.
Info    : Binding to architecture. [ELAB-5]
        : Elaborating architecture 'rtl' for entity 'neuron'.
Info    : Binding to architecture. [ELAB-5]
        : Elaborating architecture 'behavior' for entity 'Weight_Memory'.
Info    : Binding to architecture. [ELAB-5]
        : Elaborating architecture 'rtl' for entity 'neuron'.
Info    : Binding to architecture. [ELAB-5]
        : Elaborating architecture 'behavior' for entity 'Weight_Memory'.
Info    : Binding to architecture. [ELAB-5]
        : Elaborating architecture 'rtl' for entity 'neuron'.
Info    : Binding to architecture. [ELAB-5]
        : Elaborating architecture 'behavior' for entity 'Weight_Memory'.
Info    : Binding to architecture. [ELAB-5]
        : Elaborating architecture 'rtl' for entity 'neuron'.
Info    : Binding to architecture. [ELAB-5]
        : Elaborating architecture 'behavior' for entity 'Weight_Memory'.
Info    : Binding to architecture. [ELAB-5]
        : Elaborating architecture 'rtl' for entity 'neuron'.
Info    : Binding to architecture. [ELAB-5]
        : Elaborating architecture 'behavior' for entity 'Weight_Memory'.
Info    : Binding to architecture. [ELAB-5]
        : Elaborating architecture 'rtl' for entity 'neuron'.
Info    : Binding to architecture. [ELAB-5]
        : Elaborating architecture 'behavior' for entity 'Weight_Memory'.
Info    : Binding to architecture. [ELAB-5]
        : Elaborating architecture 'rtl' for entity 'neuron'.
Info    : Binding to architecture. [ELAB-5]
        : Elaborating architecture 'behavior' for entity 'Weight_Memory'.
Info    : Binding to architecture. [ELAB-5]
        : Elaborating architecture 'rtl' for entity 'neuron'.
Info    : Binding to architecture. [ELAB-5]
        : Elaborating architecture 'behavior' for entity 'Weight_Memory'.
Info    : Binding to architecture. [ELAB-5]
        : Elaborating architecture 'rtl' for entity 'neuron'.
Info    : Binding to architecture. [ELAB-5]
        : Elaborating architecture 'behavior' for entity 'Weight_Memory'.
Info    : Binding to architecture. [ELAB-5]
        : Elaborating architecture 'rtl' for entity 'neuron'.
Info    : Binding to architecture. [ELAB-5]
        : Elaborating architecture 'behavior' for entity 'Weight_Memory'.
Info    : Binding to architecture. [ELAB-5]
        : Elaborating architecture 'rtl' for entity 'neuron'.
Info    : Binding to architecture. [ELAB-5]
        : Elaborating architecture 'behavior' for entity 'Weight_Memory'.
Info    : Binding to architecture. [ELAB-5]
        : Elaborating architecture 'rtl' for entity 'neuron'.
Info    : Binding to architecture. [ELAB-5]
        : Elaborating architecture 'behavior' for entity 'Weight_Memory'.
Info    : Binding to architecture. [ELAB-5]
        : Elaborating architecture 'rtl' for entity 'neuron'.
Info    : Binding to architecture. [ELAB-5]
        : Elaborating architecture 'behavior' for entity 'Weight_Memory'.
Info    : Binding to architecture. [ELAB-5]
        : Elaborating architecture 'rtl' for entity 'neuron'.
Info    : Binding to architecture. [ELAB-5]
        : Elaborating architecture 'behavior' for entity 'Weight_Memory'.
Info    : Binding to architecture. [ELAB-5]
        : Elaborating architecture 'rtl' for entity 'neuron'.
Info    : Binding to architecture. [ELAB-5]
        : Elaborating architecture 'behavior' for entity 'Weight_Memory'.
Info    : Binding to architecture. [ELAB-5]
        : Elaborating architecture 'rtl' for entity 'neuron'.
Info    : Binding to architecture. [ELAB-5]
        : Elaborating architecture 'behavior' for entity 'Weight_Memory'.
Info    : Binding to architecture. [ELAB-5]
        : Elaborating architecture 'rtl' for entity 'neuron'.
Info    : Binding to architecture. [ELAB-5]
        : Elaborating architecture 'behavior' for entity 'Weight_Memory'.
Info    : Binding to architecture. [ELAB-5]
        : Elaborating architecture 'rtl' for entity 'neuron'.
Info    : Binding to architecture. [ELAB-5]
        : Elaborating architecture 'behavior' for entity 'Weight_Memory'.
Info    : Binding to architecture. [ELAB-5]
        : Elaborating architecture 'rtl' for entity 'neuron'.
Info    : Binding to architecture. [ELAB-5]
        : Elaborating architecture 'behavior' for entity 'Weight_Memory'.
Info    : Binding to architecture. [ELAB-5]
        : Elaborating architecture 'rtl' for entity 'neuron'.
Info    : Binding to architecture. [ELAB-5]
        : Elaborating architecture 'behavior' for entity 'Weight_Memory'.
Info    : Binding to architecture. [ELAB-5]
        : Elaborating architecture 'rtl' for entity 'neuron'.
Info    : Binding to architecture. [ELAB-5]
        : Elaborating architecture 'behavior' for entity 'Weight_Memory'.
Info    : Binding to architecture. [ELAB-5]
        : Elaborating architecture 'rtl' for entity 'neuron'.
Info    : Binding to architecture. [ELAB-5]
        : Elaborating architecture 'behavior' for entity 'Weight_Memory'.
Info    : Binding to architecture. [ELAB-5]
        : Elaborating architecture 'rtl' for entity 'Layer_3'.
Info    : Binding to architecture. [ELAB-5]
        : Elaborating architecture 'rtl' for entity 'neuron'.
Info    : Binding to architecture. [ELAB-5]
        : Elaborating architecture 'behavior' for entity 'Weight_Memory'.
Info    : Binding to architecture. [ELAB-5]
        : Elaborating architecture 'rtl' for entity 'neuron'.
Info    : Binding to architecture. [ELAB-5]
        : Elaborating architecture 'behavior' for entity 'Weight_Memory'.
Info    : Binding to architecture. [ELAB-5]
        : Elaborating architecture 'rtl' for entity 'neuron'.
Info    : Binding to architecture. [ELAB-5]
        : Elaborating architecture 'behavior' for entity 'Weight_Memory'.
Info    : Binding to architecture. [ELAB-5]
        : Elaborating architecture 'rtl' for entity 'neuron'.
Info    : Binding to architecture. [ELAB-5]
        : Elaborating architecture 'behavior' for entity 'Weight_Memory'.
Info    : Binding to architecture. [ELAB-5]
        : Elaborating architecture 'rtl' for entity 'neuron'.
Info    : Binding to architecture. [ELAB-5]
        : Elaborating architecture 'behavior' for entity 'Weight_Memory'.
Info    : Binding to architecture. [ELAB-5]
        : Elaborating architecture 'rtl' for entity 'neuron'.
Info    : Binding to architecture. [ELAB-5]
        : Elaborating architecture 'behavior' for entity 'Weight_Memory'.
Info    : Binding to architecture. [ELAB-5]
        : Elaborating architecture 'rtl' for entity 'neuron'.
Info    : Binding to architecture. [ELAB-5]
        : Elaborating architecture 'behavior' for entity 'Weight_Memory'.
Info    : Binding to architecture. [ELAB-5]
        : Elaborating architecture 'rtl' for entity 'neuron'.
Info    : Binding to architecture. [ELAB-5]
        : Elaborating architecture 'behavior' for entity 'Weight_Memory'.
Info    : Binding to architecture. [ELAB-5]
        : Elaborating architecture 'rtl' for entity 'neuron'.
Info    : Binding to architecture. [ELAB-5]
        : Elaborating architecture 'behavior' for entity 'Weight_Memory'.
Info    : Binding to architecture. [ELAB-5]
        : Elaborating architecture 'rtl' for entity 'neuron'.
Info    : Binding to architecture. [ELAB-5]
        : Elaborating architecture 'behavior' for entity 'Weight_Memory'.
Info    : Binding to architecture. [ELAB-5]
        : Elaborating architecture 'rtl' for entity 'Layer_4'.
Info    : Binding to architecture. [ELAB-5]
        : Elaborating architecture 'rtl' for entity 'neuron'.
Info    : Binding to architecture. [ELAB-5]
        : Elaborating architecture 'behavior' for entity 'Weight_Memory'.
Info    : Binding to architecture. [ELAB-5]
        : Elaborating architecture 'rtl' for entity 'neuron'.
Info    : Binding to architecture. [ELAB-5]
        : Elaborating architecture 'behavior' for entity 'Weight_Memory'.
Info    : Binding to architecture. [ELAB-5]
        : Elaborating architecture 'rtl' for entity 'neuron'.
Info    : Binding to architecture. [ELAB-5]
        : Elaborating architecture 'behavior' for entity 'Weight_Memory'.
Info    : Binding to architecture. [ELAB-5]
        : Elaborating architecture 'rtl' for entity 'neuron'.
Info    : Binding to architecture. [ELAB-5]
        : Elaborating architecture 'behavior' for entity 'Weight_Memory'.
Info    : Binding to architecture. [ELAB-5]
        : Elaborating architecture 'rtl' for entity 'neuron'.
Info    : Binding to architecture. [ELAB-5]
        : Elaborating architecture 'behavior' for entity 'Weight_Memory'.
Info    : Binding to architecture. [ELAB-5]
        : Elaborating architecture 'rtl' for entity 'neuron'.
Info    : Binding to architecture. [ELAB-5]
        : Elaborating architecture 'behavior' for entity 'Weight_Memory'.
Info    : Binding to architecture. [ELAB-5]
        : Elaborating architecture 'rtl' for entity 'neuron'.
Info    : Binding to architecture. [ELAB-5]
        : Elaborating architecture 'behavior' for entity 'Weight_Memory'.
Info    : Binding to architecture. [ELAB-5]
        : Elaborating architecture 'rtl' for entity 'neuron'.
Info    : Binding to architecture. [ELAB-5]
        : Elaborating architecture 'behavior' for entity 'Weight_Memory'.
Info    : Binding to architecture. [ELAB-5]
        : Elaborating architecture 'rtl' for entity 'neuron'.
Info    : Binding to architecture. [ELAB-5]
        : Elaborating architecture 'behavior' for entity 'Weight_Memory'.
Info    : Binding to architecture. [ELAB-5]
        : Elaborating architecture 'rtl' for entity 'neuron'.
Info    : Binding to architecture. [ELAB-5]
        : Elaborating architecture 'behavior' for entity 'Weight_Memory'.
Info    : Binding to architecture. [ELAB-5]
        : Elaborating architecture 'rtl' for entity 'maxFinder'.
Warning : Removing unused register. [CDFG-508]
        : Removing unused flip-flop register 'curr_dbg' in module 'maxFinder_numInput10_inputWidth16' in file 'maxFinder.vhd' on line 46.
        : A flip-flop or latch that was inferred for an unused signal or variable was removed. Set the hdl_preserve_unused_registers attribute to true to preserve the flip-flop or latch.
Warning : Removing unused register. [CDFG-508]
        : Removing unused flip-flop register 'data_out_valid_4' in module 'DNN' in file 'DNN.vhd' on line 309.
Warning : Removing unused register. [CDFG-508]
        : Removing unused flip-flop register 'state_4' in module 'DNN' in file 'DNN.vhd' on line 309.
Warning : Removing unused register. [CDFG-508]
        : Removing unused flip-flop register 'count_4' in module 'DNN' in file 'DNN.vhd' on line 309.
Warning : Removing unused register. [CDFG-508]
        : Removing unused flip-flop register 'holdData_4' in module 'DNN' in file 'DNN.vhd' on line 309.
Warning : Removing unused register. [CDFG-508]
        : Removing unused flip-flop register 'out_data_4' in module 'DNN' in file 'DNN.vhd' on line 309.
Info    : Done Elaborating Design. [ELAB-3]
        : Done elaborating 'DNN'.
Checking for analog nets...
Check completed for analog nets.
Checking for source RTL...
Check completed for source RTL.
UM:  flow.cputime  flow.realtime  timing.setup.tns  timing.setup.wns  snapshot
UM:            46             64                                      elaborate
design:DNN
@genus:root: 15> current_design DNN
design:DNN
@genus:design:DNN 16> read_sdc ../DNN.sdc
Warning : Could not find requested search value. [SDC-208] [get_ports]
        : The 'get_ports' command on line '20' of the SDC file '../DNN.sdc'  cannot find any ports named 'weightValue*'
        : Use the 'vcd' and 'vls' commands to browse the virtual directories to find the object because the specified name and/or location does not exist.
Error   : A required object parameter could not be found. [TUI-61] [parse_options]
        : An object of type 'port|pin|hpin|port_bus' named '' could not be found.
        : Check to make sure that the object exists and is of the correct type.  The 'what_is' command can be used to determine the type of an object.
Error   : Could not interpret SDC command. [SDC-202] [read_sdc]
        : The 'read_sdc' command encountered an error while processing this command on line '20' of the SDC file '../DNN.sdc': set_input_delay -clock s_axi_aclk -max 3.0 [get_ports {weightValue*}].
        : The 'read_sdc' command encountered a problem while trying to evaluate an SDC command. This SDC command will be added to the Tcl variable $::dc::sdc_failed_commands.
Warning : Could not find requested search value. [SDC-208] [get_ports]
        : The 'get_ports' command on line '21' of the SDC file '../DNN.sdc'  cannot find any ports named 'weightValue*'
Error   : A required object parameter could not be found. [TUI-61] [parse_options]
        : An object of type 'port|pin|hpin|port_bus' named '' could not be found.
Error   : Could not interpret SDC command. [SDC-202] [read_sdc]
        : The 'read_sdc' command encountered an error while processing this command on line '21' of the SDC file '../DNN.sdc': set_input_delay -clock s_axi_aclk -min 1.0 [get_ports {weightValue*}].
Warning : Could not find requested search value. [SDC-208] [get_ports]
        : The 'get_ports' command on line '22' of the SDC file '../DNN.sdc'  cannot find any ports named 'biasValue*'
Error   : A required object parameter could not be found. [TUI-61] [parse_options]
        : An object of type 'port|pin|hpin|port_bus' named '' could not be found.
Error   : Could not interpret SDC command. [SDC-202] [read_sdc]
        : The 'read_sdc' command encountered an error while processing this command on line '22' of the SDC file '../DNN.sdc': set_input_delay -clock s_axi_aclk -max 3.0 [get_ports {biasValue*}].
Warning : Could not find requested search value. [SDC-208] [get_ports]
        : The 'get_ports' command on line '23' of the SDC file '../DNN.sdc'  cannot find any ports named 'biasValue*'
Error   : A required object parameter could not be found. [TUI-61] [parse_options]
        : An object of type 'port|pin|hpin|port_bus' named '' could not be found.
Error   : Could not interpret SDC command. [SDC-202] [read_sdc]
        : The 'read_sdc' command encountered an error while processing this command on line '23' of the SDC file '../DNN.sdc': set_input_delay -clock s_axi_aclk -min 1.0 [get_ports {biasValue*}].
Warning : Could not find requested search value. [SDC-208] [get_ports]
        : The 'get_ports' command on line '24' of the SDC file '../DNN.sdc'  cannot find any ports named 'weightValid'
Warning : Could not find requested search value. [SDC-208] [get_ports]
        : The 'get_ports' command on line '24' of the SDC file '../DNN.sdc'  cannot find any ports named 'biasValid'
Error   : A required object parameter could not be found. [TUI-61] [parse_options]
        : An object of type 'port|pin|hpin|port_bus' named '' could not be found.
Error   : Could not interpret SDC command. [SDC-202] [read_sdc]
        : The 'read_sdc' command encountered an error while processing this command on line '24' of the SDC file '../DNN.sdc': set_input_delay -clock s_axi_aclk -max 3.0 [get_ports {weightValid biasValid}].
Warning : Could not find requested search value. [SDC-208] [get_ports]
        : The 'get_ports' command on line '25' of the SDC file '../DNN.sdc'  cannot find any ports named 'weightValid'
Warning : Could not find requested search value. [SDC-208] [get_ports]
        : The 'get_ports' command on line '25' of the SDC file '../DNN.sdc'  cannot find any ports named 'biasValid'
Error   : A required object parameter could not be found. [TUI-61] [parse_options]
        : An object of type 'port|pin|hpin|port_bus' named '' could not be found.
Error   : Could not interpret SDC command. [SDC-202] [read_sdc]
        : The 'read_sdc' command encountered an error while processing this command on line '25' of the SDC file '../DNN.sdc': set_input_delay -clock s_axi_aclk -min 1.0 [get_ports {weightValid biasValid}].
Warning : Could not find requested search value. [SDC-208] [get_ports]
        : The 'get_ports' command on line '28' of the SDC file '../DNN.sdc'  cannot find any ports named 'config_layer_num*'
Error   : A required object parameter could not be found. [TUI-61] [parse_options]
        : An object of type 'port|pin|hpin|port_bus' named '' could not be found.
Error   : Could not interpret SDC command. [SDC-202] [read_sdc]
        : The 'read_sdc' command encountered an error while processing this command on line '28' of the SDC file '../DNN.sdc': set_input_delay -clock s_axi_aclk -max 3.0 [get_ports {config_layer_num*}].
Warning : Could not find requested search value. [SDC-208] [get_ports]
        : The 'get_ports' command on line '29' of the SDC file '../DNN.sdc'  cannot find any ports named 'config_layer_num*'
Error   : A required object parameter could not be found. [TUI-61] [parse_options]
        : An object of type 'port|pin|hpin|port_bus' named '' could not be found.
Error   : Could not interpret SDC command. [SDC-202] [read_sdc]
        : The 'read_sdc' command encountered an error while processing this command on line '29' of the SDC file '../DNN.sdc': set_input_delay -clock s_axi_aclk -min 1.0 [get_ports {config_layer_num*}].
Warning : Could not find requested search value. [SDC-208] [get_ports]
        : The 'get_ports' command on line '30' of the SDC file '../DNN.sdc'  cannot find any ports named 'config_neuron_num*'
Error   : A required object parameter could not be found. [TUI-61] [parse_options]
        : An object of type 'port|pin|hpin|port_bus' named '' could not be found.
Error   : Could not interpret SDC command. [SDC-202] [read_sdc]
        : The 'read_sdc' command encountered an error while processing this command on line '30' of the SDC file '../DNN.sdc': set_input_delay -clock s_axi_aclk -max 3.0 [get_ports {config_neuron_num*}].
Warning : Could not find requested search value. [SDC-208] [get_ports]
        : The 'get_ports' command on line '31' of the SDC file '../DNN.sdc'  cannot find any ports named 'config_neuron_num*'
Error   : A required object parameter could not be found. [TUI-61] [parse_options]
        : An object of type 'port|pin|hpin|port_bus' named '' could not be found.
Error   : Could not interpret SDC command. [SDC-202] [read_sdc]
        : The 'read_sdc' command encountered an error while processing this command on line '31' of the SDC file '../DNN.sdc': set_input_delay -clock s_axi_aclk -min 1.0 [get_ports {config_neuron_num*}].
Statistics for commands executed by read_sdc:
 "all_inputs"               - successful      1 , failed      0 (runtime  0.00)
 "all_outputs"              - successful      1 , failed      0 (runtime  0.00)
 "create_clock"             - successful      1 , failed      0 (runtime  0.00)
 "current_design"           - successful      2 , failed      0 (runtime  0.00)
 "get_clocks"               - successful      2 , failed      0 (runtime  0.00)
 "get_ports"                - successful     11 , failed     10 (runtime  0.00)
 "set_clock_uncertainty"    - successful      2 , failed      0 (runtime  0.00)
 "set_false_path"           - successful      1 , failed      0 (runtime  0.00)
 "set_input_delay"          - successful      4 , failed     10 (runtime  0.00)
 "set_load"                 - successful      1 , failed      0 (runtime  0.00)
 "set_max_capacitance"      - successful      1 , failed      0 (runtime  0.00)
 "set_max_fanout"           - successful      1 , failed      0 (runtime  0.00)
 "set_max_transition"       - successful      1 , failed      0 (runtime  0.00)
 "set_output_delay"         - successful      6 , failed      0 (runtime  0.00)
Warning : Total failed commands during read_sdc are 20
Warning : One or more commands failed when these constraints were applied. [SDC-209]
        : The 'read_sdc' command encountered a problem while processing commands.
        : You can examine the failed commands or save them to a file by querying the Tcl variable $::dc::sdc_failed_commands.
Total runtime 0.0
@genus:design:DNN 17> syn_generic
Info    : Deleting instances not driving any primary outputs. [GLO-34]
        : Deleting 1900 sequential instances.
        : Optimizations such as constant propagation or redundancy removal could change the connections so a hierarchical instance does not drive any primary outputs anymore. To see the list of deleted hierarchical instances, set the 'information_level' attribute to 2 or above. If the message is truncated set the message attribute 'truncate' to false to see the complete list. To prevent this optimization, set the 'delete_unloaded_insts' root/subdesign attribute to 'false' or 'preserve' instance attribute to 'true'.
Info    : Deleting instances not driving any primary outputs. [GLO-34]
        : Deleting 739 hierarchical instances.
Info    : Replacing a flip-flop with a logic constant 0. [GLO-12]
        : The instance is 'L1/n_0/bias_reg[0]'.
        : To prevent this optimization, set the 'optimize_constant_0_flops' root attribute to 'false' or 'optimize_constant_0_seq' instance attribute to 'false'.
Info    : Replacing a flip-flop with a logic constant 0. [GLO-12]
        : The instance is 'L1/n_0/bias_reg[1]'.
Info    : Replacing a flip-flop with a logic constant 0. [GLO-12]
        : The instance is 'L1/n_0/bias_reg[2]'.
Info    : Replacing a flip-flop with a logic constant 0. [GLO-12]
        : The instance is 'L1/n_0/bias_reg[3]'.
Info    : Replacing a flip-flop with a logic constant 0. [GLO-12]
        : The instance is 'L1/n_0/bias_reg[4]'.
Info    : Replacing a flip-flop with a logic constant 0. [GLO-12]
        : The instance is 'L1/n_0/bias_reg[5]'.
Info    : Replacing a flip-flop with a logic constant 0. [GLO-12]
        : The instance is 'L1/n_0/bias_reg[6]'.
Info    : Replacing a flip-flop with a logic constant 0. [GLO-12]
        : The instance is 'L1/n_0/bias_reg[7]'.
Info    : Replacing a flip-flop with a logic constant 0. [GLO-12]
        : The instance is 'L1/n_0/bias_reg[8]'.
Info    : Replacing a flip-flop with a logic constant 0. [GLO-12]
        : The instance is 'L1/n_0/bias_reg[9]'.
Info    : Replacing a flip-flop with a logic constant 0. [GLO-12]
        : The instance is 'L1/n_0/bias_reg[10]'.
Info    : Replacing a flip-flop with a logic constant 0. [GLO-12]
        : The instance is 'L1/n_0/bias_reg[11]'.
Info    : Replacing a flip-flop with a logic constant 0. [GLO-12]
        : The instance is 'L1/n_0/bias_reg[12]'.
Info    : Replacing a flip-flop with a logic constant 0. [GLO-12]
        : The instance is 'L1/n_0/bias_reg[13]'.
Info    : Replacing a flip-flop with a logic constant 0. [GLO-12]
        : The instance is 'L1/n_0/bias_reg[14]'.
Info    : Replacing a flip-flop with a logic constant 0. [GLO-12]
        : The instance is 'L1/n_0/bias_reg[15]'.
Info    : Replacing a flip-flop with a logic constant 0. [GLO-12]
        : The instance is 'L1/n_0/bias_reg[16]'.
Info    : Replacing a flip-flop with a logic constant 1. [GLO-13]
        : The instance is 'L1/n_0/bias_reg[17]'.
        : To prevent this optimization, set the 'optimize_constant_1_flops' root attribute to 'false' or 'optimize_constant_1_seq' instance attribute to 'false'.
Info    : Replacing a flip-flop with a logic constant 0. [GLO-12]
        : The instance is 'L1/n_0/bias_reg[18]'.
Info    : Replacing a flip-flop with a logic constant 0. [GLO-12]
        : The instance is 'L1/n_0/bias_reg[19]'.
Info    : Replacing a flip-flop with a logic constant 1. [GLO-13]
        : The instance is 'L1/n_0/bias_reg[20]'.
Info    : Replacing a flip-flop with a logic constant 1. [GLO-13]
        : The instance is 'L1/n_0/bias_reg[21]'.
Info    : Replacing a flip-flop with a logic constant 1. [GLO-13]
        : The instance is 'L1/n_0/bias_reg[22]'.
Info    : Replacing a flip-flop with a logic constant 0. [GLO-12]
        : The instance is 'L1/n_0/bias_reg[23]'.
Info    : Replacing a flip-flop with a logic constant 0. [GLO-12]
        : The instance is 'L1/n_0/bias_reg[24]'.
Info    : Replacing a flip-flop with a logic constant 0. [GLO-12]
        : The instance is 'L1/n_0/bias_reg[25]'.
Info    : Replacing a flip-flop with a logic constant 1. [GLO-13]
        : The instance is 'L1/n_0/bias_reg[26]'.
Info    : Replacing a flip-flop with a logic constant 1. [GLO-13]
        : The instance is 'L1/n_0/bias_reg[27]'.
Info    : Replacing a flip-flop with a logic constant 1. [GLO-13]
        : The instance is 'L1/n_0/bias_reg[28]'.
Info    : Replacing a flip-flop with a logic constant 1. [GLO-13]
        : The instance is 'L1/n_0/bias_reg[29]'.
Info    : Replacing a flip-flop with a logic constant 1. [GLO-13]
        : The instance is 'L1/n_0/bias_reg[30]'.
Info    : Replacing a flip-flop with a logic constant 1. [GLO-13]
        : The instance is 'L1/n_0/bias_reg[31]'.
Info    : Replacing a flip-flop with a logic constant 0. [GLO-12]
        : The instance is 'L1/n_1/bias_reg[0]'.
Info    : Replacing a flip-flop with a logic constant 0. [GLO-12]
        : The instance is 'L1/n_1/bias_reg[1]'.
Info    : Replacing a flip-flop with a logic constant 0. [GLO-12]
        : The instance is 'L1/n_1/bias_reg[2]'.
Info    : Replacing a flip-flop with a logic constant 0. [GLO-12]
        : The instance is 'L1/n_1/bias_reg[3]'.
Info    : Replacing a flip-flop with a logic constant 0. [GLO-12]
        : The instance is 'L1/n_1/bias_reg[4]'.
Info    : Replacing a flip-flop with a logic constant 0. [GLO-12]
        : The instance is 'L1/n_1/bias_reg[5]'.
Info    : Replacing a flip-flop with a logic constant 0. [GLO-12]
        : The instance is 'L1/n_1/bias_reg[6]'.
Info    : Replacing a flip-flop with a logic constant 0. [GLO-12]
        : The instance is 'L1/n_1/bias_reg[7]'.
Info    : Replacing a flip-flop with a logic constant 0. [GLO-12]
        : The instance is 'L1/n_1/bias_reg[8]'.
Info    : Replacing a flip-flop with a logic constant 0. [GLO-12]
        : The instance is 'L1/n_1/bias_reg[9]'.
Info    : Replacing a flip-flop with a logic constant 0. [GLO-12]
        : The instance is 'L1/n_1/bias_reg[10]'.
Info    : Replacing a flip-flop with a logic constant 0. [GLO-12]
        : The instance is 'L1/n_1/bias_reg[11]'.
Info    : Replacing a flip-flop with a logic constant 0. [GLO-12]
        : The instance is 'L1/n_1/bias_reg[12]'.
Info    : Replacing a flip-flop with a logic constant 0. [GLO-12]
        : The instance is 'L1/n_1/bias_reg[13]'.
Info    : Replacing a flip-flop with a logic constant 0. [GLO-12]
        : The instance is 'L1/n_1/bias_reg[14]'.
Info    : Replacing a flip-flop with a logic constant 0. [GLO-12]
        : The instance is 'L1/n_1/bias_reg[15]'.
Info    : Replacing a flip-flop with a logic constant 1. [GLO-13]
        : The instance is 'L1/n_1/bias_reg[16]'.
Info    : Replacing a flip-flop with a logic constant 1. [GLO-13]
        : The instance is 'L1/n_1/bias_reg[17]'.
Info    : Replacing a flip-flop with a logic constant 1. [GLO-13]
        : The instance is 'L1/n_1/bias_reg[18]'.
Info    : Replacing a flip-flop with a logic constant 0. [GLO-12]
        : The instance is 'L1/n_1/bias_reg[19]'.
Info    : Replacing a flip-flop with a logic constant 1. [GLO-13]
        : The instance is 'L1/n_1/bias_reg[20]'.
Info    : Replacing a flip-flop with a logic constant 1. [GLO-13]
        : The instance is 'L1/n_1/bias_reg[21]'.
Info    : Replacing a flip-flop with a logic constant 1. [GLO-13]
        : The instance is 'L1/n_1/bias_reg[22]'.
Info    : Replacing a flip-flop with a logic constant 0. [GLO-12]
        : The instance is 'L1/n_1/bias_reg[23]'.
Info    : Replacing a flip-flop with a logic constant 1. [GLO-13]
        : The instance is 'L1/n_1/bias_reg[24]'.
Info    : Replacing a flip-flop with a logic constant 1. [GLO-13]
        : The instance is 'L1/n_1/bias_reg[25]'.
Info    : Replacing a flip-flop with a logic constant 1. [GLO-13]
        : The instance is 'L1/n_1/bias_reg[26]'.
Info    : Replacing a flip-flop with a logic constant 0. [GLO-12]
        : The instance is 'L1/n_1/bias_reg[27]'.
Info    : Replacing a flip-flop with a logic constant 1. [GLO-13]
        : The instance is 'L1/n_1/bias_reg[28]'.
Info    : Replacing a flip-flop with a logic constant 1. [GLO-13]
        : The instance is 'L1/n_1/bias_reg[29]'.
Info    : Replacing a flip-flop with a logic constant 1. [GLO-13]
        : The instance is 'L1/n_1/bias_reg[30]'.
Info    : Replacing a flip-flop with a logic constant 1. [GLO-13]
        : The instance is 'L1/n_1/bias_reg[31]'.
Info    : Replacing a flip-flop with a logic constant 0. [GLO-12]
        : The instance is 'L1/n_2/bias_reg[0]'.
Info    : Replacing a flip-flop with a logic constant 0. [GLO-12]
        : The instance is 'L1/n_2/bias_reg[1]'.
Info    : Replacing a flip-flop with a logic constant 0. [GLO-12]
        : The instance is 'L1/n_2/bias_reg[2]'.
Info    : Replacing a flip-flop with a logic constant 0. [GLO-12]
        : The instance is 'L1/n_2/bias_reg[3]'.
Info    : Replacing a flip-flop with a logic constant 0. [GLO-12]
        : The instance is 'L1/n_2/bias_reg[4]'.
Info    : Replacing a flip-flop with a logic constant 0. [GLO-12]
        : The instance is 'L1/n_2/bias_reg[5]'.
Info    : Replacing a flip-flop with a logic constant 0. [GLO-12]
        : The instance is 'L1/n_2/bias_reg[6]'.
Info    : Replacing a flip-flop with a logic constant 0. [GLO-12]
        : The instance is 'L1/n_2/bias_reg[7]'.
Info    : Replacing a flip-flop with a logic constant 0. [GLO-12]
        : The instance is 'L1/n_2/bias_reg[8]'.
Info    : Replacing a flip-flop with a logic constant 0. [GLO-12]
        : The instance is 'L1/n_2/bias_reg[9]'.
Info    : Replacing a flip-flop with a logic constant 0. [GLO-12]
        : The instance is 'L1/n_2/bias_reg[10]'.
Info    : Replacing a flip-flop with a logic constant 0. [GLO-12]
        : The instance is 'L1/n_2/bias_reg[11]'.
Info    : Replacing a flip-flop with a logic constant 0. [GLO-12]
        : The instance is 'L1/n_2/bias_reg[12]'.
Info    : Replacing a flip-flop with a logic constant 0. [GLO-12]
        : The instance is 'L1/n_2/bias_reg[13]'.
Info    : Replacing a flip-flop with a logic constant 0. [GLO-12]
        : The instance is 'L1/n_2/bias_reg[14]'.
Info    : Replacing a flip-flop with a logic constant 0. [GLO-12]
        : The instance is 'L1/n_2/bias_reg[15]'.
Info    : Replacing a flip-flop with a logic constant 0. [GLO-12]
        : The instance is 'L1/n_2/bias_reg[16]'.
Info    : Replacing a flip-flop with a logic constant 0. [GLO-12]
        : The instance is 'L1/n_2/bias_reg[17]'.
Info    : Replacing a flip-flop with a logic constant 0. [GLO-12]
        : The instance is 'L1/n_2/bias_reg[18]'.
Info    : Replacing a flip-flop with a logic constant 0. [GLO-12]
        : The instance is 'L1/n_2/bias_reg[19]'.
Info    : Replacing a flip-flop with a logic constant 0. [GLO-12]
        : The instance is 'L1/n_2/bias_reg[20]'.
Info    : Replacing a flip-flop with a logic constant 0. [GLO-12]
        : The instance is 'L1/n_2/bias_reg[21]'.
Info    : Replacing a flip-flop with a logic constant 0. [GLO-12]
        : The instance is 'L1/n_2/bias_reg[22]'.
Info    : Replacing a flip-flop with a logic constant 0. [GLO-12]
        : The instance is 'L1/n_2/bias_reg[23]'.
Info    : Replacing a flip-flop with a logic constant 0. [GLO-12]
        : The instance is 'L1/n_2/bias_reg[24]'.
Info    : Replacing a flip-flop with a logic constant 0. [GLO-12]
        : The instance is 'L1/n_2/bias_reg[25]'.
Info    : Replacing a flip-flop with a logic constant 0. [GLO-12]
        : The instance is 'L1/n_2/bias_reg[26]'.
Info    : Replacing a flip-flop with a logic constant 0. [GLO-12]
        : The instance is 'L1/n_2/bias_reg[27]'.
Info    : Replacing a flip-flop with a logic constant 0. [GLO-12]
        : The instance is 'L1/n_2/bias_reg[28]'.
Info    : Replacing a flip-flop with a logic constant 0. [GLO-12]
        : The instance is 'L1/n_2/bias_reg[29]'.
Info    : Replacing a flip-flop with a logic constant 0. [GLO-12]
        : The instance is 'L1/n_2/bias_reg[30]'.
Info    : Replacing a flip-flop with a logic constant 0. [GLO-12]
        : The instance is 'L1/n_2/bias_reg[31]'.
Info    : Replacing a flip-flop with a logic constant 0. [GLO-12]
        : The instance is 'L1/n_3/bias_reg[0]'.
Info    : Replacing a flip-flop with a logic constant 0. [GLO-12]
        : The instance is 'L1/n_3/bias_reg[1]'.
Info    : Replacing a flip-flop with a logic constant 0. [GLO-12]
        : The instance is 'L1/n_3/bias_reg[2]'.
Info    : Replacing a flip-flop with a logic constant 0. [GLO-12]
        : The instance is 'L1/n_3/bias_reg[3]'.
Info    : Replacing a flip-flop with a logic constant 0. [GLO-12]
        : The instance is 'L1/n_3/bias_reg[4]'.
Info    : Replacing a flip-flop with a logic constant 0. [GLO-12]
        : The instance is 'L1/n_3/bias_reg[5]'.
Info    : Replacing a flip-flop with a logic constant 0. [GLO-12]
        : The instance is 'L1/n_3/bias_reg[6]'.
Info    : Replacing a flip-flop with a logic constant 0. [GLO-12]
        : The instance is 'L1/n_3/bias_reg[7]'.
Info    : Replacing a flip-flop with a logic constant 0. [GLO-12]
        : The instance is 'L1/n_3/bias_reg[8]'.
Info    : Replacing a flip-flop with a logic constant 0. [GLO-12]
        : The instance is 'L1/n_3/bias_reg[9]'.
Info    : Replacing a flip-flop with a logic constant 0. [GLO-12]
        : The instance is 'L1/n_3/bias_reg[10]'.
Info    : Replacing a flip-flop with a logic constant 0. [GLO-12]
        : The instance is 'L1/n_3/bias_reg[11]'.
Info    : Replacing a flip-flop with a logic constant 0. [GLO-12]
        : The instance is 'L1/n_3/bias_reg[12]'.
Info    : Replacing a flip-flop with a logic constant 0. [GLO-12]
        : The instance is 'L1/n_3/bias_reg[13]'.
Info    : Replacing a flip-flop with a logic constant 0. [GLO-12]
        : The instance is 'L1/n_3/bias_reg[14]'.
Info    : Replacing a flip-flop with a logic constant 0. [GLO-12]
        : The instance is 'L1/n_3/bias_reg[15]'.
Info    : Replacing a flip-flop with a logic constant 0. [GLO-12]
        : The instance is 'L1/n_3/bias_reg[16]'.
Info    : Replacing a flip-flop with a logic constant 0. [GLO-12]
        : The instance is 'L1/n_3/bias_reg[17]'.
Info    : Replacing a flip-flop with a logic constant 0. [GLO-12]
        : The instance is 'L1/n_3/bias_reg[18]'.
Info    : Replacing a flip-flop with a logic constant 0. [GLO-12]
        : The instance is 'L1/n_3/bias_reg[19]'.
Info    : Replacing a flip-flop with a logic constant 1. [GLO-13]
        : The instance is 'L1/n_3/bias_reg[20]'.
Info    : Replacing a flip-flop with a logic constant 0. [GLO-12]
        : The instance is 'L1/n_3/bias_reg[21]'.
Info    : Replacing a flip-flop with a logic constant 0. [GLO-12]
        : The instance is 'L1/n_3/bias_reg[22]'.
Info    : Replacing a flip-flop with a logic constant 1. [GLO-13]
        : The instance is 'L1/n_3/bias_reg[23]'.
Info    : Replacing a flip-flop with a logic constant 0. [GLO-12]
        : The instance is 'L1/n_3/bias_reg[24]'.
Info    : Replacing a flip-flop with a logic constant 1. [GLO-13]
        : The instance is 'L1/n_3/bias_reg[25]'.
Info    : Replacing a flip-flop with a logic constant 1. [GLO-13]
        : The instance is 'L1/n_3/bias_reg[26]'.
Info    : Replacing a flip-flop with a logic constant 1. [GLO-13]
        : The instance is 'L1/n_3/bias_reg[27]'.
Info    : Replacing a flip-flop with a logic constant 0. [GLO-12]
        : The instance is 'L1/n_3/bias_reg[28]'.
Info    : Replacing a flip-flop with a logic constant 0. [GLO-12]
        : The instance is 'L1/n_3/bias_reg[29]'.
Info    : Replacing a flip-flop with a logic constant 0. [GLO-12]
        : The instance is 'L1/n_3/bias_reg[30]'.
Info    : Replacing a flip-flop with a logic constant 0. [GLO-12]
        : The instance is 'L1/n_3/bias_reg[31]'.
Info    : Replacing a flip-flop with a logic constant 0. [GLO-12]
        : The instance is 'L1/n_4/bias_reg[0]'.
Info    : Replacing a flip-flop with a logic constant 0. [GLO-12]
        : The instance is 'L1/n_4/bias_reg[1]'.
Info    : Replacing a flip-flop with a logic constant 0. [GLO-12]
        : The instance is 'L1/n_4/bias_reg[2]'.
Info    : Replacing a flip-flop with a logic constant 0. [GLO-12]
        : The instance is 'L1/n_4/bias_reg[3]'.
Info    : Replacing a flip-flop with a logic constant 0. [GLO-12]
        : The instance is 'L1/n_4/bias_reg[4]'.
Info    : Replacing a flip-flop with a logic constant 0. [GLO-12]
        : The instance is 'L1/n_4/bias_reg[5]'.
Info    : Replacing a flip-flop with a logic constant 0. [GLO-12]
        : The instance is 'L1/n_4/bias_reg[6]'.
Info    : Replacing a flip-flop with a logic constant 0. [GLO-12]
        : The instance is 'L1/n_4/bias_reg[7]'.
Info    : Replacing a flip-flop with a logic constant 0. [GLO-12]
        : The instance is 'L1/n_4/bias_reg[8]'.
Info    : Replacing a flip-flop with a logic constant 0. [GLO-12]
        : The instance is 'L1/n_4/bias_reg[9]'.
Info    : Replacing a flip-flop with a logic constant 0. [GLO-12]
        : The instance is 'L1/n_4/bias_reg[10]'.
Info    : Replacing a flip-flop with a logic constant 0. [GLO-12]
        : The instance is 'L1/n_4/bias_reg[11]'.
Info    : Replacing a flip-flop with a logic constant 0. [GLO-12]
        : The instance is 'L1/n_4/bias_reg[12]'.
Info    : Replacing a flip-flop with a logic constant 0. [GLO-12]
        : The instance is 'L1/n_4/bias_reg[13]'.
Info    : Replacing a flip-flop with a logic constant 0. [GLO-12]
        : The instance is 'L1/n_4/bias_reg[14]'.
Info    : Replacing a flip-flop with a logic constant 0. [GLO-12]
        : The instance is 'L1/n_4/bias_reg[15]'.
Info    : Replacing a flip-flop with a logic constant 0. [GLO-12]
        : The instance is 'L1/n_4/bias_reg[16]'.
Info    : Replacing a flip-flop with a logic constant 1. [GLO-13]
        : The instance is 'L1/n_4/bias_reg[17]'.
Info    : Replacing a flip-flop with a logic constant 1. [GLO-13]
        : The instance is 'L1/n_4/bias_reg[18]'.
Info    : Replacing a flip-flop with a logic constant 1. [GLO-13]
        : The instance is 'L1/n_4/bias_reg[19]'.
Info    : Replacing a flip-flop with a logic constant 0. [GLO-12]
        : The instance is 'L1/n_4/bias_reg[20]'.
Info    : Replacing a flip-flop with a logic constant 0. [GLO-12]
        : The instance is 'L1/n_4/bias_reg[21]'.
Info    : Replacing a flip-flop with a logic constant 1. [GLO-13]
        : The instance is 'L1/n_4/bias_reg[22]'.
Info    : Replacing a flip-flop with a logic constant 1. [GLO-13]
        : The instance is 'L1/n_4/bias_reg[23]'.
Info    : Replacing a flip-flop with a logic constant 0. [GLO-12]
        : The instance is 'L1/n_4/bias_reg[24]'.
Info    : Replacing a flip-flop with a logic constant 1. [GLO-13]
        : The instance is 'L1/n_4/bias_reg[25]'.
Info    : Replacing a flip-flop with a logic constant 1. [GLO-13]
        : The instance is 'L1/n_4/bias_reg[26]'.
Info    : Replacing a flip-flop with a logic constant 0. [GLO-12]
        : The instance is 'L1/n_4/bias_reg[27]'.
Info    : Replacing a flip-flop with a logic constant 0. [GLO-12]
        : The instance is 'L1/n_4/bias_reg[28]'.
Info    : Replacing a flip-flop with a logic constant 0. [GLO-12]
        : The instance is 'L1/n_4/bias_reg[29]'.
Info    : Replacing a flip-flop with a logic constant 0. [GLO-12]
        : The instance is 'L1/n_4/bias_reg[30]'.
Info    : Replacing a flip-flop with a logic constant 0. [GLO-12]
        : The instance is 'L1/n_4/bias_reg[31]'.
Info    : Replacing a flip-flop with a logic constant 0. [GLO-12]
        : The instance is 'L1/n_5/bias_reg[0]'.
Info    : Replacing a flip-flop with a logic constant 0. [GLO-12]
        : The instance is 'L1/n_5/bias_reg[1]'.
Info    : Replacing a flip-flop with a logic constant 0. [GLO-12]
        : The instance is 'L1/n_5/bias_reg[2]'.
Info    : Replacing a flip-flop with a logic constant 0. [GLO-12]
        : The instance is 'L1/n_5/bias_reg[3]'.
Info    : Replacing a flip-flop with a logic constant 0. [GLO-12]
        : The instance is 'L1/n_5/bias_reg[4]'.
Info    : Replacing a flip-flop with a logic constant 0. [GLO-12]
        : The instance is 'L1/n_5/bias_reg[5]'.
Info    : Replacing a flip-flop with a logic constant 0. [GLO-12]
        : The instance is 'L1/n_5/bias_reg[6]'.
Info    : Replacing a flip-flop with a logic constant 0. [GLO-12]
        : The instance is 'L1/n_5/bias_reg[7]'.
Info    : Replacing a flip-flop with a logic constant 0. [GLO-12]
        : The instance is 'L1/n_5/bias_reg[8]'.
Info    : Replacing a flip-flop with a logic constant 0. [GLO-12]
        : The instance is 'L1/n_5/bias_reg[9]'.
Info    : Replacing a flip-flop with a logic constant 0. [GLO-12]
        : The instance is 'L1/n_5/bias_reg[10]'.
Info    : Replacing a flip-flop with a logic constant 0. [GLO-12]
        : The instance is 'L1/n_5/bias_reg[11]'.
Info    : Replacing a flip-flop with a logic constant 0. [GLO-12]
        : The instance is 'L1/n_5/bias_reg[12]'.
Info    : Replacing a flip-flop with a logic constant 0. [GLO-12]
        : The instance is 'L1/n_5/bias_reg[13]'.
Info    : Replacing a flip-flop with a logic constant 0. [GLO-12]
        : The instance is 'L1/n_5/bias_reg[14]'.
Info    : Replacing a flip-flop with a logic constant 0. [GLO-12]
        : The instance is 'L1/n_5/bias_reg[15]'.
Info    : Replacing a flip-flop with a logic constant 0. [GLO-12]
        : The instance is 'L1/n_5/bias_reg[16]'.
Info    : Replacing a flip-flop with a logic constant 1. [GLO-13]
        : The instance is 'L1/n_5/bias_reg[17]'.
Info    : Replacing a flip-flop with a logic constant 1. [GLO-13]
        : The instance is 'L1/n_5/bias_reg[18]'.
Info    : Replacing a flip-flop with a logic constant 1. [GLO-13]
        : The instance is 'L1/n_5/bias_reg[19]'.
Info    : Replacing a flip-flop with a logic constant 1. [GLO-13]
        : The instance is 'L1/n_5/bias_reg[20]'.
Info    : Replacing a flip-flop with a logic constant 1. [GLO-13]
        : The instance is 'L1/n_5/bias_reg[21]'.
Info    : Replacing a flip-flop with a logic constant 1. [GLO-13]
        : The instance is 'L1/n_5/bias_reg[22]'.
Info    : Replacing a flip-flop with a logic constant 1. [GLO-13]
        : The instance is 'L1/n_5/bias_reg[23]'.
Info    : Replacing a flip-flop with a logic constant 0. [GLO-12]
        : The instance is 'L1/n_5/bias_reg[24]'.
Info    : Replacing a flip-flop with a logic constant 1. [GLO-13]
        : The instance is 'L1/n_5/bias_reg[25]'.
Info    : Replacing a flip-flop with a logic constant 1. [GLO-13]
        : The instance is 'L1/n_5/bias_reg[26]'.
Info    : Replacing a flip-flop with a logic constant 0. [GLO-12]
        : The instance is 'L1/n_5/bias_reg[27]'.
Info    : Replacing a flip-flop with a logic constant 1. [GLO-13]
        : The instance is 'L1/n_5/bias_reg[28]'.
Info    : Replacing a flip-flop with a logic constant 1. [GLO-13]
        : The instance is 'L1/n_5/bias_reg[29]'.
Info    : Replacing a flip-flop with a logic constant 1. [GLO-13]
        : The instance is 'L1/n_5/bias_reg[30]'.
Info    : Replacing a flip-flop with a logic constant 1. [GLO-13]
        : The instance is 'L1/n_5/bias_reg[31]'.
Info    : Replacing a flip-flop with a logic constant 0. [GLO-12]
        : The instance is 'L1/n_6/bias_reg[0]'.
Info    : Replacing a flip-flop with a logic constant 0. [GLO-12]
        : The instance is 'L1/n_6/bias_reg[1]'.
Info    : Replacing a flip-flop with a logic constant 0. [GLO-12]
        : The instance is 'L1/n_6/bias_reg[2]'.
Info    : Replacing a flip-flop with a logic constant 0. [GLO-12]
        : The instance is 'L1/n_6/bias_reg[3]'.
Info    : Replacing a flip-flop with a logic constant 0. [GLO-12]
        : The instance is 'L1/n_6/bias_reg[4]'.
Info    : Replacing a flip-flop with a logic constant 0. [GLO-12]
        : The instance is 'L1/n_6/bias_reg[5]'.
Info    : Replacing a flip-flop with a logic constant 0. [GLO-12]
        : The instance is 'L1/n_6/bias_reg[6]'.
Info    : Replacing a flip-flop with a logic constant 0. [GLO-12]
        : The instance is 'L1/n_6/bias_reg[7]'.
Info    : Replacing a flip-flop with a logic constant 0. [GLO-12]
        : The instance is 'L1/n_6/bias_reg[8]'.
Info    : Replacing a flip-flop with a logic constant 0. [GLO-12]
        : The instance is 'L1/n_6/bias_reg[9]'.
Info    : Replacing a flip-flop with a logic constant 0. [GLO-12]
        : The instance is 'L1/n_6/bias_reg[10]'.
Info    : Replacing a flip-flop with a logic constant 0. [GLO-12]
        : The instance is 'L1/n_6/bias_reg[11]'.
Info    : Replacing a flip-flop with a logic constant 0. [GLO-12]
        : The instance is 'L1/n_6/bias_reg[12]'.
Info    : Replacing a flip-flop with a logic constant 0. [GLO-12]
        : The instance is 'L1/n_6/bias_reg[13]'.
Info    : Replacing a flip-flop with a logic constant 0. [GLO-12]
        : The instance is 'L1/n_6/bias_reg[14]'.
Info    : Replacing a flip-flop with a logic constant 0. [GLO-12]
        : The instance is 'L1/n_6/bias_reg[15]'.
Info    : Replacing a flip-flop with a logic constant 1. [GLO-13]
        : The instance is 'L1/n_6/bias_reg[16]'.
Info    : Replacing a flip-flop with a logic constant 1. [GLO-13]
        : The instance is 'L1/n_6/bias_reg[17]'.
Info    : Replacing a flip-flop with a logic constant 0. [GLO-12]
        : The instance is 'L1/n_6/bias_reg[18]'.
Info    : Replacing a flip-flop with a logic constant 1. [GLO-13]
        : The instance is 'L1/n_6/bias_reg[19]'.
Info    : Replacing a flip-flop with a logic constant 1. [GLO-13]
        : The instance is 'L1/n_6/bias_reg[20]'.
Info    : Replacing a flip-flop with a logic constant 1. [GLO-13]
        : The instance is 'L1/n_6/bias_reg[21]'.
Info    : Replacing a flip-flop with a logic constant 1. [GLO-13]
        : The instance is 'L1/n_6/bias_reg[22]'.
Info    : Replacing a flip-flop with a logic constant 1. [GLO-13]
        : The instance is 'L1/n_6/bias_reg[23]'.
Info    : Replacing a flip-flop with a logic constant 1. [GLO-13]
        : The instance is 'L1/n_6/bias_reg[24]'.
Info    : Replacing a flip-flop with a logic constant 0. [GLO-12]
        : The instance is 'L1/n_6/bias_reg[25]'.
Info    : Replacing a flip-flop with a logic constant 1. [GLO-13]
        : The instance is 'L1/n_6/bias_reg[26]'.
Info    : Replacing a flip-flop with a logic constant 0. [GLO-12]
        : The instance is 'L1/n_6/bias_reg[27]'.
Info    : Replacing a flip-flop with a logic constant 0. [GLO-12]
        : The instance is 'L1/n_6/bias_reg[28]'.
Info    : Replacing a flip-flop with a logic constant 0. [GLO-12]
        : The instance is 'L1/n_6/bias_reg[29]'.
Info    : Replacing a flip-flop with a logic constant 0. [GLO-12]
        : The instance is 'L1/n_6/bias_reg[30]'.
Info    : Replacing a flip-flop with a logic constant 0. [GLO-12]
        : The instance is 'L1/n_6/bias_reg[31]'.
Info    : Replacing a flip-flop with a logic constant 0. [GLO-12]
        : The instance is 'L1/n_7/bias_reg[0]'.
Info    : Replacing a flip-flop with a logic constant 0. [GLO-12]
        : The instance is 'L1/n_7/bias_reg[1]'.
Info    : Replacing a flip-flop with a logic constant 0. [GLO-12]
        : The instance is 'L1/n_7/bias_reg[2]'.
Info    : Replacing a flip-flop with a logic constant 0. [GLO-12]
        : The instance is 'L1/n_7/bias_reg[3]'.
Info    : Replacing a flip-flop with a logic constant 0. [GLO-12]
        : The instance is 'L1/n_7/bias_reg[4]'.
Info    : Replacing a flip-flop with a logic constant 0. [GLO-12]
        : The instance is 'L1/n_7/bias_reg[5]'.
Info    : Replacing a flip-flop with a logic constant 0. [GLO-12]
        : The instance is 'L1/n_7/bias_reg[6]'.
Info    : Replacing a flip-flop with a logic constant 0. [GLO-12]
        : The instance is 'L1/n_7/bias_reg[7]'.
Info    : Replacing a flip-flop with a logic constant 0. [GLO-12]
        : The instance is 'L1/n_7/bias_reg[8]'.
Info    : Replacing a flip-flop with a logic constant 0. [GLO-12]
        : The instance is 'L1/n_7/bias_reg[9]'.
Info    : Replacing a flip-flop with a logic constant 0. [GLO-12]
        : The instance is 'L1/n_7/bias_reg[10]'.
Info    : Replacing a flip-flop with a logic constant 0. [GLO-12]
        : The instance is 'L1/n_7/bias_reg[11]'.
Info    : Replacing a flip-flop with a logic constant 0. [GLO-12]
        : The instance is 'L1/n_7/bias_reg[12]'.
Info    : Replacing a flip-flop with a logic constant 0. [GLO-12]
        : The instance is 'L1/n_7/bias_reg[13]'.
Info    : Replacing a flip-flop with a logic constant 0. [GLO-12]
        : The instance is 'L1/n_7/bias_reg[14]'.
Info    : Replacing a flip-flop with a logic constant 0. [GLO-12]
        : The instance is 'L1/n_7/bias_reg[15]'.
Info    : Replacing a flip-flop with a logic constant 0. [GLO-12]
        : The instance is 'L1/n_7/bias_reg[16]'.
Info    : Replacing a flip-flop with a logic constant 1. [GLO-13]
        : The instance is 'L1/n_7/bias_reg[17]'.
Info    : Replacing a flip-flop with a logic constant 1. [GLO-13]
        : The instance is 'L1/n_7/bias_reg[18]'.
Info    : Replacing a flip-flop with a logic constant 1. [GLO-13]
        : The instance is 'L1/n_7/bias_reg[19]'.
Info    : Replacing a flip-flop with a logic constant 1. [GLO-13]
        : The instance is 'L1/n_7/bias_reg[20]'.
Info    : Replacing a flip-flop with a logic constant 1. [GLO-13]
        : The instance is 'L1/n_7/bias_reg[21]'.
Info    : Replacing a flip-flop with a logic constant 0. [GLO-12]
        : The instance is 'L1/n_7/bias_reg[22]'.
Info    : Replacing a flip-flop with a logic constant 0. [GLO-12]
        : The instance is 'L1/n_7/bias_reg[23]'.
Info    : Replacing a flip-flop with a logic constant 1. [GLO-13]
        : The instance is 'L1/n_7/bias_reg[24]'.
Info    : Replacing a flip-flop with a logic constant 0. [GLO-12]
        : The instance is 'L1/n_7/bias_reg[25]'.
Info    : Replacing a flip-flop with a logic constant 1. [GLO-13]
        : The instance is 'L1/n_7/bias_reg[26]'.
Info    : Replacing a flip-flop with a logic constant 0. [GLO-12]
        : The instance is 'L1/n_7/bias_reg[27]'.
Info    : Replacing a flip-flop with a logic constant 0. [GLO-12]
        : The instance is 'L1/n_7/bias_reg[28]'.
Info    : Replacing a flip-flop with a logic constant 0. [GLO-12]
        : The instance is 'L1/n_7/bias_reg[29]'.
Info    : Replacing a flip-flop with a logic constant 0. [GLO-12]
        : The instance is 'L1/n_7/bias_reg[30]'.
Info    : Replacing a flip-flop with a logic constant 0. [GLO-12]
        : The instance is 'L1/n_7/bias_reg[31]'.
Info    : Replacing a flip-flop with a logic constant 0. [GLO-12]
        : The instance is 'L1/n_8/bias_reg[0]'.
Info    : Replacing a flip-flop with a logic constant 0. [GLO-12]
        : The instance is 'L1/n_8/bias_reg[1]'.
Info    : Replacing a flip-flop with a logic constant 0. [GLO-12]
        : The instance is 'L1/n_8/bias_reg[2]'.
Info    : Replacing a flip-flop with a logic constant 0. [GLO-12]
        : The instance is 'L1/n_8/bias_reg[3]'.
Info    : Replacing a flip-flop with a logic constant 0. [GLO-12]
        : The instance is 'L1/n_8/bias_reg[4]'.
Info    : Replacing a flip-flop with a logic constant 0. [GLO-12]
        : The instance is 'L1/n_8/bias_reg[5]'.
Info    : Replacing a flip-flop with a logic constant 0. [GLO-12]
        : The instance is 'L1/n_8/bias_reg[6]'.
Info    : Replacing a flip-flop with a logic constant 0. [GLO-12]
        : The instance is 'L1/n_8/bias_reg[7]'.
Info    : Replacing a flip-flop with a logic constant 0. [GLO-12]
        : The instance is 'L1/n_8/bias_reg[8]'.
Info    : Replacing a flip-flop with a logic constant 0. [GLO-12]
        : The instance is 'L1/n_8/bias_reg[9]'.
Info    : Replacing a flip-flop with a logic constant 0. [GLO-12]
        : The instance is 'L1/n_8/bias_reg[10]'.
Info    : Replacing a flip-flop with a logic constant 0. [GLO-12]
        : The instance is 'L1/n_8/bias_reg[11]'.
Info    : Replacing a flip-flop with a logic constant 0. [GLO-12]
        : The instance is 'L1/n_8/bias_reg[12]'.
Info    : Replacing a flip-flop with a logic constant 0. [GLO-12]
        : The instance is 'L1/n_8/bias_reg[13]'.
Info    : Replacing a flip-flop with a logic constant 0. [GLO-12]
        : The instance is 'L1/n_8/bias_reg[14]'.
Info    : Replacing a flip-flop with a logic constant 0. [GLO-12]
        : The instance is 'L1/n_8/bias_reg[15]'.
Info    : Replacing a flip-flop with a logic constant 1. [GLO-13]
        : The instance is 'L1/n_8/bias_reg[16]'.
Info    : Replacing a flip-flop with a logic constant 1. [GLO-13]
        : The instance is 'L1/n_8/bias_reg[17]'.
Info    : Replacing a flip-flop with a logic constant 1. [GLO-13]
        : The instance is 'L1/n_8/bias_reg[18]'.
Info    : Replacing a flip-flop with a logic constant 0. [GLO-12]
        : The instance is 'L1/n_8/bias_reg[19]'.
Info    : Replacing a flip-flop with a logic constant 0. [GLO-12]
        : The instance is 'L1/n_8/bias_reg[20]'.
Info    : Replacing a flip-flop with a logic constant 0. [GLO-12]
        : The instance is 'L1/n_8/bias_reg[21]'.
Info    : Replacing a flip-flop with a logic constant 0. [GLO-12]
        : The instance is 'L1/n_8/bias_reg[22]'.
Info    : Replacing a flip-flop with a logic constant 0. [GLO-12]
        : The instance is 'L1/n_8/bias_reg[23]'.
Info    : Replacing a flip-flop with a logic constant 1. [GLO-13]
        : The instance is 'L1/n_8/bias_reg[24]'.
Info    : Replacing a flip-flop with a logic constant 1. [GLO-13]
        : The instance is 'L1/n_8/bias_reg[25]'.
Info    : Replacing a flip-flop with a logic constant 1. [GLO-13]
        : The instance is 'L1/n_8/bias_reg[26]'.
Info    : Replacing a flip-flop with a logic constant 0. [GLO-12]
        : The instance is 'L1/n_8/bias_reg[27]'.
Info    : Replacing a flip-flop with a logic constant 0. [GLO-12]
        : The instance is 'L1/n_8/bias_reg[28]'.
Info    : Replacing a flip-flop with a logic constant 0. [GLO-12]
        : The instance is 'L1/n_8/bias_reg[29]'.
Info    : Replacing a flip-flop with a logic constant 0. [GLO-12]
        : The instance is 'L1/n_8/bias_reg[30]'.
Info    : Replacing a flip-flop with a logic constant 0. [GLO-12]
        : The instance is 'L1/n_8/bias_reg[31]'.
Info    : Replacing a flip-flop with a logic constant 0. [GLO-12]
        : The instance is 'L1/n_9/bias_reg[0]'.
Info    : Replacing a flip-flop with a logic constant 0. [GLO-12]
        : The instance is 'L1/n_9/bias_reg[1]'.
Info    : Replacing a flip-flop with a logic constant 0. [GLO-12]
        : The instance is 'L1/n_9/bias_reg[2]'.
Info    : Replacing a flip-flop with a logic constant 0. [GLO-12]
        : The instance is 'L1/n_9/bias_reg[3]'.
Info    : Replacing a flip-flop with a logic constant 0. [GLO-12]
        : The instance is 'L1/n_9/bias_reg[4]'.
Info    : Replacing a flip-flop with a logic constant 0. [GLO-12]
        : The instance is 'L1/n_9/bias_reg[5]'.
Info    : Replacing a flip-flop with a logic constant 0. [GLO-12]
        : The instance is 'L1/n_9/bias_reg[6]'.
Info    : Replacing a flip-flop with a logic constant 0. [GLO-12]
        : The instance is 'L1/n_9/bias_reg[7]'.
Info    : Replacing a flip-flop with a logic constant 0. [GLO-12]
        : The instance is 'L1/n_9/bias_reg[8]'.
Info    : Replacing a flip-flop with a logic constant 0. [GLO-12]
        : The instance is 'L1/n_9/bias_reg[9]'.
Info    : Replacing a flip-flop with a logic constant 0. [GLO-12]
        : The instance is 'L1/n_9/bias_reg[10]'.
Info    : Replacing a flip-flop with a logic constant 0. [GLO-12]
        : The instance is 'L1/n_9/bias_reg[11]'.
Info    : Replacing a flip-flop with a logic constant 0. [GLO-12]
        : The instance is 'L1/n_9/bias_reg[12]'.
Info    : Replacing a flip-flop with a logic constant 0. [GLO-12]
        : The instance is 'L1/n_9/bias_reg[13]'.
Info    : Replacing a flip-flop with a logic constant 0. [GLO-12]
        : The instance is 'L1/n_9/bias_reg[14]'.
Info    : Replacing a flip-flop with a logic constant 0. [GLO-12]
        : The instance is 'L1/n_9/bias_reg[15]'.
Info    : Replacing a flip-flop with a logic constant 0. [GLO-12]
        : The instance is 'L1/n_9/bias_reg[16]'.
Info    : Replacing a flip-flop with a logic constant 0. [GLO-12]
        : The instance is 'L1/n_9/bias_reg[17]'.
Info    : Replacing a flip-flop with a logic constant 1. [GLO-13]
        : The instance is 'L1/n_9/bias_reg[18]'.
Info    : Replacing a flip-flop with a logic constant 0. [GLO-12]
        : The instance is 'L1/n_9/bias_reg[19]'.
Info    : Replacing a flip-flop with a logic constant 1. [GLO-13]
        : The instance is 'L1/n_9/bias_reg[20]'.
Info    : Replacing a flip-flop with a logic constant 1. [GLO-13]
        : The instance is 'L1/n_9/bias_reg[21]'.
Info    : Replacing a flip-flop with a logic constant 1. [GLO-13]
        : The instance is 'L1/n_9/bias_reg[22]'.
Info    : Replacing a flip-flop with a logic constant 1. [GLO-13]
        : The instance is 'L1/n_9/bias_reg[23]'.
Info    : Replacing a flip-flop with a logic constant 1. [GLO-13]
        : The instance is 'L1/n_9/bias_reg[24]'.
Info    : Replacing a flip-flop with a logic constant 0. [GLO-12]
        : The instance is 'L1/n_9/bias_reg[25]'.
Info    : Replacing a flip-flop with a logic constant 1. [GLO-13]
        : The instance is 'L1/n_9/bias_reg[26]'.
Info    : Replacing a flip-flop with a logic constant 0. [GLO-12]
        : The instance is 'L1/n_9/bias_reg[27]'.
Info    : Replacing a flip-flop with a logic constant 1. [GLO-13]
        : The instance is 'L1/n_9/bias_reg[28]'.
Info    : Replacing a flip-flop with a logic constant 1. [GLO-13]
        : The instance is 'L1/n_9/bias_reg[29]'.
Info    : Replacing a flip-flop with a logic constant 1. [GLO-13]
        : The instance is 'L1/n_9/bias_reg[30]'.
Info    : Replacing a flip-flop with a logic constant 1. [GLO-13]
        : The instance is 'L1/n_9/bias_reg[31]'.
Info    : Replacing a flip-flop with a logic constant 0. [GLO-12]
        : The instance is 'L1/n_10/bias_reg[0]'.
Info    : Replacing a flip-flop with a logic constant 0. [GLO-12]
        : The instance is 'L1/n_10/bias_reg[1]'.
Info    : Replacing a flip-flop with a logic constant 0. [GLO-12]
        : The instance is 'L1/n_10/bias_reg[2]'.
Info    : Replacing a flip-flop with a logic constant 0. [GLO-12]
        : The instance is 'L1/n_10/bias_reg[3]'.
Info    : Replacing a flip-flop with a logic constant 0. [GLO-12]
        : The instance is 'L1/n_10/bias_reg[4]'.
Info    : Replacing a flip-flop with a logic constant 0. [GLO-12]
        : The instance is 'L1/n_10/bias_reg[5]'.
Info    : Replacing a flip-flop with a logic constant 0. [GLO-12]
        : The instance is 'L1/n_10/bias_reg[6]'.
Info    : Replacing a flip-flop with a logic constant 0. [GLO-12]
        : The instance is 'L1/n_10/bias_reg[7]'.
Info    : Replacing a flip-flop with a logic constant 0. [GLO-12]
        : The instance is 'L1/n_10/bias_reg[8]'.
Info    : Replacing a flip-flop with a logic constant 0. [GLO-12]
        : The instance is 'L1/n_10/bias_reg[9]'.
Info    : Replacing a flip-flop with a logic constant 0. [GLO-12]
        : The instance is 'L1/n_10/bias_reg[10]'.
Info    : Replacing a flip-flop with a logic constant 0. [GLO-12]
        : The instance is 'L1/n_10/bias_reg[11]'.
Info    : Replacing a flip-flop with a logic constant 0. [GLO-12]
        : The instance is 'L1/n_10/bias_reg[12]'.
Info    : Replacing a flip-flop with a logic constant 0. [GLO-12]
        : The instance is 'L1/n_10/bias_reg[13]'.
Info    : Replacing a flip-flop with a logic constant 0. [GLO-12]
        : The instance is 'L1/n_10/bias_reg[14]'.
Info    : Replacing a flip-flop with a logic constant 0. [GLO-12]
        : The instance is 'L1/n_10/bias_reg[15]'.
Info    : Replacing a flip-flop with a logic constant 1. [GLO-13]
        : The instance is 'L1/n_10/bias_reg[16]'.
Info    : Replacing a flip-flop with a logic constant 0. [GLO-12]
        : The instance is 'L1/n_10/bias_reg[17]'.
Info    : Replacing a flip-flop with a logic constant 1. [GLO-13]
        : The instance is 'L1/n_10/bias_reg[18]'.
Info    : Replacing a flip-flop with a logic constant 1. [GLO-13]
        : The instance is 'L1/n_10/bias_reg[19]'.
Info    : Replacing a flip-flop with a logic constant 1. [GLO-13]
        : The instance is 'L1/n_10/bias_reg[20]'.
Info    : Replacing a flip-flop with a logic constant 1. [GLO-13]
        : The instance is 'L1/n_10/bias_reg[21]'.
Info    : Replacing a flip-flop with a logic constant 1. [GLO-13]
        : The instance is 'L1/n_10/bias_reg[22]'.
Info    : Replacing a flip-flop with a logic constant 0. [GLO-12]
        : The instance is 'L1/n_10/bias_reg[23]'.
Info    : Replacing a flip-flop with a logic constant 1. [GLO-13]
        : The instance is 'L1/n_10/bias_reg[24]'.
Info    : Replacing a flip-flop with a logic constant 1. [GLO-13]
        : The instance is 'L1/n_10/bias_reg[25]'.
Info    : Replacing a flip-flop with a logic constant 0. [GLO-12]
        : The instance is 'L1/n_10/bias_reg[26]'.
Info    : Replacing a flip-flop with a logic constant 0. [GLO-12]
        : The instance is 'L1/n_10/bias_reg[27]'.
Info    : Replacing a flip-flop with a logic constant 1. [GLO-13]
        : The instance is 'L1/n_10/bias_reg[28]'.
Info    : Replacing a flip-flop with a logic constant 1. [GLO-13]
        : The instance is 'L1/n_10/bias_reg[29]'.
Info    : Replacing a flip-flop with a logic constant 1. [GLO-13]
        : The instance is 'L1/n_10/bias_reg[30]'.
Info    : Replacing a flip-flop with a logic constant 1. [GLO-13]
        : The instance is 'L1/n_10/bias_reg[31]'.
Info    : Replacing a flip-flop with a logic constant 0. [GLO-12]
        : The instance is 'L1/n_11/bias_reg[0]'.
Info    : Replacing a flip-flop with a logic constant 0. [GLO-12]
        : The instance is 'L1/n_11/bias_reg[1]'.
Info    : Replacing a flip-flop with a logic constant 0. [GLO-12]
        : The instance is 'L1/n_11/bias_reg[2]'.
Info    : Replacing a flip-flop with a logic constant 0. [GLO-12]
        : The instance is 'L1/n_11/bias_reg[3]'.
Info    : Replacing a flip-flop with a logic constant 0. [GLO-12]
        : The instance is 'L1/n_11/bias_reg[4]'.
Info    : Replacing a flip-flop with a logic constant 0. [GLO-12]
        : The instance is 'L1/n_11/bias_reg[5]'.
Info    : Replacing a flip-flop with a logic constant 0. [GLO-12]
        : The instance is 'L1/n_11/bias_reg[6]'.
Info    : Replacing a flip-flop with a logic constant 0. [GLO-12]
        : The instance is 'L1/n_11/bias_reg[7]'.
Info    : Replacing a flip-flop with a logic constant 0. [GLO-12]
        : The instance is 'L1/n_11/bias_reg[8]'.
Info    : Replacing a flip-flop with a logic constant 0. [GLO-12]
        : The instance is 'L1/n_11/bias_reg[9]'.
Info    : Replacing a flip-flop with a logic constant 0. [GLO-12]
        : The instance is 'L1/n_11/bias_reg[10]'.
Info    : Replacing a flip-flop with a logic constant 0. [GLO-12]
        : The instance is 'L1/n_11/bias_reg[11]'.
Info    : Replacing a flip-flop with a logic constant 0. [GLO-12]
        : The instance is 'L1/n_11/bias_reg[12]'.
Info    : Replacing a flip-flop with a logic constant 0. [GLO-12]
        : The instance is 'L1/n_11/bias_reg[13]'.
Info    : Replacing a flip-flop with a logic constant 0. [GLO-12]
        : The instance is 'L1/n_11/bias_reg[14]'.
Info    : Replacing a flip-flop with a logic constant 0. [GLO-12]
        : The instance is 'L1/n_11/bias_reg[15]'.
Info    : Replacing a flip-flop with a logic constant 1. [GLO-13]
        : The instance is 'L1/n_11/bias_reg[16]'.
Info    : Replacing a flip-flop with a logic constant 0. [GLO-12]
        : The instance is 'L1/n_11/bias_reg[17]'.
Info    : Replacing a flip-flop with a logic constant 0. [GLO-12]
        : The instance is 'L1/n_11/bias_reg[18]'.
Info    : Replacing a flip-flop with a logic constant 1. [GLO-13]
        : The instance is 'L1/n_11/bias_reg[19]'.
Info    : Replacing a flip-flop with a logic constant 0. [GLO-12]
        : The instance is 'L1/n_11/bias_reg[20]'.
Info    : Replacing a flip-flop with a logic constant 1. [GLO-13]
        : The instance is 'L1/n_11/bias_reg[21]'.
Info    : Replacing a flip-flop with a logic constant 0. [GLO-12]
        : The instance is 'L1/n_11/bias_reg[22]'.
Info    : Replacing a flip-flop with a logic constant 0. [GLO-12]
        : The instance is 'L1/n_11/bias_reg[23]'.
Info    : Replacing a flip-flop with a logic constant 1. [GLO-13]
        : The instance is 'L1/n_11/bias_reg[24]'.
Info    : Replacing a flip-flop with a logic constant 1. [GLO-13]
        : The instance is 'L1/n_11/bias_reg[25]'.
Info    : Replacing a flip-flop with a logic constant 1. [GLO-13]
        : The instance is 'L1/n_11/bias_reg[26]'.
Info    : Replacing a flip-flop with a logic constant 1. [GLO-13]
        : The instance is 'L1/n_11/bias_reg[27]'.
Info    : Replacing a flip-flop with a logic constant 1. [GLO-13]
        : The instance is 'L1/n_11/bias_reg[28]'.
Info    : Replacing a flip-flop with a logic constant 1. [GLO-13]
        : The instance is 'L1/n_11/bias_reg[29]'.
Info    : Replacing a flip-flop with a logic constant 1. [GLO-13]
        : The instance is 'L1/n_11/bias_reg[30]'.
Info    : Replacing a flip-flop with a logic constant 1. [GLO-13]
        : The instance is 'L1/n_11/bias_reg[31]'.
Info    : Replacing a flip-flop with a logic constant 0. [GLO-12]
        : The instance is 'L1/n_12/bias_reg[0]'.
Info    : Replacing a flip-flop with a logic constant 0. [GLO-12]
        : The instance is 'L1/n_12/bias_reg[1]'.
Info    : Replacing a flip-flop with a logic constant 0. [GLO-12]
        : The instance is 'L1/n_12/bias_reg[2]'.
Info    : Replacing a flip-flop with a logic constant 0. [GLO-12]
        : The instance is 'L1/n_12/bias_reg[3]'.
Info    : Replacing a flip-flop with a logic constant 0. [GLO-12]
        : The instance is 'L1/n_12/bias_reg[4]'.
Info    : Replacing a flip-flop with a logic constant 0. [GLO-12]
        : The instance is 'L1/n_12/bias_reg[5]'.
Info    : Replacing a flip-flop with a logic constant 0. [GLO-12]
        : The instance is 'L1/n_12/bias_reg[6]'.
Info    : Replacing a flip-flop with a logic constant 0. [GLO-12]
        : The instance is 'L1/n_12/bias_reg[7]'.
Info    : Replacing a flip-flop with a logic constant 0. [GLO-12]
        : The instance is 'L1/n_12/bias_reg[8]'.
Info    : Replacing a flip-flop with a logic constant 0. [GLO-12]
        : The instance is 'L1/n_12/bias_reg[9]'.
Info    : Replacing a flip-flop with a logic constant 0. [GLO-12]
        : The instance is 'L1/n_12/bias_reg[10]'.
Info    : Replacing a flip-flop with a logic constant 0. [GLO-12]
        : The instance is 'L1/n_12/bias_reg[11]'.
Info    : Replacing a flip-flop with a logic constant 0. [GLO-12]
        : The instance is 'L1/n_12/bias_reg[12]'.
Info    : Replacing a flip-flop with a logic constant 0. [GLO-12]
        : The instance is 'L1/n_12/bias_reg[13]'.
Info    : Replacing a flip-flop with a logic constant 0. [GLO-12]
        : The instance is 'L1/n_12/bias_reg[14]'.
Info    : Replacing a flip-flop with a logic constant 0. [GLO-12]
        : The instance is 'L1/n_12/bias_reg[15]'.
Info    : Replacing a flip-flop with a logic constant 1. [GLO-13]
        : The instance is 'L1/n_12/bias_reg[16]'.
Info    : Replacing a flip-flop with a logic constant 0. [GLO-12]
        : The instance is 'L1/n_12/bias_reg[17]'.
Info    : Replacing a flip-flop with a logic constant 1. [GLO-13]
        : The instance is 'L1/n_12/bias_reg[18]'.
Info    : Replacing a flip-flop with a logic constant 0. [GLO-12]
        : The instance is 'L1/n_12/bias_reg[19]'.
Info    : Replacing a flip-flop with a logic constant 1. [GLO-13]
        : The instance is 'L1/n_12/bias_reg[20]'.
Info    : Replacing a flip-flop with a logic constant 0. [GLO-12]
        : The instance is 'L1/n_12/bias_reg[21]'.
Info    : Replacing a flip-flop with a logic constant 1. [GLO-13]
        : The instance is 'L1/n_12/bias_reg[22]'.
Info    : Replacing a flip-flop with a logic constant 1. [GLO-13]
        : The instance is 'L1/n_12/bias_reg[23]'.
Info    : Replacing a flip-flop with a logic constant 1. [GLO-13]
        : The instance is 'L1/n_12/bias_reg[24]'.
Info    : Replacing a flip-flop with a logic constant 0. [GLO-12]
        : The instance is 'L1/n_12/bias_reg[25]'.
Info    : Replacing a flip-flop with a logic constant 1. [GLO-13]
        : The instance is 'L1/n_12/bias_reg[26]'.
Info    : Replacing a flip-flop with a logic constant 1. [GLO-13]
        : The instance is 'L1/n_12/bias_reg[27]'.
Info    : Replacing a flip-flop with a logic constant 0. [GLO-12]
        : The instance is 'L1/n_12/bias_reg[28]'.
Info    : Replacing a flip-flop with a logic constant 1. [GLO-13]
        : The instance is 'L1/n_12/bias_reg[29]'.
Info    : Replacing a flip-flop with a logic constant 1. [GLO-13]
        : The instance is 'L1/n_12/bias_reg[30]'.
Info    : Replacing a flip-flop with a logic constant 1. [GLO-13]
        : The instance is 'L1/n_12/bias_reg[31]'.
Info    : Replacing a flip-flop with a logic constant 0. [GLO-12]
        : The instance is 'L1/n_13/bias_reg[0]'.
Info    : Replacing a flip-flop with a logic constant 0. [GLO-12]
        : The instance is 'L1/n_13/bias_reg[1]'.
Info    : Replacing a flip-flop with a logic constant 0. [GLO-12]
        : The instance is 'L1/n_13/bias_reg[2]'.
Info    : Replacing a flip-flop with a logic constant 0. [GLO-12]
        : The instance is 'L1/n_13/bias_reg[3]'.
Info    : Replacing a flip-flop with a logic constant 0. [GLO-12]
        : The instance is 'L1/n_13/bias_reg[4]'.
Info    : Replacing a flip-flop with a logic constant 0. [GLO-12]
        : The instance is 'L1/n_13/bias_reg[5]'.
Info    : Replacing a flip-flop with a logic constant 0. [GLO-12]
        : The instance is 'L1/n_13/bias_reg[6]'.
Info    : Replacing a flip-flop with a logic constant 0. [GLO-12]
        : The instance is 'L1/n_13/bias_reg[7]'.
Info    : Replacing a flip-flop with a logic constant 0. [GLO-12]
        : The instance is 'L1/n_13/bias_reg[8]'.
Info    : Replacing a flip-flop with a logic constant 0. [GLO-12]
        : The instance is 'L1/n_13/bias_reg[9]'.
Info    : Replacing a flip-flop with a logic constant 0. [GLO-12]
        : The instance is 'L1/n_13/bias_reg[10]'.
Info    : Replacing a flip-flop with a logic constant 0. [GLO-12]
        : The instance is 'L1/n_13/bias_reg[11]'.
Info    : Replacing a flip-flop with a logic constant 0. [GLO-12]
        : The instance is 'L1/n_13/bias_reg[12]'.
Info    : Replacing a flip-flop with a logic constant 0. [GLO-12]
        : The instance is 'L1/n_13/bias_reg[13]'.
Info    : Replacing a flip-flop with a logic constant 0. [GLO-12]
        : The instance is 'L1/n_13/bias_reg[14]'.
Info    : Replacing a flip-flop with a logic constant 0. [GLO-12]
        : The instance is 'L1/n_13/bias_reg[15]'.
Info    : Replacing a flip-flop with a logic constant 0. [GLO-12]
        : The instance is 'L1/n_13/bias_reg[16]'.
Info    : Replacing a flip-flop with a logic constant 1. [GLO-13]
        : The instance is 'L1/n_13/bias_reg[17]'.
Info    : Replacing a flip-flop with a logic constant 1. [GLO-13]
        : The instance is 'L1/n_13/bias_reg[18]'.
Info    : Replacing a flip-flop with a logic constant 1. [GLO-13]
        : The instance is 'L1/n_13/bias_reg[19]'.
Info    : Replacing a flip-flop with a logic constant 1. [GLO-13]
        : The instance is 'L1/n_13/bias_reg[20]'.
Info    : Replacing a flip-flop with a logic constant 0. [GLO-12]
        : The instance is 'L1/n_13/bias_reg[21]'.
Info    : Replacing a flip-flop with a logic constant 0. [GLO-12]
        : The instance is 'L1/n_13/bias_reg[22]'.
Info    : Replacing a flip-flop with a logic constant 1. [GLO-13]
        : The instance is 'L1/n_13/bias_reg[23]'.
Info    : Replacing a flip-flop with a logic constant 1. [GLO-13]
        : The instance is 'L1/n_13/bias_reg[24]'.
Info    : Replacing a flip-flop with a logic constant 0. [GLO-12]
        : The instance is 'L1/n_13/bias_reg[25]'.
Info    : Replacing a flip-flop with a logic constant 0. [GLO-12]
        : The instance is 'L1/n_13/bias_reg[26]'.
Info    : Replacing a flip-flop with a logic constant 0. [GLO-12]
        : The instance is 'L1/n_13/bias_reg[27]'.
Info    : Replacing a flip-flop with a logic constant 0. [GLO-12]
        : The instance is 'L1/n_13/bias_reg[28]'.
Info    : Replacing a flip-flop with a logic constant 0. [GLO-12]
        : The instance is 'L1/n_13/bias_reg[29]'.
Info    : Replacing a flip-flop with a logic constant 0. [GLO-12]
        : The instance is 'L1/n_13/bias_reg[30]'.
Info    : Replacing a flip-flop with a logic constant 0. [GLO-12]
        : The instance is 'L1/n_13/bias_reg[31]'.
Info    : Replacing a flip-flop with a logic constant 0. [GLO-12]
        : The instance is 'L1/n_14/bias_reg[0]'.
Info    : Replacing a flip-flop with a logic constant 0. [GLO-12]
        : The instance is 'L1/n_14/bias_reg[1]'.
Info    : Replacing a flip-flop with a logic constant 0. [GLO-12]
        : The instance is 'L1/n_14/bias_reg[2]'.
Info    : Replacing a flip-flop with a logic constant 0. [GLO-12]
        : The instance is 'L1/n_14/bias_reg[3]'.
Info    : Replacing a flip-flop with a logic constant 0. [GLO-12]
        : The instance is 'L1/n_14/bias_reg[4]'.
Info    : Replacing a flip-flop with a logic constant 0. [GLO-12]
        : The instance is 'L1/n_14/bias_reg[5]'.
Info    : Replacing a flip-flop with a logic constant 0. [GLO-12]
        : The instance is 'L1/n_14/bias_reg[6]'.
Info    : Replacing a flip-flop with a logic constant 0. [GLO-12]
        : The instance is 'L1/n_14/bias_reg[7]'.
Info    : Replacing a flip-flop with a logic constant 0. [GLO-12]
        : The instance is 'L1/n_14/bias_reg[8]'.
Info    : Replacing a flip-flop with a logic constant 0. [GLO-12]
        : The instance is 'L1/n_14/bias_reg[9]'.
Info    : Replacing a flip-flop with a logic constant 0. [GLO-12]
        : The instance is 'L1/n_14/bias_reg[10]'.
Info    : Replacing a flip-flop with a logic constant 0. [GLO-12]
        : The instance is 'L1/n_14/bias_reg[11]'.
Info    : Replacing a flip-flop with a logic constant 0. [GLO-12]
        : The instance is 'L1/n_14/bias_reg[12]'.
Info    : Replacing a flip-flop with a logic constant 0. [GLO-12]
        : The instance is 'L1/n_14/bias_reg[13]'.
Info    : Replacing a flip-flop with a logic constant 0. [GLO-12]
        : The instance is 'L1/n_14/bias_reg[14]'.
Info    : Replacing a flip-flop with a logic constant 0. [GLO-12]
        : The instance is 'L1/n_14/bias_reg[15]'.
Info    : Replacing a flip-flop with a logic constant 1. [GLO-13]
        : The instance is 'L1/n_14/bias_reg[16]'.
Info    : Replacing a flip-flop with a logic constant 1. [GLO-13]
        : The instance is 'L1/n_14/bias_reg[17]'.
Info    : Replacing a flip-flop with a logic constant 1. [GLO-13]
        : The instance is 'L1/n_14/bias_reg[18]'.
Info    : Replacing a flip-flop with a logic constant 0. [GLO-12]
        : The instance is 'L1/n_14/bias_reg[19]'.
Info    : Replacing a flip-flop with a logic constant 0. [GLO-12]
        : The instance is 'L1/n_14/bias_reg[20]'.
Info    : Replacing a flip-flop with a logic constant 1. [GLO-13]
        : The instance is 'L1/n_14/bias_reg[21]'.
Info    : Replacing a flip-flop with a logic constant 0. [GLO-12]
        : The instance is 'L1/n_14/bias_reg[22]'.
Info    : Replacing a flip-flop with a logic constant 0. [GLO-12]
        : The instance is 'L1/n_14/bias_reg[23]'.
Info    : Replacing a flip-flop with a logic constant 1. [GLO-13]
        : The instance is 'L1/n_14/bias_reg[24]'.
Info    : Replacing a flip-flop with a logic constant 1. [GLO-13]
        : The instance is 'L1/n_14/bias_reg[25]'.
Info    : Replacing a flip-flop with a logic constant 1. [GLO-13]
        : The instance is 'L1/n_14/bias_reg[26]'.
Info    : Replacing a flip-flop with a logic constant 1. [GLO-13]
        : The instance is 'L1/n_14/bias_reg[27]'.
Info    : Replacing a flip-flop with a logic constant 0. [GLO-12]
        : The instance is 'L1/n_14/bias_reg[28]'.
Info    : Replacing a flip-flop with a logic constant 0. [GLO-12]
        : The instance is 'L1/n_14/bias_reg[29]'.
Info    : Replacing a flip-flop with a logic constant 0. [GLO-12]
        : The instance is 'L1/n_14/bias_reg[30]'.
Info    : Replacing a flip-flop with a logic constant 0. [GLO-12]
        : The instance is 'L1/n_14/bias_reg[31]'.
Info    : Replacing a flip-flop with a logic constant 0. [GLO-12]
        : The instance is 'L1/n_15/bias_reg[0]'.
Info    : Replacing a flip-flop with a logic constant 0. [GLO-12]
        : The instance is 'L1/n_15/bias_reg[1]'.
Info    : Replacing a flip-flop with a logic constant 0. [GLO-12]
        : The instance is 'L1/n_15/bias_reg[2]'.
Info    : Replacing a flip-flop with a logic constant 0. [GLO-12]
        : The instance is 'L1/n_15/bias_reg[3]'.
Info    : Replacing a flip-flop with a logic constant 0. [GLO-12]
        : The instance is 'L1/n_15/bias_reg[4]'.
Info    : Replacing a flip-flop with a logic constant 0. [GLO-12]
        : The instance is 'L1/n_15/bias_reg[5]'.
Info    : Replacing a flip-flop with a logic constant 0. [GLO-12]
        : The instance is 'L1/n_15/bias_reg[6]'.
Info    : Replacing a flip-flop with a logic constant 0. [GLO-12]
        : The instance is 'L1/n_15/bias_reg[7]'.
Info    : Replacing a flip-flop with a logic constant 0. [GLO-12]
        : The instance is 'L1/n_15/bias_reg[8]'.
Info    : Replacing a flip-flop with a logic constant 0. [GLO-12]
        : The instance is 'L1/n_15/bias_reg[9]'.
Info    : Replacing a flip-flop with a logic constant 0. [GLO-12]
        : The instance is 'L1/n_15/bias_reg[10]'.
Info    : Replacing a flip-flop with a logic constant 0. [GLO-12]
        : The instance is 'L1/n_15/bias_reg[11]'.
Info    : Replacing a flip-flop with a logic constant 0. [GLO-12]
        : The instance is 'L1/n_15/bias_reg[12]'.
Info    : Replacing a flip-flop with a logic constant 0. [GLO-12]
        : The instance is 'L1/n_15/bias_reg[13]'.
Info    : Replacing a flip-flop with a logic constant 0. [GLO-12]
        : The instance is 'L1/n_15/bias_reg[14]'.
Info    : Replacing a flip-flop with a logic constant 0. [GLO-12]
        : The instance is 'L1/n_15/bias_reg[15]'.
Info    : Replacing a flip-flop with a logic constant 0. [GLO-12]
        : The instance is 'L1/n_15/bias_reg[16]'.
Info    : Replacing a flip-flop with a logic constant 1. [GLO-13]
        : The instance is 'L1/n_15/bias_reg[17]'.
Info    : Replacing a flip-flop with a logic constant 0. [GLO-12]
        : The instance is 'L1/n_15/bias_reg[18]'.
Info    : Replacing a flip-flop with a logic constant 0. [GLO-12]
        : The instance is 'L1/n_15/bias_reg[19]'.
Info    : Replacing a flip-flop with a logic constant 0. [GLO-12]
        : The instance is 'L1/n_15/bias_reg[20]'.
Info    : Replacing a flip-flop with a logic constant 0. [GLO-12]
        : The instance is 'L1/n_15/bias_reg[21]'.
Info    : Replacing a flip-flop with a logic constant 0. [GLO-12]
        : The instance is 'L1/n_15/bias_reg[22]'.
Info    : Replacing a flip-flop with a logic constant 1. [GLO-13]
        : The instance is 'L1/n_15/bias_reg[23]'.
Info    : Replacing a flip-flop with a logic constant 1. [GLO-13]
        : The instance is 'L1/n_15/bias_reg[24]'.
Info    : Replacing a flip-flop with a logic constant 1. [GLO-13]
        : The instance is 'L1/n_15/bias_reg[25]'.
Info    : Replacing a flip-flop with a logic constant 1. [GLO-13]
        : The instance is 'L1/n_15/bias_reg[26]'.
Info    : Replacing a flip-flop with a logic constant 1. [GLO-13]
        : The instance is 'L1/n_15/bias_reg[27]'.
Info    : Replacing a flip-flop with a logic constant 1. [GLO-13]
        : The instance is 'L1/n_15/bias_reg[28]'.
Info    : Replacing a flip-flop with a logic constant 1. [GLO-13]
        : The instance is 'L1/n_15/bias_reg[29]'.
Info    : Replacing a flip-flop with a logic constant 1. [GLO-13]
        : The instance is 'L1/n_15/bias_reg[30]'.
Info    : Replacing a flip-flop with a logic constant 1. [GLO-13]
        : The instance is 'L1/n_15/bias_reg[31]'.
Info    : Replacing a flip-flop with a logic constant 0. [GLO-12]
        : The instance is 'L1/n_16/bias_reg[0]'.
Info    : Replacing a flip-flop with a logic constant 0. [GLO-12]
        : The instance is 'L1/n_16/bias_reg[1]'.
Info    : Replacing a flip-flop with a logic constant 0. [GLO-12]
        : The instance is 'L1/n_16/bias_reg[2]'.
Info    : Replacing a flip-flop with a logic constant 0. [GLO-12]
        : The instance is 'L1/n_16/bias_reg[3]'.
Info    : Replacing a flip-flop with a logic constant 0. [GLO-12]
        : The instance is 'L1/n_16/bias_reg[4]'.
Info    : Replacing a flip-flop with a logic constant 0. [GLO-12]
        : The instance is 'L1/n_16/bias_reg[5]'.
Info    : Replacing a flip-flop with a logic constant 0. [GLO-12]
        : The instance is 'L1/n_16/bias_reg[6]'.
Info    : Replacing a flip-flop with a logic constant 0. [GLO-12]
        : The instance is 'L1/n_16/bias_reg[7]'.
Info    : Replacing a flip-flop with a logic constant 0. [GLO-12]
        : The instance is 'L1/n_16/bias_reg[8]'.
Info    : Replacing a flip-flop with a logic constant 0. [GLO-12]
        : The instance is 'L1/n_16/bias_reg[9]'.
Info    : Replacing a flip-flop with a logic constant 0. [GLO-12]
        : The instance is 'L1/n_16/bias_reg[10]'.
Info    : Replacing a flip-flop with a logic constant 0. [GLO-12]
        : The instance is 'L1/n_16/bias_reg[11]'.
Info    : Replacing a flip-flop with a logic constant 0. [GLO-12]
        : The instance is 'L1/n_16/bias_reg[12]'.
Info    : Replacing a flip-flop with a logic constant 0. [GLO-12]
        : The instance is 'L1/n_16/bias_reg[13]'.
Info    : Replacing a flip-flop with a logic constant 0. [GLO-12]
        : The instance is 'L1/n_16/bias_reg[14]'.
Info    : Replacing a flip-flop with a logic constant 0. [GLO-12]
        : The instance is 'L1/n_16/bias_reg[15]'.
Info    : Replacing a flip-flop with a logic constant 0. [GLO-12]
        : The instance is 'L1/n_16/bias_reg[16]'.
Info    : Replacing a flip-flop with a logic constant 0. [GLO-12]
        : The instance is 'L1/n_16/bias_reg[17]'.
Info    : Replacing a flip-flop with a logic constant 1. [GLO-13]
        : The instance is 'L1/n_16/bias_reg[18]'.
Info    : Replacing a flip-flop with a logic constant 0. [GLO-12]
        : The instance is 'L1/n_16/bias_reg[19]'.
Info    : Replacing a flip-flop with a logic constant 0. [GLO-12]
        : The instance is 'L1/n_16/bias_reg[20]'.
Info    : Replacing a flip-flop with a logic constant 0. [GLO-12]
        : The instance is 'L1/n_16/bias_reg[21]'.
Info    : Replacing a flip-flop with a logic constant 0. [GLO-12]
        : The instance is 'L1/n_16/bias_reg[22]'.
Info    : Replacing a flip-flop with a logic constant 0. [GLO-12]
        : The instance is 'L1/n_16/bias_reg[23]'.
Info    : Replacing a flip-flop with a logic constant 0. [GLO-12]
        : The instance is 'L1/n_16/bias_reg[24]'.
Info    : Replacing a flip-flop with a logic constant 1. [GLO-13]
        : The instance is 'L1/n_16/bias_reg[25]'.
Info    : Replacing a flip-flop with a logic constant 1. [GLO-13]
        : The instance is 'L1/n_16/bias_reg[26]'.
Info    : Replacing a flip-flop with a logic constant 0. [GLO-12]
        : The instance is 'L1/n_16/bias_reg[27]'.
Info    : Replacing a flip-flop with a logic constant 0. [GLO-12]
        : The instance is 'L1/n_16/bias_reg[28]'.
Info    : Replacing a flip-flop with a logic constant 0. [GLO-12]
        : The instance is 'L1/n_16/bias_reg[29]'.
Info    : Replacing a flip-flop with a logic constant 0. [GLO-12]
        : The instance is 'L1/n_16/bias_reg[30]'.
Info    : Replacing a flip-flop with a logic constant 0. [GLO-12]
        : The instance is 'L1/n_16/bias_reg[31]'.
Info    : Replacing a flip-flop with a logic constant 0. [GLO-12]
        : The instance is 'L1/n_17/bias_reg[0]'.
Info    : Replacing a flip-flop with a logic constant 0. [GLO-12]
        : The instance is 'L1/n_17/bias_reg[1]'.
Info    : Replacing a flip-flop with a logic constant 0. [GLO-12]
        : The instance is 'L1/n_17/bias_reg[2]'.
Info    : Replacing a flip-flop with a logic constant 0. [GLO-12]
        : The instance is 'L1/n_17/bias_reg[3]'.
Info    : Replacing a flip-flop with a logic constant 0. [GLO-12]
        : The instance is 'L1/n_17/bias_reg[4]'.
Info    : Replacing a flip-flop with a logic constant 0. [GLO-12]
        : The instance is 'L1/n_17/bias_reg[5]'.
Info    : Replacing a flip-flop with a logic constant 0. [GLO-12]
        : The instance is 'L1/n_17/bias_reg[6]'.
Info    : Replacing a flip-flop with a logic constant 0. [GLO-12]
        : The instance is 'L1/n_17/bias_reg[7]'.
Info    : Replacing a flip-flop with a logic constant 0. [GLO-12]
        : The instance is 'L1/n_17/bias_reg[8]'.
Info    : Replacing a flip-flop with a logic constant 0. [GLO-12]
        : The instance is 'L1/n_17/bias_reg[9]'.
Info    : Replacing a flip-flop with a logic constant 0. [GLO-12]
        : The instance is 'L1/n_17/bias_reg[10]'.
Info    : Replacing a flip-flop with a logic constant 0. [GLO-12]
        : The instance is 'L1/n_17/bias_reg[11]'.
Info    : Replacing a flip-flop with a logic constant 0. [GLO-12]
        : The instance is 'L1/n_17/bias_reg[12]'.
Info    : Replacing a flip-flop with a logic constant 0. [GLO-12]
        : The instance is 'L1/n_17/bias_reg[13]'.
Info    : Replacing a flip-flop with a logic constant 0. [GLO-12]
        : The instance is 'L1/n_17/bias_reg[14]'.
Info    : Replacing a flip-flop with a logic constant 0. [GLO-12]
        : The instance is 'L1/n_17/bias_reg[15]'.
Info    : Replacing a flip-flop with a logic constant 0. [GLO-12]
        : The instance is 'L1/n_17/bias_reg[16]'.
Info    : Replacing a flip-flop with a logic constant 1. [GLO-13]
        : The instance is 'L1/n_17/bias_reg[17]'.
Info    : Replacing a flip-flop with a logic constant 1. [GLO-13]
        : The instance is 'L1/n_17/bias_reg[18]'.
Info    : Replacing a flip-flop with a logic constant 1. [GLO-13]
        : The instance is 'L1/n_17/bias_reg[19]'.
Info    : Replacing a flip-flop with a logic constant 0. [GLO-12]
        : The instance is 'L1/n_17/bias_reg[20]'.
Info    : Replacing a flip-flop with a logic constant 1. [GLO-13]
        : The instance is 'L1/n_17/bias_reg[21]'.
Info    : Replacing a flip-flop with a logic constant 0. [GLO-12]
        : The instance is 'L1/n_17/bias_reg[22]'.
Info    : Replacing a flip-flop with a logic constant 0. [GLO-12]
        : The instance is 'L1/n_17/bias_reg[23]'.
Info    : Replacing a flip-flop with a logic constant 1. [GLO-13]
        : The instance is 'L1/n_17/bias_reg[24]'.
Info    : Replacing a flip-flop with a logic constant 0. [GLO-12]
        : The instance is 'L1/n_17/bias_reg[25]'.
Info    : Replacing a flip-flop with a logic constant 0. [GLO-12]
        : The instance is 'L1/n_17/bias_reg[26]'.
Info    : Replacing a flip-flop with a logic constant 0. [GLO-12]
        : The instance is 'L1/n_17/bias_reg[27]'.
Info    : Replacing a flip-flop with a logic constant 0. [GLO-12]
        : The instance is 'L1/n_17/bias_reg[28]'.
Info    : Replacing a flip-flop with a logic constant 0. [GLO-12]
        : The instance is 'L1/n_17/bias_reg[29]'.
Info    : Replacing a flip-flop with a logic constant 0. [GLO-12]
        : The instance is 'L1/n_17/bias_reg[30]'.
Info    : Replacing a flip-flop with a logic constant 0. [GLO-12]
        : The instance is 'L1/n_17/bias_reg[31]'.
Info    : Replacing a flip-flop with a logic constant 0. [GLO-12]
        : The instance is 'L1/n_18/bias_reg[0]'.
Info    : Replacing a flip-flop with a logic constant 0. [GLO-12]
        : The instance is 'L1/n_18/bias_reg[1]'.
Info    : Replacing a flip-flop with a logic constant 0. [GLO-12]
        : The instance is 'L1/n_18/bias_reg[2]'.
Info    : Replacing a flip-flop with a logic constant 0. [GLO-12]
        : The instance is 'L1/n_18/bias_reg[3]'.
Info    : Replacing a flip-flop with a logic constant 0. [GLO-12]
        : The instance is 'L1/n_18/bias_reg[4]'.
Info    : Replacing a flip-flop with a logic constant 0. [GLO-12]
        : The instance is 'L1/n_18/bias_reg[5]'.
Info    : Replacing a flip-flop with a logic constant 0. [GLO-12]
        : The instance is 'L1/n_18/bias_reg[6]'.
Info    : Replacing a flip-flop with a logic constant 0. [GLO-12]
        : The instance is 'L1/n_18/bias_reg[7]'.
Info    : Replacing a flip-flop with a logic constant 0. [GLO-12]
        : The instance is 'L1/n_18/bias_reg[8]'.
Info    : Replacing a flip-flop with a logic constant 0. [GLO-12]
        : The instance is 'L1/n_18/bias_reg[9]'.
Info    : Replacing a flip-flop with a logic constant 0. [GLO-12]
        : The instance is 'L1/n_18/bias_reg[10]'.
Info    : Replacing a flip-flop with a logic constant 0. [GLO-12]
        : The instance is 'L1/n_18/bias_reg[11]'.
Info    : Replacing a flip-flop with a logic constant 0. [GLO-12]
        : The instance is 'L1/n_18/bias_reg[12]'.
Info    : Replacing a flip-flop with a logic constant 0. [GLO-12]
        : The instance is 'L1/n_18/bias_reg[13]'.
Info    : Replacing a flip-flop with a logic constant 0. [GLO-12]
        : The instance is 'L1/n_18/bias_reg[14]'.
Info    : Replacing a flip-flop with a logic constant 0. [GLO-12]
        : The instance is 'L1/n_18/bias_reg[15]'.
Info    : Replacing a flip-flop with a logic constant 0. [GLO-12]
        : The instance is 'L1/n_18/bias_reg[16]'.
Info    : Replacing a flip-flop with a logic constant 1. [GLO-13]
        : The instance is 'L1/n_18/bias_reg[17]'.
Info    : Replacing a flip-flop with a logic constant 0. [GLO-12]
        : The instance is 'L1/n_18/bias_reg[18]'.
Info    : Replacing a flip-flop with a logic constant 1. [GLO-13]
        : The instance is 'L1/n_18/bias_reg[19]'.
Info    : Replacing a flip-flop with a logic constant 1. [GLO-13]
        : The instance is 'L1/n_18/bias_reg[20]'.
Info    : Replacing a flip-flop with a logic constant 1. [GLO-13]
        : The instance is 'L1/n_18/bias_reg[21]'.
Info    : Replacing a flip-flop with a logic constant 0. [GLO-12]
        : The instance is 'L1/n_18/bias_reg[22]'.
Info    : Replacing a flip-flop with a logic constant 0. [GLO-12]
        : The instance is 'L1/n_18/bias_reg[23]'.
Info    : Replacing a flip-flop with a logic constant 1. [GLO-13]
        : The instance is 'L1/n_18/bias_reg[24]'.
Info    : Replacing a flip-flop with a logic constant 1. [GLO-13]
        : The instance is 'L1/n_18/bias_reg[25]'.
Info    : Replacing a flip-flop with a logic constant 1. [GLO-13]
        : The instance is 'L1/n_18/bias_reg[26]'.
Info    : Replacing a flip-flop with a logic constant 1. [GLO-13]
        : The instance is 'L1/n_18/bias_reg[27]'.
Info    : Replacing a flip-flop with a logic constant 1. [GLO-13]
        : The instance is 'L1/n_18/bias_reg[28]'.
Info    : Replacing a flip-flop with a logic constant 1. [GLO-13]
        : The instance is 'L1/n_18/bias_reg[29]'.
Info    : Replacing a flip-flop with a logic constant 1. [GLO-13]
        : The instance is 'L1/n_18/bias_reg[30]'.
Info    : Replacing a flip-flop with a logic constant 1. [GLO-13]
        : The instance is 'L1/n_18/bias_reg[31]'.
Info    : Replacing a flip-flop with a logic constant 0. [GLO-12]
        : The instance is 'L1/n_19/bias_reg[0]'.
Info    : Replacing a flip-flop with a logic constant 0. [GLO-12]
        : The instance is 'L1/n_19/bias_reg[1]'.
Info    : Replacing a flip-flop with a logic constant 0. [GLO-12]
        : The instance is 'L1/n_19/bias_reg[2]'.
Info    : Replacing a flip-flop with a logic constant 0. [GLO-12]
        : The instance is 'L1/n_19/bias_reg[3]'.
Info    : Replacing a flip-flop with a logic constant 0. [GLO-12]
        : The instance is 'L1/n_19/bias_reg[4]'.
Info    : Replacing a flip-flop with a logic constant 0. [GLO-12]
        : The instance is 'L1/n_19/bias_reg[5]'.
Info    : Replacing a flip-flop with a logic constant 0. [GLO-12]
        : The instance is 'L1/n_19/bias_reg[6]'.
Info    : Replacing a flip-flop with a logic constant 0. [GLO-12]
        : The instance is 'L1/n_19/bias_reg[7]'.
Info    : Replacing a flip-flop with a logic constant 0. [GLO-12]
        : The instance is 'L1/n_19/bias_reg[8]'.
Info    : Replacing a flip-flop with a logic constant 0. [GLO-12]
        : The instance is 'L1/n_19/bias_reg[9]'.
Info    : Replacing a flip-flop with a logic constant 0. [GLO-12]
        : The instance is 'L1/n_19/bias_reg[10]'.
Info    : Replacing a flip-flop with a logic constant 0. [GLO-12]
        : The instance is 'L1/n_19/bias_reg[11]'.
Info    : Replacing a flip-flop with a logic constant 0. [GLO-12]
        : The instance is 'L1/n_19/bias_reg[12]'.
Info    : Replacing a flip-flop with a logic constant 0. [GLO-12]
        : The instance is 'L1/n_19/bias_reg[13]'.
Info    : Replacing a flip-flop with a logic constant 0. [GLO-12]
        : The instance is 'L1/n_19/bias_reg[14]'.
Info    : Replacing a flip-flop with a logic constant 0. [GLO-12]
        : The instance is 'L1/n_19/bias_reg[15]'.
Info    : Replacing a flip-flop with a logic constant 1. [GLO-13]
        : The instance is 'L1/n_19/bias_reg[16]'.
Info    : Replacing a flip-flop with a logic constant 1. [GLO-13]
        : The instance is 'L1/n_19/bias_reg[17]'.
Info    : Replacing a flip-flop with a logic constant 1. [GLO-13]
        : The instance is 'L1/n_19/bias_reg[18]'.
Info    : Replacing a flip-flop with a logic constant 0. [GLO-12]
        : The instance is 'L1/n_19/bias_reg[19]'.
Info    : Replacing a flip-flop with a logic constant 0. [GLO-12]
        : The instance is 'L1/n_19/bias_reg[20]'.
Info    : Replacing a flip-flop with a logic constant 0. [GLO-12]
        : The instance is 'L1/n_19/bias_reg[21]'.
Info    : Replacing a flip-flop with a logic constant 1. [GLO-13]
        : The instance is 'L1/n_19/bias_reg[22]'.
Info    : Replacing a flip-flop with a logic constant 1. [GLO-13]
        : The instance is 'L1/n_19/bias_reg[23]'.
Info    : Replacing a flip-flop with a logic constant 1. [GLO-13]
        : The instance is 'L1/n_19/bias_reg[24]'.
Info    : Replacing a flip-flop with a logic constant 0. [GLO-12]
        : The instance is 'L1/n_19/bias_reg[25]'.
Info    : Replacing a flip-flop with a logic constant 1. [GLO-13]
        : The instance is 'L1/n_19/bias_reg[26]'.
Info    : Replacing a flip-flop with a logic constant 0. [GLO-12]
        : The instance is 'L1/n_19/bias_reg[27]'.
Info    : Replacing a flip-flop with a logic constant 1. [GLO-13]
        : The instance is 'L1/n_19/bias_reg[28]'.
Info    : Replacing a flip-flop with a logic constant 1. [GLO-13]
        : The instance is 'L1/n_19/bias_reg[29]'.
Info    : Replacing a flip-flop with a logic constant 1. [GLO-13]
        : The instance is 'L1/n_19/bias_reg[30]'.
Info    : Replacing a flip-flop with a logic constant 1. [GLO-13]
        : The instance is 'L1/n_19/bias_reg[31]'.
Info    : Replacing a flip-flop with a logic constant 0. [GLO-12]
        : The instance is 'L1/n_20/bias_reg[0]'.
Info    : Replacing a flip-flop with a logic constant 0. [GLO-12]
        : The instance is 'L1/n_20/bias_reg[1]'.
Info    : Replacing a flip-flop with a logic constant 0. [GLO-12]
        : The instance is 'L1/n_20/bias_reg[2]'.
Info    : Replacing a flip-flop with a logic constant 0. [GLO-12]
        : The instance is 'L1/n_20/bias_reg[3]'.
Info    : Replacing a flip-flop with a logic constant 0. [GLO-12]
        : The instance is 'L1/n_20/bias_reg[4]'.
Info    : Replacing a flip-flop with a logic constant 0. [GLO-12]
        : The instance is 'L1/n_20/bias_reg[5]'.
Info    : Replacing a flip-flop with a logic constant 0. [GLO-12]
        : The instance is 'L1/n_20/bias_reg[6]'.
Info    : Replacing a flip-flop with a logic constant 0. [GLO-12]
        : The instance is 'L1/n_20/bias_reg[7]'.
Info    : Replacing a flip-flop with a logic constant 0. [GLO-12]
        : The instance is 'L1/n_20/bias_reg[8]'.
Info    : Replacing a flip-flop with a logic constant 0. [GLO-12]
        : The instance is 'L1/n_20/bias_reg[9]'.
Info    : Replacing a flip-flop with a logic constant 0. [GLO-12]
        : The instance is 'L1/n_20/bias_reg[10]'.
Info    : Replacing a flip-flop with a logic constant 0. [GLO-12]
        : The instance is 'L1/n_20/bias_reg[11]'.
Info    : Replacing a flip-flop with a logic constant 0. [GLO-12]
        : The instance is 'L1/n_20/bias_reg[12]'.
Info    : Replacing a flip-flop with a logic constant 0. [GLO-12]
        : The instance is 'L1/n_20/bias_reg[13]'.
Info    : Replacing a flip-flop with a logic constant 0. [GLO-12]
        : The instance is 'L1/n_20/bias_reg[14]'.
Info    : Replacing a flip-flop with a logic constant 0. [GLO-12]
        : The instance is 'L1/n_20/bias_reg[15]'.
Info    : Replacing a flip-flop with a logic constant 0. [GLO-12]
        : The instance is 'L1/n_20/bias_reg[16]'.
Info    : Replacing a flip-flop with a logic constant 1. [GLO-13]
        : The instance is 'L1/n_20/bias_reg[17]'.
Info    : Replacing a flip-flop with a logic constant 1. [GLO-13]
        : The instance is 'L1/n_20/bias_reg[18]'.
Info    : Replacing a flip-flop with a logic constant 0. [GLO-12]
        : The instance is 'L1/n_20/bias_reg[19]'.
Info    : Replacing a flip-flop with a logic constant 1. [GLO-13]
        : The instance is 'L1/n_20/bias_reg[20]'.
Info    : Replacing a flip-flop with a logic constant 0. [GLO-12]
        : The instance is 'L1/n_20/bias_reg[21]'.
Info    : Replacing a flip-flop with a logic constant 1. [GLO-13]
        : The instance is 'L1/n_20/bias_reg[22]'.
Info    : Replacing a flip-flop with a logic constant 0. [GLO-12]
        : The instance is 'L1/n_20/bias_reg[23]'.
Info    : Replacing a flip-flop with a logic constant 0. [GLO-12]
        : The instance is 'L1/n_20/bias_reg[24]'.
Info    : Replacing a flip-flop with a logic constant 1. [GLO-13]
        : The instance is 'L1/n_20/bias_reg[25]'.
Info    : Replacing a flip-flop with a logic constant 0. [GLO-12]
        : The instance is 'L1/n_20/bias_reg[26]'.
Info    : Replacing a flip-flop with a logic constant 1. [GLO-13]
        : The instance is 'L1/n_20/bias_reg[27]'.
Info    : Replacing a flip-flop with a logic constant 0. [GLO-12]
        : The instance is 'L1/n_20/bias_reg[28]'.
Info    : Replacing a flip-flop with a logic constant 0. [GLO-12]
        : The instance is 'L1/n_20/bias_reg[29]'.
Info    : Replacing a flip-flop with a logic constant 0. [GLO-12]
        : The instance is 'L1/n_20/bias_reg[30]'.
Info    : Replacing a flip-flop with a logic constant 0. [GLO-12]
        : The instance is 'L1/n_20/bias_reg[31]'.
Info    : Replacing a flip-flop with a logic constant 0. [GLO-12]
        : The instance is 'L1/n_21/bias_reg[0]'.
Info    : Replacing a flip-flop with a logic constant 0. [GLO-12]
        : The instance is 'L1/n_21/bias_reg[1]'.
Info    : Replacing a flip-flop with a logic constant 0. [GLO-12]
        : The instance is 'L1/n_21/bias_reg[2]'.
Info    : Replacing a flip-flop with a logic constant 0. [GLO-12]
        : The instance is 'L1/n_21/bias_reg[3]'.
Info    : Replacing a flip-flop with a logic constant 0. [GLO-12]
        : The instance is 'L1/n_21/bias_reg[4]'.
Info    : Replacing a flip-flop with a logic constant 0. [GLO-12]
        : The instance is 'L1/n_21/bias_reg[5]'.
Info    : Replacing a flip-flop with a logic constant 0. [GLO-12]
        : The instance is 'L1/n_21/bias_reg[6]'.
Info    : Replacing a flip-flop with a logic constant 0. [GLO-12]
        : The instance is 'L1/n_21/bias_reg[7]'.
Info    : Replacing a flip-flop with a logic constant 0. [GLO-12]
        : The instance is 'L1/n_21/bias_reg[8]'.
Info    : Replacing a flip-flop with a logic constant 0. [GLO-12]
        : The instance is 'L1/n_21/bias_reg[9]'.
Info    : Replacing a flip-flop with a logic constant 0. [GLO-12]
        : The instance is 'L1/n_21/bias_reg[10]'.
Info    : Replacing a flip-flop with a logic constant 0. [GLO-12]
        : The instance is 'L1/n_21/bias_reg[11]'.
Info    : Replacing a flip-flop with a logic constant 0. [GLO-12]
        : The instance is 'L1/n_21/bias_reg[12]'.
Info    : Replacing a flip-flop with a logic constant 0. [GLO-12]
        : The instance is 'L1/n_21/bias_reg[13]'.
Info    : Replacing a flip-flop with a logic constant 0. [GLO-12]
        : The instance is 'L1/n_21/bias_reg[14]'.
Info    : Replacing a flip-flop with a logic constant 0. [GLO-12]
        : The instance is 'L1/n_21/bias_reg[15]'.
Info    : Replacing a flip-flop with a logic constant 0. [GLO-12]
        : The instance is 'L1/n_21/bias_reg[16]'.
Info    : Replacing a flip-flop with a logic constant 0. [GLO-12]
        : The instance is 'L1/n_21/bias_reg[17]'.
Info    : Replacing a flip-flop with a logic constant 0. [GLO-12]
        : The instance is 'L1/n_21/bias_reg[18]'.
Info    : Replacing a flip-flop with a logic constant 0. [GLO-12]
        : The instance is 'L1/n_21/bias_reg[19]'.
Info    : Replacing a flip-flop with a logic constant 0. [GLO-12]
        : The instance is 'L1/n_21/bias_reg[20]'.
Info    : Replacing a flip-flop with a logic constant 0. [GLO-12]
        : The instance is 'L1/n_21/bias_reg[21]'.
Info    : Replacing a flip-flop with a logic constant 0. [GLO-12]
        : The instance is 'L1/n_21/bias_reg[22]'.
Info    : Replacing a flip-flop with a logic constant 0. [GLO-12]
        : The instance is 'L1/n_21/bias_reg[23]'.
Info    : Replacing a flip-flop with a logic constant 1. [GLO-13]
        : The instance is 'L1/n_21/bias_reg[24]'.
Info    : Replacing a flip-flop with a logic constant 0. [GLO-12]
        : The instance is 'L1/n_21/bias_reg[25]'.
Info    : Replacing a flip-flop with a logic constant 0. [GLO-12]
        : The instance is 'L1/n_21/bias_reg[26]'.
Info    : Replacing a flip-flop with a logic constant 1. [GLO-13]
        : The instance is 'L1/n_21/bias_reg[27]'.
Info    : Replacing a flip-flop with a logic constant 0. [GLO-12]
        : The instance is 'L1/n_21/bias_reg[28]'.
Info    : Replacing a flip-flop with a logic constant 0. [GLO-12]
        : The instance is 'L1/n_21/bias_reg[29]'.
Info    : Replacing a flip-flop with a logic constant 0. [GLO-12]
        : The instance is 'L1/n_21/bias_reg[30]'.
Info    : Replacing a flip-flop with a logic constant 0. [GLO-12]
        : The instance is 'L1/n_21/bias_reg[31]'.
Info    : Replacing a flip-flop with a logic constant 0. [GLO-12]
        : The instance is 'L1/n_22/bias_reg[0]'.
Info    : Replacing a flip-flop with a logic constant 0. [GLO-12]
        : The instance is 'L1/n_22/bias_reg[1]'.
Info    : Replacing a flip-flop with a logic constant 0. [GLO-12]
        : The instance is 'L1/n_22/bias_reg[2]'.
Info    : Replacing a flip-flop with a logic constant 0. [GLO-12]
        : The instance is 'L1/n_22/bias_reg[3]'.
Info    : Replacing a flip-flop with a logic constant 0. [GLO-12]
        : The instance is 'L1/n_22/bias_reg[4]'.
Info    : Replacing a flip-flop with a logic constant 0. [GLO-12]
        : The instance is 'L1/n_22/bias_reg[5]'.
Info    : Replacing a flip-flop with a logic constant 0. [GLO-12]
        : The instance is 'L1/n_22/bias_reg[6]'.
Info    : Replacing a flip-flop with a logic constant 0. [GLO-12]
        : The instance is 'L1/n_22/bias_reg[7]'.
Info    : Replacing a flip-flop with a logic constant 0. [GLO-12]
        : The instance is 'L1/n_22/bias_reg[8]'.
Info    : Replacing a flip-flop with a logic constant 0. [GLO-12]
        : The instance is 'L1/n_22/bias_reg[9]'.
Info    : Replacing a flip-flop with a logic constant 0. [GLO-12]
        : The instance is 'L1/n_22/bias_reg[10]'.
Info    : Replacing a flip-flop with a logic constant 0. [GLO-12]
        : The instance is 'L1/n_22/bias_reg[11]'.
Info    : Replacing a flip-flop with a logic constant 0. [GLO-12]
        : The instance is 'L1/n_22/bias_reg[12]'.
Info    : Replacing a flip-flop with a logic constant 0. [GLO-12]
        : The instance is 'L1/n_22/bias_reg[13]'.
Info    : Replacing a flip-flop with a logic constant 0. [GLO-12]
        : The instance is 'L1/n_22/bias_reg[14]'.
Info    : Replacing a flip-flop with a logic constant 0. [GLO-12]
        : The instance is 'L1/n_22/bias_reg[15]'.
Info    : Replacing a flip-flop with a logic constant 0. [GLO-12]
        : The instance is 'L1/n_22/bias_reg[16]'.
Info    : Replacing a flip-flop with a logic constant 1. [GLO-13]
        : The instance is 'L1/n_22/bias_reg[17]'.
Info    : Replacing a flip-flop with a logic constant 1. [GLO-13]
        : The instance is 'L1/n_22/bias_reg[18]'.
Info    : Replacing a flip-flop with a logic constant 0. [GLO-12]
        : The instance is 'L1/n_22/bias_reg[19]'.
Info    : Replacing a flip-flop with a logic constant 1. [GLO-13]
        : The instance is 'L1/n_22/bias_reg[20]'.
Info    : Replacing a flip-flop with a logic constant 1. [GLO-13]
        : The instance is 'L1/n_22/bias_reg[21]'.
Info    : Replacing a flip-flop with a logic constant 0. [GLO-12]
        : The instance is 'L1/n_22/bias_reg[22]'.
Info    : Replacing a flip-flop with a logic constant 1. [GLO-13]
        : The instance is 'L1/n_22/bias_reg[23]'.
Info    : Replacing a flip-flop with a logic constant 0. [GLO-12]
        : The instance is 'L1/n_22/bias_reg[24]'.
Info    : Replacing a flip-flop with a logic constant 0. [GLO-12]
        : The instance is 'L1/n_22/bias_reg[25]'.
Info    : Replacing a flip-flop with a logic constant 0. [GLO-12]
        : The instance is 'L1/n_22/bias_reg[26]'.
Info    : Replacing a flip-flop with a logic constant 1. [GLO-13]
        : The instance is 'L1/n_22/bias_reg[27]'.
Info    : Replacing a flip-flop with a logic constant 0. [GLO-12]
        : The instance is 'L1/n_22/bias_reg[28]'.
Info    : Replacing a flip-flop with a logic constant 0. [GLO-12]
        : The instance is 'L1/n_22/bias_reg[29]'.
Info    : Replacing a flip-flop with a logic constant 0. [GLO-12]
        : The instance is 'L1/n_22/bias_reg[30]'.
Info    : Replacing a flip-flop with a logic constant 0. [GLO-12]
        : The instance is 'L1/n_22/bias_reg[31]'.
Info    : Replacing a flip-flop with a logic constant 0. [GLO-12]
        : The instance is 'L1/n_23/bias_reg[0]'.
Info    : Replacing a flip-flop with a logic constant 0. [GLO-12]
        : The instance is 'L1/n_23/bias_reg[1]'.
Info    : Replacing a flip-flop with a logic constant 0. [GLO-12]
        : The instance is 'L1/n_23/bias_reg[2]'.
Info    : Replacing a flip-flop with a logic constant 0. [GLO-12]
        : The instance is 'L1/n_23/bias_reg[3]'.
Info    : Replacing a flip-flop with a logic constant 0. [GLO-12]
        : The instance is 'L1/n_23/bias_reg[4]'.
Info    : Replacing a flip-flop with a logic constant 0. [GLO-12]
        : The instance is 'L1/n_23/bias_reg[5]'.
Info    : Replacing a flip-flop with a logic constant 0. [GLO-12]
        : The instance is 'L1/n_23/bias_reg[6]'.
Info    : Replacing a flip-flop with a logic constant 0. [GLO-12]
        : The instance is 'L1/n_23/bias_reg[7]'.
Info    : Replacing a flip-flop with a logic constant 0. [GLO-12]
        : The instance is 'L1/n_23/bias_reg[8]'.
Info    : Replacing a flip-flop with a logic constant 0. [GLO-12]
        : The instance is 'L1/n_23/bias_reg[9]'.
Info    : Replacing a flip-flop with a logic constant 0. [GLO-12]
        : The instance is 'L1/n_23/bias_reg[10]'.
Info    : Replacing a flip-flop with a logic constant 0. [GLO-12]
        : The instance is 'L1/n_23/bias_reg[11]'.
Info    : Replacing a flip-flop with a logic constant 0. [GLO-12]
        : The instance is 'L1/n_23/bias_reg[12]'.
Info    : Replacing a flip-flop with a logic constant 0. [GLO-12]
        : The instance is 'L1/n_23/bias_reg[13]'.
Info    : Replacing a flip-flop with a logic constant 0. [GLO-12]
        : The instance is 'L1/n_23/bias_reg[14]'.
Info    : Replacing a flip-flop with a logic constant 0. [GLO-12]
        : The instance is 'L1/n_23/bias_reg[15]'.
Info    : Replacing a flip-flop with a logic constant 0. [GLO-12]
        : The instance is 'L1/n_23/bias_reg[16]'.
Info    : Replacing a flip-flop with a logic constant 1. [GLO-13]
        : The instance is 'L1/n_23/bias_reg[17]'.
Info    : Replacing a flip-flop with a logic constant 1. [GLO-13]
        : The instance is 'L1/n_23/bias_reg[18]'.
Info    : Replacing a flip-flop with a logic constant 0. [GLO-12]
        : The instance is 'L1/n_23/bias_reg[19]'.
Info    : Replacing a flip-flop with a logic constant 0. [GLO-12]
        : The instance is 'L1/n_23/bias_reg[20]'.
Info    : Replacing a flip-flop with a logic constant 0. [GLO-12]
        : The instance is 'L1/n_23/bias_reg[21]'.
Info    : Replacing a flip-flop with a logic constant 0. [GLO-12]
        : The instance is 'L1/n_23/bias_reg[22]'.
Info    : Replacing a flip-flop with a logic constant 1. [GLO-13]
        : The instance is 'L1/n_23/bias_reg[23]'.
Info    : Replacing a flip-flop with a logic constant 1. [GLO-13]
        : The instance is 'L1/n_23/bias_reg[24]'.
Info    : Replacing a flip-flop with a logic constant 1. [GLO-13]
        : The instance is 'L1/n_23/bias_reg[25]'.
Info    : Replacing a flip-flop with a logic constant 0. [GLO-12]
        : The instance is 'L1/n_23/bias_reg[26]'.
Info    : Replacing a flip-flop with a logic constant 1. [GLO-13]
        : The instance is 'L1/n_23/bias_reg[27]'.
Info    : Replacing a flip-flop with a logic constant 1. [GLO-13]
        : The instance is 'L1/n_23/bias_reg[28]'.
Info    : Replacing a flip-flop with a logic constant 1. [GLO-13]
        : The instance is 'L1/n_23/bias_reg[29]'.
Info    : Replacing a flip-flop with a logic constant 1. [GLO-13]
        : The instance is 'L1/n_23/bias_reg[30]'.
Info    : Replacing a flip-flop with a logic constant 1. [GLO-13]
        : The instance is 'L1/n_23/bias_reg[31]'.
Info    : Replacing a flip-flop with a logic constant 0. [GLO-12]
        : The instance is 'L1/n_24/bias_reg[0]'.
Info    : Replacing a flip-flop with a logic constant 0. [GLO-12]
        : The instance is 'L1/n_24/bias_reg[1]'.
Info    : Replacing a flip-flop with a logic constant 0. [GLO-12]
        : The instance is 'L1/n_24/bias_reg[2]'.
Info    : Replacing a flip-flop with a logic constant 0. [GLO-12]
        : The instance is 'L1/n_24/bias_reg[3]'.
Info    : Replacing a flip-flop with a logic constant 0. [GLO-12]
        : The instance is 'L1/n_24/bias_reg[4]'.
Info    : Replacing a flip-flop with a logic constant 0. [GLO-12]
        : The instance is 'L1/n_24/bias_reg[5]'.
Info    : Replacing a flip-flop with a logic constant 0. [GLO-12]
        : The instance is 'L1/n_24/bias_reg[6]'.
Info    : Replacing a flip-flop with a logic constant 0. [GLO-12]
        : The instance is 'L1/n_24/bias_reg[7]'.
Info    : Replacing a flip-flop with a logic constant 0. [GLO-12]
        : The instance is 'L1/n_24/bias_reg[8]'.
Info    : Replacing a flip-flop with a logic constant 0. [GLO-12]
        : The instance is 'L1/n_24/bias_reg[9]'.
Info    : Replacing a flip-flop with a logic constant 0. [GLO-12]
        : The instance is 'L1/n_24/bias_reg[10]'.
Info    : Replacing a flip-flop with a logic constant 0. [GLO-12]
        : The instance is 'L1/n_24/bias_reg[11]'.
Info    : Replacing a flip-flop with a logic constant 0. [GLO-12]
        : The instance is 'L1/n_24/bias_reg[12]'.
Info    : Replacing a flip-flop with a logic constant 0. [GLO-12]
        : The instance is 'L1/n_24/bias_reg[13]'.
Info    : Replacing a flip-flop with a logic constant 0. [GLO-12]
        : The instance is 'L1/n_24/bias_reg[14]'.
Info    : Replacing a flip-flop with a logic constant 0. [GLO-12]
        : The instance is 'L1/n_24/bias_reg[15]'.
Info    : Replacing a flip-flop with a logic constant 0. [GLO-12]
        : The instance is 'L1/n_24/bias_reg[16]'.
Info    : Replacing a flip-flop with a logic constant 0. [GLO-12]
        : The instance is 'L1/n_24/bias_reg[17]'.
Info    : Replacing a flip-flop with a logic constant 0. [GLO-12]
        : The instance is 'L1/n_24/bias_reg[18]'.
Info    : Replacing a flip-flop with a logic constant 1. [GLO-13]
        : The instance is 'L1/n_24/bias_reg[19]'.
Info    : Replacing a flip-flop with a logic constant 1. [GLO-13]
        : The instance is 'L1/n_24/bias_reg[20]'.
Info    : Replacing a flip-flop with a logic constant 1. [GLO-13]
        : The instance is 'L1/n_24/bias_reg[21]'.
Info    : Replacing a flip-flop with a logic constant 0. [GLO-12]
        : The instance is 'L1/n_24/bias_reg[22]'.
Info    : Replacing a flip-flop with a logic constant 0. [GLO-12]
        : The instance is 'L1/n_24/bias_reg[23]'.
Info    : Replacing a flip-flop with a logic constant 0. [GLO-12]
        : The instance is 'L1/n_24/bias_reg[24]'.
Info    : Replacing a flip-flop with a logic constant 0. [GLO-12]
        : The instance is 'L1/n_24/bias_reg[25]'.
Info    : Replacing a flip-flop with a logic constant 0. [GLO-12]
        : The instance is 'L1/n_24/bias_reg[26]'.
Info    : Replacing a flip-flop with a logic constant 1. [GLO-13]
        : The instance is 'L1/n_24/bias_reg[27]'.
Info    : Replacing a flip-flop with a logic constant 1. [GLO-13]
        : The instance is 'L1/n_24/bias_reg[28]'.
Info    : Replacing a flip-flop with a logic constant 1. [GLO-13]
        : The instance is 'L1/n_24/bias_reg[29]'.
Info    : Replacing a flip-flop with a logic constant 1. [GLO-13]
        : The instance is 'L1/n_24/bias_reg[30]'.
Info    : Replacing a flip-flop with a logic constant 1. [GLO-13]
        : The instance is 'L1/n_24/bias_reg[31]'.
Info    : Replacing a flip-flop with a logic constant 0. [GLO-12]
        : The instance is 'L1/n_25/bias_reg[0]'.
Info    : Replacing a flip-flop with a logic constant 0. [GLO-12]
        : The instance is 'L1/n_25/bias_reg[1]'.
Info    : Replacing a flip-flop with a logic constant 0. [GLO-12]
        : The instance is 'L1/n_25/bias_reg[2]'.
Info    : Replacing a flip-flop with a logic constant 0. [GLO-12]
        : The instance is 'L1/n_25/bias_reg[3]'.
Info    : Replacing a flip-flop with a logic constant 0. [GLO-12]
        : The instance is 'L1/n_25/bias_reg[4]'.
Info    : Replacing a flip-flop with a logic constant 0. [GLO-12]
        : The instance is 'L1/n_25/bias_reg[5]'.
Info    : Replacing a flip-flop with a logic constant 0. [GLO-12]
        : The instance is 'L1/n_25/bias_reg[6]'.
Info    : Replacing a flip-flop with a logic constant 0. [GLO-12]
        : The instance is 'L1/n_25/bias_reg[7]'.
Info    : Replacing a flip-flop with a logic constant 0. [GLO-12]
        : The instance is 'L1/n_25/bias_reg[8]'.
Info    : Replacing a flip-flop with a logic constant 0. [GLO-12]
        : The instance is 'L1/n_25/bias_reg[9]'.
Info    : Replacing a flip-flop with a logic constant 0. [GLO-12]
        : The instance is 'L1/n_25/bias_reg[10]'.
Info    : Replacing a flip-flop with a logic constant 0. [GLO-12]
        : The instance is 'L1/n_25/bias_reg[11]'.
Info    : Replacing a flip-flop with a logic constant 0. [GLO-12]
        : The instance is 'L1/n_25/bias_reg[12]'.
Info    : Replacing a flip-flop with a logic constant 0. [GLO-12]
        : The instance is 'L1/n_25/bias_reg[13]'.
Info    : Replacing a flip-flop with a logic constant 0. [GLO-12]
        : The instance is 'L1/n_25/bias_reg[14]'.
Info    : Replacing a flip-flop with a logic constant 0. [GLO-12]
        : The instance is 'L1/n_25/bias_reg[15]'.
Info    : Replacing a flip-flop with a logic constant 0. [GLO-12]
        : The instance is 'L1/n_25/bias_reg[16]'.
Info    : Replacing a flip-flop with a logic constant 1. [GLO-13]
        : The instance is 'L1/n_25/bias_reg[17]'.
Info    : Replacing a flip-flop with a logic constant 0. [GLO-12]
        : The instance is 'L1/n_25/bias_reg[18]'.
Info    : Replacing a flip-flop with a logic constant 0. [GLO-12]
        : The instance is 'L1/n_25/bias_reg[19]'.
Info    : Replacing a flip-flop with a logic constant 1. [GLO-13]
        : The instance is 'L1/n_25/bias_reg[20]'.
Info    : Replacing a flip-flop with a logic constant 0. [GLO-12]
        : The instance is 'L1/n_25/bias_reg[21]'.
Info    : Replacing a flip-flop with a logic constant 1. [GLO-13]
        : The instance is 'L1/n_25/bias_reg[22]'.
Info    : Replacing a flip-flop with a logic constant 1. [GLO-13]
        : The instance is 'L1/n_25/bias_reg[23]'.
Info    : Replacing a flip-flop with a logic constant 1. [GLO-13]
        : The instance is 'L1/n_25/bias_reg[24]'.
Info    : Replacing a flip-flop with a logic constant 0. [GLO-12]
        : The instance is 'L1/n_25/bias_reg[25]'.
Info    : Replacing a flip-flop with a logic constant 1. [GLO-13]
        : The instance is 'L1/n_25/bias_reg[26]'.
Info    : Replacing a flip-flop with a logic constant 0. [GLO-12]
        : The instance is 'L1/n_25/bias_reg[27]'.
Info    : Replacing a flip-flop with a logic constant 0. [GLO-12]
        : The instance is 'L1/n_25/bias_reg[28]'.
Info    : Replacing a flip-flop with a logic constant 0. [GLO-12]
        : The instance is 'L1/n_25/bias_reg[29]'.
Info    : Replacing a flip-flop with a logic constant 0. [GLO-12]
        : The instance is 'L1/n_25/bias_reg[30]'.
Info    : Replacing a flip-flop with a logic constant 0. [GLO-12]
        : The instance is 'L1/n_25/bias_reg[31]'.
Info    : Replacing a flip-flop with a logic constant 0. [GLO-12]
        : The instance is 'L1/n_26/bias_reg[0]'.
Info    : Replacing a flip-flop with a logic constant 0. [GLO-12]
        : The instance is 'L1/n_26/bias_reg[1]'.
Info    : Replacing a flip-flop with a logic constant 0. [GLO-12]
        : The instance is 'L1/n_26/bias_reg[2]'.
Info    : Replacing a flip-flop with a logic constant 0. [GLO-12]
        : The instance is 'L1/n_26/bias_reg[3]'.
Info    : Replacing a flip-flop with a logic constant 0. [GLO-12]
        : The instance is 'L1/n_26/bias_reg[4]'.
Info    : Replacing a flip-flop with a logic constant 0. [GLO-12]
        : The instance is 'L1/n_26/bias_reg[5]'.
Info    : Replacing a flip-flop with a logic constant 0. [GLO-12]
        : The instance is 'L1/n_26/bias_reg[6]'.
Info    : Replacing a flip-flop with a logic constant 0. [GLO-12]
        : The instance is 'L1/n_26/bias_reg[7]'.
Info    : Replacing a flip-flop with a logic constant 0. [GLO-12]
        : The instance is 'L1/n_26/bias_reg[8]'.
Info    : Replacing a flip-flop with a logic constant 0. [GLO-12]
        : The instance is 'L1/n_26/bias_reg[9]'.
Info    : Replacing a flip-flop with a logic constant 0. [GLO-12]
        : The instance is 'L1/n_26/bias_reg[10]'.
Info    : Replacing a flip-flop with a logic constant 0. [GLO-12]
        : The instance is 'L1/n_26/bias_reg[11]'.
Info    : Replacing a flip-flop with a logic constant 0. [GLO-12]
        : The instance is 'L1/n_26/bias_reg[12]'.
Info    : Replacing a flip-flop with a logic constant 0. [GLO-12]
        : The instance is 'L1/n_26/bias_reg[13]'.
Info    : Replacing a flip-flop with a logic constant 0. [GLO-12]
        : The instance is 'L1/n_26/bias_reg[14]'.
Info    : Replacing a flip-flop with a logic constant 0. [GLO-12]
        : The instance is 'L1/n_26/bias_reg[15]'.
Info    : Replacing a flip-flop with a logic constant 0. [GLO-12]
        : The instance is 'L1/n_26/bias_reg[16]'.
Info    : Replacing a flip-flop with a logic constant 1. [GLO-13]
        : The instance is 'L1/n_26/bias_reg[17]'.
Info    : Replacing a flip-flop with a logic constant 0. [GLO-12]
        : The instance is 'L1/n_26/bias_reg[18]'.
Info    : Replacing a flip-flop with a logic constant 1. [GLO-13]
        : The instance is 'L1/n_26/bias_reg[19]'.
Info    : Replacing a flip-flop with a logic constant 1. [GLO-13]
        : The instance is 'L1/n_26/bias_reg[20]'.
Info    : Replacing a flip-flop with a logic constant 1. [GLO-13]
        : The instance is 'L1/n_26/bias_reg[21]'.
Info    : Replacing a flip-flop with a logic constant 0. [GLO-12]
        : The instance is 'L1/n_26/bias_reg[22]'.
Info    : Replacing a flip-flop with a logic constant 0. [GLO-12]
        : The instance is 'L1/n_26/bias_reg[23]'.
Info    : Replacing a flip-flop with a logic constant 0. [GLO-12]
        : The instance is 'L1/n_26/bias_reg[24]'.
Info    : Replacing a flip-flop with a logic constant 1. [GLO-13]
        : The instance is 'L1/n_26/bias_reg[25]'.
Info    : Replacing a flip-flop with a logic constant 0. [GLO-12]
        : The instance is 'L1/n_26/bias_reg[26]'.
Info    : Replacing a flip-flop with a logic constant 0. [GLO-12]
        : The instance is 'L1/n_26/bias_reg[27]'.
Info    : Replacing a flip-flop with a logic constant 1. [GLO-13]
        : The instance is 'L1/n_26/bias_reg[28]'.
Info    : Replacing a flip-flop with a logic constant 1. [GLO-13]
        : The instance is 'L1/n_26/bias_reg[29]'.
Info    : Replacing a flip-flop with a logic constant 1. [GLO-13]
        : The instance is 'L1/n_26/bias_reg[30]'.
Info    : Replacing a flip-flop with a logic constant 1. [GLO-13]
        : The instance is 'L1/n_26/bias_reg[31]'.
Info    : Replacing a flip-flop with a logic constant 0. [GLO-12]
        : The instance is 'L1/n_27/bias_reg[0]'.
Info    : Replacing a flip-flop with a logic constant 0. [GLO-12]
        : The instance is 'L1/n_27/bias_reg[1]'.
Info    : Replacing a flip-flop with a logic constant 0. [GLO-12]
        : The instance is 'L1/n_27/bias_reg[2]'.
Info    : Replacing a flip-flop with a logic constant 0. [GLO-12]
        : The instance is 'L1/n_27/bias_reg[3]'.
Info    : Replacing a flip-flop with a logic constant 0. [GLO-12]
        : The instance is 'L1/n_27/bias_reg[4]'.
Info    : Replacing a flip-flop with a logic constant 0. [GLO-12]
        : The instance is 'L1/n_27/bias_reg[5]'.
Info    : Replacing a flip-flop with a logic constant 0. [GLO-12]
        : The instance is 'L1/n_27/bias_reg[6]'.
Info    : Replacing a flip-flop with a logic constant 0. [GLO-12]
        : The instance is 'L1/n_27/bias_reg[7]'.
Info    : Replacing a flip-flop with a logic constant 0. [GLO-12]
        : The instance is 'L1/n_27/bias_reg[8]'.
Info    : Replacing a flip-flop with a logic constant 0. [GLO-12]
        : The instance is 'L1/n_27/bias_reg[9]'.
Info    : Replacing a flip-flop with a logic constant 0. [GLO-12]
        : The instance is 'L1/n_27/bias_reg[10]'.
Info    : Replacing a flip-flop with a logic constant 0. [GLO-12]
        : The instance is 'L1/n_27/bias_reg[11]'.
Info    : Replacing a flip-flop with a logic constant 0. [GLO-12]
        : The instance is 'L1/n_27/bias_reg[12]'.
Info    : Replacing a flip-flop with a logic constant 0. [GLO-12]
        : The instance is 'L1/n_27/bias_reg[13]'.
Info    : Replacing a flip-flop with a logic constant 0. [GLO-12]
        : The instance is 'L1/n_27/bias_reg[14]'.
Info    : Replacing a flip-flop with a logic constant 0. [GLO-12]
        : The instance is 'L1/n_27/bias_reg[15]'.
Info    : Replacing a flip-flop with a logic constant 0. [GLO-12]
        : The instance is 'L1/n_27/bias_reg[16]'.
Info    : Replacing a flip-flop with a logic constant 0. [GLO-12]
        : The instance is 'L1/n_27/bias_reg[17]'.
Info    : Replacing a flip-flop with a logic constant 1. [GLO-13]
        : The instance is 'L1/n_27/bias_reg[18]'.
Info    : Replacing a flip-flop with a logic constant 1. [GLO-13]
        : The instance is 'L1/n_27/bias_reg[19]'.
Info    : Replacing a flip-flop with a logic constant 1. [GLO-13]
        : The instance is 'L1/n_27/bias_reg[20]'.
Info    : Replacing a flip-flop with a logic constant 1. [GLO-13]
        : The instance is 'L1/n_27/bias_reg[21]'.
Info    : Replacing a flip-flop with a logic constant 0. [GLO-12]
        : The instance is 'L1/n_27/bias_reg[22]'.
Info    : Replacing a flip-flop with a logic constant 1. [GLO-13]
        : The instance is 'L1/n_27/bias_reg[23]'.
Info    : Replacing a flip-flop with a logic constant 0. [GLO-12]
        : The instance is 'L1/n_27/bias_reg[24]'.
Info    : Replacing a flip-flop with a logic constant 0. [GLO-12]
        : The instance is 'L1/n_27/bias_reg[25]'.
Info    : Replacing a flip-flop with a logic constant 0. [GLO-12]
        : The instance is 'L1/n_27/bias_reg[26]'.
Info    : Replacing a flip-flop with a logic constant 1. [GLO-13]
        : The instance is 'L1/n_27/bias_reg[27]'.
Info    : Replacing a flip-flop with a logic constant 0. [GLO-12]
        : The instance is 'L1/n_27/bias_reg[28]'.
Info    : Replacing a flip-flop with a logic constant 0. [GLO-12]
        : The instance is 'L1/n_27/bias_reg[29]'.
Info    : Replacing a flip-flop with a logic constant 0. [GLO-12]
        : The instance is 'L1/n_27/bias_reg[30]'.
Info    : Replacing a flip-flop with a logic constant 0. [GLO-12]
        : The instance is 'L1/n_27/bias_reg[31]'.
Info    : Replacing a flip-flop with a logic constant 0. [GLO-12]
        : The instance is 'L1/n_28/bias_reg[0]'.
Info    : Replacing a flip-flop with a logic constant 0. [GLO-12]
        : The instance is 'L1/n_28/bias_reg[1]'.
Info    : Replacing a flip-flop with a logic constant 0. [GLO-12]
        : The instance is 'L1/n_28/bias_reg[2]'.
Info    : Replacing a flip-flop with a logic constant 0. [GLO-12]
        : The instance is 'L1/n_28/bias_reg[3]'.
Info    : Replacing a flip-flop with a logic constant 0. [GLO-12]
        : The instance is 'L1/n_28/bias_reg[4]'.
Info    : Replacing a flip-flop with a logic constant 0. [GLO-12]
        : The instance is 'L1/n_28/bias_reg[5]'.
Info    : Replacing a flip-flop with a logic constant 0. [GLO-12]
        : The instance is 'L1/n_28/bias_reg[6]'.
Info    : Replacing a flip-flop with a logic constant 0. [GLO-12]
        : The instance is 'L1/n_28/bias_reg[7]'.
Info    : Replacing a flip-flop with a logic constant 0. [GLO-12]
        : The instance is 'L1/n_28/bias_reg[8]'.
Info    : Replacing a flip-flop with a logic constant 0. [GLO-12]
        : The instance is 'L1/n_28/bias_reg[9]'.
Info    : Replacing a flip-flop with a logic constant 0. [GLO-12]
        : The instance is 'L1/n_28/bias_reg[10]'.
Info    : Replacing a flip-flop with a logic constant 0. [GLO-12]
        : The instance is 'L1/n_28/bias_reg[11]'.
Info    : Replacing a flip-flop with a logic constant 0. [GLO-12]
        : The instance is 'L1/n_28/bias_reg[12]'.
Info    : Replacing a flip-flop with a logic constant 0. [GLO-12]
        : The instance is 'L1/n_28/bias_reg[13]'.
Info    : Replacing a flip-flop with a logic constant 0. [GLO-12]
        : The instance is 'L1/n_28/bias_reg[14]'.
Info    : Replacing a flip-flop with a logic constant 0. [GLO-12]
        : The instance is 'L1/n_28/bias_reg[15]'.
Info    : Replacing a flip-flop with a logic constant 1. [GLO-13]
        : The instance is 'L1/n_28/bias_reg[16]'.
Info    : Replacing a flip-flop with a logic constant 1. [GLO-13]
        : The instance is 'L1/n_28/bias_reg[17]'.
Info    : Replacing a flip-flop with a logic constant 0. [GLO-12]
        : The instance is 'L1/n_28/bias_reg[18]'.
Info    : Replacing a flip-flop with a logic constant 1. [GLO-13]
        : The instance is 'L1/n_28/bias_reg[19]'.
Info    : Replacing a flip-flop with a logic constant 0. [GLO-12]
        : The instance is 'L1/n_28/bias_reg[20]'.
Info    : Replacing a flip-flop with a logic constant 0. [GLO-12]
        : The instance is 'L1/n_28/bias_reg[21]'.
Info    : Replacing a flip-flop with a logic constant 0. [GLO-12]
        : The instance is 'L1/n_28/bias_reg[22]'.
Info    : Replacing a flip-flop with a logic constant 1. [GLO-13]
        : The instance is 'L1/n_28/bias_reg[23]'.
Info    : Replacing a flip-flop with a logic constant 1. [GLO-13]
        : The instance is 'L1/n_28/bias_reg[24]'.
Info    : Replacing a flip-flop with a logic constant 1. [GLO-13]
        : The instance is 'L1/n_28/bias_reg[25]'.
Info    : Replacing a flip-flop with a logic constant 1. [GLO-13]
        : The instance is 'L1/n_28/bias_reg[26]'.
Info    : Replacing a flip-flop with a logic constant 0. [GLO-12]
        : The instance is 'L1/n_28/bias_reg[27]'.
Info    : Replacing a flip-flop with a logic constant 0. [GLO-12]
        : The instance is 'L1/n_28/bias_reg[28]'.
Info    : Replacing a flip-flop with a logic constant 0. [GLO-12]
        : The instance is 'L1/n_28/bias_reg[29]'.
Info    : Replacing a flip-flop with a logic constant 0. [GLO-12]
        : The instance is 'L1/n_28/bias_reg[30]'.
Info    : Replacing a flip-flop with a logic constant 0. [GLO-12]
        : The instance is 'L1/n_28/bias_reg[31]'.
Info    : Replacing a flip-flop with a logic constant 0. [GLO-12]
        : The instance is 'L1/n_29/bias_reg[0]'.
Info    : Replacing a flip-flop with a logic constant 0. [GLO-12]
        : The instance is 'L1/n_29/bias_reg[1]'.
Info    : Replacing a flip-flop with a logic constant 0. [GLO-12]
        : The instance is 'L1/n_29/bias_reg[2]'.
Info    : Replacing a flip-flop with a logic constant 0. [GLO-12]
        : The instance is 'L1/n_29/bias_reg[3]'.
Info    : Replacing a flip-flop with a logic constant 0. [GLO-12]
        : The instance is 'L1/n_29/bias_reg[4]'.
Info    : Replacing a flip-flop with a logic constant 0. [GLO-12]
        : The instance is 'L1/n_29/bias_reg[5]'.
Info    : Replacing a flip-flop with a logic constant 0. [GLO-12]
        : The instance is 'L1/n_29/bias_reg[6]'.
Info    : Replacing a flip-flop with a logic constant 0. [GLO-12]
        : The instance is 'L1/n_29/bias_reg[7]'.
Info    : Replacing a flip-flop with a logic constant 0. [GLO-12]
        : The instance is 'L1/n_29/bias_reg[8]'.
Info    : Replacing a flip-flop with a logic constant 0. [GLO-12]
        : The instance is 'L1/n_29/bias_reg[9]'.
Info    : Replacing a flip-flop with a logic constant 0. [GLO-12]
        : The instance is 'L1/n_29/bias_reg[10]'.
Info    : Replacing a flip-flop with a logic constant 0. [GLO-12]
        : The instance is 'L1/n_29/bias_reg[11]'.
Info    : Replacing a flip-flop with a logic constant 0. [GLO-12]
        : The instance is 'L1/n_29/bias_reg[12]'.
Info    : Replacing a flip-flop with a logic constant 0. [GLO-12]
        : The instance is 'L1/n_29/bias_reg[13]'.
Info    : Replacing a flip-flop with a logic constant 0. [GLO-12]
        : The instance is 'L1/n_29/bias_reg[14]'.
Info    : Replacing a flip-flop with a logic constant 0. [GLO-12]
        : The instance is 'L1/n_29/bias_reg[15]'.
Info    : Replacing a flip-flop with a logic constant 1. [GLO-13]
        : The instance is 'L1/n_29/bias_reg[16]'.
Info    : Replacing a flip-flop with a logic constant 0. [GLO-12]
        : The instance is 'L1/n_29/bias_reg[17]'.
Info    : Replacing a flip-flop with a logic constant 1. [GLO-13]
        : The instance is 'L1/n_29/bias_reg[18]'.
Info    : Replacing a flip-flop with a logic constant 1. [GLO-13]
        : The instance is 'L1/n_29/bias_reg[19]'.
Info    : Replacing a flip-flop with a logic constant 0. [GLO-12]
        : The instance is 'L1/n_29/bias_reg[20]'.
Info    : Replacing a flip-flop with a logic constant 1. [GLO-13]
        : The instance is 'L1/n_29/bias_reg[21]'.
Info    : Replacing a flip-flop with a logic constant 0. [GLO-12]
        : The instance is 'L1/n_29/bias_reg[22]'.
Info    : Replacing a flip-flop with a logic constant 1. [GLO-13]
        : The instance is 'L1/n_29/bias_reg[23]'.
Info    : Replacing a flip-flop with a logic constant 0. [GLO-12]
        : The instance is 'L1/n_29/bias_reg[24]'.
Info    : Replacing a flip-flop with a logic constant 1. [GLO-13]
        : The instance is 'L1/n_29/bias_reg[25]'.
Info    : Replacing a flip-flop with a logic constant 0. [GLO-12]
        : The instance is 'L1/n_29/bias_reg[26]'.
Info    : Replacing a flip-flop with a logic constant 1. [GLO-13]
        : The instance is 'L1/n_29/bias_reg[27]'.
Info    : Replacing a flip-flop with a logic constant 0. [GLO-12]
        : The instance is 'L1/n_29/bias_reg[28]'.
Info    : Replacing a flip-flop with a logic constant 1. [GLO-13]
        : The instance is 'L1/n_29/bias_reg[29]'.
Info    : Replacing a flip-flop with a logic constant 1. [GLO-13]
        : The instance is 'L1/n_29/bias_reg[30]'.
Info    : Replacing a flip-flop with a logic constant 1. [GLO-13]
        : The instance is 'L1/n_29/bias_reg[31]'.
Info    : Replacing a flip-flop with a logic constant 0. [GLO-12]
        : The instance is 'L2/n_0/bias_reg[0]'.
Info    : Replacing a flip-flop with a logic constant 0. [GLO-12]
        : The instance is 'L2/n_0/bias_reg[1]'.
Info    : Replacing a flip-flop with a logic constant 0. [GLO-12]
        : The instance is 'L2/n_0/bias_reg[2]'.
Info    : Replacing a flip-flop with a logic constant 0. [GLO-12]
        : The instance is 'L2/n_0/bias_reg[3]'.
Info    : Replacing a flip-flop with a logic constant 0. [GLO-12]
        : The instance is 'L2/n_0/bias_reg[4]'.
Info    : Replacing a flip-flop with a logic constant 0. [GLO-12]
        : The instance is 'L2/n_0/bias_reg[5]'.
Info    : Replacing a flip-flop with a logic constant 0. [GLO-12]
        : The instance is 'L2/n_0/bias_reg[6]'.
Info    : Replacing a flip-flop with a logic constant 0. [GLO-12]
        : The instance is 'L2/n_0/bias_reg[7]'.
Info    : Replacing a flip-flop with a logic constant 0. [GLO-12]
        : The instance is 'L2/n_0/bias_reg[8]'.
Info    : Replacing a flip-flop with a logic constant 0. [GLO-12]
        : The instance is 'L2/n_0/bias_reg[9]'.
Info    : Replacing a flip-flop with a logic constant 0. [GLO-12]
        : The instance is 'L2/n_0/bias_reg[10]'.
Info    : Replacing a flip-flop with a logic constant 0. [GLO-12]
        : The instance is 'L2/n_0/bias_reg[11]'.
Info    : Replacing a flip-flop with a logic constant 0. [GLO-12]
        : The instance is 'L2/n_0/bias_reg[12]'.
Info    : Replacing a flip-flop with a logic constant 0. [GLO-12]
        : The instance is 'L2/n_0/bias_reg[13]'.
Info    : Replacing a flip-flop with a logic constant 0. [GLO-12]
        : The instance is 'L2/n_0/bias_reg[14]'.
Info    : Replacing a flip-flop with a logic constant 0. [GLO-12]
        : The instance is 'L2/n_0/bias_reg[15]'.
Info    : Replacing a flip-flop with a logic constant 0. [GLO-12]
        : The instance is 'L2/n_0/bias_reg[16]'.
Info    : Replacing a flip-flop with a logic constant 1. [GLO-13]
        : The instance is 'L2/n_0/bias_reg[17]'.
Info    : Replacing a flip-flop with a logic constant 1. [GLO-13]
        : The instance is 'L2/n_0/bias_reg[18]'.
Info    : Replacing a flip-flop with a logic constant 0. [GLO-12]
        : The instance is 'L2/n_0/bias_reg[19]'.
Info    : Replacing a flip-flop with a logic constant 1. [GLO-13]
        : The instance is 'L2/n_0/bias_reg[20]'.
Info    : Replacing a flip-flop with a logic constant 1. [GLO-13]
        : The instance is 'L2/n_0/bias_reg[21]'.
Info    : Replacing a flip-flop with a logic constant 0. [GLO-12]
        : The instance is 'L2/n_0/bias_reg[22]'.
Info    : Replacing a flip-flop with a logic constant 0. [GLO-12]
        : The instance is 'L2/n_0/bias_reg[23]'.
Info    : Replacing a flip-flop with a logic constant 1. [GLO-13]
        : The instance is 'L2/n_0/bias_reg[24]'.
Info    : Replacing a flip-flop with a logic constant 1. [GLO-13]
        : The instance is 'L2/n_0/bias_reg[25]'.
Info    : Replacing a flip-flop with a logic constant 0. [GLO-12]
        : The instance is 'L2/n_0/bias_reg[26]'.
Info    : Replacing a flip-flop with a logic constant 1. [GLO-13]
        : The instance is 'L2/n_0/bias_reg[27]'.
Info    : Replacing a flip-flop with a logic constant 1. [GLO-13]
        : The instance is 'L2/n_0/bias_reg[28]'.
Info    : Replacing a flip-flop with a logic constant 1. [GLO-13]
        : The instance is 'L2/n_0/bias_reg[29]'.
Info    : Replacing a flip-flop with a logic constant 1. [GLO-13]
        : The instance is 'L2/n_0/bias_reg[30]'.
Info    : Replacing a flip-flop with a logic constant 1. [GLO-13]
        : The instance is 'L2/n_0/bias_reg[31]'.
Info    : Replacing a flip-flop with a logic constant 0. [GLO-12]
        : The instance is 'L2/n_1/bias_reg[0]'.
Info    : Replacing a flip-flop with a logic constant 0. [GLO-12]
        : The instance is 'L2/n_1/bias_reg[1]'.
Info    : Replacing a flip-flop with a logic constant 0. [GLO-12]
        : The instance is 'L2/n_1/bias_reg[2]'.
Info    : Replacing a flip-flop with a logic constant 0. [GLO-12]
        : The instance is 'L2/n_1/bias_reg[3]'.
Info    : Replacing a flip-flop with a logic constant 0. [GLO-12]
        : The instance is 'L2/n_1/bias_reg[4]'.
Info    : Replacing a flip-flop with a logic constant 0. [GLO-12]
        : The instance is 'L2/n_1/bias_reg[5]'.
Info    : Replacing a flip-flop with a logic constant 0. [GLO-12]
        : The instance is 'L2/n_1/bias_reg[6]'.
Info    : Replacing a flip-flop with a logic constant 0. [GLO-12]
        : The instance is 'L2/n_1/bias_reg[7]'.
Info    : Replacing a flip-flop with a logic constant 0. [GLO-12]
        : The instance is 'L2/n_1/bias_reg[8]'.
Info    : Replacing a flip-flop with a logic constant 0. [GLO-12]
        : The instance is 'L2/n_1/bias_reg[9]'.
Info    : Replacing a flip-flop with a logic constant 0. [GLO-12]
        : The instance is 'L2/n_1/bias_reg[10]'.
Info    : Replacing a flip-flop with a logic constant 0. [GLO-12]
        : The instance is 'L2/n_1/bias_reg[11]'.
Info    : Replacing a flip-flop with a logic constant 0. [GLO-12]
        : The instance is 'L2/n_1/bias_reg[12]'.
Info    : Replacing a flip-flop with a logic constant 0. [GLO-12]
        : The instance is 'L2/n_1/bias_reg[13]'.
Info    : Replacing a flip-flop with a logic constant 0. [GLO-12]
        : The instance is 'L2/n_1/bias_reg[14]'.
Info    : Replacing a flip-flop with a logic constant 0. [GLO-12]
        : The instance is 'L2/n_1/bias_reg[15]'.
Info    : Replacing a flip-flop with a logic constant 0. [GLO-12]
        : The instance is 'L2/n_1/bias_reg[16]'.
Info    : Replacing a flip-flop with a logic constant 1. [GLO-13]
        : The instance is 'L2/n_1/bias_reg[17]'.
Info    : Replacing a flip-flop with a logic constant 1. [GLO-13]
        : The instance is 'L2/n_1/bias_reg[18]'.
Info    : Replacing a flip-flop with a logic constant 1. [GLO-13]
        : The instance is 'L2/n_1/bias_reg[19]'.
Info    : Replacing a flip-flop with a logic constant 0. [GLO-12]
        : The instance is 'L2/n_1/bias_reg[20]'.
Info    : Replacing a flip-flop with a logic constant 0. [GLO-12]
        : The instance is 'L2/n_1/bias_reg[21]'.
Info    : Replacing a flip-flop with a logic constant 0. [GLO-12]
        : The instance is 'L2/n_1/bias_reg[22]'.
Info    : Replacing a flip-flop with a logic constant 1. [GLO-13]
        : The instance is 'L2/n_1/bias_reg[23]'.
Info    : Replacing a flip-flop with a logic constant 1. [GLO-13]
        : The instance is 'L2/n_1/bias_reg[24]'.
Info    : Replacing a flip-flop with a logic constant 1. [GLO-13]
        : The instance is 'L2/n_1/bias_reg[25]'.
Info    : Replacing a flip-flop with a logic constant 1. [GLO-13]
        : The instance is 'L2/n_1/bias_reg[26]'.
Info    : Replacing a flip-flop with a logic constant 1. [GLO-13]
        : The instance is 'L2/n_1/bias_reg[27]'.
Info    : Replacing a flip-flop with a logic constant 1. [GLO-13]
        : The instance is 'L2/n_1/bias_reg[28]'.
Info    : Replacing a flip-flop with a logic constant 1. [GLO-13]
        : The instance is 'L2/n_1/bias_reg[29]'.
Info    : Replacing a flip-flop with a logic constant 1. [GLO-13]
        : The instance is 'L2/n_1/bias_reg[30]'.
Info    : Replacing a flip-flop with a logic constant 1. [GLO-13]
        : The instance is 'L2/n_1/bias_reg[31]'.
Info    : Replacing a flip-flop with a logic constant 0. [GLO-12]
        : The instance is 'L2/n_2/bias_reg[0]'.
Info    : Replacing a flip-flop with a logic constant 0. [GLO-12]
        : The instance is 'L2/n_2/bias_reg[1]'.
Info    : Replacing a flip-flop with a logic constant 0. [GLO-12]
        : The instance is 'L2/n_2/bias_reg[2]'.
Info    : Replacing a flip-flop with a logic constant 0. [GLO-12]
        : The instance is 'L2/n_2/bias_reg[3]'.
Info    : Replacing a flip-flop with a logic constant 0. [GLO-12]
        : The instance is 'L2/n_2/bias_reg[4]'.
Info    : Replacing a flip-flop with a logic constant 0. [GLO-12]
        : The instance is 'L2/n_2/bias_reg[5]'.
Info    : Replacing a flip-flop with a logic constant 0. [GLO-12]
        : The instance is 'L2/n_2/bias_reg[6]'.
Info    : Replacing a flip-flop with a logic constant 0. [GLO-12]
        : The instance is 'L2/n_2/bias_reg[7]'.
Info    : Replacing a flip-flop with a logic constant 0. [GLO-12]
        : The instance is 'L2/n_2/bias_reg[8]'.
Info    : Replacing a flip-flop with a logic constant 0. [GLO-12]
        : The instance is 'L2/n_2/bias_reg[9]'.
Info    : Replacing a flip-flop with a logic constant 0. [GLO-12]
        : The instance is 'L2/n_2/bias_reg[10]'.
Info    : Replacing a flip-flop with a logic constant 0. [GLO-12]
        : The instance is 'L2/n_2/bias_reg[11]'.
Info    : Replacing a flip-flop with a logic constant 0. [GLO-12]
        : The instance is 'L2/n_2/bias_reg[12]'.
Info    : Replacing a flip-flop with a logic constant 0. [GLO-12]
        : The instance is 'L2/n_2/bias_reg[13]'.
Info    : Replacing a flip-flop with a logic constant 0. [GLO-12]
        : The instance is 'L2/n_2/bias_reg[14]'.
Info    : Replacing a flip-flop with a logic constant 0. [GLO-12]
        : The instance is 'L2/n_2/bias_reg[15]'.
Info    : Replacing a flip-flop with a logic constant 1. [GLO-13]
        : The instance is 'L2/n_2/bias_reg[16]'.
Info    : Replacing a flip-flop with a logic constant 0. [GLO-12]
        : The instance is 'L2/n_2/bias_reg[17]'.
Info    : Replacing a flip-flop with a logic constant 1. [GLO-13]
        : The instance is 'L2/n_2/bias_reg[18]'.
Info    : Replacing a flip-flop with a logic constant 0. [GLO-12]
        : The instance is 'L2/n_2/bias_reg[19]'.
Info    : Replacing a flip-flop with a logic constant 1. [GLO-13]
        : The instance is 'L2/n_2/bias_reg[20]'.
Info    : Replacing a flip-flop with a logic constant 1. [GLO-13]
        : The instance is 'L2/n_2/bias_reg[21]'.
Info    : Replacing a flip-flop with a logic constant 0. [GLO-12]
        : The instance is 'L2/n_2/bias_reg[22]'.
Info    : Replacing a flip-flop with a logic constant 1. [GLO-13]
        : The instance is 'L2/n_2/bias_reg[23]'.
Info    : Replacing a flip-flop with a logic constant 0. [GLO-12]
        : The instance is 'L2/n_2/bias_reg[24]'.
Info    : Replacing a flip-flop with a logic constant 1. [GLO-13]
        : The instance is 'L2/n_2/bias_reg[25]'.
Info    : Replacing a flip-flop with a logic constant 1. [GLO-13]
        : The instance is 'L2/n_2/bias_reg[26]'.
Info    : Replacing a flip-flop with a logic constant 1. [GLO-13]
        : The instance is 'L2/n_2/bias_reg[27]'.
Info    : Replacing a flip-flop with a logic constant 0. [GLO-12]
        : The instance is 'L2/n_2/bias_reg[28]'.
Info    : Replacing a flip-flop with a logic constant 0. [GLO-12]
        : The instance is 'L2/n_2/bias_reg[29]'.
Info    : Replacing a flip-flop with a logic constant 0. [GLO-12]
        : The instance is 'L2/n_2/bias_reg[30]'.
Info    : Replacing a flip-flop with a logic constant 0. [GLO-12]
        : The instance is 'L2/n_2/bias_reg[31]'.
Info    : Replacing a flip-flop with a logic constant 0. [GLO-12]
        : The instance is 'L2/n_3/bias_reg[0]'.
Info    : Replacing a flip-flop with a logic constant 0. [GLO-12]
        : The instance is 'L2/n_3/bias_reg[1]'.
Info    : Replacing a flip-flop with a logic constant 0. [GLO-12]
        : The instance is 'L2/n_3/bias_reg[2]'.
Info    : Replacing a flip-flop with a logic constant 0. [GLO-12]
        : The instance is 'L2/n_3/bias_reg[3]'.
Info    : Replacing a flip-flop with a logic constant 0. [GLO-12]
        : The instance is 'L2/n_3/bias_reg[4]'.
Info    : Replacing a flip-flop with a logic constant 0. [GLO-12]
        : The instance is 'L2/n_3/bias_reg[5]'.
Info    : Replacing a flip-flop with a logic constant 0. [GLO-12]
        : The instance is 'L2/n_3/bias_reg[6]'.
Info    : Replacing a flip-flop with a logic constant 0. [GLO-12]
        : The instance is 'L2/n_3/bias_reg[7]'.
Info    : Replacing a flip-flop with a logic constant 0. [GLO-12]
        : The instance is 'L2/n_3/bias_reg[8]'.
Info    : Replacing a flip-flop with a logic constant 0. [GLO-12]
        : The instance is 'L2/n_3/bias_reg[9]'.
Info    : Replacing a flip-flop with a logic constant 0. [GLO-12]
        : The instance is 'L2/n_3/bias_reg[10]'.
Info    : Replacing a flip-flop with a logic constant 0. [GLO-12]
        : The instance is 'L2/n_3/bias_reg[11]'.
Info    : Replacing a flip-flop with a logic constant 0. [GLO-12]
        : The instance is 'L2/n_3/bias_reg[12]'.
Info    : Replacing a flip-flop with a logic constant 0. [GLO-12]
        : The instance is 'L2/n_3/bias_reg[13]'.
Info    : Replacing a flip-flop with a logic constant 0. [GLO-12]
        : The instance is 'L2/n_3/bias_reg[14]'.
Info    : Replacing a flip-flop with a logic constant 0. [GLO-12]
        : The instance is 'L2/n_3/bias_reg[15]'.
Info    : Replacing a flip-flop with a logic constant 0. [GLO-12]
        : The instance is 'L2/n_3/bias_reg[16]'.
Info    : Replacing a flip-flop with a logic constant 1. [GLO-13]
        : The instance is 'L2/n_3/bias_reg[17]'.
Info    : Replacing a flip-flop with a logic constant 0. [GLO-12]
        : The instance is 'L2/n_3/bias_reg[18]'.
Info    : Replacing a flip-flop with a logic constant 0. [GLO-12]
        : The instance is 'L2/n_3/bias_reg[19]'.
Info    : Replacing a flip-flop with a logic constant 0. [GLO-12]
        : The instance is 'L2/n_3/bias_reg[20]'.
Info    : Replacing a flip-flop with a logic constant 0. [GLO-12]
        : The instance is 'L2/n_3/bias_reg[21]'.
Info    : Replacing a flip-flop with a logic constant 1. [GLO-13]
        : The instance is 'L2/n_3/bias_reg[22]'.
Info    : Replacing a flip-flop with a logic constant 1. [GLO-13]
        : The instance is 'L2/n_3/bias_reg[23]'.
Info    : Replacing a flip-flop with a logic constant 1. [GLO-13]
        : The instance is 'L2/n_3/bias_reg[24]'.
Info    : Replacing a flip-flop with a logic constant 1. [GLO-13]
        : The instance is 'L2/n_3/bias_reg[25]'.
Info    : Replacing a flip-flop with a logic constant 1. [GLO-13]
        : The instance is 'L2/n_3/bias_reg[26]'.
Info    : Replacing a flip-flop with a logic constant 0. [GLO-12]
        : The instance is 'L2/n_3/bias_reg[27]'.
Info    : Replacing a flip-flop with a logic constant 0. [GLO-12]
        : The instance is 'L2/n_3/bias_reg[28]'.
Info    : Replacing a flip-flop with a logic constant 0. [GLO-12]
        : The instance is 'L2/n_3/bias_reg[29]'.
Info    : Replacing a flip-flop with a logic constant 0. [GLO-12]
        : The instance is 'L2/n_3/bias_reg[30]'.
Info    : Replacing a flip-flop with a logic constant 0. [GLO-12]
        : The instance is 'L2/n_3/bias_reg[31]'.
Info    : Replacing a flip-flop with a logic constant 0. [GLO-12]
        : The instance is 'L2/n_4/bias_reg[0]'.
Info    : Replacing a flip-flop with a logic constant 0. [GLO-12]
        : The instance is 'L2/n_4/bias_reg[1]'.
Info    : Replacing a flip-flop with a logic constant 0. [GLO-12]
        : The instance is 'L2/n_4/bias_reg[2]'.
Info    : Replacing a flip-flop with a logic constant 0. [GLO-12]
        : The instance is 'L2/n_4/bias_reg[3]'.
Info    : Replacing a flip-flop with a logic constant 0. [GLO-12]
        : The instance is 'L2/n_4/bias_reg[4]'.
Info    : Replacing a flip-flop with a logic constant 0. [GLO-12]
        : The instance is 'L2/n_4/bias_reg[5]'.
Info    : Replacing a flip-flop with a logic constant 0. [GLO-12]
        : The instance is 'L2/n_4/bias_reg[6]'.
Info    : Replacing a flip-flop with a logic constant 0. [GLO-12]
        : The instance is 'L2/n_4/bias_reg[7]'.
Info    : Replacing a flip-flop with a logic constant 0. [GLO-12]
        : The instance is 'L2/n_4/bias_reg[8]'.
Info    : Replacing a flip-flop with a logic constant 0. [GLO-12]
        : The instance is 'L2/n_4/bias_reg[9]'.
Info    : Replacing a flip-flop with a logic constant 0. [GLO-12]
        : The instance is 'L2/n_4/bias_reg[10]'.
Info    : Replacing a flip-flop with a logic constant 0. [GLO-12]
        : The instance is 'L2/n_4/bias_reg[11]'.
Info    : Replacing a flip-flop with a logic constant 0. [GLO-12]
        : The instance is 'L2/n_4/bias_reg[12]'.
Info    : Replacing a flip-flop with a logic constant 0. [GLO-12]
        : The instance is 'L2/n_4/bias_reg[13]'.
Info    : Replacing a flip-flop with a logic constant 0. [GLO-12]
        : The instance is 'L2/n_4/bias_reg[14]'.
Info    : Replacing a flip-flop with a logic constant 0. [GLO-12]
        : The instance is 'L2/n_4/bias_reg[15]'.
Info    : Replacing a flip-flop with a logic constant 1. [GLO-13]
        : The instance is 'L2/n_4/bias_reg[16]'.
Info    : Replacing a flip-flop with a logic constant 1. [GLO-13]
        : The instance is 'L2/n_4/bias_reg[17]'.
Info    : Replacing a flip-flop with a logic constant 0. [GLO-12]
        : The instance is 'L2/n_4/bias_reg[18]'.
Info    : Replacing a flip-flop with a logic constant 0. [GLO-12]
        : The instance is 'L2/n_4/bias_reg[19]'.
Info    : Replacing a flip-flop with a logic constant 1. [GLO-13]
        : The instance is 'L2/n_4/bias_reg[20]'.
Info    : Replacing a flip-flop with a logic constant 1. [GLO-13]
        : The instance is 'L2/n_4/bias_reg[21]'.
Info    : Replacing a flip-flop with a logic constant 1. [GLO-13]
        : The instance is 'L2/n_4/bias_reg[22]'.
Info    : Replacing a flip-flop with a logic constant 0. [GLO-12]
        : The instance is 'L2/n_4/bias_reg[23]'.
Info    : Replacing a flip-flop with a logic constant 0. [GLO-12]
        : The instance is 'L2/n_4/bias_reg[24]'.
Info    : Replacing a flip-flop with a logic constant 1. [GLO-13]
        : The instance is 'L2/n_4/bias_reg[25]'.
Info    : Replacing a flip-flop with a logic constant 0. [GLO-12]
        : The instance is 'L2/n_4/bias_reg[26]'.
Info    : Replacing a flip-flop with a logic constant 1. [GLO-13]
        : The instance is 'L2/n_4/bias_reg[27]'.
Info    : Replacing a flip-flop with a logic constant 1. [GLO-13]
        : The instance is 'L2/n_4/bias_reg[28]'.
Info    : Replacing a flip-flop with a logic constant 1. [GLO-13]
        : The instance is 'L2/n_4/bias_reg[29]'.
Info    : Replacing a flip-flop with a logic constant 1. [GLO-13]
        : The instance is 'L2/n_4/bias_reg[30]'.
Info    : Replacing a flip-flop with a logic constant 1. [GLO-13]
        : The instance is 'L2/n_4/bias_reg[31]'.
Info    : Replacing a flip-flop with a logic constant 0. [GLO-12]
        : The instance is 'L2/n_5/bias_reg[0]'.
Info    : Replacing a flip-flop with a logic constant 0. [GLO-12]
        : The instance is 'L2/n_5/bias_reg[1]'.
Info    : Replacing a flip-flop with a logic constant 0. [GLO-12]
        : The instance is 'L2/n_5/bias_reg[2]'.
Info    : Replacing a flip-flop with a logic constant 0. [GLO-12]
        : The instance is 'L2/n_5/bias_reg[3]'.
Info    : Replacing a flip-flop with a logic constant 0. [GLO-12]
        : The instance is 'L2/n_5/bias_reg[4]'.
Info    : Replacing a flip-flop with a logic constant 0. [GLO-12]
        : The instance is 'L2/n_5/bias_reg[5]'.
Info    : Replacing a flip-flop with a logic constant 0. [GLO-12]
        : The instance is 'L2/n_5/bias_reg[6]'.
Info    : Replacing a flip-flop with a logic constant 0. [GLO-12]
        : The instance is 'L2/n_5/bias_reg[7]'.
Info    : Replacing a flip-flop with a logic constant 0. [GLO-12]
        : The instance is 'L2/n_5/bias_reg[8]'.
Info    : Replacing a flip-flop with a logic constant 0. [GLO-12]
        : The instance is 'L2/n_5/bias_reg[9]'.
Info    : Replacing a flip-flop with a logic constant 0. [GLO-12]
        : The instance is 'L2/n_5/bias_reg[10]'.
Info    : Replacing a flip-flop with a logic constant 0. [GLO-12]
        : The instance is 'L2/n_5/bias_reg[11]'.
Info    : Replacing a flip-flop with a logic constant 0. [GLO-12]
        : The instance is 'L2/n_5/bias_reg[12]'.
Info    : Replacing a flip-flop with a logic constant 0. [GLO-12]
        : The instance is 'L2/n_5/bias_reg[13]'.
Info    : Replacing a flip-flop with a logic constant 0. [GLO-12]
        : The instance is 'L2/n_5/bias_reg[14]'.
Info    : Replacing a flip-flop with a logic constant 0. [GLO-12]
        : The instance is 'L2/n_5/bias_reg[15]'.
Info    : Replacing a flip-flop with a logic constant 1. [GLO-13]
        : The instance is 'L2/n_5/bias_reg[16]'.
Info    : Replacing a flip-flop with a logic constant 1. [GLO-13]
        : The instance is 'L2/n_5/bias_reg[17]'.
Info    : Replacing a flip-flop with a logic constant 1. [GLO-13]
        : The instance is 'L2/n_5/bias_reg[18]'.
Info    : Replacing a flip-flop with a logic constant 1. [GLO-13]
        : The instance is 'L2/n_5/bias_reg[19]'.
Info    : Replacing a flip-flop with a logic constant 1. [GLO-13]
        : The instance is 'L2/n_5/bias_reg[20]'.
Info    : Replacing a flip-flop with a logic constant 0. [GLO-12]
        : The instance is 'L2/n_5/bias_reg[21]'.
Info    : Replacing a flip-flop with a logic constant 0. [GLO-12]
        : The instance is 'L2/n_5/bias_reg[22]'.
Info    : Replacing a flip-flop with a logic constant 0. [GLO-12]
        : The instance is 'L2/n_5/bias_reg[23]'.
Info    : Replacing a flip-flop with a logic constant 1. [GLO-13]
        : The instance is 'L2/n_5/bias_reg[24]'.
Info    : Replacing a flip-flop with a logic constant 0. [GLO-12]
        : The instance is 'L2/n_5/bias_reg[25]'.
Info    : Replacing a flip-flop with a logic constant 1. [GLO-13]
        : The instance is 'L2/n_5/bias_reg[26]'.
Info    : Replacing a flip-flop with a logic constant 1. [GLO-13]
        : The instance is 'L2/n_5/bias_reg[27]'.
Info    : Replacing a flip-flop with a logic constant 1. [GLO-13]
        : The instance is 'L2/n_5/bias_reg[28]'.
Info    : Replacing a flip-flop with a logic constant 1. [GLO-13]
        : The instance is 'L2/n_5/bias_reg[29]'.
Info    : Replacing a flip-flop with a logic constant 1. [GLO-13]
        : The instance is 'L2/n_5/bias_reg[30]'.
Info    : Replacing a flip-flop with a logic constant 1. [GLO-13]
        : The instance is 'L2/n_5/bias_reg[31]'.
Info    : Replacing a flip-flop with a logic constant 0. [GLO-12]
        : The instance is 'L2/n_6/bias_reg[0]'.
Info    : Replacing a flip-flop with a logic constant 0. [GLO-12]
        : The instance is 'L2/n_6/bias_reg[1]'.
Info    : Replacing a flip-flop with a logic constant 0. [GLO-12]
        : The instance is 'L2/n_6/bias_reg[2]'.
Info    : Replacing a flip-flop with a logic constant 0. [GLO-12]
        : The instance is 'L2/n_6/bias_reg[3]'.
Info    : Replacing a flip-flop with a logic constant 0. [GLO-12]
        : The instance is 'L2/n_6/bias_reg[4]'.
Info    : Replacing a flip-flop with a logic constant 0. [GLO-12]
        : The instance is 'L2/n_6/bias_reg[5]'.
Info    : Replacing a flip-flop with a logic constant 0. [GLO-12]
        : The instance is 'L2/n_6/bias_reg[6]'.
Info    : Replacing a flip-flop with a logic constant 0. [GLO-12]
        : The instance is 'L2/n_6/bias_reg[7]'.
Info    : Replacing a flip-flop with a logic constant 0. [GLO-12]
        : The instance is 'L2/n_6/bias_reg[8]'.
Info    : Replacing a flip-flop with a logic constant 0. [GLO-12]
        : The instance is 'L2/n_6/bias_reg[9]'.
Info    : Replacing a flip-flop with a logic constant 0. [GLO-12]
        : The instance is 'L2/n_6/bias_reg[10]'.
Info    : Replacing a flip-flop with a logic constant 0. [GLO-12]
        : The instance is 'L2/n_6/bias_reg[11]'.
Info    : Replacing a flip-flop with a logic constant 0. [GLO-12]
        : The instance is 'L2/n_6/bias_reg[12]'.
Info    : Replacing a flip-flop with a logic constant 0. [GLO-12]
        : The instance is 'L2/n_6/bias_reg[13]'.
Info    : Replacing a flip-flop with a logic constant 0. [GLO-12]
        : The instance is 'L2/n_6/bias_reg[14]'.
Info    : Replacing a flip-flop with a logic constant 0. [GLO-12]
        : The instance is 'L2/n_6/bias_reg[15]'.
Info    : Replacing a flip-flop with a logic constant 0. [GLO-12]
        : The instance is 'L2/n_6/bias_reg[16]'.
Info    : Replacing a flip-flop with a logic constant 1. [GLO-13]
        : The instance is 'L2/n_6/bias_reg[17]'.
Info    : Replacing a flip-flop with a logic constant 1. [GLO-13]
        : The instance is 'L2/n_6/bias_reg[18]'.
Info    : Replacing a flip-flop with a logic constant 0. [GLO-12]
        : The instance is 'L2/n_6/bias_reg[19]'.
Info    : Replacing a flip-flop with a logic constant 0. [GLO-12]
        : The instance is 'L2/n_6/bias_reg[20]'.
Info    : Replacing a flip-flop with a logic constant 1. [GLO-13]
        : The instance is 'L2/n_6/bias_reg[21]'.
Info    : Replacing a flip-flop with a logic constant 1. [GLO-13]
        : The instance is 'L2/n_6/bias_reg[22]'.
Info    : Replacing a flip-flop with a logic constant 0. [GLO-12]
        : The instance is 'L2/n_6/bias_reg[23]'.
Info    : Replacing a flip-flop with a logic constant 0. [GLO-12]
        : The instance is 'L2/n_6/bias_reg[24]'.
Info    : Replacing a flip-flop with a logic constant 1. [GLO-13]
        : The instance is 'L2/n_6/bias_reg[25]'.
Info    : Replacing a flip-flop with a logic constant 1. [GLO-13]
        : The instance is 'L2/n_6/bias_reg[26]'.
Info    : Replacing a flip-flop with a logic constant 1. [GLO-13]
        : The instance is 'L2/n_6/bias_reg[27]'.
Info    : Replacing a flip-flop with a logic constant 1. [GLO-13]
        : The instance is 'L2/n_6/bias_reg[28]'.
Info    : Replacing a flip-flop with a logic constant 1. [GLO-13]
        : The instance is 'L2/n_6/bias_reg[29]'.
Info    : Replacing a flip-flop with a logic constant 1. [GLO-13]
        : The instance is 'L2/n_6/bias_reg[30]'.
Info    : Replacing a flip-flop with a logic constant 1. [GLO-13]
        : The instance is 'L2/n_6/bias_reg[31]'.
Info    : Replacing a flip-flop with a logic constant 0. [GLO-12]
        : The instance is 'L2/n_7/bias_reg[0]'.
Info    : Replacing a flip-flop with a logic constant 0. [GLO-12]
        : The instance is 'L2/n_7/bias_reg[1]'.
Info    : Replacing a flip-flop with a logic constant 0. [GLO-12]
        : The instance is 'L2/n_7/bias_reg[2]'.
Info    : Replacing a flip-flop with a logic constant 0. [GLO-12]
        : The instance is 'L2/n_7/bias_reg[3]'.
Info    : Replacing a flip-flop with a logic constant 0. [GLO-12]
        : The instance is 'L2/n_7/bias_reg[4]'.
Info    : Replacing a flip-flop with a logic constant 0. [GLO-12]
        : The instance is 'L2/n_7/bias_reg[5]'.
Info    : Replacing a flip-flop with a logic constant 0. [GLO-12]
        : The instance is 'L2/n_7/bias_reg[6]'.
Info    : Replacing a flip-flop with a logic constant 0. [GLO-12]
        : The instance is 'L2/n_7/bias_reg[7]'.
Info    : Replacing a flip-flop with a logic constant 0. [GLO-12]
        : The instance is 'L2/n_7/bias_reg[8]'.
Info    : Replacing a flip-flop with a logic constant 0. [GLO-12]
        : The instance is 'L2/n_7/bias_reg[9]'.
Info    : Replacing a flip-flop with a logic constant 0. [GLO-12]
        : The instance is 'L2/n_7/bias_reg[10]'.
Info    : Replacing a flip-flop with a logic constant 0. [GLO-12]
        : The instance is 'L2/n_7/bias_reg[11]'.
Info    : Replacing a flip-flop with a logic constant 0. [GLO-12]
        : The instance is 'L2/n_7/bias_reg[12]'.
Info    : Replacing a flip-flop with a logic constant 0. [GLO-12]
        : The instance is 'L2/n_7/bias_reg[13]'.
Info    : Replacing a flip-flop with a logic constant 0. [GLO-12]
        : The instance is 'L2/n_7/bias_reg[14]'.
Info    : Replacing a flip-flop with a logic constant 0. [GLO-12]
        : The instance is 'L2/n_7/bias_reg[15]'.
Info    : Replacing a flip-flop with a logic constant 0. [GLO-12]
        : The instance is 'L2/n_7/bias_reg[16]'.
Info    : Replacing a flip-flop with a logic constant 0. [GLO-12]
        : The instance is 'L2/n_7/bias_reg[17]'.
Info    : Replacing a flip-flop with a logic constant 1. [GLO-13]
        : The instance is 'L2/n_7/bias_reg[18]'.
Info    : Replacing a flip-flop with a logic constant 1. [GLO-13]
        : The instance is 'L2/n_7/bias_reg[19]'.
Info    : Replacing a flip-flop with a logic constant 1. [GLO-13]
        : The instance is 'L2/n_7/bias_reg[20]'.
Info    : Replacing a flip-flop with a logic constant 0. [GLO-12]
        : The instance is 'L2/n_7/bias_reg[21]'.
Info    : Replacing a flip-flop with a logic constant 0. [GLO-12]
        : The instance is 'L2/n_7/bias_reg[22]'.
Info    : Replacing a flip-flop with a logic constant 0. [GLO-12]
        : The instance is 'L2/n_7/bias_reg[23]'.
Info    : Replacing a flip-flop with a logic constant 1. [GLO-13]
        : The instance is 'L2/n_7/bias_reg[24]'.
Info    : Replacing a flip-flop with a logic constant 0. [GLO-12]
        : The instance is 'L2/n_7/bias_reg[25]'.
Info    : Replacing a flip-flop with a logic constant 1. [GLO-13]
        : The instance is 'L2/n_7/bias_reg[26]'.
Info    : Replacing a flip-flop with a logic constant 0. [GLO-12]
        : The instance is 'L2/n_7/bias_reg[27]'.
Info    : Replacing a flip-flop with a logic constant 1. [GLO-13]
        : The instance is 'L2/n_7/bias_reg[28]'.
Info    : Replacing a flip-flop with a logic constant 1. [GLO-13]
        : The instance is 'L2/n_7/bias_reg[29]'.
Info    : Replacing a flip-flop with a logic constant 1. [GLO-13]
        : The instance is 'L2/n_7/bias_reg[30]'.
Info    : Replacing a flip-flop with a logic constant 1. [GLO-13]
        : The instance is 'L2/n_7/bias_reg[31]'.
Info    : Replacing a flip-flop with a logic constant 0. [GLO-12]
        : The instance is 'L2/n_8/bias_reg[0]'.
Info    : Replacing a flip-flop with a logic constant 0. [GLO-12]
        : The instance is 'L2/n_8/bias_reg[1]'.
Info    : Replacing a flip-flop with a logic constant 0. [GLO-12]
        : The instance is 'L2/n_8/bias_reg[2]'.
Info    : Replacing a flip-flop with a logic constant 0. [GLO-12]
        : The instance is 'L2/n_8/bias_reg[3]'.
Info    : Replacing a flip-flop with a logic constant 0. [GLO-12]
        : The instance is 'L2/n_8/bias_reg[4]'.
Info    : Replacing a flip-flop with a logic constant 0. [GLO-12]
        : The instance is 'L2/n_8/bias_reg[5]'.
Info    : Replacing a flip-flop with a logic constant 0. [GLO-12]
        : The instance is 'L2/n_8/bias_reg[6]'.
Info    : Replacing a flip-flop with a logic constant 0. [GLO-12]
        : The instance is 'L2/n_8/bias_reg[7]'.
Info    : Replacing a flip-flop with a logic constant 0. [GLO-12]
        : The instance is 'L2/n_8/bias_reg[8]'.
Info    : Replacing a flip-flop with a logic constant 0. [GLO-12]
        : The instance is 'L2/n_8/bias_reg[9]'.
Info    : Replacing a flip-flop with a logic constant 0. [GLO-12]
        : The instance is 'L2/n_8/bias_reg[10]'.
Info    : Replacing a flip-flop with a logic constant 0. [GLO-12]
        : The instance is 'L2/n_8/bias_reg[11]'.
Info    : Replacing a flip-flop with a logic constant 0. [GLO-12]
        : The instance is 'L2/n_8/bias_reg[12]'.
Info    : Replacing a flip-flop with a logic constant 0. [GLO-12]
        : The instance is 'L2/n_8/bias_reg[13]'.
Info    : Replacing a flip-flop with a logic constant 0. [GLO-12]
        : The instance is 'L2/n_8/bias_reg[14]'.
Info    : Replacing a flip-flop with a logic constant 0. [GLO-12]
        : The instance is 'L2/n_8/bias_reg[15]'.
Info    : Replacing a flip-flop with a logic constant 1. [GLO-13]
        : The instance is 'L2/n_8/bias_reg[16]'.
Info    : Replacing a flip-flop with a logic constant 1. [GLO-13]
        : The instance is 'L2/n_8/bias_reg[17]'.
Info    : Replacing a flip-flop with a logic constant 0. [GLO-12]
        : The instance is 'L2/n_8/bias_reg[18]'.
Info    : Replacing a flip-flop with a logic constant 1. [GLO-13]
        : The instance is 'L2/n_8/bias_reg[19]'.
Info    : Replacing a flip-flop with a logic constant 1. [GLO-13]
        : The instance is 'L2/n_8/bias_reg[20]'.
Info    : Replacing a flip-flop with a logic constant 0. [GLO-12]
        : The instance is 'L2/n_8/bias_reg[21]'.
Info    : Replacing a flip-flop with a logic constant 0. [GLO-12]
        : The instance is 'L2/n_8/bias_reg[22]'.
Info    : Replacing a flip-flop with a logic constant 1. [GLO-13]
        : The instance is 'L2/n_8/bias_reg[23]'.
Info    : Replacing a flip-flop with a logic constant 1. [GLO-13]
        : The instance is 'L2/n_8/bias_reg[24]'.
Info    : Replacing a flip-flop with a logic constant 1. [GLO-13]
        : The instance is 'L2/n_8/bias_reg[25]'.
Info    : Replacing a flip-flop with a logic constant 1. [GLO-13]
        : The instance is 'L2/n_8/bias_reg[26]'.
Info    : Replacing a flip-flop with a logic constant 1. [GLO-13]
        : The instance is 'L2/n_8/bias_reg[27]'.
Info    : Replacing a flip-flop with a logic constant 1. [GLO-13]
        : The instance is 'L2/n_8/bias_reg[28]'.
Info    : Replacing a flip-flop with a logic constant 1. [GLO-13]
        : The instance is 'L2/n_8/bias_reg[29]'.
Info    : Replacing a flip-flop with a logic constant 1. [GLO-13]
        : The instance is 'L2/n_8/bias_reg[30]'.
Info    : Replacing a flip-flop with a logic constant 1. [GLO-13]
        : The instance is 'L2/n_8/bias_reg[31]'.
Info    : Replacing a flip-flop with a logic constant 0. [GLO-12]
        : The instance is 'L2/n_9/bias_reg[0]'.
Info    : Replacing a flip-flop with a logic constant 0. [GLO-12]
        : The instance is 'L2/n_9/bias_reg[1]'.
Info    : Replacing a flip-flop with a logic constant 0. [GLO-12]
        : The instance is 'L2/n_9/bias_reg[2]'.
Info    : Replacing a flip-flop with a logic constant 0. [GLO-12]
        : The instance is 'L2/n_9/bias_reg[3]'.
Info    : Replacing a flip-flop with a logic constant 0. [GLO-12]
        : The instance is 'L2/n_9/bias_reg[4]'.
Info    : Replacing a flip-flop with a logic constant 0. [GLO-12]
        : The instance is 'L2/n_9/bias_reg[5]'.
Info    : Replacing a flip-flop with a logic constant 0. [GLO-12]
        : The instance is 'L2/n_9/bias_reg[6]'.
Info    : Replacing a flip-flop with a logic constant 0. [GLO-12]
        : The instance is 'L2/n_9/bias_reg[7]'.
Info    : Replacing a flip-flop with a logic constant 0. [GLO-12]
        : The instance is 'L2/n_9/bias_reg[8]'.
Info    : Replacing a flip-flop with a logic constant 0. [GLO-12]
        : The instance is 'L2/n_9/bias_reg[9]'.
Info    : Replacing a flip-flop with a logic constant 0. [GLO-12]
        : The instance is 'L2/n_9/bias_reg[10]'.
Info    : Replacing a flip-flop with a logic constant 0. [GLO-12]
        : The instance is 'L2/n_9/bias_reg[11]'.
Info    : Replacing a flip-flop with a logic constant 0. [GLO-12]
        : The instance is 'L2/n_9/bias_reg[12]'.
Info    : Replacing a flip-flop with a logic constant 0. [GLO-12]
        : The instance is 'L2/n_9/bias_reg[13]'.
Info    : Replacing a flip-flop with a logic constant 0. [GLO-12]
        : The instance is 'L2/n_9/bias_reg[14]'.
Info    : Replacing a flip-flop with a logic constant 0. [GLO-12]
        : The instance is 'L2/n_9/bias_reg[15]'.
Info    : Replacing a flip-flop with a logic constant 0. [GLO-12]
        : The instance is 'L2/n_9/bias_reg[16]'.
Info    : Replacing a flip-flop with a logic constant 1. [GLO-13]
        : The instance is 'L2/n_9/bias_reg[17]'.
Info    : Replacing a flip-flop with a logic constant 0. [GLO-12]
        : The instance is 'L2/n_9/bias_reg[18]'.
Info    : Replacing a flip-flop with a logic constant 0. [GLO-12]
        : The instance is 'L2/n_9/bias_reg[19]'.
Info    : Replacing a flip-flop with a logic constant 0. [GLO-12]
        : The instance is 'L2/n_9/bias_reg[20]'.
Info    : Replacing a flip-flop with a logic constant 0. [GLO-12]
        : The instance is 'L2/n_9/bias_reg[21]'.
Info    : Replacing a flip-flop with a logic constant 1. [GLO-13]
        : The instance is 'L2/n_9/bias_reg[22]'.
Info    : Replacing a flip-flop with a logic constant 0. [GLO-12]
        : The instance is 'L2/n_9/bias_reg[23]'.
Info    : Replacing a flip-flop with a logic constant 1. [GLO-13]
        : The instance is 'L2/n_9/bias_reg[24]'.
Info    : Replacing a flip-flop with a logic constant 1. [GLO-13]
        : The instance is 'L2/n_9/bias_reg[25]'.
Info    : Replacing a flip-flop with a logic constant 0. [GLO-12]
        : The instance is 'L2/n_9/bias_reg[26]'.
Info    : Replacing a flip-flop with a logic constant 0. [GLO-12]
        : The instance is 'L2/n_9/bias_reg[27]'.
Info    : Replacing a flip-flop with a logic constant 0. [GLO-12]
        : The instance is 'L2/n_9/bias_reg[28]'.
Info    : Replacing a flip-flop with a logic constant 0. [GLO-12]
        : The instance is 'L2/n_9/bias_reg[29]'.
Info    : Replacing a flip-flop with a logic constant 0. [GLO-12]
        : The instance is 'L2/n_9/bias_reg[30]'.
Info    : Replacing a flip-flop with a logic constant 0. [GLO-12]
        : The instance is 'L2/n_9/bias_reg[31]'.
Info    : Replacing a flip-flop with a logic constant 0. [GLO-12]
        : The instance is 'L2/n_10/bias_reg[0]'.
Info    : Replacing a flip-flop with a logic constant 0. [GLO-12]
        : The instance is 'L2/n_10/bias_reg[1]'.
Info    : Replacing a flip-flop with a logic constant 0. [GLO-12]
        : The instance is 'L2/n_10/bias_reg[2]'.
Info    : Replacing a flip-flop with a logic constant 0. [GLO-12]
        : The instance is 'L2/n_10/bias_reg[3]'.
Info    : Replacing a flip-flop with a logic constant 0. [GLO-12]
        : The instance is 'L2/n_10/bias_reg[4]'.
Info    : Replacing a flip-flop with a logic constant 0. [GLO-12]
        : The instance is 'L2/n_10/bias_reg[5]'.
Info    : Replacing a flip-flop with a logic constant 0. [GLO-12]
        : The instance is 'L2/n_10/bias_reg[6]'.
Info    : Replacing a flip-flop with a logic constant 0. [GLO-12]
        : The instance is 'L2/n_10/bias_reg[7]'.
Info    : Replacing a flip-flop with a logic constant 0. [GLO-12]
        : The instance is 'L2/n_10/bias_reg[8]'.
Info    : Replacing a flip-flop with a logic constant 0. [GLO-12]
        : The instance is 'L2/n_10/bias_reg[9]'.
Info    : Replacing a flip-flop with a logic constant 0. [GLO-12]
        : The instance is 'L2/n_10/bias_reg[10]'.
Info    : Replacing a flip-flop with a logic constant 0. [GLO-12]
        : The instance is 'L2/n_10/bias_reg[11]'.
Info    : Replacing a flip-flop with a logic constant 0. [GLO-12]
        : The instance is 'L2/n_10/bias_reg[12]'.
Info    : Replacing a flip-flop with a logic constant 0. [GLO-12]
        : The instance is 'L2/n_10/bias_reg[13]'.
Info    : Replacing a flip-flop with a logic constant 0. [GLO-12]
        : The instance is 'L2/n_10/bias_reg[14]'.
Info    : Replacing a flip-flop with a logic constant 0. [GLO-12]
        : The instance is 'L2/n_10/bias_reg[15]'.
Info    : Replacing a flip-flop with a logic constant 0. [GLO-12]
        : The instance is 'L2/n_10/bias_reg[16]'.
Info    : Replacing a flip-flop with a logic constant 0. [GLO-12]
        : The instance is 'L2/n_10/bias_reg[17]'.
Info    : Replacing a flip-flop with a logic constant 1. [GLO-13]
        : The instance is 'L2/n_10/bias_reg[18]'.
Info    : Replacing a flip-flop with a logic constant 0. [GLO-12]
        : The instance is 'L2/n_10/bias_reg[19]'.
Info    : Replacing a flip-flop with a logic constant 1. [GLO-13]
        : The instance is 'L2/n_10/bias_reg[20]'.
Info    : Replacing a flip-flop with a logic constant 1. [GLO-13]
        : The instance is 'L2/n_10/bias_reg[21]'.
Info    : Replacing a flip-flop with a logic constant 1. [GLO-13]
        : The instance is 'L2/n_10/bias_reg[22]'.
Info    : Replacing a flip-flop with a logic constant 1. [GLO-13]
        : The instance is 'L2/n_10/bias_reg[23]'.
Info    : Replacing a flip-flop with a logic constant 1. [GLO-13]
        : The instance is 'L2/n_10/bias_reg[24]'.
Info    : Replacing a flip-flop with a logic constant 0. [GLO-12]
        : The instance is 'L2/n_10/bias_reg[25]'.
Info    : Replacing a flip-flop with a logic constant 1. [GLO-13]
        : The instance is 'L2/n_10/bias_reg[26]'.
Info    : Replacing a flip-flop with a logic constant 1. [GLO-13]
        : The instance is 'L2/n_10/bias_reg[27]'.
Info    : Replacing a flip-flop with a logic constant 1. [GLO-13]
        : The instance is 'L2/n_10/bias_reg[28]'.
Info    : Replacing a flip-flop with a logic constant 1. [GLO-13]
        : The instance is 'L2/n_10/bias_reg[29]'.
Info    : Replacing a flip-flop with a logic constant 1. [GLO-13]
        : The instance is 'L2/n_10/bias_reg[30]'.
Info    : Replacing a flip-flop with a logic constant 1. [GLO-13]
        : The instance is 'L2/n_10/bias_reg[31]'.
Info    : Replacing a flip-flop with a logic constant 0. [GLO-12]
        : The instance is 'L2/n_11/bias_reg[0]'.
Info    : Replacing a flip-flop with a logic constant 0. [GLO-12]
        : The instance is 'L2/n_11/bias_reg[1]'.
Info    : Replacing a flip-flop with a logic constant 0. [GLO-12]
        : The instance is 'L2/n_11/bias_reg[2]'.
Info    : Replacing a flip-flop with a logic constant 0. [GLO-12]
        : The instance is 'L2/n_11/bias_reg[3]'.
Info    : Replacing a flip-flop with a logic constant 0. [GLO-12]
        : The instance is 'L2/n_11/bias_reg[4]'.
Info    : Replacing a flip-flop with a logic constant 0. [GLO-12]
        : The instance is 'L2/n_11/bias_reg[5]'.
Info    : Replacing a flip-flop with a logic constant 0. [GLO-12]
        : The instance is 'L2/n_11/bias_reg[6]'.
Info    : Replacing a flip-flop with a logic constant 0. [GLO-12]
        : The instance is 'L2/n_11/bias_reg[7]'.
Info    : Replacing a flip-flop with a logic constant 0. [GLO-12]
        : The instance is 'L2/n_11/bias_reg[8]'.
Info    : Replacing a flip-flop with a logic constant 0. [GLO-12]
        : The instance is 'L2/n_11/bias_reg[9]'.
Info    : Replacing a flip-flop with a logic constant 0. [GLO-12]
        : The instance is 'L2/n_11/bias_reg[10]'.
Info    : Replacing a flip-flop with a logic constant 0. [GLO-12]
        : The instance is 'L2/n_11/bias_reg[11]'.
Info    : Replacing a flip-flop with a logic constant 0. [GLO-12]
        : The instance is 'L2/n_11/bias_reg[12]'.
Info    : Replacing a flip-flop with a logic constant 0. [GLO-12]
        : The instance is 'L2/n_11/bias_reg[13]'.
Info    : Replacing a flip-flop with a logic constant 0. [GLO-12]
        : The instance is 'L2/n_11/bias_reg[14]'.
Info    : Replacing a flip-flop with a logic constant 0. [GLO-12]
        : The instance is 'L2/n_11/bias_reg[15]'.
Info    : Replacing a flip-flop with a logic constant 0. [GLO-12]
        : The instance is 'L2/n_11/bias_reg[16]'.
Info    : Replacing a flip-flop with a logic constant 0. [GLO-12]
        : The instance is 'L2/n_11/bias_reg[17]'.
Info    : Replacing a flip-flop with a logic constant 0. [GLO-12]
        : The instance is 'L2/n_11/bias_reg[18]'.
Info    : Replacing a flip-flop with a logic constant 1. [GLO-13]
        : The instance is 'L2/n_11/bias_reg[19]'.
Info    : Replacing a flip-flop with a logic constant 0. [GLO-12]
        : The instance is 'L2/n_11/bias_reg[20]'.
Info    : Replacing a flip-flop with a logic constant 0. [GLO-12]
        : The instance is 'L2/n_11/bias_reg[21]'.
Info    : Replacing a flip-flop with a logic constant 0. [GLO-12]
        : The instance is 'L2/n_11/bias_reg[22]'.
Info    : Replacing a flip-flop with a logic constant 0. [GLO-12]
        : The instance is 'L2/n_11/bias_reg[23]'.
Info    : Replacing a flip-flop with a logic constant 1. [GLO-13]
        : The instance is 'L2/n_11/bias_reg[24]'.
Info    : Replacing a flip-flop with a logic constant 0. [GLO-12]
        : The instance is 'L2/n_11/bias_reg[25]'.
Info    : Replacing a flip-flop with a logic constant 0. [GLO-12]
        : The instance is 'L2/n_11/bias_reg[26]'.
Info    : Replacing a flip-flop with a logic constant 1. [GLO-13]
        : The instance is 'L2/n_11/bias_reg[27]'.
Info    : Replacing a flip-flop with a logic constant 1. [GLO-13]
        : The instance is 'L2/n_11/bias_reg[28]'.
Info    : Replacing a flip-flop with a logic constant 1. [GLO-13]
        : The instance is 'L2/n_11/bias_reg[29]'.
Info    : Replacing a flip-flop with a logic constant 1. [GLO-13]
        : The instance is 'L2/n_11/bias_reg[30]'.
Info    : Replacing a flip-flop with a logic constant 1. [GLO-13]
        : The instance is 'L2/n_11/bias_reg[31]'.
Info    : Replacing a flip-flop with a logic constant 0. [GLO-12]
        : The instance is 'L2/n_12/bias_reg[0]'.
Info    : Replacing a flip-flop with a logic constant 0. [GLO-12]
        : The instance is 'L2/n_12/bias_reg[1]'.
Info    : Replacing a flip-flop with a logic constant 0. [GLO-12]
        : The instance is 'L2/n_12/bias_reg[2]'.
Info    : Replacing a flip-flop with a logic constant 0. [GLO-12]
        : The instance is 'L2/n_12/bias_reg[3]'.
Info    : Replacing a flip-flop with a logic constant 0. [GLO-12]
        : The instance is 'L2/n_12/bias_reg[4]'.
Info    : Replacing a flip-flop with a logic constant 0. [GLO-12]
        : The instance is 'L2/n_12/bias_reg[5]'.
Info    : Replacing a flip-flop with a logic constant 0. [GLO-12]
        : The instance is 'L2/n_12/bias_reg[6]'.
Info    : Replacing a flip-flop with a logic constant 0. [GLO-12]
        : The instance is 'L2/n_12/bias_reg[7]'.
Info    : Replacing a flip-flop with a logic constant 0. [GLO-12]
        : The instance is 'L2/n_12/bias_reg[8]'.
Info    : Replacing a flip-flop with a logic constant 0. [GLO-12]
        : The instance is 'L2/n_12/bias_reg[9]'.
Info    : Replacing a flip-flop with a logic constant 0. [GLO-12]
        : The instance is 'L2/n_12/bias_reg[10]'.
Info    : Replacing a flip-flop with a logic constant 0. [GLO-12]
        : The instance is 'L2/n_12/bias_reg[11]'.
Info    : Replacing a flip-flop with a logic constant 0. [GLO-12]
        : The instance is 'L2/n_12/bias_reg[12]'.
Info    : Replacing a flip-flop with a logic constant 0. [GLO-12]
        : The instance is 'L2/n_12/bias_reg[13]'.
Info    : Replacing a flip-flop with a logic constant 0. [GLO-12]
        : The instance is 'L2/n_12/bias_reg[14]'.
Info    : Replacing a flip-flop with a logic constant 0. [GLO-12]
        : The instance is 'L2/n_12/bias_reg[15]'.
Info    : Replacing a flip-flop with a logic constant 0. [GLO-12]
        : The instance is 'L2/n_12/bias_reg[16]'.
Info    : Replacing a flip-flop with a logic constant 1. [GLO-13]
        : The instance is 'L2/n_12/bias_reg[17]'.
Info    : Replacing a flip-flop with a logic constant 1. [GLO-13]
        : The instance is 'L2/n_12/bias_reg[18]'.
Info    : Replacing a flip-flop with a logic constant 1. [GLO-13]
        : The instance is 'L2/n_12/bias_reg[19]'.
Info    : Replacing a flip-flop with a logic constant 1. [GLO-13]
        : The instance is 'L2/n_12/bias_reg[20]'.
Info    : Replacing a flip-flop with a logic constant 1. [GLO-13]
        : The instance is 'L2/n_12/bias_reg[21]'.
Info    : Replacing a flip-flop with a logic constant 1. [GLO-13]
        : The instance is 'L2/n_12/bias_reg[22]'.
Info    : Replacing a flip-flop with a logic constant 1. [GLO-13]
        : The instance is 'L2/n_12/bias_reg[23]'.
Info    : Replacing a flip-flop with a logic constant 0. [GLO-12]
        : The instance is 'L2/n_12/bias_reg[24]'.
Info    : Replacing a flip-flop with a logic constant 1. [GLO-13]
        : The instance is 'L2/n_12/bias_reg[25]'.
Info    : Replacing a flip-flop with a logic constant 0. [GLO-12]
        : The instance is 'L2/n_12/bias_reg[26]'.
Info    : Replacing a flip-flop with a logic constant 1. [GLO-13]
        : The instance is 'L2/n_12/bias_reg[27]'.
Info    : Replacing a flip-flop with a logic constant 0. [GLO-12]
        : The instance is 'L2/n_12/bias_reg[28]'.
Info    : Replacing a flip-flop with a logic constant 0. [GLO-12]
        : The instance is 'L2/n_12/bias_reg[29]'.
Info    : Replacing a flip-flop with a logic constant 0. [GLO-12]
        : The instance is 'L2/n_12/bias_reg[30]'.
Info    : Replacing a flip-flop with a logic constant 0. [GLO-12]
        : The instance is 'L2/n_12/bias_reg[31]'.
Info    : Replacing a flip-flop with a logic constant 0. [GLO-12]
        : The instance is 'L2/n_13/bias_reg[0]'.
Info    : Replacing a flip-flop with a logic constant 0. [GLO-12]
        : The instance is 'L2/n_13/bias_reg[1]'.
Info    : Replacing a flip-flop with a logic constant 0. [GLO-12]
        : The instance is 'L2/n_13/bias_reg[2]'.
Info    : Replacing a flip-flop with a logic constant 0. [GLO-12]
        : The instance is 'L2/n_13/bias_reg[3]'.
Info    : Replacing a flip-flop with a logic constant 0. [GLO-12]
        : The instance is 'L2/n_13/bias_reg[4]'.
Info    : Replacing a flip-flop with a logic constant 0. [GLO-12]
        : The instance is 'L2/n_13/bias_reg[5]'.
Info    : Replacing a flip-flop with a logic constant 0. [GLO-12]
        : The instance is 'L2/n_13/bias_reg[6]'.
Info    : Replacing a flip-flop with a logic constant 0. [GLO-12]
        : The instance is 'L2/n_13/bias_reg[7]'.
Info    : Replacing a flip-flop with a logic constant 0. [GLO-12]
        : The instance is 'L2/n_13/bias_reg[8]'.
Info    : Replacing a flip-flop with a logic constant 0. [GLO-12]
        : The instance is 'L2/n_13/bias_reg[9]'.
Info    : Replacing a flip-flop with a logic constant 0. [GLO-12]
        : The instance is 'L2/n_13/bias_reg[10]'.
Info    : Replacing a flip-flop with a logic constant 0. [GLO-12]
        : The instance is 'L2/n_13/bias_reg[11]'.
Info    : Replacing a flip-flop with a logic constant 0. [GLO-12]
        : The instance is 'L2/n_13/bias_reg[12]'.
Info    : Replacing a flip-flop with a logic constant 0. [GLO-12]
        : The instance is 'L2/n_13/bias_reg[13]'.
Info    : Replacing a flip-flop with a logic constant 0. [GLO-12]
        : The instance is 'L2/n_13/bias_reg[14]'.
Info    : Replacing a flip-flop with a logic constant 0. [GLO-12]
        : The instance is 'L2/n_13/bias_reg[15]'.
Info    : Replacing a flip-flop with a logic constant 0. [GLO-12]
        : The instance is 'L2/n_13/bias_reg[16]'.
Info    : Replacing a flip-flop with a logic constant 0. [GLO-12]
        : The instance is 'L2/n_13/bias_reg[17]'.
Info    : Replacing a flip-flop with a logic constant 1. [GLO-13]
        : The instance is 'L2/n_13/bias_reg[18]'.
Info    : Replacing a flip-flop with a logic constant 1. [GLO-13]
        : The instance is 'L2/n_13/bias_reg[19]'.
Info    : Replacing a flip-flop with a logic constant 1. [GLO-13]
        : The instance is 'L2/n_13/bias_reg[20]'.
Info    : Replacing a flip-flop with a logic constant 0. [GLO-12]
        : The instance is 'L2/n_13/bias_reg[21]'.
Info    : Replacing a flip-flop with a logic constant 1. [GLO-13]
        : The instance is 'L2/n_13/bias_reg[22]'.
Info    : Replacing a flip-flop with a logic constant 0. [GLO-12]
        : The instance is 'L2/n_13/bias_reg[23]'.
Info    : Replacing a flip-flop with a logic constant 1. [GLO-13]
        : The instance is 'L2/n_13/bias_reg[24]'.
Info    : Replacing a flip-flop with a logic constant 0. [GLO-12]
        : The instance is 'L2/n_13/bias_reg[25]'.
Info    : Replacing a flip-flop with a logic constant 1. [GLO-13]
        : The instance is 'L2/n_13/bias_reg[26]'.
Info    : Replacing a flip-flop with a logic constant 1. [GLO-13]
        : The instance is 'L2/n_13/bias_reg[27]'.
Info    : Replacing a flip-flop with a logic constant 1. [GLO-13]
        : The instance is 'L2/n_13/bias_reg[28]'.
Info    : Replacing a flip-flop with a logic constant 1. [GLO-13]
        : The instance is 'L2/n_13/bias_reg[29]'.
Info    : Replacing a flip-flop with a logic constant 1. [GLO-13]
        : The instance is 'L2/n_13/bias_reg[30]'.
Info    : Replacing a flip-flop with a logic constant 1. [GLO-13]
        : The instance is 'L2/n_13/bias_reg[31]'.
Info    : Replacing a flip-flop with a logic constant 0. [GLO-12]
        : The instance is 'L2/n_14/bias_reg[0]'.
Info    : Replacing a flip-flop with a logic constant 0. [GLO-12]
        : The instance is 'L2/n_14/bias_reg[1]'.
Info    : Replacing a flip-flop with a logic constant 0. [GLO-12]
        : The instance is 'L2/n_14/bias_reg[2]'.
Info    : Replacing a flip-flop with a logic constant 0. [GLO-12]
        : The instance is 'L2/n_14/bias_reg[3]'.
Info    : Replacing a flip-flop with a logic constant 0. [GLO-12]
        : The instance is 'L2/n_14/bias_reg[4]'.
Info    : Replacing a flip-flop with a logic constant 0. [GLO-12]
        : The instance is 'L2/n_14/bias_reg[5]'.
Info    : Replacing a flip-flop with a logic constant 0. [GLO-12]
        : The instance is 'L2/n_14/bias_reg[6]'.
Info    : Replacing a flip-flop with a logic constant 0. [GLO-12]
        : The instance is 'L2/n_14/bias_reg[7]'.
Info    : Replacing a flip-flop with a logic constant 0. [GLO-12]
        : The instance is 'L2/n_14/bias_reg[8]'.
Info    : Replacing a flip-flop with a logic constant 0. [GLO-12]
        : The instance is 'L2/n_14/bias_reg[9]'.
Info    : Replacing a flip-flop with a logic constant 0. [GLO-12]
        : The instance is 'L2/n_14/bias_reg[10]'.
Info    : Replacing a flip-flop with a logic constant 0. [GLO-12]
        : The instance is 'L2/n_14/bias_reg[11]'.
Info    : Replacing a flip-flop with a logic constant 0. [GLO-12]
        : The instance is 'L2/n_14/bias_reg[12]'.
Info    : Replacing a flip-flop with a logic constant 0. [GLO-12]
        : The instance is 'L2/n_14/bias_reg[13]'.
Info    : Replacing a flip-flop with a logic constant 0. [GLO-12]
        : The instance is 'L2/n_14/bias_reg[14]'.
Info    : Replacing a flip-flop with a logic constant 0. [GLO-12]
        : The instance is 'L2/n_14/bias_reg[15]'.
Info    : Replacing a flip-flop with a logic constant 0. [GLO-12]
        : The instance is 'L2/n_14/bias_reg[16]'.
Info    : Replacing a flip-flop with a logic constant 1. [GLO-13]
        : The instance is 'L2/n_14/bias_reg[17]'.
Info    : Replacing a flip-flop with a logic constant 1. [GLO-13]
        : The instance is 'L2/n_14/bias_reg[18]'.
Info    : Replacing a flip-flop with a logic constant 1. [GLO-13]
        : The instance is 'L2/n_14/bias_reg[19]'.
Info    : Replacing a flip-flop with a logic constant 1. [GLO-13]
        : The instance is 'L2/n_14/bias_reg[20]'.
Info    : Replacing a flip-flop with a logic constant 1. [GLO-13]
        : The instance is 'L2/n_14/bias_reg[21]'.
Info    : Replacing a flip-flop with a logic constant 1. [GLO-13]
        : The instance is 'L2/n_14/bias_reg[22]'.
Info    : Replacing a flip-flop with a logic constant 0. [GLO-12]
        : The instance is 'L2/n_14/bias_reg[23]'.
Info    : Replacing a flip-flop with a logic constant 1. [GLO-13]
        : The instance is 'L2/n_14/bias_reg[24]'.
Info    : Replacing a flip-flop with a logic constant 0. [GLO-12]
        : The instance is 'L2/n_14/bias_reg[25]'.
Info    : Replacing a flip-flop with a logic constant 0. [GLO-12]
        : The instance is 'L2/n_14/bias_reg[26]'.
Info    : Replacing a flip-flop with a logic constant 0. [GLO-12]
        : The instance is 'L2/n_14/bias_reg[27]'.
Info    : Replacing a flip-flop with a logic constant 0. [GLO-12]
        : The instance is 'L2/n_14/bias_reg[28]'.
Info    : Replacing a flip-flop with a logic constant 0. [GLO-12]
        : The instance is 'L2/n_14/bias_reg[29]'.
Info    : Replacing a flip-flop with a logic constant 0. [GLO-12]
        : The instance is 'L2/n_14/bias_reg[30]'.
Info    : Replacing a flip-flop with a logic constant 0. [GLO-12]
        : The instance is 'L2/n_14/bias_reg[31]'.
Info    : Replacing a flip-flop with a logic constant 0. [GLO-12]
        : The instance is 'L2/n_15/bias_reg[0]'.
Info    : Replacing a flip-flop with a logic constant 0. [GLO-12]
        : The instance is 'L2/n_15/bias_reg[1]'.
Info    : Replacing a flip-flop with a logic constant 0. [GLO-12]
        : The instance is 'L2/n_15/bias_reg[2]'.
Info    : Replacing a flip-flop with a logic constant 0. [GLO-12]
        : The instance is 'L2/n_15/bias_reg[3]'.
Info    : Replacing a flip-flop with a logic constant 0. [GLO-12]
        : The instance is 'L2/n_15/bias_reg[4]'.
Info    : Replacing a flip-flop with a logic constant 0. [GLO-12]
        : The instance is 'L2/n_15/bias_reg[5]'.
Info    : Replacing a flip-flop with a logic constant 0. [GLO-12]
        : The instance is 'L2/n_15/bias_reg[6]'.
Info    : Replacing a flip-flop with a logic constant 0. [GLO-12]
        : The instance is 'L2/n_15/bias_reg[7]'.
Info    : Replacing a flip-flop with a logic constant 0. [GLO-12]
        : The instance is 'L2/n_15/bias_reg[8]'.
Info    : Replacing a flip-flop with a logic constant 0. [GLO-12]
        : The instance is 'L2/n_15/bias_reg[9]'.
Info    : Replacing a flip-flop with a logic constant 0. [GLO-12]
        : The instance is 'L2/n_15/bias_reg[10]'.
Info    : Replacing a flip-flop with a logic constant 0. [GLO-12]
        : The instance is 'L2/n_15/bias_reg[11]'.
Info    : Replacing a flip-flop with a logic constant 0. [GLO-12]
        : The instance is 'L2/n_15/bias_reg[12]'.
Info    : Replacing a flip-flop with a logic constant 0. [GLO-12]
        : The instance is 'L2/n_15/bias_reg[13]'.
Info    : Replacing a flip-flop with a logic constant 0. [GLO-12]
        : The instance is 'L2/n_15/bias_reg[14]'.
Info    : Replacing a flip-flop with a logic constant 0. [GLO-12]
        : The instance is 'L2/n_15/bias_reg[15]'.
Info    : Replacing a flip-flop with a logic constant 1. [GLO-13]
        : The instance is 'L2/n_15/bias_reg[16]'.
Info    : Replacing a flip-flop with a logic constant 0. [GLO-12]
        : The instance is 'L2/n_15/bias_reg[17]'.
Info    : Replacing a flip-flop with a logic constant 1. [GLO-13]
        : The instance is 'L2/n_15/bias_reg[18]'.
Info    : Replacing a flip-flop with a logic constant 1. [GLO-13]
        : The instance is 'L2/n_15/bias_reg[19]'.
Info    : Replacing a flip-flop with a logic constant 0. [GLO-12]
        : The instance is 'L2/n_15/bias_reg[20]'.
Info    : Replacing a flip-flop with a logic constant 0. [GLO-12]
        : The instance is 'L2/n_15/bias_reg[21]'.
Info    : Replacing a flip-flop with a logic constant 1. [GLO-13]
        : The instance is 'L2/n_15/bias_reg[22]'.
Info    : Replacing a flip-flop with a logic constant 0. [GLO-12]
        : The instance is 'L2/n_15/bias_reg[23]'.
Info    : Replacing a flip-flop with a logic constant 0. [GLO-12]
        : The instance is 'L2/n_15/bias_reg[24]'.
Info    : Replacing a flip-flop with a logic constant 1. [GLO-13]
        : The instance is 'L2/n_15/bias_reg[25]'.
Info    : Replacing a flip-flop with a logic constant 0. [GLO-12]
        : The instance is 'L2/n_15/bias_reg[26]'.
Info    : Replacing a flip-flop with a logic constant 0. [GLO-12]
        : The instance is 'L2/n_15/bias_reg[27]'.
Info    : Replacing a flip-flop with a logic constant 1. [GLO-13]
        : The instance is 'L2/n_15/bias_reg[28]'.
Info    : Replacing a flip-flop with a logic constant 0. [GLO-12]
        : The instance is 'L2/n_15/bias_reg[29]'.
Info    : Replacing a flip-flop with a logic constant 0. [GLO-12]
        : The instance is 'L2/n_15/bias_reg[30]'.
Info    : Replacing a flip-flop with a logic constant 0. [GLO-12]
        : The instance is 'L2/n_15/bias_reg[31]'.
Info    : Replacing a flip-flop with a logic constant 0. [GLO-12]
        : The instance is 'L2/n_16/bias_reg[0]'.
Info    : Replacing a flip-flop with a logic constant 0. [GLO-12]
        : The instance is 'L2/n_16/bias_reg[1]'.
Info    : Replacing a flip-flop with a logic constant 0. [GLO-12]
        : The instance is 'L2/n_16/bias_reg[2]'.
Info    : Replacing a flip-flop with a logic constant 0. [GLO-12]
        : The instance is 'L2/n_16/bias_reg[3]'.
Info    : Replacing a flip-flop with a logic constant 0. [GLO-12]
        : The instance is 'L2/n_16/bias_reg[4]'.
Info    : Replacing a flip-flop with a logic constant 0. [GLO-12]
        : The instance is 'L2/n_16/bias_reg[5]'.
Info    : Replacing a flip-flop with a logic constant 0. [GLO-12]
        : The instance is 'L2/n_16/bias_reg[6]'.
Info    : Replacing a flip-flop with a logic constant 0. [GLO-12]
        : The instance is 'L2/n_16/bias_reg[7]'.
Info    : Replacing a flip-flop with a logic constant 0. [GLO-12]
        : The instance is 'L2/n_16/bias_reg[8]'.
Info    : Replacing a flip-flop with a logic constant 0. [GLO-12]
        : The instance is 'L2/n_16/bias_reg[9]'.
Info    : Replacing a flip-flop with a logic constant 0. [GLO-12]
        : The instance is 'L2/n_16/bias_reg[10]'.
Info    : Replacing a flip-flop with a logic constant 0. [GLO-12]
        : The instance is 'L2/n_16/bias_reg[11]'.
Info    : Replacing a flip-flop with a logic constant 0. [GLO-12]
        : The instance is 'L2/n_16/bias_reg[12]'.
Info    : Replacing a flip-flop with a logic constant 0. [GLO-12]
        : The instance is 'L2/n_16/bias_reg[13]'.
Info    : Replacing a flip-flop with a logic constant 0. [GLO-12]
        : The instance is 'L2/n_16/bias_reg[14]'.
Info    : Replacing a flip-flop with a logic constant 0. [GLO-12]
        : The instance is 'L2/n_16/bias_reg[15]'.
Info    : Replacing a flip-flop with a logic constant 0. [GLO-12]
        : The instance is 'L2/n_16/bias_reg[16]'.
Info    : Replacing a flip-flop with a logic constant 0. [GLO-12]
        : The instance is 'L2/n_16/bias_reg[17]'.
Info    : Replacing a flip-flop with a logic constant 0. [GLO-12]
        : The instance is 'L2/n_16/bias_reg[18]'.
Info    : Replacing a flip-flop with a logic constant 0. [GLO-12]
        : The instance is 'L2/n_16/bias_reg[19]'.
Info    : Replacing a flip-flop with a logic constant 0. [GLO-12]
        : The instance is 'L2/n_16/bias_reg[20]'.
Info    : Replacing a flip-flop with a logic constant 0. [GLO-12]
        : The instance is 'L2/n_16/bias_reg[21]'.
Info    : Replacing a flip-flop with a logic constant 1. [GLO-13]
        : The instance is 'L2/n_16/bias_reg[22]'.
Info    : Replacing a flip-flop with a logic constant 1. [GLO-13]
        : The instance is 'L2/n_16/bias_reg[23]'.
Info    : Replacing a flip-flop with a logic constant 1. [GLO-13]
        : The instance is 'L2/n_16/bias_reg[24]'.
Info    : Replacing a flip-flop with a logic constant 1. [GLO-13]
        : The instance is 'L2/n_16/bias_reg[25]'.
Info    : Replacing a flip-flop with a logic constant 1. [GLO-13]
        : The instance is 'L2/n_16/bias_reg[26]'.
Info    : Replacing a flip-flop with a logic constant 1. [GLO-13]
        : The instance is 'L2/n_16/bias_reg[27]'.
Info    : Replacing a flip-flop with a logic constant 1. [GLO-13]
        : The instance is 'L2/n_16/bias_reg[28]'.
Info    : Replacing a flip-flop with a logic constant 1. [GLO-13]
        : The instance is 'L2/n_16/bias_reg[29]'.
Info    : Replacing a flip-flop with a logic constant 1. [GLO-13]
        : The instance is 'L2/n_16/bias_reg[30]'.
Info    : Replacing a flip-flop with a logic constant 1. [GLO-13]
        : The instance is 'L2/n_16/bias_reg[31]'.
Info    : Replacing a flip-flop with a logic constant 0. [GLO-12]
        : The instance is 'L2/n_17/bias_reg[0]'.
Info    : Replacing a flip-flop with a logic constant 0. [GLO-12]
        : The instance is 'L2/n_17/bias_reg[1]'.
Info    : Replacing a flip-flop with a logic constant 0. [GLO-12]
        : The instance is 'L2/n_17/bias_reg[2]'.
Info    : Replacing a flip-flop with a logic constant 0. [GLO-12]
        : The instance is 'L2/n_17/bias_reg[3]'.
Info    : Replacing a flip-flop with a logic constant 0. [GLO-12]
        : The instance is 'L2/n_17/bias_reg[4]'.
Info    : Replacing a flip-flop with a logic constant 0. [GLO-12]
        : The instance is 'L2/n_17/bias_reg[5]'.
Info    : Replacing a flip-flop with a logic constant 0. [GLO-12]
        : The instance is 'L2/n_17/bias_reg[6]'.
Info    : Replacing a flip-flop with a logic constant 0. [GLO-12]
        : The instance is 'L2/n_17/bias_reg[7]'.
Info    : Replacing a flip-flop with a logic constant 0. [GLO-12]
        : The instance is 'L2/n_17/bias_reg[8]'.
Info    : Replacing a flip-flop with a logic constant 0. [GLO-12]
        : The instance is 'L2/n_17/bias_reg[9]'.
Info    : Replacing a flip-flop with a logic constant 0. [GLO-12]
        : The instance is 'L2/n_17/bias_reg[10]'.
Info    : Replacing a flip-flop with a logic constant 0. [GLO-12]
        : The instance is 'L2/n_17/bias_reg[11]'.
Info    : Replacing a flip-flop with a logic constant 0. [GLO-12]
        : The instance is 'L2/n_17/bias_reg[12]'.
Info    : Replacing a flip-flop with a logic constant 0. [GLO-12]
        : The instance is 'L2/n_17/bias_reg[13]'.
Info    : Replacing a flip-flop with a logic constant 0. [GLO-12]
        : The instance is 'L2/n_17/bias_reg[14]'.
Info    : Replacing a flip-flop with a logic constant 0. [GLO-12]
        : The instance is 'L2/n_17/bias_reg[15]'.
Info    : Replacing a flip-flop with a logic constant 0. [GLO-12]
        : The instance is 'L2/n_17/bias_reg[16]'.
Info    : Replacing a flip-flop with a logic constant 1. [GLO-13]
        : The instance is 'L2/n_17/bias_reg[17]'.
Info    : Replacing a flip-flop with a logic constant 1. [GLO-13]
        : The instance is 'L2/n_17/bias_reg[18]'.
Info    : Replacing a flip-flop with a logic constant 1. [GLO-13]
        : The instance is 'L2/n_17/bias_reg[19]'.
Info    : Replacing a flip-flop with a logic constant 0. [GLO-12]
        : The instance is 'L2/n_17/bias_reg[20]'.
Info    : Replacing a flip-flop with a logic constant 0. [GLO-12]
        : The instance is 'L2/n_17/bias_reg[21]'.
Info    : Replacing a flip-flop with a logic constant 0. [GLO-12]
        : The instance is 'L2/n_17/bias_reg[22]'.
Info    : Replacing a flip-flop with a logic constant 1. [GLO-13]
        : The instance is 'L2/n_17/bias_reg[23]'.
Info    : Replacing a flip-flop with a logic constant 1. [GLO-13]
        : The instance is 'L2/n_17/bias_reg[24]'.
Info    : Replacing a flip-flop with a logic constant 0. [GLO-12]
        : The instance is 'L2/n_17/bias_reg[25]'.
Info    : Replacing a flip-flop with a logic constant 1. [GLO-13]
        : The instance is 'L2/n_17/bias_reg[26]'.
Info    : Replacing a flip-flop with a logic constant 1. [GLO-13]
        : The instance is 'L2/n_17/bias_reg[27]'.
Info    : Replacing a flip-flop with a logic constant 1. [GLO-13]
        : The instance is 'L2/n_17/bias_reg[28]'.
Info    : Replacing a flip-flop with a logic constant 1. [GLO-13]
        : The instance is 'L2/n_17/bias_reg[29]'.
Info    : Replacing a flip-flop with a logic constant 1. [GLO-13]
        : The instance is 'L2/n_17/bias_reg[30]'.
Info    : Replacing a flip-flop with a logic constant 1. [GLO-13]
        : The instance is 'L2/n_17/bias_reg[31]'.
Info    : Replacing a flip-flop with a logic constant 0. [GLO-12]
        : The instance is 'L2/n_18/bias_reg[0]'.
Info    : Replacing a flip-flop with a logic constant 0. [GLO-12]
        : The instance is 'L2/n_18/bias_reg[1]'.
Info    : Replacing a flip-flop with a logic constant 0. [GLO-12]
        : The instance is 'L2/n_18/bias_reg[2]'.
Info    : Replacing a flip-flop with a logic constant 0. [GLO-12]
        : The instance is 'L2/n_18/bias_reg[3]'.
Info    : Replacing a flip-flop with a logic constant 0. [GLO-12]
        : The instance is 'L2/n_18/bias_reg[4]'.
Info    : Replacing a flip-flop with a logic constant 0. [GLO-12]
        : The instance is 'L2/n_18/bias_reg[5]'.
Info    : Replacing a flip-flop with a logic constant 0. [GLO-12]
        : The instance is 'L2/n_18/bias_reg[6]'.
Info    : Replacing a flip-flop with a logic constant 0. [GLO-12]
        : The instance is 'L2/n_18/bias_reg[7]'.
Info    : Replacing a flip-flop with a logic constant 0. [GLO-12]
        : The instance is 'L2/n_18/bias_reg[8]'.
Info    : Replacing a flip-flop with a logic constant 0. [GLO-12]
        : The instance is 'L2/n_18/bias_reg[9]'.
Info    : Replacing a flip-flop with a logic constant 0. [GLO-12]
        : The instance is 'L2/n_18/bias_reg[10]'.
Info    : Replacing a flip-flop with a logic constant 0. [GLO-12]
        : The instance is 'L2/n_18/bias_reg[11]'.
Info    : Replacing a flip-flop with a logic constant 0. [GLO-12]
        : The instance is 'L2/n_18/bias_reg[12]'.
Info    : Replacing a flip-flop with a logic constant 0. [GLO-12]
        : The instance is 'L2/n_18/bias_reg[13]'.
Info    : Replacing a flip-flop with a logic constant 0. [GLO-12]
        : The instance is 'L2/n_18/bias_reg[14]'.
Info    : Replacing a flip-flop with a logic constant 0. [GLO-12]
        : The instance is 'L2/n_18/bias_reg[15]'.
Info    : Replacing a flip-flop with a logic constant 1. [GLO-13]
        : The instance is 'L2/n_18/bias_reg[16]'.
Info    : Replacing a flip-flop with a logic constant 0. [GLO-12]
        : The instance is 'L2/n_18/bias_reg[17]'.
Info    : Replacing a flip-flop with a logic constant 0. [GLO-12]
        : The instance is 'L2/n_18/bias_reg[18]'.
Info    : Replacing a flip-flop with a logic constant 1. [GLO-13]
        : The instance is 'L2/n_18/bias_reg[19]'.
Info    : Replacing a flip-flop with a logic constant 0. [GLO-12]
        : The instance is 'L2/n_18/bias_reg[20]'.
Info    : Replacing a flip-flop with a logic constant 1. [GLO-13]
        : The instance is 'L2/n_18/bias_reg[21]'.
Info    : Replacing a flip-flop with a logic constant 1. [GLO-13]
        : The instance is 'L2/n_18/bias_reg[22]'.
Info    : Replacing a flip-flop with a logic constant 0. [GLO-12]
        : The instance is 'L2/n_18/bias_reg[23]'.
Info    : Replacing a flip-flop with a logic constant 1. [GLO-13]
        : The instance is 'L2/n_18/bias_reg[24]'.
Info    : Replacing a flip-flop with a logic constant 1. [GLO-13]
        : The instance is 'L2/n_18/bias_reg[25]'.
Info    : Replacing a flip-flop with a logic constant 1. [GLO-13]
        : The instance is 'L2/n_18/bias_reg[26]'.
Info    : Replacing a flip-flop with a logic constant 0. [GLO-12]
        : The instance is 'L2/n_18/bias_reg[27]'.
Info    : Replacing a flip-flop with a logic constant 1. [GLO-13]
        : The instance is 'L2/n_18/bias_reg[28]'.
Info    : Replacing a flip-flop with a logic constant 1. [GLO-13]
        : The instance is 'L2/n_18/bias_reg[29]'.
Info    : Replacing a flip-flop with a logic constant 1. [GLO-13]
        : The instance is 'L2/n_18/bias_reg[30]'.
Info    : Replacing a flip-flop with a logic constant 1. [GLO-13]
        : The instance is 'L2/n_18/bias_reg[31]'.
Info    : Replacing a flip-flop with a logic constant 0. [GLO-12]
        : The instance is 'L2/n_19/bias_reg[0]'.
Info    : Replacing a flip-flop with a logic constant 0. [GLO-12]
        : The instance is 'L2/n_19/bias_reg[1]'.
Info    : Replacing a flip-flop with a logic constant 0. [GLO-12]
        : The instance is 'L2/n_19/bias_reg[2]'.
Info    : Replacing a flip-flop with a logic constant 0. [GLO-12]
        : The instance is 'L2/n_19/bias_reg[3]'.
Info    : Replacing a flip-flop with a logic constant 0. [GLO-12]
        : The instance is 'L2/n_19/bias_reg[4]'.
Info    : Replacing a flip-flop with a logic constant 0. [GLO-12]
        : The instance is 'L2/n_19/bias_reg[5]'.
Info    : Replacing a flip-flop with a logic constant 0. [GLO-12]
        : The instance is 'L2/n_19/bias_reg[6]'.
Info    : Replacing a flip-flop with a logic constant 0. [GLO-12]
        : The instance is 'L2/n_19/bias_reg[7]'.
Info    : Replacing a flip-flop with a logic constant 0. [GLO-12]
        : The instance is 'L2/n_19/bias_reg[8]'.
Info    : Replacing a flip-flop with a logic constant 0. [GLO-12]
        : The instance is 'L2/n_19/bias_reg[9]'.
Info    : Replacing a flip-flop with a logic constant 0. [GLO-12]
        : The instance is 'L2/n_19/bias_reg[10]'.
Info    : Replacing a flip-flop with a logic constant 0. [GLO-12]
        : The instance is 'L2/n_19/bias_reg[11]'.
Info    : Replacing a flip-flop with a logic constant 0. [GLO-12]
        : The instance is 'L2/n_19/bias_reg[12]'.
Info    : Replacing a flip-flop with a logic constant 0. [GLO-12]
        : The instance is 'L2/n_19/bias_reg[13]'.
Info    : Replacing a flip-flop with a logic constant 0. [GLO-12]
        : The instance is 'L2/n_19/bias_reg[14]'.
Info    : Replacing a flip-flop with a logic constant 0. [GLO-12]
        : The instance is 'L2/n_19/bias_reg[15]'.
Info    : Replacing a flip-flop with a logic constant 1. [GLO-13]
        : The instance is 'L2/n_19/bias_reg[16]'.
Info    : Replacing a flip-flop with a logic constant 0. [GLO-12]
        : The instance is 'L2/n_19/bias_reg[17]'.
Info    : Replacing a flip-flop with a logic constant 1. [GLO-13]
        : The instance is 'L2/n_19/bias_reg[18]'.
Info    : Replacing a flip-flop with a logic constant 0. [GLO-12]
        : The instance is 'L2/n_19/bias_reg[19]'.
Info    : Replacing a flip-flop with a logic constant 1. [GLO-13]
        : The instance is 'L2/n_19/bias_reg[20]'.
Info    : Replacing a flip-flop with a logic constant 1. [GLO-13]
        : The instance is 'L2/n_19/bias_reg[21]'.
Info    : Replacing a flip-flop with a logic constant 0. [GLO-12]
        : The instance is 'L2/n_19/bias_reg[22]'.
Info    : Replacing a flip-flop with a logic constant 1. [GLO-13]
        : The instance is 'L2/n_19/bias_reg[23]'.
Info    : Replacing a flip-flop with a logic constant 0. [GLO-12]
        : The instance is 'L2/n_19/bias_reg[24]'.
Info    : Replacing a flip-flop with a logic constant 0. [GLO-12]
        : The instance is 'L2/n_19/bias_reg[25]'.
Info    : Replacing a flip-flop with a logic constant 0. [GLO-12]
        : The instance is 'L2/n_19/bias_reg[26]'.
Info    : Replacing a flip-flop with a logic constant 1. [GLO-13]
        : The instance is 'L2/n_19/bias_reg[27]'.
Info    : Replacing a flip-flop with a logic constant 1. [GLO-13]
        : The instance is 'L2/n_19/bias_reg[28]'.
Info    : Replacing a flip-flop with a logic constant 1. [GLO-13]
        : The instance is 'L2/n_19/bias_reg[29]'.
Info    : Replacing a flip-flop with a logic constant 1. [GLO-13]
        : The instance is 'L2/n_19/bias_reg[30]'.
Info    : Replacing a flip-flop with a logic constant 1. [GLO-13]
        : The instance is 'L2/n_19/bias_reg[31]'.
Info    : Replacing a flip-flop with a logic constant 0. [GLO-12]
        : The instance is 'L2/n_20/bias_reg[0]'.
Info    : Replacing a flip-flop with a logic constant 0. [GLO-12]
        : The instance is 'L2/n_20/bias_reg[1]'.
Info    : Replacing a flip-flop with a logic constant 0. [GLO-12]
        : The instance is 'L2/n_20/bias_reg[2]'.
Info    : Replacing a flip-flop with a logic constant 0. [GLO-12]
        : The instance is 'L2/n_20/bias_reg[3]'.
Info    : Replacing a flip-flop with a logic constant 0. [GLO-12]
        : The instance is 'L2/n_20/bias_reg[4]'.
Info    : Replacing a flip-flop with a logic constant 0. [GLO-12]
        : The instance is 'L2/n_20/bias_reg[5]'.
Info    : Replacing a flip-flop with a logic constant 0. [GLO-12]
        : The instance is 'L2/n_20/bias_reg[6]'.
Info    : Replacing a flip-flop with a logic constant 0. [GLO-12]
        : The instance is 'L2/n_20/bias_reg[7]'.
Info    : Replacing a flip-flop with a logic constant 0. [GLO-12]
        : The instance is 'L2/n_20/bias_reg[8]'.
Info    : Replacing a flip-flop with a logic constant 0. [GLO-12]
        : The instance is 'L2/n_20/bias_reg[9]'.
Info    : Replacing a flip-flop with a logic constant 0. [GLO-12]
        : The instance is 'L2/n_20/bias_reg[10]'.
Info    : Replacing a flip-flop with a logic constant 0. [GLO-12]
        : The instance is 'L2/n_20/bias_reg[11]'.
Info    : Replacing a flip-flop with a logic constant 0. [GLO-12]
        : The instance is 'L2/n_20/bias_reg[12]'.
Info    : Replacing a flip-flop with a logic constant 0. [GLO-12]
        : The instance is 'L2/n_20/bias_reg[13]'.
Info    : Replacing a flip-flop with a logic constant 0. [GLO-12]
        : The instance is 'L2/n_20/bias_reg[14]'.
Info    : Replacing a flip-flop with a logic constant 0. [GLO-12]
        : The instance is 'L2/n_20/bias_reg[15]'.
Info    : Replacing a flip-flop with a logic constant 1. [GLO-13]
        : The instance is 'L2/n_20/bias_reg[16]'.
Info    : Replacing a flip-flop with a logic constant 0. [GLO-12]
        : The instance is 'L2/n_20/bias_reg[17]'.
Info    : Replacing a flip-flop with a logic constant 1. [GLO-13]
        : The instance is 'L2/n_20/bias_reg[18]'.
Info    : Replacing a flip-flop with a logic constant 1. [GLO-13]
        : The instance is 'L2/n_20/bias_reg[19]'.
Info    : Replacing a flip-flop with a logic constant 1. [GLO-13]
        : The instance is 'L2/n_20/bias_reg[20]'.
Info    : Replacing a flip-flop with a logic constant 0. [GLO-12]
        : The instance is 'L2/n_20/bias_reg[21]'.
Info    : Replacing a flip-flop with a logic constant 0. [GLO-12]
        : The instance is 'L2/n_20/bias_reg[22]'.
Info    : Replacing a flip-flop with a logic constant 1. [GLO-13]
        : The instance is 'L2/n_20/bias_reg[23]'.
Info    : Replacing a flip-flop with a logic constant 0. [GLO-12]
        : The instance is 'L2/n_20/bias_reg[24]'.
Info    : Replacing a flip-flop with a logic constant 0. [GLO-12]
        : The instance is 'L2/n_20/bias_reg[25]'.
Info    : Replacing a flip-flop with a logic constant 0. [GLO-12]
        : The instance is 'L2/n_20/bias_reg[26]'.
Info    : Replacing a flip-flop with a logic constant 1. [GLO-13]
        : The instance is 'L2/n_20/bias_reg[27]'.
Info    : Replacing a flip-flop with a logic constant 1. [GLO-13]
        : The instance is 'L2/n_20/bias_reg[28]'.
Info    : Replacing a flip-flop with a logic constant 1. [GLO-13]
        : The instance is 'L2/n_20/bias_reg[29]'.
Info    : Replacing a flip-flop with a logic constant 1. [GLO-13]
        : The instance is 'L2/n_20/bias_reg[30]'.
Info    : Replacing a flip-flop with a logic constant 1. [GLO-13]
        : The instance is 'L2/n_20/bias_reg[31]'.
Info    : Replacing a flip-flop with a logic constant 0. [GLO-12]
        : The instance is 'L2/n_21/bias_reg[0]'.
Info    : Replacing a flip-flop with a logic constant 0. [GLO-12]
        : The instance is 'L2/n_21/bias_reg[1]'.
Info    : Replacing a flip-flop with a logic constant 0. [GLO-12]
        : The instance is 'L2/n_21/bias_reg[2]'.
Info    : Replacing a flip-flop with a logic constant 0. [GLO-12]
        : The instance is 'L2/n_21/bias_reg[3]'.
Info    : Replacing a flip-flop with a logic constant 0. [GLO-12]
        : The instance is 'L2/n_21/bias_reg[4]'.
Info    : Replacing a flip-flop with a logic constant 0. [GLO-12]
        : The instance is 'L2/n_21/bias_reg[5]'.
Info    : Replacing a flip-flop with a logic constant 0. [GLO-12]
        : The instance is 'L2/n_21/bias_reg[6]'.
Info    : Replacing a flip-flop with a logic constant 0. [GLO-12]
        : The instance is 'L2/n_21/bias_reg[7]'.
Info    : Replacing a flip-flop with a logic constant 0. [GLO-12]
        : The instance is 'L2/n_21/bias_reg[8]'.
Info    : Replacing a flip-flop with a logic constant 0. [GLO-12]
        : The instance is 'L2/n_21/bias_reg[9]'.
Info    : Replacing a flip-flop with a logic constant 0. [GLO-12]
        : The instance is 'L2/n_21/bias_reg[10]'.
Info    : Replacing a flip-flop with a logic constant 0. [GLO-12]
        : The instance is 'L2/n_21/bias_reg[11]'.
Info    : Replacing a flip-flop with a logic constant 0. [GLO-12]
        : The instance is 'L2/n_21/bias_reg[12]'.
Info    : Replacing a flip-flop with a logic constant 0. [GLO-12]
        : The instance is 'L2/n_21/bias_reg[13]'.
Info    : Replacing a flip-flop with a logic constant 0. [GLO-12]
        : The instance is 'L2/n_21/bias_reg[14]'.
Info    : Replacing a flip-flop with a logic constant 0. [GLO-12]
        : The instance is 'L2/n_21/bias_reg[15]'.
Info    : Replacing a flip-flop with a logic constant 0. [GLO-12]
        : The instance is 'L2/n_21/bias_reg[16]'.
Info    : Replacing a flip-flop with a logic constant 1. [GLO-13]
        : The instance is 'L2/n_21/bias_reg[17]'.
Info    : Replacing a flip-flop with a logic constant 0. [GLO-12]
        : The instance is 'L2/n_21/bias_reg[18]'.
Info    : Replacing a flip-flop with a logic constant 0. [GLO-12]
        : The instance is 'L2/n_21/bias_reg[19]'.
Info    : Replacing a flip-flop with a logic constant 1. [GLO-13]
        : The instance is 'L2/n_21/bias_reg[20]'.
Info    : Replacing a flip-flop with a logic constant 0. [GLO-12]
        : The instance is 'L2/n_21/bias_reg[21]'.
Info    : Replacing a flip-flop with a logic constant 0. [GLO-12]
        : The instance is 'L2/n_21/bias_reg[22]'.
Info    : Replacing a flip-flop with a logic constant 0. [GLO-12]
        : The instance is 'L2/n_21/bias_reg[23]'.
Info    : Replacing a flip-flop with a logic constant 1. [GLO-13]
        : The instance is 'L2/n_21/bias_reg[24]'.
Info    : Replacing a flip-flop with a logic constant 0. [GLO-12]
        : The instance is 'L2/n_21/bias_reg[25]'.
Info    : Replacing a flip-flop with a logic constant 1. [GLO-13]
        : The instance is 'L2/n_21/bias_reg[26]'.
Info    : Replacing a flip-flop with a logic constant 0. [GLO-12]
        : The instance is 'L2/n_21/bias_reg[27]'.
Info    : Replacing a flip-flop with a logic constant 1. [GLO-13]
        : The instance is 'L2/n_21/bias_reg[28]'.
Info    : Replacing a flip-flop with a logic constant 1. [GLO-13]
        : The instance is 'L2/n_21/bias_reg[29]'.
Info    : Replacing a flip-flop with a logic constant 1. [GLO-13]
        : The instance is 'L2/n_21/bias_reg[30]'.
Info    : Replacing a flip-flop with a logic constant 1. [GLO-13]
        : The instance is 'L2/n_21/bias_reg[31]'.
Info    : Replacing a flip-flop with a logic constant 0. [GLO-12]
        : The instance is 'L2/n_22/bias_reg[0]'.
Info    : Replacing a flip-flop with a logic constant 0. [GLO-12]
        : The instance is 'L2/n_22/bias_reg[1]'.
Info    : Replacing a flip-flop with a logic constant 0. [GLO-12]
        : The instance is 'L2/n_22/bias_reg[2]'.
Info    : Replacing a flip-flop with a logic constant 0. [GLO-12]
        : The instance is 'L2/n_22/bias_reg[3]'.
Info    : Replacing a flip-flop with a logic constant 0. [GLO-12]
        : The instance is 'L2/n_22/bias_reg[4]'.
Info    : Replacing a flip-flop with a logic constant 0. [GLO-12]
        : The instance is 'L2/n_22/bias_reg[5]'.
Info    : Replacing a flip-flop with a logic constant 0. [GLO-12]
        : The instance is 'L2/n_22/bias_reg[6]'.
Info    : Replacing a flip-flop with a logic constant 0. [GLO-12]
        : The instance is 'L2/n_22/bias_reg[7]'.
Info    : Replacing a flip-flop with a logic constant 0. [GLO-12]
        : The instance is 'L2/n_22/bias_reg[8]'.
Info    : Replacing a flip-flop with a logic constant 0. [GLO-12]
        : The instance is 'L2/n_22/bias_reg[9]'.
Info    : Replacing a flip-flop with a logic constant 0. [GLO-12]
        : The instance is 'L2/n_22/bias_reg[10]'.
Info    : Replacing a flip-flop with a logic constant 0. [GLO-12]
        : The instance is 'L2/n_22/bias_reg[11]'.
Info    : Replacing a flip-flop with a logic constant 0. [GLO-12]
        : The instance is 'L2/n_22/bias_reg[12]'.
Info    : Replacing a flip-flop with a logic constant 0. [GLO-12]
        : The instance is 'L2/n_22/bias_reg[13]'.
Info    : Replacing a flip-flop with a logic constant 0. [GLO-12]
        : The instance is 'L2/n_22/bias_reg[14]'.
Info    : Replacing a flip-flop with a logic constant 0. [GLO-12]
        : The instance is 'L2/n_22/bias_reg[15]'.
Info    : Replacing a flip-flop with a logic constant 0. [GLO-12]
        : The instance is 'L2/n_22/bias_reg[16]'.
Info    : Replacing a flip-flop with a logic constant 1. [GLO-13]
        : The instance is 'L2/n_22/bias_reg[17]'.
Info    : Replacing a flip-flop with a logic constant 0. [GLO-12]
        : The instance is 'L2/n_22/bias_reg[18]'.
Info    : Replacing a flip-flop with a logic constant 1. [GLO-13]
        : The instance is 'L2/n_22/bias_reg[19]'.
Info    : Replacing a flip-flop with a logic constant 1. [GLO-13]
        : The instance is 'L2/n_22/bias_reg[20]'.
Info    : Replacing a flip-flop with a logic constant 0. [GLO-12]
        : The instance is 'L2/n_22/bias_reg[21]'.
Info    : Replacing a flip-flop with a logic constant 1. [GLO-13]
        : The instance is 'L2/n_22/bias_reg[22]'.
Info    : Replacing a flip-flop with a logic constant 1. [GLO-13]
        : The instance is 'L2/n_22/bias_reg[23]'.
Info    : Replacing a flip-flop with a logic constant 1. [GLO-13]
        : The instance is 'L2/n_22/bias_reg[24]'.
Info    : Replacing a flip-flop with a logic constant 0. [GLO-12]
        : The instance is 'L2/n_22/bias_reg[25]'.
Info    : Replacing a flip-flop with a logic constant 1. [GLO-13]
        : The instance is 'L2/n_22/bias_reg[26]'.
Info    : Replacing a flip-flop with a logic constant 0. [GLO-12]
        : The instance is 'L2/n_22/bias_reg[27]'.
Info    : Replacing a flip-flop with a logic constant 0. [GLO-12]
        : The instance is 'L2/n_22/bias_reg[28]'.
Info    : Replacing a flip-flop with a logic constant 0. [GLO-12]
        : The instance is 'L2/n_22/bias_reg[29]'.
Info    : Replacing a flip-flop with a logic constant 0. [GLO-12]
        : The instance is 'L2/n_22/bias_reg[30]'.
Info    : Replacing a flip-flop with a logic constant 0. [GLO-12]
        : The instance is 'L2/n_22/bias_reg[31]'.
Info    : Replacing a flip-flop with a logic constant 0. [GLO-12]
        : The instance is 'L2/n_23/bias_reg[0]'.
Info    : Replacing a flip-flop with a logic constant 0. [GLO-12]
        : The instance is 'L2/n_23/bias_reg[1]'.
Info    : Replacing a flip-flop with a logic constant 0. [GLO-12]
        : The instance is 'L2/n_23/bias_reg[2]'.
Info    : Replacing a flip-flop with a logic constant 0. [GLO-12]
        : The instance is 'L2/n_23/bias_reg[3]'.
Info    : Replacing a flip-flop with a logic constant 0. [GLO-12]
        : The instance is 'L2/n_23/bias_reg[4]'.
Info    : Replacing a flip-flop with a logic constant 0. [GLO-12]
        : The instance is 'L2/n_23/bias_reg[5]'.
Info    : Replacing a flip-flop with a logic constant 0. [GLO-12]
        : The instance is 'L2/n_23/bias_reg[6]'.
Info    : Replacing a flip-flop with a logic constant 0. [GLO-12]
        : The instance is 'L2/n_23/bias_reg[7]'.
Info    : Replacing a flip-flop with a logic constant 0. [GLO-12]
        : The instance is 'L2/n_23/bias_reg[8]'.
Info    : Replacing a flip-flop with a logic constant 0. [GLO-12]
        : The instance is 'L2/n_23/bias_reg[9]'.
Info    : Replacing a flip-flop with a logic constant 0. [GLO-12]
        : The instance is 'L2/n_23/bias_reg[10]'.
Info    : Replacing a flip-flop with a logic constant 0. [GLO-12]
        : The instance is 'L2/n_23/bias_reg[11]'.
Info    : Replacing a flip-flop with a logic constant 0. [GLO-12]
        : The instance is 'L2/n_23/bias_reg[12]'.
Info    : Replacing a flip-flop with a logic constant 0. [GLO-12]
        : The instance is 'L2/n_23/bias_reg[13]'.
Info    : Replacing a flip-flop with a logic constant 0. [GLO-12]
        : The instance is 'L2/n_23/bias_reg[14]'.
Info    : Replacing a flip-flop with a logic constant 0. [GLO-12]
        : The instance is 'L2/n_23/bias_reg[15]'.
Info    : Replacing a flip-flop with a logic constant 0. [GLO-12]
        : The instance is 'L2/n_23/bias_reg[16]'.
Info    : Replacing a flip-flop with a logic constant 1. [GLO-13]
        : The instance is 'L2/n_23/bias_reg[17]'.
Info    : Replacing a flip-flop with a logic constant 1. [GLO-13]
        : The instance is 'L2/n_23/bias_reg[18]'.
Info    : Replacing a flip-flop with a logic constant 1. [GLO-13]
        : The instance is 'L2/n_23/bias_reg[19]'.
Info    : Replacing a flip-flop with a logic constant 0. [GLO-12]
        : The instance is 'L2/n_23/bias_reg[20]'.
Info    : Replacing a flip-flop with a logic constant 0. [GLO-12]
        : The instance is 'L2/n_23/bias_reg[21]'.
Info    : Replacing a flip-flop with a logic constant 1. [GLO-13]
        : The instance is 'L2/n_23/bias_reg[22]'.
Info    : Replacing a flip-flop with a logic constant 0. [GLO-12]
        : The instance is 'L2/n_23/bias_reg[23]'.
Info    : Replacing a flip-flop with a logic constant 1. [GLO-13]
        : The instance is 'L2/n_23/bias_reg[24]'.
Info    : Replacing a flip-flop with a logic constant 0. [GLO-12]
        : The instance is 'L2/n_23/bias_reg[25]'.
Info    : Replacing a flip-flop with a logic constant 0. [GLO-12]
        : The instance is 'L2/n_23/bias_reg[26]'.
Info    : Replacing a flip-flop with a logic constant 1. [GLO-13]
        : The instance is 'L2/n_23/bias_reg[27]'.
Info    : Replacing a flip-flop with a logic constant 1. [GLO-13]
        : The instance is 'L2/n_23/bias_reg[28]'.
Info    : Replacing a flip-flop with a logic constant 1. [GLO-13]
        : The instance is 'L2/n_23/bias_reg[29]'.
Info    : Replacing a flip-flop with a logic constant 1. [GLO-13]
        : The instance is 'L2/n_23/bias_reg[30]'.
Info    : Replacing a flip-flop with a logic constant 1. [GLO-13]
        : The instance is 'L2/n_23/bias_reg[31]'.
Info    : Replacing a flip-flop with a logic constant 0. [GLO-12]
        : The instance is 'L2/n_24/bias_reg[0]'.
Info    : Replacing a flip-flop with a logic constant 0. [GLO-12]
        : The instance is 'L2/n_24/bias_reg[1]'.
Info    : Replacing a flip-flop with a logic constant 0. [GLO-12]
        : The instance is 'L2/n_24/bias_reg[2]'.
Info    : Replacing a flip-flop with a logic constant 0. [GLO-12]
        : The instance is 'L2/n_24/bias_reg[3]'.
Info    : Replacing a flip-flop with a logic constant 0. [GLO-12]
        : The instance is 'L2/n_24/bias_reg[4]'.
Info    : Replacing a flip-flop with a logic constant 0. [GLO-12]
        : The instance is 'L2/n_24/bias_reg[5]'.
Info    : Replacing a flip-flop with a logic constant 0. [GLO-12]
        : The instance is 'L2/n_24/bias_reg[6]'.
Info    : Replacing a flip-flop with a logic constant 0. [GLO-12]
        : The instance is 'L2/n_24/bias_reg[7]'.
Info    : Replacing a flip-flop with a logic constant 0. [GLO-12]
        : The instance is 'L2/n_24/bias_reg[8]'.
Info    : Replacing a flip-flop with a logic constant 0. [GLO-12]
        : The instance is 'L2/n_24/bias_reg[9]'.
Info    : Replacing a flip-flop with a logic constant 0. [GLO-12]
        : The instance is 'L2/n_24/bias_reg[10]'.
Info    : Replacing a flip-flop with a logic constant 0. [GLO-12]
        : The instance is 'L2/n_24/bias_reg[11]'.
Info    : Replacing a flip-flop with a logic constant 0. [GLO-12]
        : The instance is 'L2/n_24/bias_reg[12]'.
Info    : Replacing a flip-flop with a logic constant 0. [GLO-12]
        : The instance is 'L2/n_24/bias_reg[13]'.
Info    : Replacing a flip-flop with a logic constant 0. [GLO-12]
        : The instance is 'L2/n_24/bias_reg[14]'.
Info    : Replacing a flip-flop with a logic constant 0. [GLO-12]
        : The instance is 'L2/n_24/bias_reg[15]'.
Info    : Replacing a flip-flop with a logic constant 0. [GLO-12]
        : The instance is 'L2/n_24/bias_reg[16]'.
Info    : Replacing a flip-flop with a logic constant 0. [GLO-12]
        : The instance is 'L2/n_24/bias_reg[17]'.
Info    : Replacing a flip-flop with a logic constant 0. [GLO-12]
        : The instance is 'L2/n_24/bias_reg[18]'.
Info    : Replacing a flip-flop with a logic constant 0. [GLO-12]
        : The instance is 'L2/n_24/bias_reg[19]'.
Info    : Replacing a flip-flop with a logic constant 1. [GLO-13]
        : The instance is 'L2/n_24/bias_reg[20]'.
Info    : Replacing a flip-flop with a logic constant 0. [GLO-12]
        : The instance is 'L2/n_24/bias_reg[21]'.
Info    : Replacing a flip-flop with a logic constant 0. [GLO-12]
        : The instance is 'L2/n_24/bias_reg[22]'.
Info    : Replacing a flip-flop with a logic constant 0. [GLO-12]
        : The instance is 'L2/n_24/bias_reg[23]'.
Info    : Replacing a flip-flop with a logic constant 0. [GLO-12]
        : The instance is 'L2/n_24/bias_reg[24]'.
Info    : Replacing a flip-flop with a logic constant 1. [GLO-13]
        : The instance is 'L2/n_24/bias_reg[25]'.
Info    : Replacing a flip-flop with a logic constant 1. [GLO-13]
        : The instance is 'L2/n_24/bias_reg[26]'.
Info    : Replacing a flip-flop with a logic constant 1. [GLO-13]
        : The instance is 'L2/n_24/bias_reg[27]'.
Info    : Replacing a flip-flop with a logic constant 1. [GLO-13]
        : The instance is 'L2/n_24/bias_reg[28]'.
Info    : Replacing a flip-flop with a logic constant 1. [GLO-13]
        : The instance is 'L2/n_24/bias_reg[29]'.
Info    : Replacing a flip-flop with a logic constant 1. [GLO-13]
        : The instance is 'L2/n_24/bias_reg[30]'.
Info    : Replacing a flip-flop with a logic constant 1. [GLO-13]
        : The instance is 'L2/n_24/bias_reg[31]'.
Info    : Replacing a flip-flop with a logic constant 0. [GLO-12]
        : The instance is 'L2/n_25/bias_reg[0]'.
Info    : Replacing a flip-flop with a logic constant 0. [GLO-12]
        : The instance is 'L2/n_25/bias_reg[1]'.
Info    : Replacing a flip-flop with a logic constant 0. [GLO-12]
        : The instance is 'L2/n_25/bias_reg[2]'.
Info    : Replacing a flip-flop with a logic constant 0. [GLO-12]
        : The instance is 'L2/n_25/bias_reg[3]'.
Info    : Replacing a flip-flop with a logic constant 0. [GLO-12]
        : The instance is 'L2/n_25/bias_reg[4]'.
Info    : Replacing a flip-flop with a logic constant 0. [GLO-12]
        : The instance is 'L2/n_25/bias_reg[5]'.
Info    : Replacing a flip-flop with a logic constant 0. [GLO-12]
        : The instance is 'L2/n_25/bias_reg[6]'.
Info    : Replacing a flip-flop with a logic constant 0. [GLO-12]
        : The instance is 'L2/n_25/bias_reg[7]'.
Info    : Replacing a flip-flop with a logic constant 0. [GLO-12]
        : The instance is 'L2/n_25/bias_reg[8]'.
Info    : Replacing a flip-flop with a logic constant 0. [GLO-12]
        : The instance is 'L2/n_25/bias_reg[9]'.
Info    : Replacing a flip-flop with a logic constant 0. [GLO-12]
        : The instance is 'L2/n_25/bias_reg[10]'.
Info    : Replacing a flip-flop with a logic constant 0. [GLO-12]
        : The instance is 'L2/n_25/bias_reg[11]'.
Info    : Replacing a flip-flop with a logic constant 0. [GLO-12]
        : The instance is 'L2/n_25/bias_reg[12]'.
Info    : Replacing a flip-flop with a logic constant 0. [GLO-12]
        : The instance is 'L2/n_25/bias_reg[13]'.
Info    : Replacing a flip-flop with a logic constant 0. [GLO-12]
        : The instance is 'L2/n_25/bias_reg[14]'.
Info    : Replacing a flip-flop with a logic constant 0. [GLO-12]
        : The instance is 'L2/n_25/bias_reg[15]'.
Info    : Replacing a flip-flop with a logic constant 0. [GLO-12]
        : The instance is 'L2/n_25/bias_reg[16]'.
Info    : Replacing a flip-flop with a logic constant 1. [GLO-13]
        : The instance is 'L2/n_25/bias_reg[17]'.
Info    : Replacing a flip-flop with a logic constant 1. [GLO-13]
        : The instance is 'L2/n_25/bias_reg[18]'.
Info    : Replacing a flip-flop with a logic constant 0. [GLO-12]
        : The instance is 'L2/n_25/bias_reg[19]'.
Info    : Replacing a flip-flop with a logic constant 0. [GLO-12]
        : The instance is 'L2/n_25/bias_reg[20]'.
Info    : Replacing a flip-flop with a logic constant 1. [GLO-13]
        : The instance is 'L2/n_25/bias_reg[21]'.
Info    : Replacing a flip-flop with a logic constant 0. [GLO-12]
        : The instance is 'L2/n_25/bias_reg[22]'.
Info    : Replacing a flip-flop with a logic constant 1. [GLO-13]
        : The instance is 'L2/n_25/bias_reg[23]'.
Info    : Replacing a flip-flop with a logic constant 1. [GLO-13]
        : The instance is 'L2/n_25/bias_reg[24]'.
Info    : Replacing a flip-flop with a logic constant 1. [GLO-13]
        : The instance is 'L2/n_25/bias_reg[25]'.
Info    : Replacing a flip-flop with a logic constant 0. [GLO-12]
        : The instance is 'L2/n_25/bias_reg[26]'.
Info    : Replacing a flip-flop with a logic constant 1. [GLO-13]
        : The instance is 'L2/n_25/bias_reg[27]'.
Info    : Replacing a flip-flop with a logic constant 1. [GLO-13]
        : The instance is 'L2/n_25/bias_reg[28]'.
Info    : Replacing a flip-flop with a logic constant 1. [GLO-13]
        : The instance is 'L2/n_25/bias_reg[29]'.
Info    : Replacing a flip-flop with a logic constant 1. [GLO-13]
        : The instance is 'L2/n_25/bias_reg[30]'.
Info    : Replacing a flip-flop with a logic constant 1. [GLO-13]
        : The instance is 'L2/n_25/bias_reg[31]'.
Info    : Replacing a flip-flop with a logic constant 0. [GLO-12]
        : The instance is 'L2/n_26/bias_reg[0]'.
Info    : Replacing a flip-flop with a logic constant 0. [GLO-12]
        : The instance is 'L2/n_26/bias_reg[1]'.
Info    : Replacing a flip-flop with a logic constant 0. [GLO-12]
        : The instance is 'L2/n_26/bias_reg[2]'.
Info    : Replacing a flip-flop with a logic constant 0. [GLO-12]
        : The instance is 'L2/n_26/bias_reg[3]'.
Info    : Replacing a flip-flop with a logic constant 0. [GLO-12]
        : The instance is 'L2/n_26/bias_reg[4]'.
Info    : Replacing a flip-flop with a logic constant 0. [GLO-12]
        : The instance is 'L2/n_26/bias_reg[5]'.
Info    : Replacing a flip-flop with a logic constant 0. [GLO-12]
        : The instance is 'L2/n_26/bias_reg[6]'.
Info    : Replacing a flip-flop with a logic constant 0. [GLO-12]
        : The instance is 'L2/n_26/bias_reg[7]'.
Info    : Replacing a flip-flop with a logic constant 0. [GLO-12]
        : The instance is 'L2/n_26/bias_reg[8]'.
Info    : Replacing a flip-flop with a logic constant 0. [GLO-12]
        : The instance is 'L2/n_26/bias_reg[9]'.
Info    : Replacing a flip-flop with a logic constant 0. [GLO-12]
        : The instance is 'L2/n_26/bias_reg[10]'.
Info    : Replacing a flip-flop with a logic constant 0. [GLO-12]
        : The instance is 'L2/n_26/bias_reg[11]'.
Info    : Replacing a flip-flop with a logic constant 0. [GLO-12]
        : The instance is 'L2/n_26/bias_reg[12]'.
Info    : Replacing a flip-flop with a logic constant 0. [GLO-12]
        : The instance is 'L2/n_26/bias_reg[13]'.
Info    : Replacing a flip-flop with a logic constant 0. [GLO-12]
        : The instance is 'L2/n_26/bias_reg[14]'.
Info    : Replacing a flip-flop with a logic constant 0. [GLO-12]
        : The instance is 'L2/n_26/bias_reg[15]'.
Info    : Replacing a flip-flop with a logic constant 1. [GLO-13]
        : The instance is 'L2/n_26/bias_reg[16]'.
Info    : Replacing a flip-flop with a logic constant 1. [GLO-13]
        : The instance is 'L2/n_26/bias_reg[17]'.
Info    : Replacing a flip-flop with a logic constant 1. [GLO-13]
        : The instance is 'L2/n_26/bias_reg[18]'.
Info    : Replacing a flip-flop with a logic constant 0. [GLO-12]
        : The instance is 'L2/n_26/bias_reg[19]'.
Info    : Replacing a flip-flop with a logic constant 0. [GLO-12]
        : The instance is 'L2/n_26/bias_reg[20]'.
Info    : Replacing a flip-flop with a logic constant 0. [GLO-12]
        : The instance is 'L2/n_26/bias_reg[21]'.
Info    : Replacing a flip-flop with a logic constant 1. [GLO-13]
        : The instance is 'L2/n_26/bias_reg[22]'.
Info    : Replacing a flip-flop with a logic constant 0. [GLO-12]
        : The instance is 'L2/n_26/bias_reg[23]'.
Info    : Replacing a flip-flop with a logic constant 1. [GLO-13]
        : The instance is 'L2/n_26/bias_reg[24]'.
Info    : Replacing a flip-flop with a logic constant 1. [GLO-13]
        : The instance is 'L2/n_26/bias_reg[25]'.
Info    : Replacing a flip-flop with a logic constant 0. [GLO-12]
        : The instance is 'L2/n_26/bias_reg[26]'.
Info    : Replacing a flip-flop with a logic constant 0. [GLO-12]
        : The instance is 'L2/n_26/bias_reg[27]'.
Info    : Replacing a flip-flop with a logic constant 1. [GLO-13]
        : The instance is 'L2/n_26/bias_reg[28]'.
Info    : Replacing a flip-flop with a logic constant 1. [GLO-13]
        : The instance is 'L2/n_26/bias_reg[29]'.
Info    : Replacing a flip-flop with a logic constant 1. [GLO-13]
        : The instance is 'L2/n_26/bias_reg[30]'.
Info    : Replacing a flip-flop with a logic constant 1. [GLO-13]
        : The instance is 'L2/n_26/bias_reg[31]'.
Info    : Replacing a flip-flop with a logic constant 0. [GLO-12]
        : The instance is 'L2/n_27/bias_reg[0]'.
Info    : Replacing a flip-flop with a logic constant 0. [GLO-12]
        : The instance is 'L2/n_27/bias_reg[1]'.
Info    : Replacing a flip-flop with a logic constant 0. [GLO-12]
        : The instance is 'L2/n_27/bias_reg[2]'.
Info    : Replacing a flip-flop with a logic constant 0. [GLO-12]
        : The instance is 'L2/n_27/bias_reg[3]'.
Info    : Replacing a flip-flop with a logic constant 0. [GLO-12]
        : The instance is 'L2/n_27/bias_reg[4]'.
Info    : Replacing a flip-flop with a logic constant 0. [GLO-12]
        : The instance is 'L2/n_27/bias_reg[5]'.
Info    : Replacing a flip-flop with a logic constant 0. [GLO-12]
        : The instance is 'L2/n_27/bias_reg[6]'.
Info    : Replacing a flip-flop with a logic constant 0. [GLO-12]
        : The instance is 'L2/n_27/bias_reg[7]'.
Info    : Replacing a flip-flop with a logic constant 0. [GLO-12]
        : The instance is 'L2/n_27/bias_reg[8]'.
Info    : Replacing a flip-flop with a logic constant 0. [GLO-12]
        : The instance is 'L2/n_27/bias_reg[9]'.
Info    : Replacing a flip-flop with a logic constant 0. [GLO-12]
        : The instance is 'L2/n_27/bias_reg[10]'.
Info    : Replacing a flip-flop with a logic constant 0. [GLO-12]
        : The instance is 'L2/n_27/bias_reg[11]'.
Info    : Replacing a flip-flop with a logic constant 0. [GLO-12]
        : The instance is 'L2/n_27/bias_reg[12]'.
Info    : Replacing a flip-flop with a logic constant 0. [GLO-12]
        : The instance is 'L2/n_27/bias_reg[13]'.
Info    : Replacing a flip-flop with a logic constant 0. [GLO-12]
        : The instance is 'L2/n_27/bias_reg[14]'.
Info    : Replacing a flip-flop with a logic constant 0. [GLO-12]
        : The instance is 'L2/n_27/bias_reg[15]'.
Info    : Replacing a flip-flop with a logic constant 1. [GLO-13]
        : The instance is 'L2/n_27/bias_reg[16]'.
Info    : Replacing a flip-flop with a logic constant 1. [GLO-13]
        : The instance is 'L2/n_27/bias_reg[17]'.
Info    : Replacing a flip-flop with a logic constant 1. [GLO-13]
        : The instance is 'L2/n_27/bias_reg[18]'.
Info    : Replacing a flip-flop with a logic constant 1. [GLO-13]
        : The instance is 'L2/n_27/bias_reg[19]'.
Info    : Replacing a flip-flop with a logic constant 0. [GLO-12]
        : The instance is 'L2/n_27/bias_reg[20]'.
Info    : Replacing a flip-flop with a logic constant 1. [GLO-13]
        : The instance is 'L2/n_27/bias_reg[21]'.
Info    : Replacing a flip-flop with a logic constant 0. [GLO-12]
        : The instance is 'L2/n_27/bias_reg[22]'.
Info    : Replacing a flip-flop with a logic constant 0. [GLO-12]
        : The instance is 'L2/n_27/bias_reg[23]'.
Info    : Replacing a flip-flop with a logic constant 1. [GLO-13]
        : The instance is 'L2/n_27/bias_reg[24]'.
Info    : Replacing a flip-flop with a logic constant 1. [GLO-13]
        : The instance is 'L2/n_27/bias_reg[25]'.
Info    : Replacing a flip-flop with a logic constant 1. [GLO-13]
        : The instance is 'L2/n_27/bias_reg[26]'.
Info    : Replacing a flip-flop with a logic constant 1. [GLO-13]
        : The instance is 'L2/n_27/bias_reg[27]'.
Info    : Replacing a flip-flop with a logic constant 1. [GLO-13]
        : The instance is 'L2/n_27/bias_reg[28]'.
Info    : Replacing a flip-flop with a logic constant 1. [GLO-13]
        : The instance is 'L2/n_27/bias_reg[29]'.
Info    : Replacing a flip-flop with a logic constant 1. [GLO-13]
        : The instance is 'L2/n_27/bias_reg[30]'.
Info    : Replacing a flip-flop with a logic constant 1. [GLO-13]
        : The instance is 'L2/n_27/bias_reg[31]'.
Info    : Replacing a flip-flop with a logic constant 0. [GLO-12]
        : The instance is 'L2/n_28/bias_reg[0]'.
Info    : Replacing a flip-flop with a logic constant 0. [GLO-12]
        : The instance is 'L2/n_28/bias_reg[1]'.
Info    : Replacing a flip-flop with a logic constant 0. [GLO-12]
        : The instance is 'L2/n_28/bias_reg[2]'.
Info    : Replacing a flip-flop with a logic constant 0. [GLO-12]
        : The instance is 'L2/n_28/bias_reg[3]'.
Info    : Replacing a flip-flop with a logic constant 0. [GLO-12]
        : The instance is 'L2/n_28/bias_reg[4]'.
Info    : Replacing a flip-flop with a logic constant 0. [GLO-12]
        : The instance is 'L2/n_28/bias_reg[5]'.
Info    : Replacing a flip-flop with a logic constant 0. [GLO-12]
        : The instance is 'L2/n_28/bias_reg[6]'.
Info    : Replacing a flip-flop with a logic constant 0. [GLO-12]
        : The instance is 'L2/n_28/bias_reg[7]'.
Info    : Replacing a flip-flop with a logic constant 0. [GLO-12]
        : The instance is 'L2/n_28/bias_reg[8]'.
Info    : Replacing a flip-flop with a logic constant 0. [GLO-12]
        : The instance is 'L2/n_28/bias_reg[9]'.
Info    : Replacing a flip-flop with a logic constant 0. [GLO-12]
        : The instance is 'L2/n_28/bias_reg[10]'.
Info    : Replacing a flip-flop with a logic constant 0. [GLO-12]
        : The instance is 'L2/n_28/bias_reg[11]'.
Info    : Replacing a flip-flop with a logic constant 0. [GLO-12]
        : The instance is 'L2/n_28/bias_reg[12]'.
Info    : Replacing a flip-flop with a logic constant 0. [GLO-12]
        : The instance is 'L2/n_28/bias_reg[13]'.
Info    : Replacing a flip-flop with a logic constant 0. [GLO-12]
        : The instance is 'L2/n_28/bias_reg[14]'.
Info    : Replacing a flip-flop with a logic constant 0. [GLO-12]
        : The instance is 'L2/n_28/bias_reg[15]'.
Info    : Replacing a flip-flop with a logic constant 1. [GLO-13]
        : The instance is 'L2/n_28/bias_reg[16]'.
Info    : Replacing a flip-flop with a logic constant 1. [GLO-13]
        : The instance is 'L2/n_28/bias_reg[17]'.
Info    : Replacing a flip-flop with a logic constant 0. [GLO-12]
        : The instance is 'L2/n_28/bias_reg[18]'.
Info    : Replacing a flip-flop with a logic constant 1. [GLO-13]
        : The instance is 'L2/n_28/bias_reg[19]'.
Info    : Replacing a flip-flop with a logic constant 0. [GLO-12]
        : The instance is 'L2/n_28/bias_reg[20]'.
Info    : Replacing a flip-flop with a logic constant 1. [GLO-13]
        : The instance is 'L2/n_28/bias_reg[21]'.
Info    : Replacing a flip-flop with a logic constant 0. [GLO-12]
        : The instance is 'L2/n_28/bias_reg[22]'.
Info    : Replacing a flip-flop with a logic constant 1. [GLO-13]
        : The instance is 'L2/n_28/bias_reg[23]'.
Info    : Replacing a flip-flop with a logic constant 0. [GLO-12]
        : The instance is 'L2/n_28/bias_reg[24]'.
Info    : Replacing a flip-flop with a logic constant 1. [GLO-13]
        : The instance is 'L2/n_28/bias_reg[25]'.
Info    : Replacing a flip-flop with a logic constant 1. [GLO-13]
        : The instance is 'L2/n_28/bias_reg[26]'.
Info    : Replacing a flip-flop with a logic constant 0. [GLO-12]
        : The instance is 'L2/n_28/bias_reg[27]'.
Info    : Replacing a flip-flop with a logic constant 0. [GLO-12]
        : The instance is 'L2/n_28/bias_reg[28]'.
Info    : Replacing a flip-flop with a logic constant 0. [GLO-12]
        : The instance is 'L2/n_28/bias_reg[29]'.
Info    : Replacing a flip-flop with a logic constant 0. [GLO-12]
        : The instance is 'L2/n_28/bias_reg[30]'.
Info    : Replacing a flip-flop with a logic constant 0. [GLO-12]
        : The instance is 'L2/n_28/bias_reg[31]'.
Info    : Replacing a flip-flop with a logic constant 0. [GLO-12]
        : The instance is 'L2/n_29/bias_reg[0]'.
Info    : Replacing a flip-flop with a logic constant 0. [GLO-12]
        : The instance is 'L2/n_29/bias_reg[1]'.
Info    : Replacing a flip-flop with a logic constant 0. [GLO-12]
        : The instance is 'L2/n_29/bias_reg[2]'.
Info    : Replacing a flip-flop with a logic constant 0. [GLO-12]
        : The instance is 'L2/n_29/bias_reg[3]'.
Info    : Replacing a flip-flop with a logic constant 0. [GLO-12]
        : The instance is 'L2/n_29/bias_reg[4]'.
Info    : Replacing a flip-flop with a logic constant 0. [GLO-12]
        : The instance is 'L2/n_29/bias_reg[5]'.
Info    : Replacing a flip-flop with a logic constant 0. [GLO-12]
        : The instance is 'L2/n_29/bias_reg[6]'.
Info    : Replacing a flip-flop with a logic constant 0. [GLO-12]
        : The instance is 'L2/n_29/bias_reg[7]'.
Info    : Replacing a flip-flop with a logic constant 0. [GLO-12]
        : The instance is 'L2/n_29/bias_reg[8]'.
Info    : Replacing a flip-flop with a logic constant 0. [GLO-12]
        : The instance is 'L2/n_29/bias_reg[9]'.
Info    : Replacing a flip-flop with a logic constant 0. [GLO-12]
        : The instance is 'L2/n_29/bias_reg[10]'.
Info    : Replacing a flip-flop with a logic constant 0. [GLO-12]
        : The instance is 'L2/n_29/bias_reg[11]'.
Info    : Replacing a flip-flop with a logic constant 0. [GLO-12]
        : The instance is 'L2/n_29/bias_reg[12]'.
Info    : Replacing a flip-flop with a logic constant 0. [GLO-12]
        : The instance is 'L2/n_29/bias_reg[13]'.
Info    : Replacing a flip-flop with a logic constant 0. [GLO-12]
        : The instance is 'L2/n_29/bias_reg[14]'.
Info    : Replacing a flip-flop with a logic constant 0. [GLO-12]
        : The instance is 'L2/n_29/bias_reg[15]'.
Info    : Replacing a flip-flop with a logic constant 1. [GLO-13]
        : The instance is 'L2/n_29/bias_reg[16]'.
Info    : Replacing a flip-flop with a logic constant 0. [GLO-12]
        : The instance is 'L2/n_29/bias_reg[17]'.
Info    : Replacing a flip-flop with a logic constant 0. [GLO-12]
        : The instance is 'L2/n_29/bias_reg[18]'.
Info    : Replacing a flip-flop with a logic constant 0. [GLO-12]
        : The instance is 'L2/n_29/bias_reg[19]'.
Info    : Replacing a flip-flop with a logic constant 0. [GLO-12]
        : The instance is 'L2/n_29/bias_reg[20]'.
Info    : Replacing a flip-flop with a logic constant 1. [GLO-13]
        : The instance is 'L2/n_29/bias_reg[21]'.
Info    : Replacing a flip-flop with a logic constant 1. [GLO-13]
        : The instance is 'L2/n_29/bias_reg[22]'.
Info    : Replacing a flip-flop with a logic constant 1. [GLO-13]
        : The instance is 'L2/n_29/bias_reg[23]'.
Info    : Replacing a flip-flop with a logic constant 0. [GLO-12]
        : The instance is 'L2/n_29/bias_reg[24]'.
Info    : Replacing a flip-flop with a logic constant 1. [GLO-13]
        : The instance is 'L2/n_29/bias_reg[25]'.
Info    : Replacing a flip-flop with a logic constant 1. [GLO-13]
        : The instance is 'L2/n_29/bias_reg[26]'.
Info    : Replacing a flip-flop with a logic constant 0. [GLO-12]
        : The instance is 'L2/n_29/bias_reg[27]'.
Info    : Replacing a flip-flop with a logic constant 0. [GLO-12]
        : The instance is 'L2/n_29/bias_reg[28]'.
Info    : Replacing a flip-flop with a logic constant 0. [GLO-12]
        : The instance is 'L2/n_29/bias_reg[29]'.
Info    : Replacing a flip-flop with a logic constant 0. [GLO-12]
        : The instance is 'L2/n_29/bias_reg[30]'.
Info    : Replacing a flip-flop with a logic constant 0. [GLO-12]
        : The instance is 'L2/n_29/bias_reg[31]'.
Info    : Replacing a flip-flop with a logic constant 0. [GLO-12]
        : The instance is 'L3/n_0/bias_reg[0]'.
Info    : Replacing a flip-flop with a logic constant 0. [GLO-12]
        : The instance is 'L3/n_0/bias_reg[1]'.
Info    : Replacing a flip-flop with a logic constant 0. [GLO-12]
        : The instance is 'L3/n_0/bias_reg[2]'.
Info    : Replacing a flip-flop with a logic constant 0. [GLO-12]
        : The instance is 'L3/n_0/bias_reg[3]'.
Info    : Replacing a flip-flop with a logic constant 0. [GLO-12]
        : The instance is 'L3/n_0/bias_reg[4]'.
Info    : Replacing a flip-flop with a logic constant 0. [GLO-12]
        : The instance is 'L3/n_0/bias_reg[5]'.
Info    : Replacing a flip-flop with a logic constant 0. [GLO-12]
        : The instance is 'L3/n_0/bias_reg[6]'.
Info    : Replacing a flip-flop with a logic constant 0. [GLO-12]
        : The instance is 'L3/n_0/bias_reg[7]'.
Info    : Replacing a flip-flop with a logic constant 0. [GLO-12]
        : The instance is 'L3/n_0/bias_reg[8]'.
Info    : Replacing a flip-flop with a logic constant 0. [GLO-12]
        : The instance is 'L3/n_0/bias_reg[9]'.
Info    : Replacing a flip-flop with a logic constant 0. [GLO-12]
        : The instance is 'L3/n_0/bias_reg[10]'.
Info    : Replacing a flip-flop with a logic constant 0. [GLO-12]
        : The instance is 'L3/n_0/bias_reg[11]'.
Info    : Replacing a flip-flop with a logic constant 0. [GLO-12]
        : The instance is 'L3/n_0/bias_reg[12]'.
Info    : Replacing a flip-flop with a logic constant 0. [GLO-12]
        : The instance is 'L3/n_0/bias_reg[13]'.
Info    : Replacing a flip-flop with a logic constant 0. [GLO-12]
        : The instance is 'L3/n_0/bias_reg[14]'.
Info    : Replacing a flip-flop with a logic constant 0. [GLO-12]
        : The instance is 'L3/n_0/bias_reg[15]'.
Info    : Replacing a flip-flop with a logic constant 1. [GLO-13]
        : The instance is 'L3/n_0/bias_reg[16]'.
Info    : Replacing a flip-flop with a logic constant 1. [GLO-13]
        : The instance is 'L3/n_0/bias_reg[17]'.
Info    : Replacing a flip-flop with a logic constant 1. [GLO-13]
        : The instance is 'L3/n_0/bias_reg[18]'.
Info    : Replacing a flip-flop with a logic constant 0. [GLO-12]
        : The instance is 'L3/n_0/bias_reg[19]'.
Info    : Replacing a flip-flop with a logic constant 0. [GLO-12]
        : The instance is 'L3/n_0/bias_reg[20]'.
Info    : Replacing a flip-flop with a logic constant 0. [GLO-12]
        : The instance is 'L3/n_0/bias_reg[21]'.
Info    : Replacing a flip-flop with a logic constant 0. [GLO-12]
        : The instance is 'L3/n_0/bias_reg[22]'.
Info    : Replacing a flip-flop with a logic constant 1. [GLO-13]
        : The instance is 'L3/n_0/bias_reg[23]'.
Info    : Replacing a flip-flop with a logic constant 0. [GLO-12]
        : The instance is 'L3/n_0/bias_reg[24]'.
Info    : Replacing a flip-flop with a logic constant 1. [GLO-13]
        : The instance is 'L3/n_0/bias_reg[25]'.
Info    : Replacing a flip-flop with a logic constant 1. [GLO-13]
        : The instance is 'L3/n_0/bias_reg[26]'.
Info    : Replacing a flip-flop with a logic constant 0. [GLO-12]
        : The instance is 'L3/n_0/bias_reg[27]'.
Info    : Replacing a flip-flop with a logic constant 0. [GLO-12]
        : The instance is 'L3/n_0/bias_reg[28]'.
Info    : Replacing a flip-flop with a logic constant 0. [GLO-12]
        : The instance is 'L3/n_0/bias_reg[29]'.
Info    : Replacing a flip-flop with a logic constant 0. [GLO-12]
        : The instance is 'L3/n_0/bias_reg[30]'.
Info    : Replacing a flip-flop with a logic constant 0. [GLO-12]
        : The instance is 'L3/n_0/bias_reg[31]'.
Info    : Replacing a flip-flop with a logic constant 0. [GLO-12]
        : The instance is 'L3/n_1/bias_reg[0]'.
Info    : Replacing a flip-flop with a logic constant 0. [GLO-12]
        : The instance is 'L3/n_1/bias_reg[1]'.
Info    : Replacing a flip-flop with a logic constant 0. [GLO-12]
        : The instance is 'L3/n_1/bias_reg[2]'.
Info    : Replacing a flip-flop with a logic constant 0. [GLO-12]
        : The instance is 'L3/n_1/bias_reg[3]'.
Info    : Replacing a flip-flop with a logic constant 0. [GLO-12]
        : The instance is 'L3/n_1/bias_reg[4]'.
Info    : Replacing a flip-flop with a logic constant 0. [GLO-12]
        : The instance is 'L3/n_1/bias_reg[5]'.
Info    : Replacing a flip-flop with a logic constant 0. [GLO-12]
        : The instance is 'L3/n_1/bias_reg[6]'.
Info    : Replacing a flip-flop with a logic constant 0. [GLO-12]
        : The instance is 'L3/n_1/bias_reg[7]'.
Info    : Replacing a flip-flop with a logic constant 0. [GLO-12]
        : The instance is 'L3/n_1/bias_reg[8]'.
Info    : Replacing a flip-flop with a logic constant 0. [GLO-12]
        : The instance is 'L3/n_1/bias_reg[9]'.
Info    : Replacing a flip-flop with a logic constant 0. [GLO-12]
        : The instance is 'L3/n_1/bias_reg[10]'.
Info    : Replacing a flip-flop with a logic constant 0. [GLO-12]
        : The instance is 'L3/n_1/bias_reg[11]'.
Info    : Replacing a flip-flop with a logic constant 0. [GLO-12]
        : The instance is 'L3/n_1/bias_reg[12]'.
Info    : Replacing a flip-flop with a logic constant 0. [GLO-12]
        : The instance is 'L3/n_1/bias_reg[13]'.
Info    : Replacing a flip-flop with a logic constant 0. [GLO-12]
        : The instance is 'L3/n_1/bias_reg[14]'.
Info    : Replacing a flip-flop with a logic constant 0. [GLO-12]
        : The instance is 'L3/n_1/bias_reg[15]'.
Info    : Replacing a flip-flop with a logic constant 0. [GLO-12]
        : The instance is 'L3/n_1/bias_reg[16]'.
Info    : Replacing a flip-flop with a logic constant 0. [GLO-12]
        : The instance is 'L3/n_1/bias_reg[17]'.
Info    : Replacing a flip-flop with a logic constant 0. [GLO-12]
        : The instance is 'L3/n_1/bias_reg[18]'.
Info    : Replacing a flip-flop with a logic constant 0. [GLO-12]
        : The instance is 'L3/n_1/bias_reg[19]'.
Info    : Replacing a flip-flop with a logic constant 0. [GLO-12]
        : The instance is 'L3/n_1/bias_reg[20]'.
Info    : Replacing a flip-flop with a logic constant 0. [GLO-12]
        : The instance is 'L3/n_1/bias_reg[21]'.
Info    : Replacing a flip-flop with a logic constant 0. [GLO-12]
        : The instance is 'L3/n_1/bias_reg[22]'.
Info    : Replacing a flip-flop with a logic constant 0. [GLO-12]
        : The instance is 'L3/n_1/bias_reg[23]'.
Info    : Replacing a flip-flop with a logic constant 1. [GLO-13]
        : The instance is 'L3/n_1/bias_reg[24]'.
Info    : Replacing a flip-flop with a logic constant 0. [GLO-12]
        : The instance is 'L3/n_1/bias_reg[25]'.
Info    : Replacing a flip-flop with a logic constant 0. [GLO-12]
        : The instance is 'L3/n_1/bias_reg[26]'.
Info    : Replacing a flip-flop with a logic constant 1. [GLO-13]
        : The instance is 'L3/n_1/bias_reg[27]'.
Info    : Replacing a flip-flop with a logic constant 1. [GLO-13]
        : The instance is 'L3/n_1/bias_reg[28]'.
Info    : Replacing a flip-flop with a logic constant 1. [GLO-13]
        : The instance is 'L3/n_1/bias_reg[29]'.
Info    : Replacing a flip-flop with a logic constant 1. [GLO-13]
        : The instance is 'L3/n_1/bias_reg[30]'.
Info    : Replacing a flip-flop with a logic constant 1. [GLO-13]
        : The instance is 'L3/n_1/bias_reg[31]'.
Info    : Replacing a flip-flop with a logic constant 0. [GLO-12]
        : The instance is 'L3/n_2/bias_reg[0]'.
Info    : Replacing a flip-flop with a logic constant 0. [GLO-12]
        : The instance is 'L3/n_2/bias_reg[1]'.
Info    : Replacing a flip-flop with a logic constant 0. [GLO-12]
        : The instance is 'L3/n_2/bias_reg[2]'.
Info    : Replacing a flip-flop with a logic constant 0. [GLO-12]
        : The instance is 'L3/n_2/bias_reg[3]'.
Info    : Replacing a flip-flop with a logic constant 0. [GLO-12]
        : The instance is 'L3/n_2/bias_reg[4]'.
Info    : Replacing a flip-flop with a logic constant 0. [GLO-12]
        : The instance is 'L3/n_2/bias_reg[5]'.
Info    : Replacing a flip-flop with a logic constant 0. [GLO-12]
        : The instance is 'L3/n_2/bias_reg[6]'.
Info    : Replacing a flip-flop with a logic constant 0. [GLO-12]
        : The instance is 'L3/n_2/bias_reg[7]'.
Info    : Replacing a flip-flop with a logic constant 0. [GLO-12]
        : The instance is 'L3/n_2/bias_reg[8]'.
Info    : Replacing a flip-flop with a logic constant 0. [GLO-12]
        : The instance is 'L3/n_2/bias_reg[9]'.
Info    : Replacing a flip-flop with a logic constant 0. [GLO-12]
        : The instance is 'L3/n_2/bias_reg[10]'.
Info    : Replacing a flip-flop with a logic constant 0. [GLO-12]
        : The instance is 'L3/n_2/bias_reg[11]'.
Info    : Replacing a flip-flop with a logic constant 0. [GLO-12]
        : The instance is 'L3/n_2/bias_reg[12]'.
Info    : Replacing a flip-flop with a logic constant 0. [GLO-12]
        : The instance is 'L3/n_2/bias_reg[13]'.
Info    : Replacing a flip-flop with a logic constant 0. [GLO-12]
        : The instance is 'L3/n_2/bias_reg[14]'.
Info    : Replacing a flip-flop with a logic constant 0. [GLO-12]
        : The instance is 'L3/n_2/bias_reg[15]'.
Info    : Replacing a flip-flop with a logic constant 1. [GLO-13]
        : The instance is 'L3/n_2/bias_reg[16]'.
Info    : Replacing a flip-flop with a logic constant 1. [GLO-13]
        : The instance is 'L3/n_2/bias_reg[17]'.
Info    : Replacing a flip-flop with a logic constant 1. [GLO-13]
        : The instance is 'L3/n_2/bias_reg[18]'.
Info    : Replacing a flip-flop with a logic constant 1. [GLO-13]
        : The instance is 'L3/n_2/bias_reg[19]'.
Info    : Replacing a flip-flop with a logic constant 0. [GLO-12]
        : The instance is 'L3/n_2/bias_reg[20]'.
Info    : Replacing a flip-flop with a logic constant 1. [GLO-13]
        : The instance is 'L3/n_2/bias_reg[21]'.
Info    : Replacing a flip-flop with a logic constant 1. [GLO-13]
        : The instance is 'L3/n_2/bias_reg[22]'.
Info    : Replacing a flip-flop with a logic constant 0. [GLO-12]
        : The instance is 'L3/n_2/bias_reg[23]'.
Info    : Replacing a flip-flop with a logic constant 1. [GLO-13]
        : The instance is 'L3/n_2/bias_reg[24]'.
Info    : Replacing a flip-flop with a logic constant 0. [GLO-12]
        : The instance is 'L3/n_2/bias_reg[25]'.
Info    : Replacing a flip-flop with a logic constant 1. [GLO-13]
        : The instance is 'L3/n_2/bias_reg[26]'.
Info    : Replacing a flip-flop with a logic constant 1. [GLO-13]
        : The instance is 'L3/n_2/bias_reg[27]'.
Info    : Replacing a flip-flop with a logic constant 1. [GLO-13]
        : The instance is 'L3/n_2/bias_reg[28]'.
Info    : Replacing a flip-flop with a logic constant 1. [GLO-13]
        : The instance is 'L3/n_2/bias_reg[29]'.
Info    : Replacing a flip-flop with a logic constant 1. [GLO-13]
        : The instance is 'L3/n_2/bias_reg[30]'.
Info    : Replacing a flip-flop with a logic constant 1. [GLO-13]
        : The instance is 'L3/n_2/bias_reg[31]'.
Info    : Replacing a flip-flop with a logic constant 0. [GLO-12]
        : The instance is 'L3/n_3/bias_reg[0]'.
Info    : Replacing a flip-flop with a logic constant 0. [GLO-12]
        : The instance is 'L3/n_3/bias_reg[1]'.
Info    : Replacing a flip-flop with a logic constant 0. [GLO-12]
        : The instance is 'L3/n_3/bias_reg[2]'.
Info    : Replacing a flip-flop with a logic constant 0. [GLO-12]
        : The instance is 'L3/n_3/bias_reg[3]'.
Info    : Replacing a flip-flop with a logic constant 0. [GLO-12]
        : The instance is 'L3/n_3/bias_reg[4]'.
Info    : Replacing a flip-flop with a logic constant 0. [GLO-12]
        : The instance is 'L3/n_3/bias_reg[5]'.
Info    : Replacing a flip-flop with a logic constant 0. [GLO-12]
        : The instance is 'L3/n_3/bias_reg[6]'.
Info    : Replacing a flip-flop with a logic constant 0. [GLO-12]
        : The instance is 'L3/n_3/bias_reg[7]'.
Info    : Replacing a flip-flop with a logic constant 0. [GLO-12]
        : The instance is 'L3/n_3/bias_reg[8]'.
Info    : Replacing a flip-flop with a logic constant 0. [GLO-12]
        : The instance is 'L3/n_3/bias_reg[9]'.
Info    : Replacing a flip-flop with a logic constant 0. [GLO-12]
        : The instance is 'L3/n_3/bias_reg[10]'.
Info    : Replacing a flip-flop with a logic constant 0. [GLO-12]
        : The instance is 'L3/n_3/bias_reg[11]'.
Info    : Replacing a flip-flop with a logic constant 0. [GLO-12]
        : The instance is 'L3/n_3/bias_reg[12]'.
Info    : Replacing a flip-flop with a logic constant 0. [GLO-12]
        : The instance is 'L3/n_3/bias_reg[13]'.
Info    : Replacing a flip-flop with a logic constant 0. [GLO-12]
        : The instance is 'L3/n_3/bias_reg[14]'.
Info    : Replacing a flip-flop with a logic constant 0. [GLO-12]
        : The instance is 'L3/n_3/bias_reg[15]'.
Info    : Replacing a flip-flop with a logic constant 1. [GLO-13]
        : The instance is 'L3/n_3/bias_reg[16]'.
Info    : Replacing a flip-flop with a logic constant 0. [GLO-12]
        : The instance is 'L3/n_3/bias_reg[17]'.
Info    : Replacing a flip-flop with a logic constant 0. [GLO-12]
        : The instance is 'L3/n_3/bias_reg[18]'.
Info    : Replacing a flip-flop with a logic constant 0. [GLO-12]
        : The instance is 'L3/n_3/bias_reg[19]'.
Info    : Replacing a flip-flop with a logic constant 1. [GLO-13]
        : The instance is 'L3/n_3/bias_reg[20]'.
Info    : Replacing a flip-flop with a logic constant 0. [GLO-12]
        : The instance is 'L3/n_3/bias_reg[21]'.
Info    : Replacing a flip-flop with a logic constant 1. [GLO-13]
        : The instance is 'L3/n_3/bias_reg[22]'.
Info    : Replacing a flip-flop with a logic constant 0. [GLO-12]
        : The instance is 'L3/n_3/bias_reg[23]'.
Info    : Replacing a flip-flop with a logic constant 0. [GLO-12]
        : The instance is 'L3/n_3/bias_reg[24]'.
Info    : Replacing a flip-flop with a logic constant 0. [GLO-12]
        : The instance is 'L3/n_3/bias_reg[25]'.
Info    : Replacing a flip-flop with a logic constant 0. [GLO-12]
        : The instance is 'L3/n_3/bias_reg[26]'.
Info    : Replacing a flip-flop with a logic constant 0. [GLO-12]
        : The instance is 'L3/n_3/bias_reg[27]'.
Info    : Replacing a flip-flop with a logic constant 0. [GLO-12]
        : The instance is 'L3/n_3/bias_reg[28]'.
Info    : Replacing a flip-flop with a logic constant 0. [GLO-12]
        : The instance is 'L3/n_3/bias_reg[29]'.
Info    : Replacing a flip-flop with a logic constant 0. [GLO-12]
        : The instance is 'L3/n_3/bias_reg[30]'.
Info    : Replacing a flip-flop with a logic constant 0. [GLO-12]
        : The instance is 'L3/n_3/bias_reg[31]'.
Info    : Replacing a flip-flop with a logic constant 0. [GLO-12]
        : The instance is 'L3/n_4/bias_reg[0]'.
Info    : Replacing a flip-flop with a logic constant 0. [GLO-12]
        : The instance is 'L3/n_4/bias_reg[1]'.
Info    : Replacing a flip-flop with a logic constant 0. [GLO-12]
        : The instance is 'L3/n_4/bias_reg[2]'.
Info    : Replacing a flip-flop with a logic constant 0. [GLO-12]
        : The instance is 'L3/n_4/bias_reg[3]'.
Info    : Replacing a flip-flop with a logic constant 0. [GLO-12]
        : The instance is 'L3/n_4/bias_reg[4]'.
Info    : Replacing a flip-flop with a logic constant 0. [GLO-12]
        : The instance is 'L3/n_4/bias_reg[5]'.
Info    : Replacing a flip-flop with a logic constant 0. [GLO-12]
        : The instance is 'L3/n_4/bias_reg[6]'.
Info    : Replacing a flip-flop with a logic constant 0. [GLO-12]
        : The instance is 'L3/n_4/bias_reg[7]'.
Info    : Replacing a flip-flop with a logic constant 0. [GLO-12]
        : The instance is 'L3/n_4/bias_reg[8]'.
Info    : Replacing a flip-flop with a logic constant 0. [GLO-12]
        : The instance is 'L3/n_4/bias_reg[9]'.
Info    : Replacing a flip-flop with a logic constant 0. [GLO-12]
        : The instance is 'L3/n_4/bias_reg[10]'.
Info    : Replacing a flip-flop with a logic constant 0. [GLO-12]
        : The instance is 'L3/n_4/bias_reg[11]'.
Info    : Replacing a flip-flop with a logic constant 0. [GLO-12]
        : The instance is 'L3/n_4/bias_reg[12]'.
Info    : Replacing a flip-flop with a logic constant 0. [GLO-12]
        : The instance is 'L3/n_4/bias_reg[13]'.
Info    : Replacing a flip-flop with a logic constant 0. [GLO-12]
        : The instance is 'L3/n_4/bias_reg[14]'.
Info    : Replacing a flip-flop with a logic constant 0. [GLO-12]
        : The instance is 'L3/n_4/bias_reg[15]'.
Info    : Replacing a flip-flop with a logic constant 0. [GLO-12]
        : The instance is 'L3/n_4/bias_reg[16]'.
Info    : Replacing a flip-flop with a logic constant 1. [GLO-13]
        : The instance is 'L3/n_4/bias_reg[17]'.
Info    : Replacing a flip-flop with a logic constant 1. [GLO-13]
        : The instance is 'L3/n_4/bias_reg[18]'.
Info    : Replacing a flip-flop with a logic constant 0. [GLO-12]
        : The instance is 'L3/n_4/bias_reg[19]'.
Info    : Replacing a flip-flop with a logic constant 1. [GLO-13]
        : The instance is 'L3/n_4/bias_reg[20]'.
Info    : Replacing a flip-flop with a logic constant 0. [GLO-12]
        : The instance is 'L3/n_4/bias_reg[21]'.
Info    : Replacing a flip-flop with a logic constant 1. [GLO-13]
        : The instance is 'L3/n_4/bias_reg[22]'.
Info    : Replacing a flip-flop with a logic constant 0. [GLO-12]
        : The instance is 'L3/n_4/bias_reg[23]'.
Info    : Replacing a flip-flop with a logic constant 0. [GLO-12]
        : The instance is 'L3/n_4/bias_reg[24]'.
Info    : Replacing a flip-flop with a logic constant 1. [GLO-13]
        : The instance is 'L3/n_4/bias_reg[25]'.
Info    : Replacing a flip-flop with a logic constant 0. [GLO-12]
        : The instance is 'L3/n_4/bias_reg[26]'.
Info    : Replacing a flip-flop with a logic constant 1. [GLO-13]
        : The instance is 'L3/n_4/bias_reg[27]'.
Info    : Replacing a flip-flop with a logic constant 0. [GLO-12]
        : The instance is 'L3/n_4/bias_reg[28]'.
Info    : Replacing a flip-flop with a logic constant 0. [GLO-12]
        : The instance is 'L3/n_4/bias_reg[29]'.
Info    : Replacing a flip-flop with a logic constant 0. [GLO-12]
        : The instance is 'L3/n_4/bias_reg[30]'.
Info    : Replacing a flip-flop with a logic constant 0. [GLO-12]
        : The instance is 'L3/n_4/bias_reg[31]'.
Info    : Replacing a flip-flop with a logic constant 0. [GLO-12]
        : The instance is 'L3/n_5/bias_reg[0]'.
Info    : Replacing a flip-flop with a logic constant 0. [GLO-12]
        : The instance is 'L3/n_5/bias_reg[1]'.
Info    : Replacing a flip-flop with a logic constant 0. [GLO-12]
        : The instance is 'L3/n_5/bias_reg[2]'.
Info    : Replacing a flip-flop with a logic constant 0. [GLO-12]
        : The instance is 'L3/n_5/bias_reg[3]'.
Info    : Replacing a flip-flop with a logic constant 0. [GLO-12]
        : The instance is 'L3/n_5/bias_reg[4]'.
Info    : Replacing a flip-flop with a logic constant 0. [GLO-12]
        : The instance is 'L3/n_5/bias_reg[5]'.
Info    : Replacing a flip-flop with a logic constant 0. [GLO-12]
        : The instance is 'L3/n_5/bias_reg[6]'.
Info    : Replacing a flip-flop with a logic constant 0. [GLO-12]
        : The instance is 'L3/n_5/bias_reg[7]'.
Info    : Replacing a flip-flop with a logic constant 0. [GLO-12]
        : The instance is 'L3/n_5/bias_reg[8]'.
Info    : Replacing a flip-flop with a logic constant 0. [GLO-12]
        : The instance is 'L3/n_5/bias_reg[9]'.
Info    : Replacing a flip-flop with a logic constant 0. [GLO-12]
        : The instance is 'L3/n_5/bias_reg[10]'.
Info    : Replacing a flip-flop with a logic constant 0. [GLO-12]
        : The instance is 'L3/n_5/bias_reg[11]'.
Info    : Replacing a flip-flop with a logic constant 0. [GLO-12]
        : The instance is 'L3/n_5/bias_reg[12]'.
Info    : Replacing a flip-flop with a logic constant 0. [GLO-12]
        : The instance is 'L3/n_5/bias_reg[13]'.
Info    : Replacing a flip-flop with a logic constant 0. [GLO-12]
        : The instance is 'L3/n_5/bias_reg[14]'.
Info    : Replacing a flip-flop with a logic constant 0. [GLO-12]
        : The instance is 'L3/n_5/bias_reg[15]'.
Info    : Replacing a flip-flop with a logic constant 0. [GLO-12]
        : The instance is 'L3/n_5/bias_reg[16]'.
Info    : Replacing a flip-flop with a logic constant 0. [GLO-12]
        : The instance is 'L3/n_5/bias_reg[17]'.
Info    : Replacing a flip-flop with a logic constant 0. [GLO-12]
        : The instance is 'L3/n_5/bias_reg[18]'.
Info    : Replacing a flip-flop with a logic constant 1. [GLO-13]
        : The instance is 'L3/n_5/bias_reg[19]'.
Info    : Replacing a flip-flop with a logic constant 0. [GLO-12]
        : The instance is 'L3/n_5/bias_reg[20]'.
Info    : Replacing a flip-flop with a logic constant 1. [GLO-13]
        : The instance is 'L3/n_5/bias_reg[21]'.
Info    : Replacing a flip-flop with a logic constant 0. [GLO-12]
        : The instance is 'L3/n_5/bias_reg[22]'.
Info    : Replacing a flip-flop with a logic constant 0. [GLO-12]
        : The instance is 'L3/n_5/bias_reg[23]'.
Info    : Replacing a flip-flop with a logic constant 1. [GLO-13]
        : The instance is 'L3/n_5/bias_reg[24]'.
Info    : Replacing a flip-flop with a logic constant 0. [GLO-12]
        : The instance is 'L3/n_5/bias_reg[25]'.
Info    : Replacing a flip-flop with a logic constant 1. [GLO-13]
        : The instance is 'L3/n_5/bias_reg[26]'.
Info    : Replacing a flip-flop with a logic constant 0. [GLO-12]
        : The instance is 'L3/n_5/bias_reg[27]'.
Info    : Replacing a flip-flop with a logic constant 0. [GLO-12]
        : The instance is 'L3/n_5/bias_reg[28]'.
Info    : Replacing a flip-flop with a logic constant 0. [GLO-12]
        : The instance is 'L3/n_5/bias_reg[29]'.
Info    : Replacing a flip-flop with a logic constant 0. [GLO-12]
        : The instance is 'L3/n_5/bias_reg[30]'.
Info    : Replacing a flip-flop with a logic constant 0. [GLO-12]
        : The instance is 'L3/n_5/bias_reg[31]'.
Info    : Replacing a flip-flop with a logic constant 0. [GLO-12]
        : The instance is 'L3/n_6/bias_reg[0]'.
Info    : Replacing a flip-flop with a logic constant 0. [GLO-12]
        : The instance is 'L3/n_6/bias_reg[1]'.
Info    : Replacing a flip-flop with a logic constant 0. [GLO-12]
        : The instance is 'L3/n_6/bias_reg[2]'.
Info    : Replacing a flip-flop with a logic constant 0. [GLO-12]
        : The instance is 'L3/n_6/bias_reg[3]'.
Info    : Replacing a flip-flop with a logic constant 0. [GLO-12]
        : The instance is 'L3/n_6/bias_reg[4]'.
Info    : Replacing a flip-flop with a logic constant 0. [GLO-12]
        : The instance is 'L3/n_6/bias_reg[5]'.
Info    : Replacing a flip-flop with a logic constant 0. [GLO-12]
        : The instance is 'L3/n_6/bias_reg[6]'.
Info    : Replacing a flip-flop with a logic constant 0. [GLO-12]
        : The instance is 'L3/n_6/bias_reg[7]'.
Info    : Replacing a flip-flop with a logic constant 0. [GLO-12]
        : The instance is 'L3/n_6/bias_reg[8]'.
Info    : Replacing a flip-flop with a logic constant 0. [GLO-12]
        : The instance is 'L3/n_6/bias_reg[9]'.
Info    : Replacing a flip-flop with a logic constant 0. [GLO-12]
        : The instance is 'L3/n_6/bias_reg[10]'.
Info    : Replacing a flip-flop with a logic constant 0. [GLO-12]
        : The instance is 'L3/n_6/bias_reg[11]'.
Info    : Replacing a flip-flop with a logic constant 0. [GLO-12]
        : The instance is 'L3/n_6/bias_reg[12]'.
Info    : Replacing a flip-flop with a logic constant 0. [GLO-12]
        : The instance is 'L3/n_6/bias_reg[13]'.
Info    : Replacing a flip-flop with a logic constant 0. [GLO-12]
        : The instance is 'L3/n_6/bias_reg[14]'.
Info    : Replacing a flip-flop with a logic constant 0. [GLO-12]
        : The instance is 'L3/n_6/bias_reg[15]'.
Info    : Replacing a flip-flop with a logic constant 1. [GLO-13]
        : The instance is 'L3/n_6/bias_reg[16]'.
Info    : Replacing a flip-flop with a logic constant 1. [GLO-13]
        : The instance is 'L3/n_6/bias_reg[17]'.
Info    : Replacing a flip-flop with a logic constant 0. [GLO-12]
        : The instance is 'L3/n_6/bias_reg[18]'.
Info    : Replacing a flip-flop with a logic constant 1. [GLO-13]
        : The instance is 'L3/n_6/bias_reg[19]'.
Info    : Replacing a flip-flop with a logic constant 0. [GLO-12]
        : The instance is 'L3/n_6/bias_reg[20]'.
Info    : Replacing a flip-flop with a logic constant 0. [GLO-12]
        : The instance is 'L3/n_6/bias_reg[21]'.
Info    : Replacing a flip-flop with a logic constant 0. [GLO-12]
        : The instance is 'L3/n_6/bias_reg[22]'.
Info    : Replacing a flip-flop with a logic constant 1. [GLO-13]
        : The instance is 'L3/n_6/bias_reg[23]'.
Info    : Replacing a flip-flop with a logic constant 0. [GLO-12]
        : The instance is 'L3/n_6/bias_reg[24]'.
Info    : Replacing a flip-flop with a logic constant 1. [GLO-13]
        : The instance is 'L3/n_6/bias_reg[25]'.
Info    : Replacing a flip-flop with a logic constant 0. [GLO-12]
        : The instance is 'L3/n_6/bias_reg[26]'.
Info    : Replacing a flip-flop with a logic constant 0. [GLO-12]
        : The instance is 'L3/n_6/bias_reg[27]'.
Info    : Replacing a flip-flop with a logic constant 0. [GLO-12]
        : The instance is 'L3/n_6/bias_reg[28]'.
Info    : Replacing a flip-flop with a logic constant 0. [GLO-12]
        : The instance is 'L3/n_6/bias_reg[29]'.
Info    : Replacing a flip-flop with a logic constant 0. [GLO-12]
        : The instance is 'L3/n_6/bias_reg[30]'.
Info    : Replacing a flip-flop with a logic constant 0. [GLO-12]
        : The instance is 'L3/n_6/bias_reg[31]'.
Info    : Replacing a flip-flop with a logic constant 0. [GLO-12]
        : The instance is 'L3/n_7/bias_reg[0]'.
Info    : Replacing a flip-flop with a logic constant 0. [GLO-12]
        : The instance is 'L3/n_7/bias_reg[1]'.
Info    : Replacing a flip-flop with a logic constant 0. [GLO-12]
        : The instance is 'L3/n_7/bias_reg[2]'.
Info    : Replacing a flip-flop with a logic constant 0. [GLO-12]
        : The instance is 'L3/n_7/bias_reg[3]'.
Info    : Replacing a flip-flop with a logic constant 0. [GLO-12]
        : The instance is 'L3/n_7/bias_reg[4]'.
Info    : Replacing a flip-flop with a logic constant 0. [GLO-12]
        : The instance is 'L3/n_7/bias_reg[5]'.
Info    : Replacing a flip-flop with a logic constant 0. [GLO-12]
        : The instance is 'L3/n_7/bias_reg[6]'.
Info    : Replacing a flip-flop with a logic constant 0. [GLO-12]
        : The instance is 'L3/n_7/bias_reg[7]'.
Info    : Replacing a flip-flop with a logic constant 0. [GLO-12]
        : The instance is 'L3/n_7/bias_reg[8]'.
Info    : Replacing a flip-flop with a logic constant 0. [GLO-12]
        : The instance is 'L3/n_7/bias_reg[9]'.
Info    : Replacing a flip-flop with a logic constant 0. [GLO-12]
        : The instance is 'L3/n_7/bias_reg[10]'.
Info    : Replacing a flip-flop with a logic constant 0. [GLO-12]
        : The instance is 'L3/n_7/bias_reg[11]'.
Info    : Replacing a flip-flop with a logic constant 0. [GLO-12]
        : The instance is 'L3/n_7/bias_reg[12]'.
Info    : Replacing a flip-flop with a logic constant 0. [GLO-12]
        : The instance is 'L3/n_7/bias_reg[13]'.
Info    : Replacing a flip-flop with a logic constant 0. [GLO-12]
        : The instance is 'L3/n_7/bias_reg[14]'.
Info    : Replacing a flip-flop with a logic constant 0. [GLO-12]
        : The instance is 'L3/n_7/bias_reg[15]'.
Info    : Replacing a flip-flop with a logic constant 0. [GLO-12]
        : The instance is 'L3/n_7/bias_reg[16]'.
Info    : Replacing a flip-flop with a logic constant 0. [GLO-12]
        : The instance is 'L3/n_7/bias_reg[17]'.
Info    : Replacing a flip-flop with a logic constant 0. [GLO-12]
        : The instance is 'L3/n_7/bias_reg[18]'.
Info    : Replacing a flip-flop with a logic constant 1. [GLO-13]
        : The instance is 'L3/n_7/bias_reg[19]'.
Info    : Replacing a flip-flop with a logic constant 1. [GLO-13]
        : The instance is 'L3/n_7/bias_reg[20]'.
Info    : Replacing a flip-flop with a logic constant 1. [GLO-13]
        : The instance is 'L3/n_7/bias_reg[21]'.
Info    : Replacing a flip-flop with a logic constant 0. [GLO-12]
        : The instance is 'L3/n_7/bias_reg[22]'.
Info    : Replacing a flip-flop with a logic constant 0. [GLO-12]
        : The instance is 'L3/n_7/bias_reg[23]'.
Info    : Replacing a flip-flop with a logic constant 0. [GLO-12]
        : The instance is 'L3/n_7/bias_reg[24]'.
Info    : Replacing a flip-flop with a logic constant 0. [GLO-12]
        : The instance is 'L3/n_7/bias_reg[25]'.
Info    : Replacing a flip-flop with a logic constant 0. [GLO-12]
        : The instance is 'L3/n_7/bias_reg[26]'.
Info    : Replacing a flip-flop with a logic constant 0. [GLO-12]
        : The instance is 'L3/n_7/bias_reg[27]'.
Info    : Replacing a flip-flop with a logic constant 0. [GLO-12]
        : The instance is 'L3/n_7/bias_reg[28]'.
Info    : Replacing a flip-flop with a logic constant 0. [GLO-12]
        : The instance is 'L3/n_7/bias_reg[29]'.
Info    : Replacing a flip-flop with a logic constant 0. [GLO-12]
        : The instance is 'L3/n_7/bias_reg[30]'.
Info    : Replacing a flip-flop with a logic constant 0. [GLO-12]
        : The instance is 'L3/n_7/bias_reg[31]'.
Info    : Replacing a flip-flop with a logic constant 0. [GLO-12]
        : The instance is 'L3/n_8/bias_reg[0]'.
Info    : Replacing a flip-flop with a logic constant 0. [GLO-12]
        : The instance is 'L3/n_8/bias_reg[1]'.
Info    : Replacing a flip-flop with a logic constant 0. [GLO-12]
        : The instance is 'L3/n_8/bias_reg[2]'.
Info    : Replacing a flip-flop with a logic constant 0. [GLO-12]
        : The instance is 'L3/n_8/bias_reg[3]'.
Info    : Replacing a flip-flop with a logic constant 0. [GLO-12]
        : The instance is 'L3/n_8/bias_reg[4]'.
Info    : Replacing a flip-flop with a logic constant 0. [GLO-12]
        : The instance is 'L3/n_8/bias_reg[5]'.
Info    : Replacing a flip-flop with a logic constant 0. [GLO-12]
        : The instance is 'L3/n_8/bias_reg[6]'.
Info    : Replacing a flip-flop with a logic constant 0. [GLO-12]
        : The instance is 'L3/n_8/bias_reg[7]'.
Info    : Replacing a flip-flop with a logic constant 0. [GLO-12]
        : The instance is 'L3/n_8/bias_reg[8]'.
Info    : Replacing a flip-flop with a logic constant 0. [GLO-12]
        : The instance is 'L3/n_8/bias_reg[9]'.
Info    : Replacing a flip-flop with a logic constant 0. [GLO-12]
        : The instance is 'L3/n_8/bias_reg[10]'.
Info    : Replacing a flip-flop with a logic constant 0. [GLO-12]
        : The instance is 'L3/n_8/bias_reg[11]'.
Info    : Replacing a flip-flop with a logic constant 0. [GLO-12]
        : The instance is 'L3/n_8/bias_reg[12]'.
Info    : Replacing a flip-flop with a logic constant 0. [GLO-12]
        : The instance is 'L3/n_8/bias_reg[13]'.
Info    : Replacing a flip-flop with a logic constant 0. [GLO-12]
        : The instance is 'L3/n_8/bias_reg[14]'.
Info    : Replacing a flip-flop with a logic constant 0. [GLO-12]
        : The instance is 'L3/n_8/bias_reg[15]'.
Info    : Replacing a flip-flop with a logic constant 1. [GLO-13]
        : The instance is 'L3/n_8/bias_reg[16]'.
Info    : Replacing a flip-flop with a logic constant 1. [GLO-13]
        : The instance is 'L3/n_8/bias_reg[17]'.
Info    : Replacing a flip-flop with a logic constant 0. [GLO-12]
        : The instance is 'L3/n_8/bias_reg[18]'.
Info    : Replacing a flip-flop with a logic constant 0. [GLO-12]
        : The instance is 'L3/n_8/bias_reg[19]'.
Info    : Replacing a flip-flop with a logic constant 1. [GLO-13]
        : The instance is 'L3/n_8/bias_reg[20]'.
Info    : Replacing a flip-flop with a logic constant 1. [GLO-13]
        : The instance is 'L3/n_8/bias_reg[21]'.
Info    : Replacing a flip-flop with a logic constant 0. [GLO-12]
        : The instance is 'L3/n_8/bias_reg[22]'.
Info    : Replacing a flip-flop with a logic constant 0. [GLO-12]
        : The instance is 'L3/n_8/bias_reg[23]'.
Info    : Replacing a flip-flop with a logic constant 1. [GLO-13]
        : The instance is 'L3/n_8/bias_reg[24]'.
Info    : Replacing a flip-flop with a logic constant 0. [GLO-12]
        : The instance is 'L3/n_8/bias_reg[25]'.
Info    : Replacing a flip-flop with a logic constant 1. [GLO-13]
        : The instance is 'L3/n_8/bias_reg[26]'.
Info    : Replacing a flip-flop with a logic constant 1. [GLO-13]
        : The instance is 'L3/n_8/bias_reg[27]'.
Info    : Replacing a flip-flop with a logic constant 1. [GLO-13]
        : The instance is 'L3/n_8/bias_reg[28]'.
Info    : Replacing a flip-flop with a logic constant 1. [GLO-13]
        : The instance is 'L3/n_8/bias_reg[29]'.
Info    : Replacing a flip-flop with a logic constant 1. [GLO-13]
        : The instance is 'L3/n_8/bias_reg[30]'.
Info    : Replacing a flip-flop with a logic constant 1. [GLO-13]
        : The instance is 'L3/n_8/bias_reg[31]'.
Info    : Replacing a flip-flop with a logic constant 0. [GLO-12]
        : The instance is 'L3/n_9/bias_reg[0]'.
Info    : Replacing a flip-flop with a logic constant 0. [GLO-12]
        : The instance is 'L3/n_9/bias_reg[1]'.
Info    : Replacing a flip-flop with a logic constant 0. [GLO-12]
        : The instance is 'L3/n_9/bias_reg[2]'.
Info    : Replacing a flip-flop with a logic constant 0. [GLO-12]
        : The instance is 'L3/n_9/bias_reg[3]'.
Info    : Replacing a flip-flop with a logic constant 0. [GLO-12]
        : The instance is 'L3/n_9/bias_reg[4]'.
Info    : Replacing a flip-flop with a logic constant 0. [GLO-12]
        : The instance is 'L3/n_9/bias_reg[5]'.
Info    : Replacing a flip-flop with a logic constant 0. [GLO-12]
        : The instance is 'L3/n_9/bias_reg[6]'.
Info    : Replacing a flip-flop with a logic constant 0. [GLO-12]
        : The instance is 'L3/n_9/bias_reg[7]'.
Info    : Replacing a flip-flop with a logic constant 0. [GLO-12]
        : The instance is 'L3/n_9/bias_reg[8]'.
Info    : Replacing a flip-flop with a logic constant 0. [GLO-12]
        : The instance is 'L3/n_9/bias_reg[9]'.
Info    : Replacing a flip-flop with a logic constant 0. [GLO-12]
        : The instance is 'L3/n_9/bias_reg[10]'.
Info    : Replacing a flip-flop with a logic constant 0. [GLO-12]
        : The instance is 'L3/n_9/bias_reg[11]'.
Info    : Replacing a flip-flop with a logic constant 0. [GLO-12]
        : The instance is 'L3/n_9/bias_reg[12]'.
Info    : Replacing a flip-flop with a logic constant 0. [GLO-12]
        : The instance is 'L3/n_9/bias_reg[13]'.
Info    : Replacing a flip-flop with a logic constant 0. [GLO-12]
        : The instance is 'L3/n_9/bias_reg[14]'.
Info    : Replacing a flip-flop with a logic constant 0. [GLO-12]
        : The instance is 'L3/n_9/bias_reg[15]'.
Info    : Replacing a flip-flop with a logic constant 1. [GLO-13]
        : The instance is 'L3/n_9/bias_reg[16]'.
Info    : Replacing a flip-flop with a logic constant 0. [GLO-12]
        : The instance is 'L3/n_9/bias_reg[17]'.
Info    : Replacing a flip-flop with a logic constant 1. [GLO-13]
        : The instance is 'L3/n_9/bias_reg[18]'.
Info    : Replacing a flip-flop with a logic constant 0. [GLO-12]
        : The instance is 'L3/n_9/bias_reg[19]'.
Info    : Replacing a flip-flop with a logic constant 1. [GLO-13]
        : The instance is 'L3/n_9/bias_reg[20]'.
Info    : Replacing a flip-flop with a logic constant 0. [GLO-12]
        : The instance is 'L3/n_9/bias_reg[21]'.
Info    : Replacing a flip-flop with a logic constant 0. [GLO-12]
        : The instance is 'L3/n_9/bias_reg[22]'.
Info    : Replacing a flip-flop with a logic constant 0. [GLO-12]
        : The instance is 'L3/n_9/bias_reg[23]'.
Info    : Replacing a flip-flop with a logic constant 0. [GLO-12]
        : The instance is 'L3/n_9/bias_reg[24]'.
Info    : Replacing a flip-flop with a logic constant 1. [GLO-13]
        : The instance is 'L3/n_9/bias_reg[25]'.
Info    : Replacing a flip-flop with a logic constant 1. [GLO-13]
        : The instance is 'L3/n_9/bias_reg[26]'.
Info    : Replacing a flip-flop with a logic constant 0. [GLO-12]
        : The instance is 'L3/n_9/bias_reg[27]'.
Info    : Replacing a flip-flop with a logic constant 1. [GLO-13]
        : The instance is 'L3/n_9/bias_reg[28]'.
Info    : Replacing a flip-flop with a logic constant 1. [GLO-13]
        : The instance is 'L3/n_9/bias_reg[29]'.
Info    : Replacing a flip-flop with a logic constant 1. [GLO-13]
        : The instance is 'L3/n_9/bias_reg[30]'.
Info    : Replacing a flip-flop with a logic constant 1. [GLO-13]
        : The instance is 'L3/n_9/bias_reg[31]'.
Info    : Replacing a flip-flop with a logic constant 0. [GLO-12]
        : The instance is 'L4/n_0/bias_reg[0]'.
Info    : Replacing a flip-flop with a logic constant 0. [GLO-12]
        : The instance is 'L4/n_0/bias_reg[1]'.
Info    : Replacing a flip-flop with a logic constant 0. [GLO-12]
        : The instance is 'L4/n_0/bias_reg[2]'.
Info    : Replacing a flip-flop with a logic constant 0. [GLO-12]
        : The instance is 'L4/n_0/bias_reg[3]'.
Info    : Replacing a flip-flop with a logic constant 0. [GLO-12]
        : The instance is 'L4/n_0/bias_reg[4]'.
Info    : Replacing a flip-flop with a logic constant 0. [GLO-12]
        : The instance is 'L4/n_0/bias_reg[5]'.
Info    : Replacing a flip-flop with a logic constant 0. [GLO-12]
        : The instance is 'L4/n_0/bias_reg[6]'.
Info    : Replacing a flip-flop with a logic constant 0. [GLO-12]
        : The instance is 'L4/n_0/bias_reg[7]'.
Info    : Replacing a flip-flop with a logic constant 0. [GLO-12]
        : The instance is 'L4/n_0/bias_reg[8]'.
Info    : Replacing a flip-flop with a logic constant 0. [GLO-12]
        : The instance is 'L4/n_0/bias_reg[9]'.
Info    : Replacing a flip-flop with a logic constant 0. [GLO-12]
        : The instance is 'L4/n_0/bias_reg[10]'.
Info    : Replacing a flip-flop with a logic constant 0. [GLO-12]
        : The instance is 'L4/n_0/bias_reg[11]'.
Info    : Replacing a flip-flop with a logic constant 0. [GLO-12]
        : The instance is 'L4/n_0/bias_reg[12]'.
Info    : Replacing a flip-flop with a logic constant 0. [GLO-12]
        : The instance is 'L4/n_0/bias_reg[13]'.
Info    : Replacing a flip-flop with a logic constant 0. [GLO-12]
        : The instance is 'L4/n_0/bias_reg[14]'.
Info    : Replacing a flip-flop with a logic constant 0. [GLO-12]
        : The instance is 'L4/n_0/bias_reg[15]'.
Info    : Replacing a flip-flop with a logic constant 1. [GLO-13]
        : The instance is 'L4/n_0/bias_reg[16]'.
Info    : Replacing a flip-flop with a logic constant 0. [GLO-12]
        : The instance is 'L4/n_0/bias_reg[17]'.
Info    : Replacing a flip-flop with a logic constant 0. [GLO-12]
        : The instance is 'L4/n_0/bias_reg[18]'.
Info    : Replacing a flip-flop with a logic constant 1. [GLO-13]
        : The instance is 'L4/n_0/bias_reg[19]'.
Info    : Replacing a flip-flop with a logic constant 0. [GLO-12]
        : The instance is 'L4/n_0/bias_reg[20]'.
Info    : Replacing a flip-flop with a logic constant 1. [GLO-13]
        : The instance is 'L4/n_0/bias_reg[21]'.
Info    : Replacing a flip-flop with a logic constant 0. [GLO-12]
        : The instance is 'L4/n_0/bias_reg[22]'.
Info    : Replacing a flip-flop with a logic constant 1. [GLO-13]
        : The instance is 'L4/n_0/bias_reg[23]'.
Info    : Replacing a flip-flop with a logic constant 0. [GLO-12]
        : The instance is 'L4/n_0/bias_reg[24]'.
Info    : Replacing a flip-flop with a logic constant 1. [GLO-13]
        : The instance is 'L4/n_0/bias_reg[25]'.
Info    : Replacing a flip-flop with a logic constant 1. [GLO-13]
        : The instance is 'L4/n_0/bias_reg[26]'.
Info    : Replacing a flip-flop with a logic constant 1. [GLO-13]
        : The instance is 'L4/n_0/bias_reg[27]'.
Info    : Replacing a flip-flop with a logic constant 1. [GLO-13]
        : The instance is 'L4/n_0/bias_reg[28]'.
Info    : Replacing a flip-flop with a logic constant 0. [GLO-12]
        : The instance is 'L4/n_0/bias_reg[29]'.
Info    : Replacing a flip-flop with a logic constant 1. [GLO-13]
        : The instance is 'L4/n_0/bias_reg[30]'.
Info    : Replacing a flip-flop with a logic constant 1. [GLO-13]
        : The instance is 'L4/n_0/bias_reg[31]'.
Info    : Replacing a flip-flop with a logic constant 0. [GLO-12]
        : The instance is 'L4/n_1/bias_reg[0]'.
Info    : Replacing a flip-flop with a logic constant 0. [GLO-12]
        : The instance is 'L4/n_1/bias_reg[1]'.
Info    : Replacing a flip-flop with a logic constant 0. [GLO-12]
        : The instance is 'L4/n_1/bias_reg[2]'.
Info    : Replacing a flip-flop with a logic constant 0. [GLO-12]
        : The instance is 'L4/n_1/bias_reg[3]'.
Info    : Replacing a flip-flop with a logic constant 0. [GLO-12]
        : The instance is 'L4/n_1/bias_reg[4]'.
Info    : Replacing a flip-flop with a logic constant 0. [GLO-12]
        : The instance is 'L4/n_1/bias_reg[5]'.
Info    : Replacing a flip-flop with a logic constant 0. [GLO-12]
        : The instance is 'L4/n_1/bias_reg[6]'.
Info    : Replacing a flip-flop with a logic constant 0. [GLO-12]
        : The instance is 'L4/n_1/bias_reg[7]'.
Info    : Replacing a flip-flop with a logic constant 0. [GLO-12]
        : The instance is 'L4/n_1/bias_reg[8]'.
Info    : Replacing a flip-flop with a logic constant 0. [GLO-12]
        : The instance is 'L4/n_1/bias_reg[9]'.
Info    : Replacing a flip-flop with a logic constant 0. [GLO-12]
        : The instance is 'L4/n_1/bias_reg[10]'.
Info    : Replacing a flip-flop with a logic constant 0. [GLO-12]
        : The instance is 'L4/n_1/bias_reg[11]'.
Info    : Replacing a flip-flop with a logic constant 0. [GLO-12]
        : The instance is 'L4/n_1/bias_reg[12]'.
Info    : Replacing a flip-flop with a logic constant 0. [GLO-12]
        : The instance is 'L4/n_1/bias_reg[13]'.
Info    : Replacing a flip-flop with a logic constant 0. [GLO-12]
        : The instance is 'L4/n_1/bias_reg[14]'.
Info    : Replacing a flip-flop with a logic constant 0. [GLO-12]
        : The instance is 'L4/n_1/bias_reg[15]'.
Info    : Replacing a flip-flop with a logic constant 0. [GLO-12]
        : The instance is 'L4/n_1/bias_reg[16]'.
Info    : Replacing a flip-flop with a logic constant 1. [GLO-13]
        : The instance is 'L4/n_1/bias_reg[17]'.
Info    : Replacing a flip-flop with a logic constant 1. [GLO-13]
        : The instance is 'L4/n_1/bias_reg[18]'.
Info    : Replacing a flip-flop with a logic constant 0. [GLO-12]
        : The instance is 'L4/n_1/bias_reg[19]'.
Info    : Replacing a flip-flop with a logic constant 1. [GLO-13]
        : The instance is 'L4/n_1/bias_reg[20]'.
Info    : Replacing a flip-flop with a logic constant 0. [GLO-12]
        : The instance is 'L4/n_1/bias_reg[21]'.
Info    : Replacing a flip-flop with a logic constant 1. [GLO-13]
        : The instance is 'L4/n_1/bias_reg[22]'.
Info    : Replacing a flip-flop with a logic constant 1. [GLO-13]
        : The instance is 'L4/n_1/bias_reg[23]'.
Info    : Replacing a flip-flop with a logic constant 0. [GLO-12]
        : The instance is 'L4/n_1/bias_reg[24]'.
Info    : Replacing a flip-flop with a logic constant 0. [GLO-12]
        : The instance is 'L4/n_1/bias_reg[25]'.
Info    : Replacing a flip-flop with a logic constant 1. [GLO-13]
        : The instance is 'L4/n_1/bias_reg[26]'.
Info    : Replacing a flip-flop with a logic constant 0. [GLO-12]
        : The instance is 'L4/n_1/bias_reg[27]'.
Info    : Replacing a flip-flop with a logic constant 0. [GLO-12]
        : The instance is 'L4/n_1/bias_reg[28]'.
Info    : Replacing a flip-flop with a logic constant 1. [GLO-13]
        : The instance is 'L4/n_1/bias_reg[29]'.
Info    : Replacing a flip-flop with a logic constant 1. [GLO-13]
        : The instance is 'L4/n_1/bias_reg[30]'.
Info    : Replacing a flip-flop with a logic constant 1. [GLO-13]
        : The instance is 'L4/n_1/bias_reg[31]'.
Info    : Replacing a flip-flop with a logic constant 0. [GLO-12]
        : The instance is 'L4/n_2/bias_reg[0]'.
Info    : Replacing a flip-flop with a logic constant 0. [GLO-12]
        : The instance is 'L4/n_2/bias_reg[1]'.
Info    : Replacing a flip-flop with a logic constant 0. [GLO-12]
        : The instance is 'L4/n_2/bias_reg[2]'.
Info    : Replacing a flip-flop with a logic constant 0. [GLO-12]
        : The instance is 'L4/n_2/bias_reg[3]'.
Info    : Replacing a flip-flop with a logic constant 0. [GLO-12]
        : The instance is 'L4/n_2/bias_reg[4]'.
Info    : Replacing a flip-flop with a logic constant 0. [GLO-12]
        : The instance is 'L4/n_2/bias_reg[5]'.
Info    : Replacing a flip-flop with a logic constant 0. [GLO-12]
        : The instance is 'L4/n_2/bias_reg[6]'.
Info    : Replacing a flip-flop with a logic constant 0. [GLO-12]
        : The instance is 'L4/n_2/bias_reg[7]'.
Info    : Replacing a flip-flop with a logic constant 0. [GLO-12]
        : The instance is 'L4/n_2/bias_reg[8]'.
Info    : Replacing a flip-flop with a logic constant 0. [GLO-12]
        : The instance is 'L4/n_2/bias_reg[9]'.
Info    : Replacing a flip-flop with a logic constant 0. [GLO-12]
        : The instance is 'L4/n_2/bias_reg[10]'.
Info    : Replacing a flip-flop with a logic constant 0. [GLO-12]
        : The instance is 'L4/n_2/bias_reg[11]'.
Info    : Replacing a flip-flop with a logic constant 0. [GLO-12]
        : The instance is 'L4/n_2/bias_reg[12]'.
Info    : Replacing a flip-flop with a logic constant 0. [GLO-12]
        : The instance is 'L4/n_2/bias_reg[13]'.
Info    : Replacing a flip-flop with a logic constant 0. [GLO-12]
        : The instance is 'L4/n_2/bias_reg[14]'.
Info    : Replacing a flip-flop with a logic constant 0. [GLO-12]
        : The instance is 'L4/n_2/bias_reg[15]'.
Info    : Replacing a flip-flop with a logic constant 1. [GLO-13]
        : The instance is 'L4/n_2/bias_reg[16]'.
Info    : Replacing a flip-flop with a logic constant 1. [GLO-13]
        : The instance is 'L4/n_2/bias_reg[17]'.
Info    : Replacing a flip-flop with a logic constant 0. [GLO-12]
        : The instance is 'L4/n_2/bias_reg[18]'.
Info    : Replacing a flip-flop with a logic constant 1. [GLO-13]
        : The instance is 'L4/n_2/bias_reg[19]'.
Info    : Replacing a flip-flop with a logic constant 1. [GLO-13]
        : The instance is 'L4/n_2/bias_reg[20]'.
Info    : Replacing a flip-flop with a logic constant 1. [GLO-13]
        : The instance is 'L4/n_2/bias_reg[21]'.
Info    : Replacing a flip-flop with a logic constant 0. [GLO-12]
        : The instance is 'L4/n_2/bias_reg[22]'.
Info    : Replacing a flip-flop with a logic constant 1. [GLO-13]
        : The instance is 'L4/n_2/bias_reg[23]'.
Info    : Replacing a flip-flop with a logic constant 0. [GLO-12]
        : The instance is 'L4/n_2/bias_reg[24]'.
Info    : Replacing a flip-flop with a logic constant 1. [GLO-13]
        : The instance is 'L4/n_2/bias_reg[25]'.
Info    : Replacing a flip-flop with a logic constant 1. [GLO-13]
        : The instance is 'L4/n_2/bias_reg[26]'.
Info    : Replacing a flip-flop with a logic constant 0. [GLO-12]
        : The instance is 'L4/n_2/bias_reg[27]'.
Info    : Replacing a flip-flop with a logic constant 1. [GLO-13]
        : The instance is 'L4/n_2/bias_reg[28]'.
Info    : Replacing a flip-flop with a logic constant 1. [GLO-13]
        : The instance is 'L4/n_2/bias_reg[29]'.
Info    : Replacing a flip-flop with a logic constant 1. [GLO-13]
        : The instance is 'L4/n_2/bias_reg[30]'.
Info    : Replacing a flip-flop with a logic constant 1. [GLO-13]
        : The instance is 'L4/n_2/bias_reg[31]'.
Info    : Replacing a flip-flop with a logic constant 0. [GLO-12]
        : The instance is 'L4/n_3/bias_reg[0]'.
Info    : Replacing a flip-flop with a logic constant 0. [GLO-12]
        : The instance is 'L4/n_3/bias_reg[1]'.
Info    : Replacing a flip-flop with a logic constant 0. [GLO-12]
        : The instance is 'L4/n_3/bias_reg[2]'.
Info    : Replacing a flip-flop with a logic constant 0. [GLO-12]
        : The instance is 'L4/n_3/bias_reg[3]'.
Info    : Replacing a flip-flop with a logic constant 0. [GLO-12]
        : The instance is 'L4/n_3/bias_reg[4]'.
Info    : Replacing a flip-flop with a logic constant 0. [GLO-12]
        : The instance is 'L4/n_3/bias_reg[5]'.
Info    : Replacing a flip-flop with a logic constant 0. [GLO-12]
        : The instance is 'L4/n_3/bias_reg[6]'.
Info    : Replacing a flip-flop with a logic constant 0. [GLO-12]
        : The instance is 'L4/n_3/bias_reg[7]'.
Info    : Replacing a flip-flop with a logic constant 0. [GLO-12]
        : The instance is 'L4/n_3/bias_reg[8]'.
Info    : Replacing a flip-flop with a logic constant 0. [GLO-12]
        : The instance is 'L4/n_3/bias_reg[9]'.
Info    : Replacing a flip-flop with a logic constant 0. [GLO-12]
        : The instance is 'L4/n_3/bias_reg[10]'.
Info    : Replacing a flip-flop with a logic constant 0. [GLO-12]
        : The instance is 'L4/n_3/bias_reg[11]'.
Info    : Replacing a flip-flop with a logic constant 0. [GLO-12]
        : The instance is 'L4/n_3/bias_reg[12]'.
Info    : Replacing a flip-flop with a logic constant 0. [GLO-12]
        : The instance is 'L4/n_3/bias_reg[13]'.
Info    : Replacing a flip-flop with a logic constant 0. [GLO-12]
        : The instance is 'L4/n_3/bias_reg[14]'.
Info    : Replacing a flip-flop with a logic constant 0. [GLO-12]
        : The instance is 'L4/n_3/bias_reg[15]'.
Info    : Replacing a flip-flop with a logic constant 1. [GLO-13]
        : The instance is 'L4/n_3/bias_reg[16]'.
Info    : Replacing a flip-flop with a logic constant 0. [GLO-12]
        : The instance is 'L4/n_3/bias_reg[17]'.
Info    : Replacing a flip-flop with a logic constant 0. [GLO-12]
        : The instance is 'L4/n_3/bias_reg[18]'.
Info    : Replacing a flip-flop with a logic constant 0. [GLO-12]
        : The instance is 'L4/n_3/bias_reg[19]'.
Info    : Replacing a flip-flop with a logic constant 1. [GLO-13]
        : The instance is 'L4/n_3/bias_reg[20]'.
Info    : Replacing a flip-flop with a logic constant 0. [GLO-12]
        : The instance is 'L4/n_3/bias_reg[21]'.
Info    : Replacing a flip-flop with a logic constant 1. [GLO-13]
        : The instance is 'L4/n_3/bias_reg[22]'.
Info    : Replacing a flip-flop with a logic constant 1. [GLO-13]
        : The instance is 'L4/n_3/bias_reg[23]'.
Info    : Replacing a flip-flop with a logic constant 0. [GLO-12]
        : The instance is 'L4/n_3/bias_reg[24]'.
Info    : Replacing a flip-flop with a logic constant 0. [GLO-12]
        : The instance is 'L4/n_3/bias_reg[25]'.
Info    : Replacing a flip-flop with a logic constant 0. [GLO-12]
        : The instance is 'L4/n_3/bias_reg[26]'.
Info    : Replacing a flip-flop with a logic constant 0. [GLO-12]
        : The instance is 'L4/n_3/bias_reg[27]'.
Info    : Replacing a flip-flop with a logic constant 0. [GLO-12]
        : The instance is 'L4/n_3/bias_reg[28]'.
Info    : Replacing a flip-flop with a logic constant 1. [GLO-13]
        : The instance is 'L4/n_3/bias_reg[29]'.
Info    : Replacing a flip-flop with a logic constant 1. [GLO-13]
        : The instance is 'L4/n_3/bias_reg[30]'.
Info    : Replacing a flip-flop with a logic constant 1. [GLO-13]
        : The instance is 'L4/n_3/bias_reg[31]'.
Info    : Replacing a flip-flop with a logic constant 0. [GLO-12]
        : The instance is 'L4/n_4/bias_reg[0]'.
Info    : Replacing a flip-flop with a logic constant 0. [GLO-12]
        : The instance is 'L4/n_4/bias_reg[1]'.
Info    : Replacing a flip-flop with a logic constant 0. [GLO-12]
        : The instance is 'L4/n_4/bias_reg[2]'.
Info    : Replacing a flip-flop with a logic constant 0. [GLO-12]
        : The instance is 'L4/n_4/bias_reg[3]'.
Info    : Replacing a flip-flop with a logic constant 0. [GLO-12]
        : The instance is 'L4/n_4/bias_reg[4]'.
Info    : Replacing a flip-flop with a logic constant 0. [GLO-12]
        : The instance is 'L4/n_4/bias_reg[5]'.
Info    : Replacing a flip-flop with a logic constant 0. [GLO-12]
        : The instance is 'L4/n_4/bias_reg[6]'.
Info    : Replacing a flip-flop with a logic constant 0. [GLO-12]
        : The instance is 'L4/n_4/bias_reg[7]'.
Info    : Replacing a flip-flop with a logic constant 0. [GLO-12]
        : The instance is 'L4/n_4/bias_reg[8]'.
Info    : Replacing a flip-flop with a logic constant 0. [GLO-12]
        : The instance is 'L4/n_4/bias_reg[9]'.
Info    : Replacing a flip-flop with a logic constant 0. [GLO-12]
        : The instance is 'L4/n_4/bias_reg[10]'.
Info    : Replacing a flip-flop with a logic constant 0. [GLO-12]
        : The instance is 'L4/n_4/bias_reg[11]'.
Info    : Replacing a flip-flop with a logic constant 0. [GLO-12]
        : The instance is 'L4/n_4/bias_reg[12]'.
Info    : Replacing a flip-flop with a logic constant 0. [GLO-12]
        : The instance is 'L4/n_4/bias_reg[13]'.
Info    : Replacing a flip-flop with a logic constant 0. [GLO-12]
        : The instance is 'L4/n_4/bias_reg[14]'.
Info    : Replacing a flip-flop with a logic constant 0. [GLO-12]
        : The instance is 'L4/n_4/bias_reg[15]'.
Info    : Replacing a flip-flop with a logic constant 1. [GLO-13]
        : The instance is 'L4/n_4/bias_reg[16]'.
Info    : Replacing a flip-flop with a logic constant 1. [GLO-13]
        : The instance is 'L4/n_4/bias_reg[17]'.
Info    : Replacing a flip-flop with a logic constant 1. [GLO-13]
        : The instance is 'L4/n_4/bias_reg[18]'.
Info    : Replacing a flip-flop with a logic constant 0. [GLO-12]
        : The instance is 'L4/n_4/bias_reg[19]'.
Info    : Replacing a flip-flop with a logic constant 1. [GLO-13]
        : The instance is 'L4/n_4/bias_reg[20]'.
Info    : Replacing a flip-flop with a logic constant 0. [GLO-12]
        : The instance is 'L4/n_4/bias_reg[21]'.
Info    : Replacing a flip-flop with a logic constant 0. [GLO-12]
        : The instance is 'L4/n_4/bias_reg[22]'.
Info    : Replacing a flip-flop with a logic constant 0. [GLO-12]
        : The instance is 'L4/n_4/bias_reg[23]'.
Info    : Replacing a flip-flop with a logic constant 1. [GLO-13]
        : The instance is 'L4/n_4/bias_reg[24]'.
Info    : Replacing a flip-flop with a logic constant 1. [GLO-13]
        : The instance is 'L4/n_4/bias_reg[25]'.
Info    : Replacing a flip-flop with a logic constant 1. [GLO-13]
        : The instance is 'L4/n_4/bias_reg[26]'.
Info    : Replacing a flip-flop with a logic constant 0. [GLO-12]
        : The instance is 'L4/n_4/bias_reg[27]'.
Info    : Replacing a flip-flop with a logic constant 1. [GLO-13]
        : The instance is 'L4/n_4/bias_reg[28]'.
Info    : Replacing a flip-flop with a logic constant 0. [GLO-12]
        : The instance is 'L4/n_4/bias_reg[29]'.
Info    : Replacing a flip-flop with a logic constant 1. [GLO-13]
        : The instance is 'L4/n_4/bias_reg[30]'.
Info    : Replacing a flip-flop with a logic constant 1. [GLO-13]
        : The instance is 'L4/n_4/bias_reg[31]'.
Info    : Replacing a flip-flop with a logic constant 0. [GLO-12]
        : The instance is 'L4/n_5/bias_reg[0]'.
Info    : Replacing a flip-flop with a logic constant 0. [GLO-12]
        : The instance is 'L4/n_5/bias_reg[1]'.
Info    : Replacing a flip-flop with a logic constant 0. [GLO-12]
        : The instance is 'L4/n_5/bias_reg[2]'.
Info    : Replacing a flip-flop with a logic constant 0. [GLO-12]
        : The instance is 'L4/n_5/bias_reg[3]'.
Info    : Replacing a flip-flop with a logic constant 0. [GLO-12]
        : The instance is 'L4/n_5/bias_reg[4]'.
Info    : Replacing a flip-flop with a logic constant 0. [GLO-12]
        : The instance is 'L4/n_5/bias_reg[5]'.
Info    : Replacing a flip-flop with a logic constant 0. [GLO-12]
        : The instance is 'L4/n_5/bias_reg[6]'.
Info    : Replacing a flip-flop with a logic constant 0. [GLO-12]
        : The instance is 'L4/n_5/bias_reg[7]'.
Info    : Replacing a flip-flop with a logic constant 0. [GLO-12]
        : The instance is 'L4/n_5/bias_reg[8]'.
Info    : Replacing a flip-flop with a logic constant 0. [GLO-12]
        : The instance is 'L4/n_5/bias_reg[9]'.
Info    : Replacing a flip-flop with a logic constant 0. [GLO-12]
        : The instance is 'L4/n_5/bias_reg[10]'.
Info    : Replacing a flip-flop with a logic constant 0. [GLO-12]
        : The instance is 'L4/n_5/bias_reg[11]'.
Info    : Replacing a flip-flop with a logic constant 0. [GLO-12]
        : The instance is 'L4/n_5/bias_reg[12]'.
Info    : Replacing a flip-flop with a logic constant 0. [GLO-12]
        : The instance is 'L4/n_5/bias_reg[13]'.
Info    : Replacing a flip-flop with a logic constant 0. [GLO-12]
        : The instance is 'L4/n_5/bias_reg[14]'.
Info    : Replacing a flip-flop with a logic constant 0. [GLO-12]
        : The instance is 'L4/n_5/bias_reg[15]'.
Info    : Replacing a flip-flop with a logic constant 0. [GLO-12]
        : The instance is 'L4/n_5/bias_reg[16]'.
Info    : Replacing a flip-flop with a logic constant 0. [GLO-12]
        : The instance is 'L4/n_5/bias_reg[17]'.
Info    : Replacing a flip-flop with a logic constant 0. [GLO-12]
        : The instance is 'L4/n_5/bias_reg[18]'.
Info    : Replacing a flip-flop with a logic constant 1. [GLO-13]
        : The instance is 'L4/n_5/bias_reg[19]'.
Info    : Replacing a flip-flop with a logic constant 0. [GLO-12]
        : The instance is 'L4/n_5/bias_reg[20]'.
Info    : Replacing a flip-flop with a logic constant 1. [GLO-13]
        : The instance is 'L4/n_5/bias_reg[21]'.
Info    : Replacing a flip-flop with a logic constant 1. [GLO-13]
        : The instance is 'L4/n_5/bias_reg[22]'.
Info    : Replacing a flip-flop with a logic constant 0. [GLO-12]
        : The instance is 'L4/n_5/bias_reg[23]'.
Info    : Replacing a flip-flop with a logic constant 1. [GLO-13]
        : The instance is 'L4/n_5/bias_reg[24]'.
Info    : Replacing a flip-flop with a logic constant 1. [GLO-13]
        : The instance is 'L4/n_5/bias_reg[25]'.
Info    : Replacing a flip-flop with a logic constant 0. [GLO-12]
        : The instance is 'L4/n_5/bias_reg[26]'.
Info    : Replacing a flip-flop with a logic constant 1. [GLO-13]
        : The instance is 'L4/n_5/bias_reg[27]'.
Info    : Replacing a flip-flop with a logic constant 0. [GLO-12]
        : The instance is 'L4/n_5/bias_reg[28]'.
Info    : Replacing a flip-flop with a logic constant 1. [GLO-13]
        : The instance is 'L4/n_5/bias_reg[29]'.
Info    : Replacing a flip-flop with a logic constant 1. [GLO-13]
        : The instance is 'L4/n_5/bias_reg[30]'.
Info    : Replacing a flip-flop with a logic constant 1. [GLO-13]
        : The instance is 'L4/n_5/bias_reg[31]'.
Info    : Replacing a flip-flop with a logic constant 0. [GLO-12]
        : The instance is 'L4/n_6/bias_reg[0]'.
Info    : Replacing a flip-flop with a logic constant 0. [GLO-12]
        : The instance is 'L4/n_6/bias_reg[1]'.
Info    : Replacing a flip-flop with a logic constant 0. [GLO-12]
        : The instance is 'L4/n_6/bias_reg[2]'.
Info    : Replacing a flip-flop with a logic constant 0. [GLO-12]
        : The instance is 'L4/n_6/bias_reg[3]'.
Info    : Replacing a flip-flop with a logic constant 0. [GLO-12]
        : The instance is 'L4/n_6/bias_reg[4]'.
Info    : Replacing a flip-flop with a logic constant 0. [GLO-12]
        : The instance is 'L4/n_6/bias_reg[5]'.
Info    : Replacing a flip-flop with a logic constant 0. [GLO-12]
        : The instance is 'L4/n_6/bias_reg[6]'.
Info    : Replacing a flip-flop with a logic constant 0. [GLO-12]
        : The instance is 'L4/n_6/bias_reg[7]'.
Info    : Replacing a flip-flop with a logic constant 0. [GLO-12]
        : The instance is 'L4/n_6/bias_reg[8]'.
Info    : Replacing a flip-flop with a logic constant 0. [GLO-12]
        : The instance is 'L4/n_6/bias_reg[9]'.
Info    : Replacing a flip-flop with a logic constant 0. [GLO-12]
        : The instance is 'L4/n_6/bias_reg[10]'.
Info    : Replacing a flip-flop with a logic constant 0. [GLO-12]
        : The instance is 'L4/n_6/bias_reg[11]'.
Info    : Replacing a flip-flop with a logic constant 0. [GLO-12]
        : The instance is 'L4/n_6/bias_reg[12]'.
Info    : Replacing a flip-flop with a logic constant 0. [GLO-12]
        : The instance is 'L4/n_6/bias_reg[13]'.
Info    : Replacing a flip-flop with a logic constant 0. [GLO-12]
        : The instance is 'L4/n_6/bias_reg[14]'.
Info    : Replacing a flip-flop with a logic constant 0. [GLO-12]
        : The instance is 'L4/n_6/bias_reg[15]'.
Info    : Replacing a flip-flop with a logic constant 1. [GLO-13]
        : The instance is 'L4/n_6/bias_reg[16]'.
Info    : Replacing a flip-flop with a logic constant 1. [GLO-13]
        : The instance is 'L4/n_6/bias_reg[17]'.
Info    : Replacing a flip-flop with a logic constant 1. [GLO-13]
        : The instance is 'L4/n_6/bias_reg[18]'.
Info    : Replacing a flip-flop with a logic constant 1. [GLO-13]
        : The instance is 'L4/n_6/bias_reg[19]'.
Info    : Replacing a flip-flop with a logic constant 0. [GLO-12]
        : The instance is 'L4/n_6/bias_reg[20]'.
Info    : Replacing a flip-flop with a logic constant 0. [GLO-12]
        : The instance is 'L4/n_6/bias_reg[21]'.
Info    : Replacing a flip-flop with a logic constant 1. [GLO-13]
        : The instance is 'L4/n_6/bias_reg[22]'.
Info    : Replacing a flip-flop with a logic constant 1. [GLO-13]
        : The instance is 'L4/n_6/bias_reg[23]'.
Info    : Replacing a flip-flop with a logic constant 1. [GLO-13]
        : The instance is 'L4/n_6/bias_reg[24]'.
Info    : Replacing a flip-flop with a logic constant 1. [GLO-13]
        : The instance is 'L4/n_6/bias_reg[25]'.
Info    : Replacing a flip-flop with a logic constant 1. [GLO-13]
        : The instance is 'L4/n_6/bias_reg[26]'.
Info    : Replacing a flip-flop with a logic constant 1. [GLO-13]
        : The instance is 'L4/n_6/bias_reg[27]'.
Info    : Replacing a flip-flop with a logic constant 0. [GLO-12]
        : The instance is 'L4/n_6/bias_reg[28]'.
Info    : Replacing a flip-flop with a logic constant 1. [GLO-13]
        : The instance is 'L4/n_6/bias_reg[29]'.
Info    : Replacing a flip-flop with a logic constant 1. [GLO-13]
        : The instance is 'L4/n_6/bias_reg[30]'.
Info    : Replacing a flip-flop with a logic constant 1. [GLO-13]
        : The instance is 'L4/n_6/bias_reg[31]'.
Info    : Replacing a flip-flop with a logic constant 0. [GLO-12]
        : The instance is 'L4/n_7/bias_reg[0]'.
Info    : Replacing a flip-flop with a logic constant 0. [GLO-12]
        : The instance is 'L4/n_7/bias_reg[1]'.
Info    : Replacing a flip-flop with a logic constant 0. [GLO-12]
        : The instance is 'L4/n_7/bias_reg[2]'.
Info    : Replacing a flip-flop with a logic constant 0. [GLO-12]
        : The instance is 'L4/n_7/bias_reg[3]'.
Info    : Replacing a flip-flop with a logic constant 0. [GLO-12]
        : The instance is 'L4/n_7/bias_reg[4]'.
Info    : Replacing a flip-flop with a logic constant 0. [GLO-12]
        : The instance is 'L4/n_7/bias_reg[5]'.
Info    : Replacing a flip-flop with a logic constant 0. [GLO-12]
        : The instance is 'L4/n_7/bias_reg[6]'.
Info    : Replacing a flip-flop with a logic constant 0. [GLO-12]
        : The instance is 'L4/n_7/bias_reg[7]'.
Info    : Replacing a flip-flop with a logic constant 0. [GLO-12]
        : The instance is 'L4/n_7/bias_reg[8]'.
Info    : Replacing a flip-flop with a logic constant 0. [GLO-12]
        : The instance is 'L4/n_7/bias_reg[9]'.
Info    : Replacing a flip-flop with a logic constant 0. [GLO-12]
        : The instance is 'L4/n_7/bias_reg[10]'.
Info    : Replacing a flip-flop with a logic constant 0. [GLO-12]
        : The instance is 'L4/n_7/bias_reg[11]'.
Info    : Replacing a flip-flop with a logic constant 0. [GLO-12]
        : The instance is 'L4/n_7/bias_reg[12]'.
Info    : Replacing a flip-flop with a logic constant 0. [GLO-12]
        : The instance is 'L4/n_7/bias_reg[13]'.
Info    : Replacing a flip-flop with a logic constant 0. [GLO-12]
        : The instance is 'L4/n_7/bias_reg[14]'.
Info    : Replacing a flip-flop with a logic constant 0. [GLO-12]
        : The instance is 'L4/n_7/bias_reg[15]'.
Info    : Replacing a flip-flop with a logic constant 0. [GLO-12]
        : The instance is 'L4/n_7/bias_reg[16]'.
Info    : Replacing a flip-flop with a logic constant 1. [GLO-13]
        : The instance is 'L4/n_7/bias_reg[17]'.
Info    : Replacing a flip-flop with a logic constant 0. [GLO-12]
        : The instance is 'L4/n_7/bias_reg[18]'.
Info    : Replacing a flip-flop with a logic constant 1. [GLO-13]
        : The instance is 'L4/n_7/bias_reg[19]'.
Info    : Replacing a flip-flop with a logic constant 0. [GLO-12]
        : The instance is 'L4/n_7/bias_reg[20]'.
Info    : Replacing a flip-flop with a logic constant 1. [GLO-13]
        : The instance is 'L4/n_7/bias_reg[21]'.
Info    : Replacing a flip-flop with a logic constant 1. [GLO-13]
        : The instance is 'L4/n_7/bias_reg[22]'.
Info    : Replacing a flip-flop with a logic constant 0. [GLO-12]
        : The instance is 'L4/n_7/bias_reg[23]'.
Info    : Replacing a flip-flop with a logic constant 1. [GLO-13]
        : The instance is 'L4/n_7/bias_reg[24]'.
Info    : Replacing a flip-flop with a logic constant 0. [GLO-12]
        : The instance is 'L4/n_7/bias_reg[25]'.
Info    : Replacing a flip-flop with a logic constant 0. [GLO-12]
        : The instance is 'L4/n_7/bias_reg[26]'.
Info    : Replacing a flip-flop with a logic constant 1. [GLO-13]
        : The instance is 'L4/n_7/bias_reg[27]'.
Info    : Replacing a flip-flop with a logic constant 0. [GLO-12]
        : The instance is 'L4/n_7/bias_reg[28]'.
Info    : Replacing a flip-flop with a logic constant 0. [GLO-12]
        : The instance is 'L4/n_7/bias_reg[29]'.
Info    : Replacing a flip-flop with a logic constant 1. [GLO-13]
        : The instance is 'L4/n_7/bias_reg[30]'.
Info    : Replacing a flip-flop with a logic constant 1. [GLO-13]
        : The instance is 'L4/n_7/bias_reg[31]'.
Info    : Replacing a flip-flop with a logic constant 0. [GLO-12]
        : The instance is 'L4/n_7/WM/wout_reg[11]'.
Info    : Replacing a flip-flop with a logic constant 0. [GLO-12]
        : The instance is 'L4/n_8/bias_reg[0]'.
Info    : Replacing a flip-flop with a logic constant 0. [GLO-12]
        : The instance is 'L4/n_8/bias_reg[1]'.
Info    : Replacing a flip-flop with a logic constant 0. [GLO-12]
        : The instance is 'L4/n_8/bias_reg[2]'.
Info    : Replacing a flip-flop with a logic constant 0. [GLO-12]
        : The instance is 'L4/n_8/bias_reg[3]'.
Info    : Replacing a flip-flop with a logic constant 0. [GLO-12]
        : The instance is 'L4/n_8/bias_reg[4]'.
Info    : Replacing a flip-flop with a logic constant 0. [GLO-12]
        : The instance is 'L4/n_8/bias_reg[5]'.
Info    : Replacing a flip-flop with a logic constant 0. [GLO-12]
        : The instance is 'L4/n_8/bias_reg[6]'.
Info    : Replacing a flip-flop with a logic constant 0. [GLO-12]
        : The instance is 'L4/n_8/bias_reg[7]'.
Info    : Replacing a flip-flop with a logic constant 0. [GLO-12]
        : The instance is 'L4/n_8/bias_reg[8]'.
Info    : Replacing a flip-flop with a logic constant 0. [GLO-12]
        : The instance is 'L4/n_8/bias_reg[9]'.
Info    : Replacing a flip-flop with a logic constant 0. [GLO-12]
        : The instance is 'L4/n_8/bias_reg[10]'.
Info    : Replacing a flip-flop with a logic constant 0. [GLO-12]
        : The instance is 'L4/n_8/bias_reg[11]'.
Info    : Replacing a flip-flop with a logic constant 0. [GLO-12]
        : The instance is 'L4/n_8/bias_reg[12]'.
Info    : Replacing a flip-flop with a logic constant 0. [GLO-12]
        : The instance is 'L4/n_8/bias_reg[13]'.
Info    : Replacing a flip-flop with a logic constant 0. [GLO-12]
        : The instance is 'L4/n_8/bias_reg[14]'.
Info    : Replacing a flip-flop with a logic constant 0. [GLO-12]
        : The instance is 'L4/n_8/bias_reg[15]'.
Info    : Replacing a flip-flop with a logic constant 0. [GLO-12]
        : The instance is 'L4/n_8/bias_reg[16]'.
Info    : Replacing a flip-flop with a logic constant 1. [GLO-13]
        : The instance is 'L4/n_8/bias_reg[17]'.
Info    : Replacing a flip-flop with a logic constant 1. [GLO-13]
        : The instance is 'L4/n_8/bias_reg[18]'.
Info    : Replacing a flip-flop with a logic constant 0. [GLO-12]
        : The instance is 'L4/n_8/bias_reg[19]'.
Info    : Replacing a flip-flop with a logic constant 0. [GLO-12]
        : The instance is 'L4/n_8/bias_reg[20]'.
Info    : Replacing a flip-flop with a logic constant 1. [GLO-13]
        : The instance is 'L4/n_8/bias_reg[21]'.
Info    : Replacing a flip-flop with a logic constant 1. [GLO-13]
        : The instance is 'L4/n_8/bias_reg[22]'.
Info    : Replacing a flip-flop with a logic constant 0. [GLO-12]
        : The instance is 'L4/n_8/bias_reg[23]'.
Info    : Replacing a flip-flop with a logic constant 1. [GLO-13]
        : The instance is 'L4/n_8/bias_reg[24]'.
Info    : Replacing a flip-flop with a logic constant 0. [GLO-12]
        : The instance is 'L4/n_8/bias_reg[25]'.
Info    : Replacing a flip-flop with a logic constant 1. [GLO-13]
        : The instance is 'L4/n_8/bias_reg[26]'.
Info    : Replacing a flip-flop with a logic constant 1. [GLO-13]
        : The instance is 'L4/n_8/bias_reg[27]'.
Info    : Replacing a flip-flop with a logic constant 0. [GLO-12]
        : The instance is 'L4/n_8/bias_reg[28]'.
Info    : Replacing a flip-flop with a logic constant 1. [GLO-13]
        : The instance is 'L4/n_8/bias_reg[29]'.
Info    : Replacing a flip-flop with a logic constant 1. [GLO-13]
        : The instance is 'L4/n_8/bias_reg[30]'.
Info    : Replacing a flip-flop with a logic constant 1. [GLO-13]
        : The instance is 'L4/n_8/bias_reg[31]'.
Info    : Replacing a flip-flop with a logic constant 0. [GLO-12]
        : The instance is 'L4/n_9/bias_reg[0]'.
Info    : Replacing a flip-flop with a logic constant 0. [GLO-12]
        : The instance is 'L4/n_9/bias_reg[1]'.
Info    : Replacing a flip-flop with a logic constant 0. [GLO-12]
        : The instance is 'L4/n_9/bias_reg[2]'.
Info    : Replacing a flip-flop with a logic constant 0. [GLO-12]
        : The instance is 'L4/n_9/bias_reg[3]'.
Info    : Replacing a flip-flop with a logic constant 0. [GLO-12]
        : The instance is 'L4/n_9/bias_reg[4]'.
Info    : Replacing a flip-flop with a logic constant 0. [GLO-12]
        : The instance is 'L4/n_9/bias_reg[5]'.
Info    : Replacing a flip-flop with a logic constant 0. [GLO-12]
        : The instance is 'L4/n_9/bias_reg[6]'.
Info    : Replacing a flip-flop with a logic constant 0. [GLO-12]
        : The instance is 'L4/n_9/bias_reg[7]'.
Info    : Replacing a flip-flop with a logic constant 0. [GLO-12]
        : The instance is 'L4/n_9/bias_reg[8]'.
Info    : Replacing a flip-flop with a logic constant 0. [GLO-12]
        : The instance is 'L4/n_9/bias_reg[9]'.
Info    : Replacing a flip-flop with a logic constant 0. [GLO-12]
        : The instance is 'L4/n_9/bias_reg[10]'.
Info    : Replacing a flip-flop with a logic constant 0. [GLO-12]
        : The instance is 'L4/n_9/bias_reg[11]'.
Info    : Replacing a flip-flop with a logic constant 0. [GLO-12]
        : The instance is 'L4/n_9/bias_reg[12]'.
Info    : Replacing a flip-flop with a logic constant 0. [GLO-12]
        : The instance is 'L4/n_9/bias_reg[13]'.
Info    : Replacing a flip-flop with a logic constant 0. [GLO-12]
        : The instance is 'L4/n_9/bias_reg[14]'.
Info    : Replacing a flip-flop with a logic constant 0. [GLO-12]
        : The instance is 'L4/n_9/bias_reg[15]'.
Info    : Replacing a flip-flop with a logic constant 1. [GLO-13]
        : The instance is 'L4/n_9/bias_reg[16]'.
Info    : Replacing a flip-flop with a logic constant 1. [GLO-13]
        : The instance is 'L4/n_9/bias_reg[17]'.
Info    : Replacing a flip-flop with a logic constant 0. [GLO-12]
        : The instance is 'L4/n_9/bias_reg[18]'.
Info    : Replacing a flip-flop with a logic constant 0. [GLO-12]
        : The instance is 'L4/n_9/bias_reg[19]'.
Info    : Replacing a flip-flop with a logic constant 0. [GLO-12]
        : The instance is 'L4/n_9/bias_reg[20]'.
Info    : Replacing a flip-flop with a logic constant 1. [GLO-13]
        : The instance is 'L4/n_9/bias_reg[21]'.
Info    : Replacing a flip-flop with a logic constant 0. [GLO-12]
        : The instance is 'L4/n_9/bias_reg[22]'.
Info    : Replacing a flip-flop with a logic constant 1. [GLO-13]
        : The instance is 'L4/n_9/bias_reg[23]'.
Info    : Replacing a flip-flop with a logic constant 1. [GLO-13]
        : The instance is 'L4/n_9/bias_reg[24]'.
Info    : Replacing a flip-flop with a logic constant 0. [GLO-12]
        : The instance is 'L4/n_9/bias_reg[25]'.
Info    : Replacing a flip-flop with a logic constant 1. [GLO-13]
        : The instance is 'L4/n_9/bias_reg[26]'.
Info    : Replacing a flip-flop with a logic constant 0. [GLO-12]
        : The instance is 'L4/n_9/bias_reg[27]'.
Info    : Replacing a flip-flop with a logic constant 1. [GLO-13]
        : The instance is 'L4/n_9/bias_reg[28]'.
Info    : Replacing a flip-flop with a logic constant 0. [GLO-12]
        : The instance is 'L4/n_9/bias_reg[29]'.
Info    : Replacing a flip-flop with a logic constant 1. [GLO-13]
        : The instance is 'L4/n_9/bias_reg[30]'.
Info    : Replacing a flip-flop with a logic constant 1. [GLO-13]
        : The instance is 'L4/n_9/bias_reg[31]'.
Info    : Replacing a flip-flop with a logic constant 0. [GLO-12]
        : The instance is 'mFind/inDataBuffer_reg[15]'.
Info    : Replacing a flip-flop with a logic constant 0. [GLO-12]
        : The instance is 'mFind/inDataBuffer_reg[31]'.
Info    : Replacing a flip-flop with a logic constant 0. [GLO-12]
        : The instance is 'mFind/inDataBuffer_reg[47]'.
Info    : Replacing a flip-flop with a logic constant 0. [GLO-12]
        : The instance is 'mFind/inDataBuffer_reg[63]'.
Info    : Replacing a flip-flop with a logic constant 0. [GLO-12]
        : The instance is 'mFind/inDataBuffer_reg[79]'.
Info    : Replacing a flip-flop with a logic constant 0. [GLO-12]
        : The instance is 'mFind/inDataBuffer_reg[95]'.
Info    : Replacing a flip-flop with a logic constant 0. [GLO-12]
        : The instance is 'mFind/inDataBuffer_reg[111]'.
Info    : Replacing a flip-flop with a logic constant 0. [GLO-12]
        : The instance is 'mFind/inDataBuffer_reg[127]'.
Info    : Replacing a flip-flop with a logic constant 0. [GLO-12]
        : The instance is 'mFind/inDataBuffer_reg[143]'.
Info    : Replacing a flip-flop with a logic constant 0. [GLO-12]
        : The instance is 'mFind/inDataBuffer_reg[159]'.
Info    : Deleting instances not driving any primary outputs. [GLO-34]
        : Deleting 2571 sequential instances.
Current PLE settings:

Aspect ratio        : 1.00
Shrink factor       : 1.00
Scale of res/length : 1.00
Scale of cap/length : 1.00
Net derating factor : 1.00
Thermal factor      : 1.00
Via Resistance      : 0.00 ohm (from default)
Site size           : 1.59 um (from lef [tech+cell])

                                   Capacitance  
  Layer                             / Length         Data source:
Name        Direction Utilization  (pF/micron)       lef_library
------------------------------------------------
metal1          H         0.00        0.000060  
metal2          V         1.00        0.000053  
metal3          H         1.00        0.000052  
metal4          V         1.00        0.000065  
metal5          H         1.00        0.000007  
metal6          V         1.00        0.000049  
metal7          H         1.00        0.000068  
metal8          V         1.00        0.000050  
metal9          H         1.00        0.000065  
metal10         V         1.00        0.000049  

                                    Resistance   
  Layer                              / Length         Data source:
Name        Direction Utilization  (ohm/micron)       lef_library
-------------------------------------------------
metal1          H         0.00         5.428571  
metal2          V         1.00         3.571429  
metal3          H         1.00         3.571429  
metal4          V         1.00         1.500000  
metal5          H         1.00         1.500000  
metal6          V         1.00         1.500000  
metal7          H         1.00         0.187500  
metal8          V         1.00         0.187500  
metal9          H         1.00         0.037500  
metal10         V         1.00         0.037500  

                                        Area     
  Layer                               / Length        Data source:
Name        Direction Utilization     (micron)        lef_library
-------------------------------------------------
metal1          H         0.00         0.070000  
metal2          V         1.00         0.070000  
metal3          H         1.00         0.070000  
metal4          V         1.00         0.140000  
metal5          H         1.00         0.140000  
metal6          V         1.00         0.140000  
metal7          H         1.00         0.400000  
metal8          V         1.00         0.400000  
metal9          H         1.00         0.800000  
metal10         V         1.00         0.800000  

Info    : Synthesizing. [SYNTH-1]
        : Synthesizing 'DNN' to generic gates using 'medium' effort.
  Setting attribute of design 'DNN': 'is_excp_dupcln' = false
PBS_Generic-Start - Elapsed_Time 0, CPU_Time 0.0
stamp 'PBS_Generic-Start' being created for table 'pbs_debug'

  Total Time (Wall) |  Stage Time (Wall)  |   % (Wall)   |    Date - Time     |  Memory   | Stage
--------------------+---------------------+--------------+--------------------+-----------+----------------------
 00:00:57(00:01:11) |  00:00:00(00:00:00) |   0.0(  0.0) |   20:00:55 (Nov12) |  721.0 MB | PBS_Generic-Start
--------------------+---------------------+--------------+--------------------+-----------+----------------------
Number of threads: 8 * 1   (id: pbs_debug, time_info v1.57)
Info: (*N*) indicates data that was populated from previously saved time_info database
Info: CPU time includes time of parent + longest thread
Info    : Enabling Partition Based Synthesis. [PBS-1]
        : Starting distributed generic optimization.
Info    : Attempting to launch a super-threading server. [ST-120]
        : Attempting to Launch server 1 of 8.
        : The tool is entering super-threading mode and is launching a CPU server process.  This is enabled by the root attribute 'super_thread_servers' or 'auto_super_thread'.
Info    : Connection established with super-threading server. [ST-110]
        : The server 'localhost_1_0' is process '2325647' on this host.
        : The tool is entering super-threading mode and has established a connection with a CPU server process.  This is enabled by the root attributes 'super_thread_servers' or 'auto_super_thread'.
     Generating lib_script file: /home/kpb1466/Neuron_refine4/Synthesis/.pbs_joker.ece.northwestern.edu_2324662/lib_script
  Resetting attribute of root '/': 'hide_timing_condition_clones' = 
Start partitioning.  Summary: MEM {curr: 1.2G, peak: 1.3G, phys curr: 0.9G, phys peak: 0.9G}
Start partitioning design DNN for generic optimization.
Total generic instances for partitioning: 539068
	Generic partition 0: size 99779
	Generic partition 1: size 97639
	Generic partition 2: size 97696
	Generic partition 3: size 97803
	Generic partition 4: size 68205
	Generic partition 5: size 77946
Done partitioning.  Summary: RT {elapsed: 0s, ST: 0s}, MEM {curr: 1.2G, peak: 1.3G, phys curr: 0.9G, phys peak: 0.9G}
Start creating partition netlists.  Summary: MEM {curr: 1.2G, peak: 1.3G, phys curr: 0.9G, phys peak: 0.9G}
Done creating partition netlists.  Summary: RT {elapsed: 3s, ST: 2s}, MEM {curr: 1.4G, peak: 1.4G, phys curr: 0.9G, phys peak: 0.9G}
Start budgeting timing for partitions.  Summary: MEM {curr: 1.4G, peak: 1.4G, phys curr: 0.9G, phys peak: 0.9G}
Done budgeting timing for partitions.  Summary: RT {elapsed: 13s, ST: 14s}, MEM {curr: 1.9G, peak: 1.9G, phys curr: 1.6G, phys peak: 1.6G}
Start deriving partition netlists.  Summary: MEM {curr: 1.9G, peak: 1.9G, phys curr: 1.6G, phys peak: 1.6G}
The inst 'pbs_gen_0' is selected as pbs candidate. The instance cnt is: '99779'.
The inst 'pbs_gen_1' is selected as pbs candidate. The instance cnt is: '97639'.
The inst 'pbs_gen_2' is selected as pbs candidate. The instance cnt is: '97696'.
The inst 'pbs_gen_3' is selected as pbs candidate. The instance cnt is: '97803'.
The inst 'pbs_gen_4' is selected as pbs candidate. The instance cnt is: '68205'.
The inst 'pbs_gen_5' is selected as pbs candidate. The instance cnt is: '77946'.
Done deriving partition netlists.  Summary: RT {elapsed: 4s, ST: 3s}, MEM {curr: 2.0G, peak: 2.0G, phys curr: 1.6G, phys peak: 1.6G}
Wait for super-thread servers to finish loading libraries.
Start super thread servers forking.  Summary: MEM {curr: 2.0G, peak: 2.0G, phys curr: 1.4G, phys peak: 1.6G}
                  Library loading done successfully on server 'localhost_1_0'.
Info    : Connection established with super-threading server. [ST-110]
        : The server 'localhost_1_1' is forked process '2325959' on this host.
Info    : Connection established with super-threading server. [ST-110]
        : The server 'localhost_1_2' is forked process '2325961' on this host.
Info    : Connection established with super-threading server. [ST-110]
        : The server 'localhost_1_3' is forked process '2325964' on this host.
Info    : Connection established with super-threading server. [ST-110]
        : The server 'localhost_1_4' is forked process '2325967' on this host.
Info    : Connection established with super-threading server. [ST-110]
        : The server 'localhost_1_5' is forked process '2325976' on this host.
Info    : Connection established with super-threading server. [ST-110]
        : The server 'localhost_1_6' is forked process '2325978' on this host.
Info    : Connection established with super-threading server. [ST-110]
        : The server 'localhost_1_7' is forked process '2325980' on this host.
Done super thread servers forking.  Summary: RT {elapsed: 0s, ST: 0s}, MEM {curr: 2.0G, peak: 2.0G, phys curr: 1.4G, phys peak: 1.6G}
        Distributing super-thread jobs: {pbs_gen_0 ./.pbs_joker.ece.northwestern.edu_2324662/pbs_gen_0.etf} {pbs_gen_3 ./.pbs_joker.ece.northwestern.edu_2324662/pbs_gen_3.etf} {pbs_gen_2 ./.pbs_joker.ece.northwestern.edu_2324662/pbs_gen_2.etf} {pbs_gen_1 ./.pbs_joker.ece.northwestern.edu_2324662/pbs_gen_1.etf} {pbs_gen_5 ./.pbs_joker.ece.northwestern.edu_2324662/pbs_gen_5.etf} {pbs_gen_4 ./.pbs_joker.ece.northwestern.edu_2324662/pbs_gen_4.etf}
          Sending 'pbs_gen_0 ./.pbs_joker.ece.northwestern.edu_2324662/pbs_gen_0.etf' to server 'localhost_1_0'...
            Sent 'pbs_gen_0 ./.pbs_joker.ece.northwestern.edu_2324662/pbs_gen_0.etf' to server 'localhost_1_0'.
          Sending 'pbs_gen_3 ./.pbs_joker.ece.northwestern.edu_2324662/pbs_gen_3.etf' to server 'localhost_1_6'...
            Sent 'pbs_gen_3 ./.pbs_joker.ece.northwestern.edu_2324662/pbs_gen_3.etf' to server 'localhost_1_6'.
          Sending 'pbs_gen_2 ./.pbs_joker.ece.northwestern.edu_2324662/pbs_gen_2.etf' to server 'localhost_1_7'...
            Sent 'pbs_gen_2 ./.pbs_joker.ece.northwestern.edu_2324662/pbs_gen_2.etf' to server 'localhost_1_7'.
          Sending 'pbs_gen_1 ./.pbs_joker.ece.northwestern.edu_2324662/pbs_gen_1.etf' to server 'localhost_1_1'...
            Sent 'pbs_gen_1 ./.pbs_joker.ece.northwestern.edu_2324662/pbs_gen_1.etf' to server 'localhost_1_1'.
          Sending 'pbs_gen_5 ./.pbs_joker.ece.northwestern.edu_2324662/pbs_gen_5.etf' to server 'localhost_1_5'...
            Sent 'pbs_gen_5 ./.pbs_joker.ece.northwestern.edu_2324662/pbs_gen_5.etf' to server 'localhost_1_5'.
          Sending 'pbs_gen_4 ./.pbs_joker.ece.northwestern.edu_2324662/pbs_gen_4.etf' to server 'localhost_1_4'...
            Sent 'pbs_gen_4 ./.pbs_joker.ece.northwestern.edu_2324662/pbs_gen_4.etf' to server 'localhost_1_4'.
          Received 'pbs_gen_4 ./.pbs_joker.ece.northwestern.edu_2324662/pbs_gen_4.etf' from server 'localhost_1_4'. (103612 ms elapsed)
       Partition:  pbs_gen_4 - PBS_Generic_Opt-Distributed_Read_DB - Elapsed_Time 0.00, CPU_Time 0.00
       Partition:  pbs_gen_4 - PBS_Generic_Opt-Distributed_Generic - Elapsed_Time 28.00, CPU_Time 27.00
       Partition:  pbs_gen_4 - PBS_Generic_Opt-First_Cond - Elapsed_Time 72.00, CPU_Time 70.67
       Partition:  pbs_gen_4 - PBS_Generic_Opt-Distributed_Prop_Const - Elapsed_Time 1.00, CPU_Time 1.00
       Partition:  pbs_gen_4 - PBS_Generic_Opt-Distributed_Gobble - Elapsed_Time 0.00, CPU_Time 0.00
       Partition:  pbs_gen_4 - PBS_Generic_Opt-Distributed_Report - Elapsed_Time 0.00, CPU_Time 0.00
       Start - Partition: pbs_gen_4  Slack: 162.8  TNS: 0.0  Cell-Count: 68205  Cell-Area: 127831  Init-Memory: 669.49
       Done  - Partition: pbs_gen_4  Slack: 189.4  TNS: 0.0  Cell-Count: 65389  Cell-Area: 109169  Peak-Memory: 817.88  Elapsed: 101
       Partition:  pbs_gen_4 - PBS_Generic_Opt-Distributed_Write_DB - Elapsed_Time 2.00, CPU_Time 3.00
       pbs_gen_4 - PBS_Generic_Opt-Assembly - Elapsed_Time 1, CPU_Time 1.0
       Partition:  pbs_gen_4 - Runtime taken by the partition - Elapsed_Time 103.00, CPU_Time 101.67
          Received 'pbs_gen_5 ./.pbs_joker.ece.northwestern.edu_2324662/pbs_gen_5.etf' from server 'localhost_1_5'. (119908 ms elapsed)
       Partition:  pbs_gen_5 - PBS_Generic_Opt-Distributed_Read_DB - Elapsed_Time 0.00, CPU_Time 0.00
       Partition:  pbs_gen_5 - PBS_Generic_Opt-Distributed_Generic - Elapsed_Time 32.00, CPU_Time 31.00
       Partition:  pbs_gen_5 - PBS_Generic_Opt-First_Cond - Elapsed_Time 84.00, CPU_Time 83.09
       Partition:  pbs_gen_5 - PBS_Generic_Opt-Distributed_Prop_Const - Elapsed_Time 1.00, CPU_Time 1.00
       Partition:  pbs_gen_5 - PBS_Generic_Opt-Distributed_Gobble - Elapsed_Time 0.00, CPU_Time 0.00
       Partition:  pbs_gen_5 - PBS_Generic_Opt-Distributed_Report - Elapsed_Time 0.00, CPU_Time 0.00
       Start - Partition: pbs_gen_5  Slack: 160.7  TNS: 0.0  Cell-Count: 77946  Cell-Area: 146091  Init-Memory: 685.49
       Done  - Partition: pbs_gen_5  Slack: 189.4  TNS: 0.0  Cell-Count: 74378  Cell-Area: 124157  Peak-Memory: 873.87  Elapsed: 117
       Partition:  pbs_gen_5 - PBS_Generic_Opt-Distributed_Write_DB - Elapsed_Time 2.00, CPU_Time 3.00
       pbs_gen_5 - PBS_Generic_Opt-Assembly - Elapsed_Time 1, CPU_Time 2.0
       Partition:  pbs_gen_5 - Runtime taken by the partition - Elapsed_Time 119.00, CPU_Time 118.09
          Received 'pbs_gen_2 ./.pbs_joker.ece.northwestern.edu_2324662/pbs_gen_2.etf' from server 'localhost_1_7'. (158438 ms elapsed)
          Received 'pbs_gen_1 ./.pbs_joker.ece.northwestern.edu_2324662/pbs_gen_1.etf' from server 'localhost_1_1'. (160518 ms elapsed)
       Partition:  pbs_gen_1 - PBS_Generic_Opt-Distributed_Read_DB - Elapsed_Time 0.00, CPU_Time 0.00
       Partition:  pbs_gen_1 - PBS_Generic_Opt-Distributed_Generic - Elapsed_Time 28.00, CPU_Time 28.00
       Partition:  pbs_gen_1 - PBS_Generic_Opt-First_Cond - Elapsed_Time 128.00, CPU_Time 125.65
       Partition:  pbs_gen_1 - PBS_Generic_Opt-Distributed_Prop_Const - Elapsed_Time 1.00, CPU_Time 1.00
       Partition:  pbs_gen_1 - PBS_Generic_Opt-Distributed_Gobble - Elapsed_Time 0.00, CPU_Time 0.00
       Partition:  pbs_gen_1 - PBS_Generic_Opt-Distributed_Report - Elapsed_Time 0.00, CPU_Time 0.00
       Start - Partition: pbs_gen_1  Slack: 151.6  TNS: 0.0  Cell-Count: 97639  Cell-Area: 150378  Init-Memory: 684.49
       Done  - Partition: pbs_gen_1  Slack: 151.6  TNS: 0.0  Cell-Count: 82826  Cell-Area: 135510  Peak-Memory: 874.91  Elapsed: 157
       Partition:  pbs_gen_1 - PBS_Generic_Opt-Distributed_Write_DB - Elapsed_Time 3.00, CPU_Time 3.00
       pbs_gen_1 - PBS_Generic_Opt-Assembly - Elapsed_Time 2, CPU_Time 2.0
       Partition:  pbs_gen_1 - Runtime taken by the partition - Elapsed_Time 160.00, CPU_Time 157.65
       Partition:  pbs_gen_2 - PBS_Generic_Opt-Distributed_Read_DB - Elapsed_Time 0.00, CPU_Time 0.00
       Partition:  pbs_gen_2 - PBS_Generic_Opt-Distributed_Generic - Elapsed_Time 28.00, CPU_Time 28.00
       Partition:  pbs_gen_2 - PBS_Generic_Opt-First_Cond - Elapsed_Time 125.00, CPU_Time 124.35
       Partition:  pbs_gen_2 - PBS_Generic_Opt-Distributed_Prop_Const - Elapsed_Time 2.00, CPU_Time 1.00
       Partition:  pbs_gen_2 - PBS_Generic_Opt-Distributed_Gobble - Elapsed_Time 0.00, CPU_Time 0.00
       Partition:  pbs_gen_2 - PBS_Generic_Opt-Distributed_Report - Elapsed_Time 0.00, CPU_Time 0.00
       Start - Partition: pbs_gen_2  Slack: 151.6  TNS: 0.0  Cell-Count: 97696  Cell-Area: 150454  Init-Memory: 685.49
       Done  - Partition: pbs_gen_2  Slack: 151.6  TNS: 0.0  Cell-Count: 82435  Cell-Area: 134919  Peak-Memory: 880.44  Elapsed: 155
       Partition:  pbs_gen_2 - PBS_Generic_Opt-Distributed_Write_DB - Elapsed_Time 3.00, CPU_Time 3.00
       pbs_gen_2 - PBS_Generic_Opt-Assembly - Elapsed_Time 2, CPU_Time 1.0
       Partition:  pbs_gen_2 - Runtime taken by the partition - Elapsed_Time 158.00, CPU_Time 156.35
          Received 'pbs_gen_3 ./.pbs_joker.ece.northwestern.edu_2324662/pbs_gen_3.etf' from server 'localhost_1_6'. (163849 ms elapsed)
       Partition:  pbs_gen_3 - PBS_Generic_Opt-Distributed_Read_DB - Elapsed_Time 0.00, CPU_Time 0.00
       Partition:  pbs_gen_3 - PBS_Generic_Opt-Distributed_Generic - Elapsed_Time 28.00, CPU_Time 28.00
       Partition:  pbs_gen_3 - PBS_Generic_Opt-First_Cond - Elapsed_Time 128.00, CPU_Time 124.68
       Partition:  pbs_gen_3 - PBS_Generic_Opt-Distributed_Prop_Const - Elapsed_Time 1.00, CPU_Time 2.00
       Partition:  pbs_gen_3 - PBS_Generic_Opt-Distributed_Gobble - Elapsed_Time 0.00, CPU_Time 0.00
       Partition:  pbs_gen_3 - PBS_Generic_Opt-Distributed_Report - Elapsed_Time 0.00, CPU_Time 0.00
       Start - Partition: pbs_gen_3  Slack: 151.6  TNS: 0.0  Cell-Count: 97803  Cell-Area: 150637  Init-Memory: 684.49
       Done  - Partition: pbs_gen_3  Slack: 151.6  TNS: 0.0  Cell-Count: 83516  Cell-Area: 136634  Peak-Memory: 887.55  Elapsed: 157
       Partition:  pbs_gen_3 - PBS_Generic_Opt-Distributed_Write_DB - Elapsed_Time 3.00, CPU_Time 3.00
       pbs_gen_3 - PBS_Generic_Opt-Assembly - Elapsed_Time 1, CPU_Time 2.0
       Partition:  pbs_gen_3 - Runtime taken by the partition - Elapsed_Time 160.00, CPU_Time 157.68
          Received 'pbs_gen_0 ./.pbs_joker.ece.northwestern.edu_2324662/pbs_gen_0.etf' from server 'localhost_1_0'. (165547 ms elapsed)
       Partition:  pbs_gen_0 - PBS_Generic_Opt-Distributed_Read_DB - Elapsed_Time 0.00, CPU_Time 0.00
       Partition:  pbs_gen_0 - PBS_Generic_Opt-Distributed_Generic - Elapsed_Time 44.00, CPU_Time 43.00
       Partition:  pbs_gen_0 - PBS_Generic_Opt-First_Cond - Elapsed_Time 116.00, CPU_Time 114.88
       Partition:  pbs_gen_0 - PBS_Generic_Opt-Distributed_Prop_Const - Elapsed_Time 1.00, CPU_Time 2.00
       Partition:  pbs_gen_0 - PBS_Generic_Opt-Distributed_Gobble - Elapsed_Time 0.00, CPU_Time 0.00
       Partition:  pbs_gen_0 - PBS_Generic_Opt-Distributed_Report - Elapsed_Time 0.00, CPU_Time 0.00
       Start - Partition: pbs_gen_0  Slack: 460.8  TNS: 0.0  Cell-Count: 99779  Cell-Area: 188682  Init-Memory: 722.49
       Done  - Partition: pbs_gen_0  Slack: 507.1  TNS: 0.0  Cell-Count: 102140  Cell-Area: 175087  Peak-Memory: 919.27  Elapsed: 161
       Partition:  pbs_gen_0 - PBS_Generic_Opt-Distributed_Write_DB - Elapsed_Time 4.00, CPU_Time 3.00
       pbs_gen_0 - PBS_Generic_Opt-Assembly - Elapsed_Time 2, CPU_Time 2.0
       Partition:  pbs_gen_0 - Runtime taken by the partition - Elapsed_Time 165.00, CPU_Time 162.88
Assembled design in-time

+-----------+----------------------------+-----+----------------------+---------------------------+
|   Host    |          Machine           | CPU | Physical Memory (MB) | Peak Physical Memory (MB) |
+-----------+----------------------------+-----+----------------------+---------------------------+
| localhost | joker.ece.northwestern.edu |  8  |        1554.9        |          2017.3           |
+-----------+----------------------------+-----+----------------------+---------------------------+

+---------------+----------------------+---------------------------+
|    Server     | Physical Memory (MB) | Peak Physical Memory (MB) |
+---------------+----------------------+---------------------------+
| localhost_1_2 |       26.7 [1]       |          [1] [2]          |
| localhost_1_3 |       26.7 [1]       |          [1] [2]          |
| localhost_1_5 |       98.6 [1]       |          [1] [2]          |
| localhost_1_0 |      702.8 [3]       |        1344.4 [3]         |
| localhost_1_4 |       99.8 [1]       |          [1] [2]          |
| localhost_1_7 |      108.3 [1]       |          [1] [2]          |
| localhost_1_1 |      103.0 [1]       |          [1] [2]          |
| localhost_1_6 |      104.0 [1]       |          [1] [2]          |
+---------------+----------------------+---------------------------+
[1] Memory is included in parent localhost_1_0.
[2] Peak physical memory is not available for forked background servers.
[3] Memory of child processes is included.

PBS_Generic_Opt-Post - Elapsed_Time 204, CPU_Time 202.82054399999998
stamp 'PBS_Generic_Opt-Post' being created for table 'pbs_debug'

  Total Time (Wall) |  Stage Time (Wall)  |   % (Wall)   |    Date - Time     |  Memory   | Stage
--------------------+---------------------+--------------+--------------------+-----------+----------------------
 00:00:57(00:01:11) |  00:00:00(00:00:00) |   0.0(  0.0) |   20:00:55 (Nov12) |  721.0 MB | PBS_Generic-Start
--------------------+---------------------+--------------+--------------------+-----------+----------------------
 00:04:19(00:04:35) |  00:03:22(00:03:24) | 100.0(100.0) |   20:04:19 (Nov12) |   1.13 GB | PBS_Generic_Opt-Post
--------------------+---------------------+--------------+--------------------+-----------+----------------------
Number of threads: 8 * 1   (id: pbs_debug, time_info v1.57)
Info: (*N*) indicates data that was populated from previously saved time_info database
Info: CPU time includes time of parent + longest thread
Info    : Replacing a flip-flop with a logic constant 0. [GLO-12]
        : The instance is 'L2/n_1_myinputd_reg[15]'.
Info    : Replacing a flip-flop with a logic constant 0. [GLO-12]
        : The instance is 'L2/n_0_myinputd_reg[15]'.
Info    : Deleting instances not driving any primary outputs. [GLO-34]
        : Deleting 2 sequential instances.
Info    : Deleting instances not driving any primary outputs. [GLO-34]
        : Deleting 3 hierarchical instances.
PBS_Generic-Postgen HBO Optimizations - Elapsed_Time 5, CPU_Time 4.0
stamp 'PBS_Generic-Postgen HBO Optimizations' being created for table 'pbs_debug'

  Total Time (Wall) |  Stage Time (Wall)  |   % (Wall)   |    Date - Time     |  Memory   | Stage
--------------------+---------------------+--------------+--------------------+-----------+----------------------
 00:00:57(00:01:11) |  00:00:00(00:00:00) |   0.0(  0.0) |   20:00:55 (Nov12) |  721.0 MB | PBS_Generic-Start
--------------------+---------------------+--------------+--------------------+-----------+----------------------
 00:04:19(00:04:35) |  00:03:22(00:03:24) |  98.1( 97.6) |   20:04:19 (Nov12) |   1.13 GB | PBS_Generic_Opt-Post
--------------------+---------------------+--------------+--------------------+-----------+----------------------
 00:04:23(00:04:40) |  00:00:04(00:00:05) |   1.9(  2.4) |   20:04:24 (Nov12) |  944.4 MB | PBS_Generic-Postgen HBO Optimizations
--------------------+---------------------+--------------+--------------------+-----------+----------------------
Number of threads: 8 * 1   (id: pbs_debug, time_info v1.57)
Info: (*N*) indicates data that was populated from previously saved time_info database
Info: CPU time includes time of parent + longest thread
##>================== Cadence Confidential (Generic-Logical) ==================
##>ST Summary (6 partitions in total):
##>----------------------------------------------------------------------------
##>PARTITION                0         1         3         2         5         4
##>----------------------------------------------------------------------------
##>PRE_WNS                460       151       151       151       160       162
##>PRE_TNS                  0         0         0         0         0         0
##>PRE_CNT              99779     97639     97803     97696     77946     68205
##>PRE_PORT_CNT           927       170       169       169       260       229
##>PRE_AREA            188682    150378    150637    150454    146091    127831
##>----------------------------------------------------------------------------
##>POST_WNS               507       151       151       151       189       189
##>POST_TNS                 0         0         0         0         0         0
##>POST_CNT            102140     82826     83516     82435     74378     65389
##>POST_PORT_CNT          927       170       169       169       260       229
##>POST_AREA           175087    135510    136634    134919    124157    109169
##>----------------------------------------------------------------------------
##>G:Read DB                0         0         0         0         0         0
##>G:Mux Opto              13         6         6         6         8         7
##>G:Generic               30        21        21        21        23        20
##>G:Retime                 0         0         0         0         0         0
##>G:Clk Gate               0         0         0         0         0         0
##>G:Const Prop             1         1         1         2         1         1
##>G:Gobble                 0         0         0         0         0         0
##>G:Set Targets          116       128       128       125        84        72
##>G:Write DB               4         3         3         3         2         2
##>G:Misc                   1         1         1         1         1         1
##>Total Elapsed          165       160       160       158       119       103
##>============================================================================
##>Main Thread Summary:
##>----------------------------------------------------------------------------------------
##>STEP                           Elapsed       WNS       TNS     Insts      Area    Memory
##>----------------------------------------------------------------------------------------
##>G:Initial                           12         -         -    539068    914076       778
##>G:Setup                              2         -         -         -         -      1291
##>G:Launch ST                          3         -         -         -         -      1291
##>G:Design Partition                   0         -         -         -         -      1291
##>G:Create Partition Netlists          3         -         -         -         -      1432
##>G:Init Power                         0         -         -         -         -      1789
##>G:Budgeting                          7         -         -         -         -      1938
##>G:Derenv-DB                          4         -         -         -         -      2060
##>G:Debug Outputs                      0         -         -         -         -         -
##>G:ST loading                         0         -         -         -         -      2060
##>G:Distributed                      165         -         -         -         -      2060
##>G:Timer                              6         -         -         -         -      1789
##>G:Assembly                           2         -         -         -         -      2060
##>G:DFT                                3         -         -         -         -      2060
##>G:Const Prop                         5         -         -    490016    814404       944
##>G:Misc                               8
##>----------------------------------------------------------------------------------------
##>Total Elapsed                      220
##>========================================================================================
##PBS-Generic-Logical  Partitions:6   Stage Total:220    Longest:165    Average:144    PBS Index:0.87
##>============================================================================================

======================= Sequential Deletion Report =============================
   Reason      Instance Name
-----------------------------
unloaded       mFind/curr_dbg
unloaded       state_4
unloaded       count_4
unloaded       holdData_4
unloaded       out_data_4
unloaded       data_out_valid_4
unloaded       L1/n_0/wen_reg
unloaded       L1/n_0/w_addr_reg[0]
unloaded       L1/n_0/w_addr_reg[1]
unloaded       L1/n_0/w_addr_reg[2]
unloaded       L1/n_0/w_addr_reg[3]
unloaded       L1/n_0/w_addr_reg[4]
unloaded       L1/n_0/w_addr_reg[5]
unloaded       L1/n_0/w_addr_reg[6]
unloaded       L1/n_0/w_addr_reg[7]
unloaded       L1/n_0/w_addr_reg[8]
unloaded       L1/n_0/w_addr_reg[9]
unloaded       L1/n_0/w_in_reg[0]
unloaded       L1/n_0/w_in_reg[1]
unloaded       L1/n_0/w_in_reg[2]
unloaded       L1/n_0/w_in_reg[3]
unloaded       L1/n_0/w_in_reg[4]
unloaded       L1/n_0/w_in_reg[5]
unloaded       L1/n_0/w_in_reg[6]
unloaded       L1/n_0/w_in_reg[7]
unloaded       L1/n_0/w_in_reg[8]
unloaded       L1/n_0/w_in_reg[9]
unloaded       L1/n_0/w_in_reg[10]
unloaded       L1/n_0/w_in_reg[11]
unloaded       L1/n_0/w_in_reg[12]
unloaded       L1/n_0/w_in_reg[13]
unloaded       L1/n_0/w_in_reg[14]
unloaded       L1/n_0/w_in_reg[15]
unloaded       L1/n_1/wen_reg
unloaded       L1/n_1/w_addr_reg[0]
unloaded       L1/n_1/w_addr_reg[1]
unloaded       L1/n_1/w_addr_reg[2]
unloaded       L1/n_1/w_addr_reg[3]
unloaded       L1/n_1/w_addr_reg[4]
unloaded       L1/n_1/w_addr_reg[5]
unloaded       L1/n_1/w_addr_reg[6]
unloaded       L1/n_1/w_addr_reg[7]
unloaded       L1/n_1/w_addr_reg[8]
unloaded       L1/n_1/w_addr_reg[9]
unloaded       L1/n_1/w_in_reg[0]
unloaded       L1/n_1/w_in_reg[1]
unloaded       L1/n_1/w_in_reg[2]
unloaded       L1/n_1/w_in_reg[3]
unloaded       L1/n_1/w_in_reg[4]
unloaded       L1/n_1/w_in_reg[5]
unloaded       L1/n_1/w_in_reg[6]
unloaded       L1/n_1/w_in_reg[7]
unloaded       L1/n_1/w_in_reg[8]
unloaded       L1/n_1/w_in_reg[9]
unloaded       L1/n_1/w_in_reg[10]
unloaded       L1/n_1/w_in_reg[11]
unloaded       L1/n_1/w_in_reg[12]
unloaded       L1/n_1/w_in_reg[13]
unloaded       L1/n_1/w_in_reg[14]
unloaded       L1/n_1/w_in_reg[15]
unloaded       L1/n_2/wen_reg
unloaded       L1/n_2/w_addr_reg[0]
unloaded       L1/n_2/w_addr_reg[1]
unloaded       L1/n_2/w_addr_reg[2]
unloaded       L1/n_2/w_addr_reg[3]
unloaded       L1/n_2/w_addr_reg[4]
unloaded       L1/n_2/w_addr_reg[5]
unloaded       L1/n_2/w_addr_reg[6]
unloaded       L1/n_2/w_addr_reg[7]
unloaded       L1/n_2/w_addr_reg[8]
unloaded       L1/n_2/w_addr_reg[9]
unloaded       L1/n_2/w_in_reg[0]
unloaded       L1/n_2/w_in_reg[1]
unloaded       L1/n_2/w_in_reg[2]
unloaded       L1/n_2/w_in_reg[3]
unloaded       L1/n_2/w_in_reg[4]
unloaded       L1/n_2/w_in_reg[5]
unloaded       L1/n_2/w_in_reg[6]
unloaded       L1/n_2/w_in_reg[7]
unloaded       L1/n_2/w_in_reg[8]
unloaded       L1/n_2/w_in_reg[9]
unloaded       L1/n_2/w_in_reg[10]
unloaded       L1/n_2/w_in_reg[11]
unloaded       L1/n_2/w_in_reg[12]
unloaded       L1/n_2/w_in_reg[13]
unloaded       L1/n_2/w_in_reg[14]
unloaded       L1/n_2/w_in_reg[15]
unloaded       L1/n_3/wen_reg
unloaded       L1/n_3/w_addr_reg[0]
unloaded       L1/n_3/w_addr_reg[1]
unloaded       L1/n_3/w_addr_reg[2]
unloaded       L1/n_3/w_addr_reg[3]
unloaded       L1/n_3/w_addr_reg[4]
unloaded       L1/n_3/w_addr_reg[5]
unloaded       L1/n_3/w_addr_reg[6]
unloaded       L1/n_3/w_addr_reg[7]
unloaded       L1/n_3/w_addr_reg[8]
unloaded       L1/n_3/w_addr_reg[9]
unloaded       L1/n_3/w_in_reg[0]
unloaded       L1/n_3/w_in_reg[1]
unloaded       L1/n_3/w_in_reg[2]
unloaded       L1/n_3/w_in_reg[3]
unloaded       L1/n_3/w_in_reg[4]
unloaded       L1/n_3/w_in_reg[5]
unloaded       L1/n_3/w_in_reg[6]
unloaded       L1/n_3/w_in_reg[7]
unloaded       L1/n_3/w_in_reg[8]
unloaded       L1/n_3/w_in_reg[9]
unloaded       L1/n_3/w_in_reg[10]
unloaded       L1/n_3/w_in_reg[11]
unloaded       L1/n_3/w_in_reg[12]
unloaded       L1/n_3/w_in_reg[13]
unloaded       L1/n_3/w_in_reg[14]
unloaded       L1/n_3/w_in_reg[15]
unloaded       L1/n_4/wen_reg
unloaded       L1/n_4/w_addr_reg[0]
unloaded       L1/n_4/w_addr_reg[1]
unloaded       L1/n_4/w_addr_reg[2]
unloaded       L1/n_4/w_addr_reg[3]
unloaded       L1/n_4/w_addr_reg[4]
unloaded       L1/n_4/w_addr_reg[5]
unloaded       L1/n_4/w_addr_reg[6]
unloaded       L1/n_4/w_addr_reg[7]
unloaded       L1/n_4/w_addr_reg[8]
unloaded       L1/n_4/w_addr_reg[9]
unloaded       L1/n_4/w_in_reg[0]
unloaded       L1/n_4/w_in_reg[1]
unloaded       L1/n_4/w_in_reg[2]
unloaded       L1/n_4/w_in_reg[3]
unloaded       L1/n_4/w_in_reg[4]
unloaded       L1/n_4/w_in_reg[5]
unloaded       L1/n_4/w_in_reg[6]
unloaded       L1/n_4/w_in_reg[7]
unloaded       L1/n_4/w_in_reg[8]
unloaded       L1/n_4/w_in_reg[9]
unloaded       L1/n_4/w_in_reg[10]
unloaded       L1/n_4/w_in_reg[11]
unloaded       L1/n_4/w_in_reg[12]
unloaded       L1/n_4/w_in_reg[13]
unloaded       L1/n_4/w_in_reg[14]
unloaded       L1/n_4/w_in_reg[15]
unloaded       L1/n_5/wen_reg
unloaded       L1/n_5/w_addr_reg[0]
unloaded       L1/n_5/w_addr_reg[1]
unloaded       L1/n_5/w_addr_reg[2]
unloaded       L1/n_5/w_addr_reg[3]
unloaded       L1/n_5/w_addr_reg[4]
unloaded       L1/n_5/w_addr_reg[5]
unloaded       L1/n_5/w_addr_reg[6]
unloaded       L1/n_5/w_addr_reg[7]
unloaded       L1/n_5/w_addr_reg[8]
unloaded       L1/n_5/w_addr_reg[9]
unloaded       L1/n_5/w_in_reg[0]
unloaded       L1/n_5/w_in_reg[1]
unloaded       L1/n_5/w_in_reg[2]
unloaded       L1/n_5/w_in_reg[3]
unloaded       L1/n_5/w_in_reg[4]
unloaded       L1/n_5/w_in_reg[5]
unloaded       L1/n_5/w_in_reg[6]
unloaded       L1/n_5/w_in_reg[7]
unloaded       L1/n_5/w_in_reg[8]
unloaded       L1/n_5/w_in_reg[9]
unloaded       L1/n_5/w_in_reg[10]
unloaded       L1/n_5/w_in_reg[11]
unloaded       L1/n_5/w_in_reg[12]
unloaded       L1/n_5/w_in_reg[13]
unloaded       L1/n_5/w_in_reg[14]
unloaded       L1/n_5/w_in_reg[15]
unloaded       L1/n_6/wen_reg
unloaded       L1/n_6/w_addr_reg[0]
unloaded       L1/n_6/w_addr_reg[1]
unloaded       L1/n_6/w_addr_reg[2]
unloaded       L1/n_6/w_addr_reg[3]
unloaded       L1/n_6/w_addr_reg[4]
unloaded       L1/n_6/w_addr_reg[5]
unloaded       L1/n_6/w_addr_reg[6]
unloaded       L1/n_6/w_addr_reg[7]
unloaded       L1/n_6/w_addr_reg[8]
unloaded       L1/n_6/w_addr_reg[9]
unloaded       L1/n_6/w_in_reg[0]
unloaded       L1/n_6/w_in_reg[1]
unloaded       L1/n_6/w_in_reg[2]
unloaded       L1/n_6/w_in_reg[3]
unloaded       L1/n_6/w_in_reg[4]
unloaded       L1/n_6/w_in_reg[5]
unloaded       L1/n_6/w_in_reg[6]
unloaded       L1/n_6/w_in_reg[7]
unloaded       L1/n_6/w_in_reg[8]
unloaded       L1/n_6/w_in_reg[9]
unloaded       L1/n_6/w_in_reg[10]
unloaded       L1/n_6/w_in_reg[11]
unloaded       L1/n_6/w_in_reg[12]
unloaded       L1/n_6/w_in_reg[13]
unloaded       L1/n_6/w_in_reg[14]
unloaded       L1/n_6/w_in_reg[15]
unloaded       L1/n_7/wen_reg
unloaded       L1/n_7/w_addr_reg[0]
unloaded       L1/n_7/w_addr_reg[1]
unloaded       L1/n_7/w_addr_reg[2]
unloaded       L1/n_7/w_addr_reg[3]
unloaded       L1/n_7/w_addr_reg[4]
unloaded       L1/n_7/w_addr_reg[5]
unloaded       L1/n_7/w_addr_reg[6]
unloaded       L1/n_7/w_addr_reg[7]
unloaded       L1/n_7/w_addr_reg[8]
unloaded       L1/n_7/w_addr_reg[9]
unloaded       L1/n_7/w_in_reg[0]
unloaded       L1/n_7/w_in_reg[1]
unloaded       L1/n_7/w_in_reg[2]
unloaded       L1/n_7/w_in_reg[3]
unloaded       L1/n_7/w_in_reg[4]
unloaded       L1/n_7/w_in_reg[5]
unloaded       L1/n_7/w_in_reg[6]
unloaded       L1/n_7/w_in_reg[7]
unloaded       L1/n_7/w_in_reg[8]
unloaded       L1/n_7/w_in_reg[9]
unloaded       L1/n_7/w_in_reg[10]
unloaded       L1/n_7/w_in_reg[11]
unloaded       L1/n_7/w_in_reg[12]
unloaded       L1/n_7/w_in_reg[13]
unloaded       L1/n_7/w_in_reg[14]
unloaded       L1/n_7/w_in_reg[15]
unloaded       L1/n_8/wen_reg
unloaded       L1/n_8/w_addr_reg[0]
unloaded       L1/n_8/w_addr_reg[1]
unloaded       L1/n_8/w_addr_reg[2]
unloaded       L1/n_8/w_addr_reg[3]
unloaded       L1/n_8/w_addr_reg[4]
unloaded       L1/n_8/w_addr_reg[5]
unloaded       L1/n_8/w_addr_reg[6]
unloaded       L1/n_8/w_addr_reg[7]
unloaded       L1/n_8/w_addr_reg[8]
unloaded       L1/n_8/w_addr_reg[9]
unloaded       L1/n_8/w_in_reg[0]
unloaded       L1/n_8/w_in_reg[1]
unloaded       L1/n_8/w_in_reg[2]
unloaded       L1/n_8/w_in_reg[3]
unloaded       L1/n_8/w_in_reg[4]
unloaded       L1/n_8/w_in_reg[5]
unloaded       L1/n_8/w_in_reg[6]
unloaded       L1/n_8/w_in_reg[7]
unloaded       L1/n_8/w_in_reg[8]
unloaded       L1/n_8/w_in_reg[9]
unloaded       L1/n_8/w_in_reg[10]
unloaded       L1/n_8/w_in_reg[11]
unloaded       L1/n_8/w_in_reg[12]
unloaded       L1/n_8/w_in_reg[13]
unloaded       L1/n_8/w_in_reg[14]
unloaded       L1/n_8/w_in_reg[15]
unloaded       L1/n_9/wen_reg
unloaded       L1/n_9/w_addr_reg[0]
unloaded       L1/n_9/w_addr_reg[1]
unloaded       L1/n_9/w_addr_reg[2]
unloaded       L1/n_9/w_addr_reg[3]
unloaded       L1/n_9/w_addr_reg[4]
unloaded       L1/n_9/w_addr_reg[5]
unloaded       L1/n_9/w_addr_reg[6]
unloaded       L1/n_9/w_addr_reg[7]
unloaded       L1/n_9/w_addr_reg[8]
unloaded       L1/n_9/w_addr_reg[9]
unloaded       L1/n_9/w_in_reg[0]
unloaded       L1/n_9/w_in_reg[1]
unloaded       L1/n_9/w_in_reg[2]
unloaded       L1/n_9/w_in_reg[3]
unloaded       L1/n_9/w_in_reg[4]
unloaded       L1/n_9/w_in_reg[5]
unloaded       L1/n_9/w_in_reg[6]
unloaded       L1/n_9/w_in_reg[7]
unloaded       L1/n_9/w_in_reg[8]
unloaded       L1/n_9/w_in_reg[9]
unloaded       L1/n_9/w_in_reg[10]
unloaded       L1/n_9/w_in_reg[11]
unloaded       L1/n_9/w_in_reg[12]
unloaded       L1/n_9/w_in_reg[13]
unloaded       L1/n_9/w_in_reg[14]
unloaded       L1/n_9/w_in_reg[15]
unloaded       L1/n_10/wen_reg
unloaded       L1/n_10/w_addr_reg[0]
unloaded       L1/n_10/w_addr_reg[1]
unloaded       L1/n_10/w_addr_reg[2]
unloaded       L1/n_10/w_addr_reg[3]
unloaded       L1/n_10/w_addr_reg[4]
unloaded       L1/n_10/w_addr_reg[5]
unloaded       L1/n_10/w_addr_reg[6]
unloaded       L1/n_10/w_addr_reg[7]
unloaded       L1/n_10/w_addr_reg[8]
unloaded       L1/n_10/w_addr_reg[9]
unloaded       L1/n_10/w_in_reg[0]
unloaded       L1/n_10/w_in_reg[1]
unloaded       L1/n_10/w_in_reg[2]
unloaded       L1/n_10/w_in_reg[3]
unloaded       L1/n_10/w_in_reg[4]
unloaded       L1/n_10/w_in_reg[5]
unloaded       L1/n_10/w_in_reg[6]
unloaded       L1/n_10/w_in_reg[7]
unloaded       L1/n_10/w_in_reg[8]
unloaded       L1/n_10/w_in_reg[9]
unloaded       L1/n_10/w_in_reg[10]
unloaded       L1/n_10/w_in_reg[11]
unloaded       L1/n_10/w_in_reg[12]
unloaded       L1/n_10/w_in_reg[13]
unloaded       L1/n_10/w_in_reg[14]
unloaded       L1/n_10/w_in_reg[15]
unloaded       L1/n_11/wen_reg
unloaded       L1/n_11/w_addr_reg[0]
unloaded       L1/n_11/w_addr_reg[1]
unloaded       L1/n_11/w_addr_reg[2]
unloaded       L1/n_11/w_addr_reg[3]
unloaded       L1/n_11/w_addr_reg[4]
unloaded       L1/n_11/w_addr_reg[5]
unloaded       L1/n_11/w_addr_reg[6]
unloaded       L1/n_11/w_addr_reg[7]
unloaded       L1/n_11/w_addr_reg[8]
unloaded       L1/n_11/w_addr_reg[9]
unloaded       L1/n_11/w_in_reg[0]
unloaded       L1/n_11/w_in_reg[1]
unloaded       L1/n_11/w_in_reg[2]
unloaded       L1/n_11/w_in_reg[3]
unloaded       L1/n_11/w_in_reg[4]
unloaded       L1/n_11/w_in_reg[5]
unloaded       L1/n_11/w_in_reg[6]
unloaded       L1/n_11/w_in_reg[7]
unloaded       L1/n_11/w_in_reg[8]
unloaded       L1/n_11/w_in_reg[9]
unloaded       L1/n_11/w_in_reg[10]
unloaded       L1/n_11/w_in_reg[11]
unloaded       L1/n_11/w_in_reg[12]
unloaded       L1/n_11/w_in_reg[13]
unloaded       L1/n_11/w_in_reg[14]
unloaded       L1/n_11/w_in_reg[15]
unloaded       L1/n_12/wen_reg
unloaded       L1/n_12/w_addr_reg[0]
unloaded       L1/n_12/w_addr_reg[1]
unloaded       L1/n_12/w_addr_reg[2]
unloaded       L1/n_12/w_addr_reg[3]
unloaded       L1/n_12/w_addr_reg[4]
unloaded       L1/n_12/w_addr_reg[5]
unloaded       L1/n_12/w_addr_reg[6]
unloaded       L1/n_12/w_addr_reg[7]
unloaded       L1/n_12/w_addr_reg[8]
unloaded       L1/n_12/w_addr_reg[9]
unloaded       L1/n_12/w_in_reg[0]
unloaded       L1/n_12/w_in_reg[1]
unloaded       L1/n_12/w_in_reg[2]
unloaded       L1/n_12/w_in_reg[3]
unloaded       L1/n_12/w_in_reg[4]
unloaded       L1/n_12/w_in_reg[5]
unloaded       L1/n_12/w_in_reg[6]
unloaded       L1/n_12/w_in_reg[7]
unloaded       L1/n_12/w_in_reg[8]
unloaded       L1/n_12/w_in_reg[9]
unloaded       L1/n_12/w_in_reg[10]
unloaded       L1/n_12/w_in_reg[11]
unloaded       L1/n_12/w_in_reg[12]
unloaded       L1/n_12/w_in_reg[13]
unloaded       L1/n_12/w_in_reg[14]
unloaded       L1/n_12/w_in_reg[15]
unloaded       L1/n_13/wen_reg
unloaded       L1/n_13/w_addr_reg[0]
unloaded       L1/n_13/w_addr_reg[1]
unloaded       L1/n_13/w_addr_reg[2]
unloaded       L1/n_13/w_addr_reg[3]
unloaded       L1/n_13/w_addr_reg[4]
unloaded       L1/n_13/w_addr_reg[5]
unloaded       L1/n_13/w_addr_reg[6]
unloaded       L1/n_13/w_addr_reg[7]
unloaded       L1/n_13/w_addr_reg[8]
unloaded       L1/n_13/w_addr_reg[9]
unloaded       L1/n_13/w_in_reg[0]
unloaded       L1/n_13/w_in_reg[1]
unloaded       L1/n_13/w_in_reg[2]
unloaded       L1/n_13/w_in_reg[3]
unloaded       L1/n_13/w_in_reg[4]
unloaded       L1/n_13/w_in_reg[5]
unloaded       L1/n_13/w_in_reg[6]
unloaded       L1/n_13/w_in_reg[7]
unloaded       L1/n_13/w_in_reg[8]
unloaded       L1/n_13/w_in_reg[9]
unloaded       L1/n_13/w_in_reg[10]
unloaded       L1/n_13/w_in_reg[11]
unloaded       L1/n_13/w_in_reg[12]
unloaded       L1/n_13/w_in_reg[13]
unloaded       L1/n_13/w_in_reg[14]
unloaded       L1/n_13/w_in_reg[15]
unloaded       L1/n_14/wen_reg
unloaded       L1/n_14/w_addr_reg[0]
unloaded       L1/n_14/w_addr_reg[1]
unloaded       L1/n_14/w_addr_reg[2]
unloaded       L1/n_14/w_addr_reg[3]
unloaded       L1/n_14/w_addr_reg[4]
unloaded       L1/n_14/w_addr_reg[5]
unloaded       L1/n_14/w_addr_reg[6]
unloaded       L1/n_14/w_addr_reg[7]
unloaded       L1/n_14/w_addr_reg[8]
unloaded       L1/n_14/w_addr_reg[9]
unloaded       L1/n_14/w_in_reg[0]
unloaded       L1/n_14/w_in_reg[1]
unloaded       L1/n_14/w_in_reg[2]
unloaded       L1/n_14/w_in_reg[3]
unloaded       L1/n_14/w_in_reg[4]
unloaded       L1/n_14/w_in_reg[5]
unloaded       L1/n_14/w_in_reg[6]
unloaded       L1/n_14/w_in_reg[7]
unloaded       L1/n_14/w_in_reg[8]
unloaded       L1/n_14/w_in_reg[9]
unloaded       L1/n_14/w_in_reg[10]
unloaded       L1/n_14/w_in_reg[11]
unloaded       L1/n_14/w_in_reg[12]
unloaded       L1/n_14/w_in_reg[13]
unloaded       L1/n_14/w_in_reg[14]
unloaded       L1/n_14/w_in_reg[15]
unloaded       L1/n_15/wen_reg
unloaded       L1/n_15/w_addr_reg[0]
unloaded       L1/n_15/w_addr_reg[1]
unloaded       L1/n_15/w_addr_reg[2]
unloaded       L1/n_15/w_addr_reg[3]
unloaded       L1/n_15/w_addr_reg[4]
unloaded       L1/n_15/w_addr_reg[5]
unloaded       L1/n_15/w_addr_reg[6]
unloaded       L1/n_15/w_addr_reg[7]
unloaded       L1/n_15/w_addr_reg[8]
unloaded       L1/n_15/w_addr_reg[9]
unloaded       L1/n_15/w_in_reg[0]
unloaded       L1/n_15/w_in_reg[1]
unloaded       L1/n_15/w_in_reg[2]
unloaded       L1/n_15/w_in_reg[3]
unloaded       L1/n_15/w_in_reg[4]
unloaded       L1/n_15/w_in_reg[5]
unloaded       L1/n_15/w_in_reg[6]
unloaded       L1/n_15/w_in_reg[7]
unloaded       L1/n_15/w_in_reg[8]
unloaded       L1/n_15/w_in_reg[9]
unloaded       L1/n_15/w_in_reg[10]
unloaded       L1/n_15/w_in_reg[11]
unloaded       L1/n_15/w_in_reg[12]
unloaded       L1/n_15/w_in_reg[13]
unloaded       L1/n_15/w_in_reg[14]
unloaded       L1/n_15/w_in_reg[15]
unloaded       L1/n_16/wen_reg
unloaded       L1/n_16/w_addr_reg[0]
unloaded       L1/n_16/w_addr_reg[1]
unloaded       L1/n_16/w_addr_reg[2]
unloaded       L1/n_16/w_addr_reg[3]
unloaded       L1/n_16/w_addr_reg[4]
unloaded       L1/n_16/w_addr_reg[5]
unloaded       L1/n_16/w_addr_reg[6]
unloaded       L1/n_16/w_addr_reg[7]
unloaded       L1/n_16/w_addr_reg[8]
unloaded       L1/n_16/w_addr_reg[9]
unloaded       L1/n_16/w_in_reg[0]
unloaded       L1/n_16/w_in_reg[1]
unloaded       L1/n_16/w_in_reg[2]
unloaded       L1/n_16/w_in_reg[3]
unloaded       L1/n_16/w_in_reg[4]
unloaded       L1/n_16/w_in_reg[5]
unloaded       L1/n_16/w_in_reg[6]
unloaded       L1/n_16/w_in_reg[7]
unloaded       L1/n_16/w_in_reg[8]
unloaded       L1/n_16/w_in_reg[9]
unloaded       L1/n_16/w_in_reg[10]
unloaded       L1/n_16/w_in_reg[11]
unloaded       L1/n_16/w_in_reg[12]
unloaded       L1/n_16/w_in_reg[13]
unloaded       L1/n_16/w_in_reg[14]
unloaded       L1/n_16/w_in_reg[15]
unloaded       L1/n_17/wen_reg
unloaded       L1/n_17/w_addr_reg[0]
unloaded       L1/n_17/w_addr_reg[1]
unloaded       L1/n_17/w_addr_reg[2]
unloaded       L1/n_17/w_addr_reg[3]
unloaded       L1/n_17/w_addr_reg[4]
unloaded       L1/n_17/w_addr_reg[5]
unloaded       L1/n_17/w_addr_reg[6]
unloaded       L1/n_17/w_addr_reg[7]
unloaded       L1/n_17/w_addr_reg[8]
unloaded       L1/n_17/w_addr_reg[9]
unloaded       L1/n_17/w_in_reg[0]
unloaded       L1/n_17/w_in_reg[1]
unloaded       L1/n_17/w_in_reg[2]
unloaded       L1/n_17/w_in_reg[3]
unloaded       L1/n_17/w_in_reg[4]
unloaded       L1/n_17/w_in_reg[5]
unloaded       L1/n_17/w_in_reg[6]
unloaded       L1/n_17/w_in_reg[7]
unloaded       L1/n_17/w_in_reg[8]
unloaded       L1/n_17/w_in_reg[9]
unloaded       L1/n_17/w_in_reg[10]
unloaded       L1/n_17/w_in_reg[11]
unloaded       L1/n_17/w_in_reg[12]
unloaded       L1/n_17/w_in_reg[13]
unloaded       L1/n_17/w_in_reg[14]
unloaded       L1/n_17/w_in_reg[15]
unloaded       L1/n_18/wen_reg
unloaded       L1/n_18/w_addr_reg[0]
unloaded       L1/n_18/w_addr_reg[1]
unloaded       L1/n_18/w_addr_reg[2]
unloaded       L1/n_18/w_addr_reg[3]
unloaded       L1/n_18/w_addr_reg[4]
unloaded       L1/n_18/w_addr_reg[5]
unloaded       L1/n_18/w_addr_reg[6]
unloaded       L1/n_18/w_addr_reg[7]
unloaded       L1/n_18/w_addr_reg[8]
unloaded       L1/n_18/w_addr_reg[9]
unloaded       L1/n_18/w_in_reg[0]
unloaded       L1/n_18/w_in_reg[1]
unloaded       L1/n_18/w_in_reg[2]
unloaded       L1/n_18/w_in_reg[3]
unloaded       L1/n_18/w_in_reg[4]
unloaded       L1/n_18/w_in_reg[5]
unloaded       L1/n_18/w_in_reg[6]
unloaded       L1/n_18/w_in_reg[7]
unloaded       L1/n_18/w_in_reg[8]
unloaded       L1/n_18/w_in_reg[9]
unloaded       L1/n_18/w_in_reg[10]
unloaded       L1/n_18/w_in_reg[11]
unloaded       L1/n_18/w_in_reg[12]
unloaded       L1/n_18/w_in_reg[13]
unloaded       L1/n_18/w_in_reg[14]
unloaded       L1/n_18/w_in_reg[15]
unloaded       L1/n_19/wen_reg
unloaded       L1/n_19/w_addr_reg[0]
unloaded       L1/n_19/w_addr_reg[1]
unloaded       L1/n_19/w_addr_reg[2]
unloaded       L1/n_19/w_addr_reg[3]
unloaded       L1/n_19/w_addr_reg[4]
unloaded       L1/n_19/w_addr_reg[5]
unloaded       L1/n_19/w_addr_reg[6]
unloaded       L1/n_19/w_addr_reg[7]
unloaded       L1/n_19/w_addr_reg[8]
unloaded       L1/n_19/w_addr_reg[9]
unloaded       L1/n_19/w_in_reg[0]
unloaded       L1/n_19/w_in_reg[1]
unloaded       L1/n_19/w_in_reg[2]
unloaded       L1/n_19/w_in_reg[3]
unloaded       L1/n_19/w_in_reg[4]
unloaded       L1/n_19/w_in_reg[5]
unloaded       L1/n_19/w_in_reg[6]
unloaded       L1/n_19/w_in_reg[7]
unloaded       L1/n_19/w_in_reg[8]
unloaded       L1/n_19/w_in_reg[9]
unloaded       L1/n_19/w_in_reg[10]
unloaded       L1/n_19/w_in_reg[11]
unloaded       L1/n_19/w_in_reg[12]
unloaded       L1/n_19/w_in_reg[13]
unloaded       L1/n_19/w_in_reg[14]
unloaded       L1/n_19/w_in_reg[15]
unloaded       L1/n_20/wen_reg
unloaded       L1/n_20/w_addr_reg[0]
unloaded       L1/n_20/w_addr_reg[1]
unloaded       L1/n_20/w_addr_reg[2]
unloaded       L1/n_20/w_addr_reg[3]
unloaded       L1/n_20/w_addr_reg[4]
unloaded       L1/n_20/w_addr_reg[5]
unloaded       L1/n_20/w_addr_reg[6]
unloaded       L1/n_20/w_addr_reg[7]
unloaded       L1/n_20/w_addr_reg[8]
unloaded       L1/n_20/w_addr_reg[9]
unloaded       L1/n_20/w_in_reg[0]
unloaded       L1/n_20/w_in_reg[1]
unloaded       L1/n_20/w_in_reg[2]
unloaded       L1/n_20/w_in_reg[3]
unloaded       L1/n_20/w_in_reg[4]
unloaded       L1/n_20/w_in_reg[5]
unloaded       L1/n_20/w_in_reg[6]
unloaded       L1/n_20/w_in_reg[7]
unloaded       L1/n_20/w_in_reg[8]
unloaded       L1/n_20/w_in_reg[9]
unloaded       L1/n_20/w_in_reg[10]
unloaded       L1/n_20/w_in_reg[11]
unloaded       L1/n_20/w_in_reg[12]
unloaded       L1/n_20/w_in_reg[13]
unloaded       L1/n_20/w_in_reg[14]
unloaded       L1/n_20/w_in_reg[15]
unloaded       L1/n_21/wen_reg
unloaded       L1/n_21/w_addr_reg[0]
unloaded       L1/n_21/w_addr_reg[1]
unloaded       L1/n_21/w_addr_reg[2]
unloaded       L1/n_21/w_addr_reg[3]
unloaded       L1/n_21/w_addr_reg[4]
unloaded       L1/n_21/w_addr_reg[5]
unloaded       L1/n_21/w_addr_reg[6]
unloaded       L1/n_21/w_addr_reg[7]
unloaded       L1/n_21/w_addr_reg[8]
unloaded       L1/n_21/w_addr_reg[9]
unloaded       L1/n_21/w_in_reg[0]
unloaded       L1/n_21/w_in_reg[1]
unloaded       L1/n_21/w_in_reg[2]
unloaded       L1/n_21/w_in_reg[3]
unloaded       L1/n_21/w_in_reg[4]
unloaded       L1/n_21/w_in_reg[5]
unloaded       L1/n_21/w_in_reg[6]
unloaded       L1/n_21/w_in_reg[7]
unloaded       L1/n_21/w_in_reg[8]
unloaded       L1/n_21/w_in_reg[9]
unloaded       L1/n_21/w_in_reg[10]
unloaded       L1/n_21/w_in_reg[11]
unloaded       L1/n_21/w_in_reg[12]
unloaded       L1/n_21/w_in_reg[13]
unloaded       L1/n_21/w_in_reg[14]
unloaded       L1/n_21/w_in_reg[15]
unloaded       L1/n_22/wen_reg
unloaded       L1/n_22/w_addr_reg[0]
unloaded       L1/n_22/w_addr_reg[1]
unloaded       L1/n_22/w_addr_reg[2]
unloaded       L1/n_22/w_addr_reg[3]
unloaded       L1/n_22/w_addr_reg[4]
unloaded       L1/n_22/w_addr_reg[5]
unloaded       L1/n_22/w_addr_reg[6]
unloaded       L1/n_22/w_addr_reg[7]
unloaded       L1/n_22/w_addr_reg[8]
unloaded       L1/n_22/w_addr_reg[9]
unloaded       L1/n_22/w_in_reg[0]
unloaded       L1/n_22/w_in_reg[1]
unloaded       L1/n_22/w_in_reg[2]
unloaded       L1/n_22/w_in_reg[3]
unloaded       L1/n_22/w_in_reg[4]
unloaded       L1/n_22/w_in_reg[5]
unloaded       L1/n_22/w_in_reg[6]
unloaded       L1/n_22/w_in_reg[7]
unloaded       L1/n_22/w_in_reg[8]
unloaded       L1/n_22/w_in_reg[9]
unloaded       L1/n_22/w_in_reg[10]
unloaded       L1/n_22/w_in_reg[11]
unloaded       L1/n_22/w_in_reg[12]
unloaded       L1/n_22/w_in_reg[13]
unloaded       L1/n_22/w_in_reg[14]
unloaded       L1/n_22/w_in_reg[15]
unloaded       L1/n_23/wen_reg
unloaded       L1/n_23/w_addr_reg[0]
unloaded       L1/n_23/w_addr_reg[1]
unloaded       L1/n_23/w_addr_reg[2]
unloaded       L1/n_23/w_addr_reg[3]
unloaded       L1/n_23/w_addr_reg[4]
unloaded       L1/n_23/w_addr_reg[5]
unloaded       L1/n_23/w_addr_reg[6]
unloaded       L1/n_23/w_addr_reg[7]
unloaded       L1/n_23/w_addr_reg[8]
unloaded       L1/n_23/w_addr_reg[9]
unloaded       L1/n_23/w_in_reg[0]
unloaded       L1/n_23/w_in_reg[1]
unloaded       L1/n_23/w_in_reg[2]
unloaded       L1/n_23/w_in_reg[3]
unloaded       L1/n_23/w_in_reg[4]
unloaded       L1/n_23/w_in_reg[5]
unloaded       L1/n_23/w_in_reg[6]
unloaded       L1/n_23/w_in_reg[7]
unloaded       L1/n_23/w_in_reg[8]
unloaded       L1/n_23/w_in_reg[9]
unloaded       L1/n_23/w_in_reg[10]
unloaded       L1/n_23/w_in_reg[11]
unloaded       L1/n_23/w_in_reg[12]
unloaded       L1/n_23/w_in_reg[13]
unloaded       L1/n_23/w_in_reg[14]
unloaded       L1/n_23/w_in_reg[15]
unloaded       L1/n_24/wen_reg
unloaded       L1/n_24/w_addr_reg[0]
unloaded       L1/n_24/w_addr_reg[1]
unloaded       L1/n_24/w_addr_reg[2]
unloaded       L1/n_24/w_addr_reg[3]
unloaded       L1/n_24/w_addr_reg[4]
unloaded       L1/n_24/w_addr_reg[5]
unloaded       L1/n_24/w_addr_reg[6]
unloaded       L1/n_24/w_addr_reg[7]
unloaded       L1/n_24/w_addr_reg[8]
unloaded       L1/n_24/w_addr_reg[9]
unloaded       L1/n_24/w_in_reg[0]
unloaded       L1/n_24/w_in_reg[1]
unloaded       L1/n_24/w_in_reg[2]
unloaded       L1/n_24/w_in_reg[3]
unloaded       L1/n_24/w_in_reg[4]
unloaded       L1/n_24/w_in_reg[5]
unloaded       L1/n_24/w_in_reg[6]
unloaded       L1/n_24/w_in_reg[7]
unloaded       L1/n_24/w_in_reg[8]
unloaded       L1/n_24/w_in_reg[9]
unloaded       L1/n_24/w_in_reg[10]
unloaded       L1/n_24/w_in_reg[11]
unloaded       L1/n_24/w_in_reg[12]
unloaded       L1/n_24/w_in_reg[13]
unloaded       L1/n_24/w_in_reg[14]
unloaded       L1/n_24/w_in_reg[15]
unloaded       L1/n_25/wen_reg
unloaded       L1/n_25/w_addr_reg[0]
unloaded       L1/n_25/w_addr_reg[1]
unloaded       L1/n_25/w_addr_reg[2]
unloaded       L1/n_25/w_addr_reg[3]
unloaded       L1/n_25/w_addr_reg[4]
unloaded       L1/n_25/w_addr_reg[5]
unloaded       L1/n_25/w_addr_reg[6]
unloaded       L1/n_25/w_addr_reg[7]
unloaded       L1/n_25/w_addr_reg[8]
unloaded       L1/n_25/w_addr_reg[9]
unloaded       L1/n_25/w_in_reg[0]
unloaded       L1/n_25/w_in_reg[1]
unloaded       L1/n_25/w_in_reg[2]
unloaded       L1/n_25/w_in_reg[3]
unloaded       L1/n_25/w_in_reg[4]
unloaded       L1/n_25/w_in_reg[5]
unloaded       L1/n_25/w_in_reg[6]
unloaded       L1/n_25/w_in_reg[7]
unloaded       L1/n_25/w_in_reg[8]
unloaded       L1/n_25/w_in_reg[9]
unloaded       L1/n_25/w_in_reg[10]
unloaded       L1/n_25/w_in_reg[11]
unloaded       L1/n_25/w_in_reg[12]
unloaded       L1/n_25/w_in_reg[13]
unloaded       L1/n_25/w_in_reg[14]
unloaded       L1/n_25/w_in_reg[15]
unloaded       L1/n_26/wen_reg
unloaded       L1/n_26/w_addr_reg[0]
unloaded       L1/n_26/w_addr_reg[1]
unloaded       L1/n_26/w_addr_reg[2]
unloaded       L1/n_26/w_addr_reg[3]
unloaded       L1/n_26/w_addr_reg[4]
unloaded       L1/n_26/w_addr_reg[5]
unloaded       L1/n_26/w_addr_reg[6]
unloaded       L1/n_26/w_addr_reg[7]
unloaded       L1/n_26/w_addr_reg[8]
unloaded       L1/n_26/w_addr_reg[9]
unloaded       L1/n_26/w_in_reg[0]
unloaded       L1/n_26/w_in_reg[1]
unloaded       L1/n_26/w_in_reg[2]
unloaded       L1/n_26/w_in_reg[3]
unloaded       L1/n_26/w_in_reg[4]
unloaded       L1/n_26/w_in_reg[5]
unloaded       L1/n_26/w_in_reg[6]
unloaded       L1/n_26/w_in_reg[7]
unloaded       L1/n_26/w_in_reg[8]
unloaded       L1/n_26/w_in_reg[9]
unloaded       L1/n_26/w_in_reg[10]
unloaded       L1/n_26/w_in_reg[11]
unloaded       L1/n_26/w_in_reg[12]
unloaded       L1/n_26/w_in_reg[13]
unloaded       L1/n_26/w_in_reg[14]
unloaded       L1/n_26/w_in_reg[15]
unloaded       L1/n_27/wen_reg
unloaded       L1/n_27/w_addr_reg[0]
unloaded       L1/n_27/w_addr_reg[1]
unloaded       L1/n_27/w_addr_reg[2]
unloaded       L1/n_27/w_addr_reg[3]
unloaded       L1/n_27/w_addr_reg[4]
unloaded       L1/n_27/w_addr_reg[5]
unloaded       L1/n_27/w_addr_reg[6]
unloaded       L1/n_27/w_addr_reg[7]
unloaded       L1/n_27/w_addr_reg[8]
unloaded       L1/n_27/w_addr_reg[9]
unloaded       L1/n_27/w_in_reg[0]
unloaded       L1/n_27/w_in_reg[1]
unloaded       L1/n_27/w_in_reg[2]
unloaded       L1/n_27/w_in_reg[3]
unloaded       L1/n_27/w_in_reg[4]
unloaded       L1/n_27/w_in_reg[5]
unloaded       L1/n_27/w_in_reg[6]
unloaded       L1/n_27/w_in_reg[7]
unloaded       L1/n_27/w_in_reg[8]
unloaded       L1/n_27/w_in_reg[9]
unloaded       L1/n_27/w_in_reg[10]
unloaded       L1/n_27/w_in_reg[11]
unloaded       L1/n_27/w_in_reg[12]
unloaded       L1/n_27/w_in_reg[13]
unloaded       L1/n_27/w_in_reg[14]
unloaded       L1/n_27/w_in_reg[15]
unloaded       L1/n_28/wen_reg
unloaded       L1/n_28/w_addr_reg[0]
unloaded       L1/n_28/w_addr_reg[1]
unloaded       L1/n_28/w_addr_reg[2]
unloaded       L1/n_28/w_addr_reg[3]
unloaded       L1/n_28/w_addr_reg[4]
unloaded       L1/n_28/w_addr_reg[5]
unloaded       L1/n_28/w_addr_reg[6]
unloaded       L1/n_28/w_addr_reg[7]
unloaded       L1/n_28/w_addr_reg[8]
unloaded       L1/n_28/w_addr_reg[9]
unloaded       L1/n_28/w_in_reg[0]
unloaded       L1/n_28/w_in_reg[1]
unloaded       L1/n_28/w_in_reg[2]
unloaded       L1/n_28/w_in_reg[3]
unloaded       L1/n_28/w_in_reg[4]
unloaded       L1/n_28/w_in_reg[5]
unloaded       L1/n_28/w_in_reg[6]
unloaded       L1/n_28/w_in_reg[7]
unloaded       L1/n_28/w_in_reg[8]
unloaded       L1/n_28/w_in_reg[9]
unloaded       L1/n_28/w_in_reg[10]
unloaded       L1/n_28/w_in_reg[11]
unloaded       L1/n_28/w_in_reg[12]
unloaded       L1/n_28/w_in_reg[13]
unloaded       L1/n_28/w_in_reg[14]
unloaded       L1/n_28/w_in_reg[15]
unloaded       L1/n_29/wen_reg
unloaded       L1/n_29/w_addr_reg[0]
unloaded       L1/n_29/w_addr_reg[1]
unloaded       L1/n_29/w_addr_reg[2]
unloaded       L1/n_29/w_addr_reg[3]
unloaded       L1/n_29/w_addr_reg[4]
unloaded       L1/n_29/w_addr_reg[5]
unloaded       L1/n_29/w_addr_reg[6]
unloaded       L1/n_29/w_addr_reg[7]
unloaded       L1/n_29/w_addr_reg[8]
unloaded       L1/n_29/w_addr_reg[9]
unloaded       L1/n_29/w_in_reg[0]
unloaded       L1/n_29/w_in_reg[1]
unloaded       L1/n_29/w_in_reg[2]
unloaded       L1/n_29/w_in_reg[3]
unloaded       L1/n_29/w_in_reg[4]
unloaded       L1/n_29/w_in_reg[5]
unloaded       L1/n_29/w_in_reg[6]
unloaded       L1/n_29/w_in_reg[7]
unloaded       L1/n_29/w_in_reg[8]
unloaded       L1/n_29/w_in_reg[9]
unloaded       L1/n_29/w_in_reg[10]
unloaded       L1/n_29/w_in_reg[11]
unloaded       L1/n_29/w_in_reg[12]
unloaded       L1/n_29/w_in_reg[13]
unloaded       L1/n_29/w_in_reg[14]
unloaded       L1/n_29/w_in_reg[15]
unloaded       L2/n_0/wen_reg
unloaded       L2/n_0/w_addr_reg[0]
unloaded       L2/n_0/w_addr_reg[1]
unloaded       L2/n_0/w_addr_reg[2]
unloaded       L2/n_0/w_addr_reg[3]
unloaded       L2/n_0/w_addr_reg[4]
unloaded       L2/n_0/w_in_reg[0]
unloaded       L2/n_0/w_in_reg[1]
unloaded       L2/n_0/w_in_reg[2]
unloaded       L2/n_0/w_in_reg[3]
unloaded       L2/n_0/w_in_reg[4]
unloaded       L2/n_0/w_in_reg[5]
unloaded       L2/n_0/w_in_reg[6]
unloaded       L2/n_0/w_in_reg[7]
unloaded       L2/n_0/w_in_reg[8]
unloaded       L2/n_0/w_in_reg[9]
unloaded       L2/n_0/w_in_reg[10]
unloaded       L2/n_0/w_in_reg[11]
unloaded       L2/n_0/w_in_reg[12]
unloaded       L2/n_0/w_in_reg[13]
unloaded       L2/n_0/w_in_reg[14]
unloaded       L2/n_0/w_in_reg[15]
unloaded       L2/n_1/wen_reg
unloaded       L2/n_1/w_addr_reg[0]
unloaded       L2/n_1/w_addr_reg[1]
unloaded       L2/n_1/w_addr_reg[2]
unloaded       L2/n_1/w_addr_reg[3]
unloaded       L2/n_1/w_addr_reg[4]
unloaded       L2/n_1/w_in_reg[0]
unloaded       L2/n_1/w_in_reg[1]
unloaded       L2/n_1/w_in_reg[2]
unloaded       L2/n_1/w_in_reg[3]
unloaded       L2/n_1/w_in_reg[4]
unloaded       L2/n_1/w_in_reg[5]
unloaded       L2/n_1/w_in_reg[6]
unloaded       L2/n_1/w_in_reg[7]
unloaded       L2/n_1/w_in_reg[8]
unloaded       L2/n_1/w_in_reg[9]
unloaded       L2/n_1/w_in_reg[10]
unloaded       L2/n_1/w_in_reg[11]
unloaded       L2/n_1/w_in_reg[12]
unloaded       L2/n_1/w_in_reg[13]
unloaded       L2/n_1/w_in_reg[14]
unloaded       L2/n_1/w_in_reg[15]
unloaded       L2/n_2/wen_reg
unloaded       L2/n_2/w_addr_reg[0]
unloaded       L2/n_2/w_addr_reg[1]
unloaded       L2/n_2/w_addr_reg[2]
unloaded       L2/n_2/w_addr_reg[3]
unloaded       L2/n_2/w_addr_reg[4]
unloaded       L2/n_2/w_in_reg[0]
unloaded       L2/n_2/w_in_reg[1]
unloaded       L2/n_2/w_in_reg[2]
unloaded       L2/n_2/w_in_reg[3]
unloaded       L2/n_2/w_in_reg[4]
unloaded       L2/n_2/w_in_reg[5]
unloaded       L2/n_2/w_in_reg[6]
unloaded       L2/n_2/w_in_reg[7]
unloaded       L2/n_2/w_in_reg[8]
unloaded       L2/n_2/w_in_reg[9]
unloaded       L2/n_2/w_in_reg[10]
unloaded       L2/n_2/w_in_reg[11]
unloaded       L2/n_2/w_in_reg[12]
unloaded       L2/n_2/w_in_reg[13]
unloaded       L2/n_2/w_in_reg[14]
unloaded       L2/n_2/w_in_reg[15]
unloaded       L2/n_3/wen_reg
unloaded       L2/n_3/w_addr_reg[0]
unloaded       L2/n_3/w_addr_reg[1]
unloaded       L2/n_3/w_addr_reg[2]
unloaded       L2/n_3/w_addr_reg[3]
unloaded       L2/n_3/w_addr_reg[4]
unloaded       L2/n_3/w_in_reg[0]
unloaded       L2/n_3/w_in_reg[1]
unloaded       L2/n_3/w_in_reg[2]
unloaded       L2/n_3/w_in_reg[3]
unloaded       L2/n_3/w_in_reg[4]
unloaded       L2/n_3/w_in_reg[5]
unloaded       L2/n_3/w_in_reg[6]
unloaded       L2/n_3/w_in_reg[7]
unloaded       L2/n_3/w_in_reg[8]
unloaded       L2/n_3/w_in_reg[9]
unloaded       L2/n_3/w_in_reg[10]
unloaded       L2/n_3/w_in_reg[11]
unloaded       L2/n_3/w_in_reg[12]
unloaded       L2/n_3/w_in_reg[13]
unloaded       L2/n_3/w_in_reg[14]
unloaded       L2/n_3/w_in_reg[15]
unloaded       L2/n_4/wen_reg
unloaded       L2/n_4/w_addr_reg[0]
unloaded       L2/n_4/w_addr_reg[1]
unloaded       L2/n_4/w_addr_reg[2]
unloaded       L2/n_4/w_addr_reg[3]
unloaded       L2/n_4/w_addr_reg[4]
unloaded       L2/n_4/w_in_reg[0]
unloaded       L2/n_4/w_in_reg[1]
unloaded       L2/n_4/w_in_reg[2]
unloaded       L2/n_4/w_in_reg[3]
unloaded       L2/n_4/w_in_reg[4]
unloaded       L2/n_4/w_in_reg[5]
unloaded       L2/n_4/w_in_reg[6]
unloaded       L2/n_4/w_in_reg[7]
unloaded       L2/n_4/w_in_reg[8]
unloaded       L2/n_4/w_in_reg[9]
unloaded       L2/n_4/w_in_reg[10]
unloaded       L2/n_4/w_in_reg[11]
unloaded       L2/n_4/w_in_reg[12]
unloaded       L2/n_4/w_in_reg[13]
unloaded       L2/n_4/w_in_reg[14]
unloaded       L2/n_4/w_in_reg[15]
unloaded       L2/n_5/wen_reg
unloaded       L2/n_5/w_addr_reg[0]
unloaded       L2/n_5/w_addr_reg[1]
unloaded       L2/n_5/w_addr_reg[2]
unloaded       L2/n_5/w_addr_reg[3]
unloaded       L2/n_5/w_addr_reg[4]
unloaded       L2/n_5/w_in_reg[0]
unloaded       L2/n_5/w_in_reg[1]
unloaded       L2/n_5/w_in_reg[2]
unloaded       L2/n_5/w_in_reg[3]
unloaded       L2/n_5/w_in_reg[4]
unloaded       L2/n_5/w_in_reg[5]
unloaded       L2/n_5/w_in_reg[6]
unloaded       L2/n_5/w_in_reg[7]
unloaded       L2/n_5/w_in_reg[8]
unloaded       L2/n_5/w_in_reg[9]
unloaded       L2/n_5/w_in_reg[10]
unloaded       L2/n_5/w_in_reg[11]
unloaded       L2/n_5/w_in_reg[12]
unloaded       L2/n_5/w_in_reg[13]
unloaded       L2/n_5/w_in_reg[14]
unloaded       L2/n_5/w_in_reg[15]
unloaded       L2/n_6/wen_reg
unloaded       L2/n_6/w_addr_reg[0]
unloaded       L2/n_6/w_addr_reg[1]
unloaded       L2/n_6/w_addr_reg[2]
unloaded       L2/n_6/w_addr_reg[3]
unloaded       L2/n_6/w_addr_reg[4]
unloaded       L2/n_6/w_in_reg[0]
unloaded       L2/n_6/w_in_reg[1]
unloaded       L2/n_6/w_in_reg[2]
unloaded       L2/n_6/w_in_reg[3]
unloaded       L2/n_6/w_in_reg[4]
unloaded       L2/n_6/w_in_reg[5]
unloaded       L2/n_6/w_in_reg[6]
unloaded       L2/n_6/w_in_reg[7]
unloaded       L2/n_6/w_in_reg[8]
unloaded       L2/n_6/w_in_reg[9]
unloaded       L2/n_6/w_in_reg[10]
unloaded       L2/n_6/w_in_reg[11]
unloaded       L2/n_6/w_in_reg[12]
unloaded       L2/n_6/w_in_reg[13]
unloaded       L2/n_6/w_in_reg[14]
unloaded       L2/n_6/w_in_reg[15]
unloaded       L2/n_7/wen_reg
unloaded       L2/n_7/w_addr_reg[0]
unloaded       L2/n_7/w_addr_reg[1]
unloaded       L2/n_7/w_addr_reg[2]
unloaded       L2/n_7/w_addr_reg[3]
unloaded       L2/n_7/w_addr_reg[4]
unloaded       L2/n_7/w_in_reg[0]
unloaded       L2/n_7/w_in_reg[1]
unloaded       L2/n_7/w_in_reg[2]
unloaded       L2/n_7/w_in_reg[3]
unloaded       L2/n_7/w_in_reg[4]
unloaded       L2/n_7/w_in_reg[5]
unloaded       L2/n_7/w_in_reg[6]
unloaded       L2/n_7/w_in_reg[7]
unloaded       L2/n_7/w_in_reg[8]
unloaded       L2/n_7/w_in_reg[9]
unloaded       L2/n_7/w_in_reg[10]
unloaded       L2/n_7/w_in_reg[11]
unloaded       L2/n_7/w_in_reg[12]
unloaded       L2/n_7/w_in_reg[13]
unloaded       L2/n_7/w_in_reg[14]
unloaded       L2/n_7/w_in_reg[15]
unloaded       L2/n_8/wen_reg
unloaded       L2/n_8/w_addr_reg[0]
unloaded       L2/n_8/w_addr_reg[1]
unloaded       L2/n_8/w_addr_reg[2]
unloaded       L2/n_8/w_addr_reg[3]
unloaded       L2/n_8/w_addr_reg[4]
unloaded       L2/n_8/w_in_reg[0]
unloaded       L2/n_8/w_in_reg[1]
unloaded       L2/n_8/w_in_reg[2]
unloaded       L2/n_8/w_in_reg[3]
unloaded       L2/n_8/w_in_reg[4]
unloaded       L2/n_8/w_in_reg[5]
unloaded       L2/n_8/w_in_reg[6]
unloaded       L2/n_8/w_in_reg[7]
unloaded       L2/n_8/w_in_reg[8]
unloaded       L2/n_8/w_in_reg[9]
unloaded       L2/n_8/w_in_reg[10]
unloaded       L2/n_8/w_in_reg[11]
unloaded       L2/n_8/w_in_reg[12]
unloaded       L2/n_8/w_in_reg[13]
unloaded       L2/n_8/w_in_reg[14]
unloaded       L2/n_8/w_in_reg[15]
unloaded       L2/n_9/wen_reg
unloaded       L2/n_9/w_addr_reg[0]
unloaded       L2/n_9/w_addr_reg[1]
unloaded       L2/n_9/w_addr_reg[2]
unloaded       L2/n_9/w_addr_reg[3]
unloaded       L2/n_9/w_addr_reg[4]
unloaded       L2/n_9/w_in_reg[0]
unloaded       L2/n_9/w_in_reg[1]
unloaded       L2/n_9/w_in_reg[2]
unloaded       L2/n_9/w_in_reg[3]
unloaded       L2/n_9/w_in_reg[4]
unloaded       L2/n_9/w_in_reg[5]
unloaded       L2/n_9/w_in_reg[6]
unloaded       L2/n_9/w_in_reg[7]
unloaded       L2/n_9/w_in_reg[8]
unloaded       L2/n_9/w_in_reg[9]
unloaded       L2/n_9/w_in_reg[10]
unloaded       L2/n_9/w_in_reg[11]
unloaded       L2/n_9/w_in_reg[12]
unloaded       L2/n_9/w_in_reg[13]
unloaded       L2/n_9/w_in_reg[14]
unloaded       L2/n_9/w_in_reg[15]
unloaded       L2/n_10/wen_reg
unloaded       L2/n_10/w_addr_reg[0]
unloaded       L2/n_10/w_addr_reg[1]
unloaded       L2/n_10/w_addr_reg[2]
unloaded       L2/n_10/w_addr_reg[3]
unloaded       L2/n_10/w_addr_reg[4]
unloaded       L2/n_10/w_in_reg[0]
unloaded       L2/n_10/w_in_reg[1]
unloaded       L2/n_10/w_in_reg[2]
unloaded       L2/n_10/w_in_reg[3]
unloaded       L2/n_10/w_in_reg[4]
unloaded       L2/n_10/w_in_reg[5]
unloaded       L2/n_10/w_in_reg[6]
unloaded       L2/n_10/w_in_reg[7]
unloaded       L2/n_10/w_in_reg[8]
unloaded       L2/n_10/w_in_reg[9]
unloaded       L2/n_10/w_in_reg[10]
unloaded       L2/n_10/w_in_reg[11]
unloaded       L2/n_10/w_in_reg[12]
unloaded       L2/n_10/w_in_reg[13]
unloaded       L2/n_10/w_in_reg[14]
unloaded       L2/n_10/w_in_reg[15]
unloaded       L2/n_11/wen_reg
unloaded       L2/n_11/w_addr_reg[0]
unloaded       L2/n_11/w_addr_reg[1]
unloaded       L2/n_11/w_addr_reg[2]
unloaded       L2/n_11/w_addr_reg[3]
unloaded       L2/n_11/w_addr_reg[4]
unloaded       L2/n_11/w_in_reg[0]
unloaded       L2/n_11/w_in_reg[1]
unloaded       L2/n_11/w_in_reg[2]
unloaded       L2/n_11/w_in_reg[3]
unloaded       L2/n_11/w_in_reg[4]
unloaded       L2/n_11/w_in_reg[5]
unloaded       L2/n_11/w_in_reg[6]
unloaded       L2/n_11/w_in_reg[7]
unloaded       L2/n_11/w_in_reg[8]
unloaded       L2/n_11/w_in_reg[9]
unloaded       L2/n_11/w_in_reg[10]
unloaded       L2/n_11/w_in_reg[11]
unloaded       L2/n_11/w_in_reg[12]
unloaded       L2/n_11/w_in_reg[13]
unloaded       L2/n_11/w_in_reg[14]
unloaded       L2/n_11/w_in_reg[15]
unloaded       L2/n_12/wen_reg
unloaded       L2/n_12/w_addr_reg[0]
unloaded       L2/n_12/w_addr_reg[1]
unloaded       L2/n_12/w_addr_reg[2]
unloaded       L2/n_12/w_addr_reg[3]
unloaded       L2/n_12/w_addr_reg[4]
unloaded       L2/n_12/w_in_reg[0]
unloaded       L2/n_12/w_in_reg[1]
unloaded       L2/n_12/w_in_reg[2]
unloaded       L2/n_12/w_in_reg[3]
unloaded       L2/n_12/w_in_reg[4]
unloaded       L2/n_12/w_in_reg[5]
unloaded       L2/n_12/w_in_reg[6]
unloaded       L2/n_12/w_in_reg[7]
unloaded       L2/n_12/w_in_reg[8]
unloaded       L2/n_12/w_in_reg[9]
unloaded       L2/n_12/w_in_reg[10]
unloaded       L2/n_12/w_in_reg[11]
unloaded       L2/n_12/w_in_reg[12]
unloaded       L2/n_12/w_in_reg[13]
unloaded       L2/n_12/w_in_reg[14]
unloaded       L2/n_12/w_in_reg[15]
unloaded       L2/n_13/wen_reg
unloaded       L2/n_13/w_addr_reg[0]
unloaded       L2/n_13/w_addr_reg[1]
unloaded       L2/n_13/w_addr_reg[2]
unloaded       L2/n_13/w_addr_reg[3]
unloaded       L2/n_13/w_addr_reg[4]
unloaded       L2/n_13/w_in_reg[0]
unloaded       L2/n_13/w_in_reg[1]
unloaded       L2/n_13/w_in_reg[2]
unloaded       L2/n_13/w_in_reg[3]
unloaded       L2/n_13/w_in_reg[4]
unloaded       L2/n_13/w_in_reg[5]
unloaded       L2/n_13/w_in_reg[6]
unloaded       L2/n_13/w_in_reg[7]
unloaded       L2/n_13/w_in_reg[8]
unloaded       L2/n_13/w_in_reg[9]
unloaded       L2/n_13/w_in_reg[10]
unloaded       L2/n_13/w_in_reg[11]
unloaded       L2/n_13/w_in_reg[12]
unloaded       L2/n_13/w_in_reg[13]
unloaded       L2/n_13/w_in_reg[14]
unloaded       L2/n_13/w_in_reg[15]
unloaded       L2/n_14/wen_reg
unloaded       L2/n_14/w_addr_reg[0]
unloaded       L2/n_14/w_addr_reg[1]
unloaded       L2/n_14/w_addr_reg[2]
unloaded       L2/n_14/w_addr_reg[3]
unloaded       L2/n_14/w_addr_reg[4]
unloaded       L2/n_14/w_in_reg[0]
unloaded       L2/n_14/w_in_reg[1]
unloaded       L2/n_14/w_in_reg[2]
unloaded       L2/n_14/w_in_reg[3]
unloaded       L2/n_14/w_in_reg[4]
unloaded       L2/n_14/w_in_reg[5]
unloaded       L2/n_14/w_in_reg[6]
unloaded       L2/n_14/w_in_reg[7]
unloaded       L2/n_14/w_in_reg[8]
unloaded       L2/n_14/w_in_reg[9]
unloaded       L2/n_14/w_in_reg[10]
unloaded       L2/n_14/w_in_reg[11]
unloaded       L2/n_14/w_in_reg[12]
unloaded       L2/n_14/w_in_reg[13]
unloaded       L2/n_14/w_in_reg[14]
unloaded       L2/n_14/w_in_reg[15]
unloaded       L2/n_15/wen_reg
unloaded       L2/n_15/w_addr_reg[0]
unloaded       L2/n_15/w_addr_reg[1]
unloaded       L2/n_15/w_addr_reg[2]
unloaded       L2/n_15/w_addr_reg[3]
unloaded       L2/n_15/w_addr_reg[4]
unloaded       L2/n_15/w_in_reg[0]
unloaded       L2/n_15/w_in_reg[1]
unloaded       L2/n_15/w_in_reg[2]
unloaded       L2/n_15/w_in_reg[3]
unloaded       L2/n_15/w_in_reg[4]
unloaded       L2/n_15/w_in_reg[5]
unloaded       L2/n_15/w_in_reg[6]
unloaded       L2/n_15/w_in_reg[7]
unloaded       L2/n_15/w_in_reg[8]
unloaded       L2/n_15/w_in_reg[9]
unloaded       L2/n_15/w_in_reg[10]
unloaded       L2/n_15/w_in_reg[11]
unloaded       L2/n_15/w_in_reg[12]
unloaded       L2/n_15/w_in_reg[13]
unloaded       L2/n_15/w_in_reg[14]
unloaded       L2/n_15/w_in_reg[15]
unloaded       L2/n_16/wen_reg
unloaded       L2/n_16/w_addr_reg[0]
unloaded       L2/n_16/w_addr_reg[1]
unloaded       L2/n_16/w_addr_reg[2]
unloaded       L2/n_16/w_addr_reg[3]
unloaded       L2/n_16/w_addr_reg[4]
unloaded       L2/n_16/w_in_reg[0]
unloaded       L2/n_16/w_in_reg[1]
unloaded       L2/n_16/w_in_reg[2]
unloaded       L2/n_16/w_in_reg[3]
unloaded       L2/n_16/w_in_reg[4]
unloaded       L2/n_16/w_in_reg[5]
unloaded       L2/n_16/w_in_reg[6]
unloaded       L2/n_16/w_in_reg[7]
unloaded       L2/n_16/w_in_reg[8]
unloaded       L2/n_16/w_in_reg[9]
unloaded       L2/n_16/w_in_reg[10]
unloaded       L2/n_16/w_in_reg[11]
unloaded       L2/n_16/w_in_reg[12]
unloaded       L2/n_16/w_in_reg[13]
unloaded       L2/n_16/w_in_reg[14]
unloaded       L2/n_16/w_in_reg[15]
unloaded       L2/n_17/wen_reg
unloaded       L2/n_17/w_addr_reg[0]
unloaded       L2/n_17/w_addr_reg[1]
unloaded       L2/n_17/w_addr_reg[2]
unloaded       L2/n_17/w_addr_reg[3]
unloaded       L2/n_17/w_addr_reg[4]
unloaded       L2/n_17/w_in_reg[0]
unloaded       L2/n_17/w_in_reg[1]
unloaded       L2/n_17/w_in_reg[2]
unloaded       L2/n_17/w_in_reg[3]
unloaded       L2/n_17/w_in_reg[4]
unloaded       L2/n_17/w_in_reg[5]
unloaded       L2/n_17/w_in_reg[6]
unloaded       L2/n_17/w_in_reg[7]
unloaded       L2/n_17/w_in_reg[8]
unloaded       L2/n_17/w_in_reg[9]
unloaded       L2/n_17/w_in_reg[10]
unloaded       L2/n_17/w_in_reg[11]
unloaded       L2/n_17/w_in_reg[12]
unloaded       L2/n_17/w_in_reg[13]
unloaded       L2/n_17/w_in_reg[14]
unloaded       L2/n_17/w_in_reg[15]
unloaded       L2/n_18/wen_reg
unloaded       L2/n_18/w_addr_reg[0]
unloaded       L2/n_18/w_addr_reg[1]
unloaded       L2/n_18/w_addr_reg[2]
unloaded       L2/n_18/w_addr_reg[3]
unloaded       L2/n_18/w_addr_reg[4]
unloaded       L2/n_18/w_in_reg[0]
unloaded       L2/n_18/w_in_reg[1]
unloaded       L2/n_18/w_in_reg[2]
unloaded       L2/n_18/w_in_reg[3]
unloaded       L2/n_18/w_in_reg[4]
unloaded       L2/n_18/w_in_reg[5]
unloaded       L2/n_18/w_in_reg[6]
unloaded       L2/n_18/w_in_reg[7]
unloaded       L2/n_18/w_in_reg[8]
unloaded       L2/n_18/w_in_reg[9]
unloaded       L2/n_18/w_in_reg[10]
unloaded       L2/n_18/w_in_reg[11]
unloaded       L2/n_18/w_in_reg[12]
unloaded       L2/n_18/w_in_reg[13]
unloaded       L2/n_18/w_in_reg[14]
unloaded       L2/n_18/w_in_reg[15]
unloaded       L2/n_19/wen_reg
unloaded       L2/n_19/w_addr_reg[0]
unloaded       L2/n_19/w_addr_reg[1]
unloaded       L2/n_19/w_addr_reg[2]
unloaded       L2/n_19/w_addr_reg[3]
unloaded       L2/n_19/w_addr_reg[4]
unloaded       L2/n_19/w_in_reg[0]
unloaded       L2/n_19/w_in_reg[1]
unloaded       L2/n_19/w_in_reg[2]
unloaded       L2/n_19/w_in_reg[3]
unloaded       L2/n_19/w_in_reg[4]
unloaded       L2/n_19/w_in_reg[5]
unloaded       L2/n_19/w_in_reg[6]
unloaded       L2/n_19/w_in_reg[7]
unloaded       L2/n_19/w_in_reg[8]
unloaded       L2/n_19/w_in_reg[9]
unloaded       L2/n_19/w_in_reg[10]
unloaded       L2/n_19/w_in_reg[11]
unloaded       L2/n_19/w_in_reg[12]
unloaded       L2/n_19/w_in_reg[13]
unloaded       L2/n_19/w_in_reg[14]
unloaded       L2/n_19/w_in_reg[15]
unloaded       L2/n_20/wen_reg
unloaded       L2/n_20/w_addr_reg[0]
unloaded       L2/n_20/w_addr_reg[1]
unloaded       L2/n_20/w_addr_reg[2]
unloaded       L2/n_20/w_addr_reg[3]
unloaded       L2/n_20/w_addr_reg[4]
unloaded       L2/n_20/w_in_reg[0]
unloaded       L2/n_20/w_in_reg[1]
unloaded       L2/n_20/w_in_reg[2]
unloaded       L2/n_20/w_in_reg[3]
unloaded       L2/n_20/w_in_reg[4]
unloaded       L2/n_20/w_in_reg[5]
unloaded       L2/n_20/w_in_reg[6]
unloaded       L2/n_20/w_in_reg[7]
unloaded       L2/n_20/w_in_reg[8]
unloaded       L2/n_20/w_in_reg[9]
unloaded       L2/n_20/w_in_reg[10]
unloaded       L2/n_20/w_in_reg[11]
unloaded       L2/n_20/w_in_reg[12]
unloaded       L2/n_20/w_in_reg[13]
unloaded       L2/n_20/w_in_reg[14]
unloaded       L2/n_20/w_in_reg[15]
unloaded       L2/n_21/wen_reg
unloaded       L2/n_21/w_addr_reg[0]
unloaded       L2/n_21/w_addr_reg[1]
unloaded       L2/n_21/w_addr_reg[2]
unloaded       L2/n_21/w_addr_reg[3]
unloaded       L2/n_21/w_addr_reg[4]
unloaded       L2/n_21/w_in_reg[0]
unloaded       L2/n_21/w_in_reg[1]
unloaded       L2/n_21/w_in_reg[2]
unloaded       L2/n_21/w_in_reg[3]
unloaded       L2/n_21/w_in_reg[4]
unloaded       L2/n_21/w_in_reg[5]
unloaded       L2/n_21/w_in_reg[6]
unloaded       L2/n_21/w_in_reg[7]
unloaded       L2/n_21/w_in_reg[8]
unloaded       L2/n_21/w_in_reg[9]
unloaded       L2/n_21/w_in_reg[10]
unloaded       L2/n_21/w_in_reg[11]
unloaded       L2/n_21/w_in_reg[12]
unloaded       L2/n_21/w_in_reg[13]
unloaded       L2/n_21/w_in_reg[14]
unloaded       L2/n_21/w_in_reg[15]
unloaded       L2/n_22/wen_reg
unloaded       L2/n_22/w_addr_reg[0]
unloaded       L2/n_22/w_addr_reg[1]
unloaded       L2/n_22/w_addr_reg[2]
unloaded       L2/n_22/w_addr_reg[3]
unloaded       L2/n_22/w_addr_reg[4]
unloaded       L2/n_22/w_in_reg[0]
unloaded       L2/n_22/w_in_reg[1]
unloaded       L2/n_22/w_in_reg[2]
unloaded       L2/n_22/w_in_reg[3]
unloaded       L2/n_22/w_in_reg[4]
unloaded       L2/n_22/w_in_reg[5]
unloaded       L2/n_22/w_in_reg[6]
unloaded       L2/n_22/w_in_reg[7]
unloaded       L2/n_22/w_in_reg[8]
unloaded       L2/n_22/w_in_reg[9]
unloaded       L2/n_22/w_in_reg[10]
unloaded       L2/n_22/w_in_reg[11]
unloaded       L2/n_22/w_in_reg[12]
unloaded       L2/n_22/w_in_reg[13]
unloaded       L2/n_22/w_in_reg[14]
unloaded       L2/n_22/w_in_reg[15]
unloaded       L2/n_23/wen_reg
unloaded       L2/n_23/w_addr_reg[0]
unloaded       L2/n_23/w_addr_reg[1]
unloaded       L2/n_23/w_addr_reg[2]
unloaded       L2/n_23/w_addr_reg[3]
unloaded       L2/n_23/w_addr_reg[4]
unloaded       L2/n_23/w_in_reg[0]
unloaded       L2/n_23/w_in_reg[1]
unloaded       L2/n_23/w_in_reg[2]
unloaded       L2/n_23/w_in_reg[3]
unloaded       L2/n_23/w_in_reg[4]
unloaded       L2/n_23/w_in_reg[5]
unloaded       L2/n_23/w_in_reg[6]
unloaded       L2/n_23/w_in_reg[7]
unloaded       L2/n_23/w_in_reg[8]
unloaded       L2/n_23/w_in_reg[9]
unloaded       L2/n_23/w_in_reg[10]
unloaded       L2/n_23/w_in_reg[11]
unloaded       L2/n_23/w_in_reg[12]
unloaded       L2/n_23/w_in_reg[13]
unloaded       L2/n_23/w_in_reg[14]
unloaded       L2/n_23/w_in_reg[15]
unloaded       L2/n_24/wen_reg
unloaded       L2/n_24/w_addr_reg[0]
unloaded       L2/n_24/w_addr_reg[1]
unloaded       L2/n_24/w_addr_reg[2]
unloaded       L2/n_24/w_addr_reg[3]
unloaded       L2/n_24/w_addr_reg[4]
unloaded       L2/n_24/w_in_reg[0]
unloaded       L2/n_24/w_in_reg[1]
unloaded       L2/n_24/w_in_reg[2]
unloaded       L2/n_24/w_in_reg[3]
unloaded       L2/n_24/w_in_reg[4]
unloaded       L2/n_24/w_in_reg[5]
unloaded       L2/n_24/w_in_reg[6]
unloaded       L2/n_24/w_in_reg[7]
unloaded       L2/n_24/w_in_reg[8]
unloaded       L2/n_24/w_in_reg[9]
unloaded       L2/n_24/w_in_reg[10]
unloaded       L2/n_24/w_in_reg[11]
unloaded       L2/n_24/w_in_reg[12]
unloaded       L2/n_24/w_in_reg[13]
unloaded       L2/n_24/w_in_reg[14]
unloaded       L2/n_24/w_in_reg[15]
unloaded       L2/n_25/wen_reg
unloaded       L2/n_25/w_addr_reg[0]
unloaded       L2/n_25/w_addr_reg[1]
unloaded       L2/n_25/w_addr_reg[2]
unloaded       L2/n_25/w_addr_reg[3]
unloaded       L2/n_25/w_addr_reg[4]
unloaded       L2/n_25/w_in_reg[0]
unloaded       L2/n_25/w_in_reg[1]
unloaded       L2/n_25/w_in_reg[2]
unloaded       L2/n_25/w_in_reg[3]
unloaded       L2/n_25/w_in_reg[4]
unloaded       L2/n_25/w_in_reg[5]
unloaded       L2/n_25/w_in_reg[6]
unloaded       L2/n_25/w_in_reg[7]
unloaded       L2/n_25/w_in_reg[8]
unloaded       L2/n_25/w_in_reg[9]
unloaded       L2/n_25/w_in_reg[10]
unloaded       L2/n_25/w_in_reg[11]
unloaded       L2/n_25/w_in_reg[12]
unloaded       L2/n_25/w_in_reg[13]
unloaded       L2/n_25/w_in_reg[14]
unloaded       L2/n_25/w_in_reg[15]
unloaded       L2/n_26/wen_reg
unloaded       L2/n_26/w_addr_reg[0]
unloaded       L2/n_26/w_addr_reg[1]
unloaded       L2/n_26/w_addr_reg[2]
unloaded       L2/n_26/w_addr_reg[3]
unloaded       L2/n_26/w_addr_reg[4]
unloaded       L2/n_26/w_in_reg[0]
unloaded       L2/n_26/w_in_reg[1]
unloaded       L2/n_26/w_in_reg[2]
unloaded       L2/n_26/w_in_reg[3]
unloaded       L2/n_26/w_in_reg[4]
unloaded       L2/n_26/w_in_reg[5]
unloaded       L2/n_26/w_in_reg[6]
unloaded       L2/n_26/w_in_reg[7]
unloaded       L2/n_26/w_in_reg[8]
unloaded       L2/n_26/w_in_reg[9]
unloaded       L2/n_26/w_in_reg[10]
unloaded       L2/n_26/w_in_reg[11]
unloaded       L2/n_26/w_in_reg[12]
unloaded       L2/n_26/w_in_reg[13]
unloaded       L2/n_26/w_in_reg[14]
unloaded       L2/n_26/w_in_reg[15]
unloaded       L2/n_27/wen_reg
unloaded       L2/n_27/w_addr_reg[0]
unloaded       L2/n_27/w_addr_reg[1]
unloaded       L2/n_27/w_addr_reg[2]
unloaded       L2/n_27/w_addr_reg[3]
unloaded       L2/n_27/w_addr_reg[4]
unloaded       L2/n_27/w_in_reg[0]
unloaded       L2/n_27/w_in_reg[1]
unloaded       L2/n_27/w_in_reg[2]
unloaded       L2/n_27/w_in_reg[3]
unloaded       L2/n_27/w_in_reg[4]
unloaded       L2/n_27/w_in_reg[5]
unloaded       L2/n_27/w_in_reg[6]
unloaded       L2/n_27/w_in_reg[7]
unloaded       L2/n_27/w_in_reg[8]
unloaded       L2/n_27/w_in_reg[9]
unloaded       L2/n_27/w_in_reg[10]
unloaded       L2/n_27/w_in_reg[11]
unloaded       L2/n_27/w_in_reg[12]
unloaded       L2/n_27/w_in_reg[13]
unloaded       L2/n_27/w_in_reg[14]
unloaded       L2/n_27/w_in_reg[15]
unloaded       L2/n_28/wen_reg
unloaded       L2/n_28/w_addr_reg[0]
unloaded       L2/n_28/w_addr_reg[1]
unloaded       L2/n_28/w_addr_reg[2]
unloaded       L2/n_28/w_addr_reg[3]
unloaded       L2/n_28/w_addr_reg[4]
unloaded       L2/n_28/w_in_reg[0]
unloaded       L2/n_28/w_in_reg[1]
unloaded       L2/n_28/w_in_reg[2]
unloaded       L2/n_28/w_in_reg[3]
unloaded       L2/n_28/w_in_reg[4]
unloaded       L2/n_28/w_in_reg[5]
unloaded       L2/n_28/w_in_reg[6]
unloaded       L2/n_28/w_in_reg[7]
unloaded       L2/n_28/w_in_reg[8]
unloaded       L2/n_28/w_in_reg[9]
unloaded       L2/n_28/w_in_reg[10]
unloaded       L2/n_28/w_in_reg[11]
unloaded       L2/n_28/w_in_reg[12]
unloaded       L2/n_28/w_in_reg[13]
unloaded       L2/n_28/w_in_reg[14]
unloaded       L2/n_28/w_in_reg[15]
unloaded       L2/n_29/wen_reg
unloaded       L2/n_29/w_addr_reg[0]
unloaded       L2/n_29/w_addr_reg[1]
unloaded       L2/n_29/w_addr_reg[2]
unloaded       L2/n_29/w_addr_reg[3]
unloaded       L2/n_29/w_addr_reg[4]
unloaded       L2/n_29/w_in_reg[0]
unloaded       L2/n_29/w_in_reg[1]
unloaded       L2/n_29/w_in_reg[2]
unloaded       L2/n_29/w_in_reg[3]
unloaded       L2/n_29/w_in_reg[4]
unloaded       L2/n_29/w_in_reg[5]
unloaded       L2/n_29/w_in_reg[6]
unloaded       L2/n_29/w_in_reg[7]
unloaded       L2/n_29/w_in_reg[8]
unloaded       L2/n_29/w_in_reg[9]
unloaded       L2/n_29/w_in_reg[10]
unloaded       L2/n_29/w_in_reg[11]
unloaded       L2/n_29/w_in_reg[12]
unloaded       L2/n_29/w_in_reg[13]
unloaded       L2/n_29/w_in_reg[14]
unloaded       L2/n_29/w_in_reg[15]
unloaded       L3/n_0/wen_reg
unloaded       L3/n_0/w_addr_reg[0]
unloaded       L3/n_0/w_addr_reg[1]
unloaded       L3/n_0/w_addr_reg[2]
unloaded       L3/n_0/w_addr_reg[3]
unloaded       L3/n_0/w_addr_reg[4]
unloaded       L3/n_0/w_in_reg[0]
unloaded       L3/n_0/w_in_reg[1]
unloaded       L3/n_0/w_in_reg[2]
unloaded       L3/n_0/w_in_reg[3]
unloaded       L3/n_0/w_in_reg[4]
unloaded       L3/n_0/w_in_reg[5]
unloaded       L3/n_0/w_in_reg[6]
unloaded       L3/n_0/w_in_reg[7]
unloaded       L3/n_0/w_in_reg[8]
unloaded       L3/n_0/w_in_reg[9]
unloaded       L3/n_0/w_in_reg[10]
unloaded       L3/n_0/w_in_reg[11]
unloaded       L3/n_0/w_in_reg[12]
unloaded       L3/n_0/w_in_reg[13]
unloaded       L3/n_0/w_in_reg[14]
unloaded       L3/n_0/w_in_reg[15]
unloaded       L3/n_1/wen_reg
unloaded       L3/n_1/w_addr_reg[0]
unloaded       L3/n_1/w_addr_reg[1]
unloaded       L3/n_1/w_addr_reg[2]
unloaded       L3/n_1/w_addr_reg[3]
unloaded       L3/n_1/w_addr_reg[4]
unloaded       L3/n_1/w_in_reg[0]
unloaded       L3/n_1/w_in_reg[1]
unloaded       L3/n_1/w_in_reg[2]
unloaded       L3/n_1/w_in_reg[3]
unloaded       L3/n_1/w_in_reg[4]
unloaded       L3/n_1/w_in_reg[5]
unloaded       L3/n_1/w_in_reg[6]
unloaded       L3/n_1/w_in_reg[7]
unloaded       L3/n_1/w_in_reg[8]
unloaded       L3/n_1/w_in_reg[9]
unloaded       L3/n_1/w_in_reg[10]
unloaded       L3/n_1/w_in_reg[11]
unloaded       L3/n_1/w_in_reg[12]
unloaded       L3/n_1/w_in_reg[13]
unloaded       L3/n_1/w_in_reg[14]
unloaded       L3/n_1/w_in_reg[15]
unloaded       L3/n_2/wen_reg
unloaded       L3/n_2/w_addr_reg[0]
unloaded       L3/n_2/w_addr_reg[1]
unloaded       L3/n_2/w_addr_reg[2]
unloaded       L3/n_2/w_addr_reg[3]
unloaded       L3/n_2/w_addr_reg[4]
unloaded       L3/n_2/w_in_reg[0]
unloaded       L3/n_2/w_in_reg[1]
unloaded       L3/n_2/w_in_reg[2]
unloaded       L3/n_2/w_in_reg[3]
unloaded       L3/n_2/w_in_reg[4]
unloaded       L3/n_2/w_in_reg[5]
unloaded       L3/n_2/w_in_reg[6]
unloaded       L3/n_2/w_in_reg[7]
unloaded       L3/n_2/w_in_reg[8]
unloaded       L3/n_2/w_in_reg[9]
unloaded       L3/n_2/w_in_reg[10]
unloaded       L3/n_2/w_in_reg[11]
unloaded       L3/n_2/w_in_reg[12]
unloaded       L3/n_2/w_in_reg[13]
unloaded       L3/n_2/w_in_reg[14]
unloaded       L3/n_2/w_in_reg[15]
unloaded       L3/n_3/wen_reg
unloaded       L3/n_3/w_addr_reg[0]
unloaded       L3/n_3/w_addr_reg[1]
unloaded       L3/n_3/w_addr_reg[2]
unloaded       L3/n_3/w_addr_reg[3]
unloaded       L3/n_3/w_addr_reg[4]
unloaded       L3/n_3/w_in_reg[0]
unloaded       L3/n_3/w_in_reg[1]
unloaded       L3/n_3/w_in_reg[2]
unloaded       L3/n_3/w_in_reg[3]
unloaded       L3/n_3/w_in_reg[4]
unloaded       L3/n_3/w_in_reg[5]
unloaded       L3/n_3/w_in_reg[6]
unloaded       L3/n_3/w_in_reg[7]
unloaded       L3/n_3/w_in_reg[8]
unloaded       L3/n_3/w_in_reg[9]
unloaded       L3/n_3/w_in_reg[10]
unloaded       L3/n_3/w_in_reg[11]
unloaded       L3/n_3/w_in_reg[12]
unloaded       L3/n_3/w_in_reg[13]
unloaded       L3/n_3/w_in_reg[14]
unloaded       L3/n_3/w_in_reg[15]
unloaded       L3/n_4/wen_reg
unloaded       L3/n_4/w_addr_reg[0]
unloaded       L3/n_4/w_addr_reg[1]
unloaded       L3/n_4/w_addr_reg[2]
unloaded       L3/n_4/w_addr_reg[3]
unloaded       L3/n_4/w_addr_reg[4]
unloaded       L3/n_4/w_in_reg[0]
unloaded       L3/n_4/w_in_reg[1]
unloaded       L3/n_4/w_in_reg[2]
unloaded       L3/n_4/w_in_reg[3]
unloaded       L3/n_4/w_in_reg[4]
unloaded       L3/n_4/w_in_reg[5]
unloaded       L3/n_4/w_in_reg[6]
unloaded       L3/n_4/w_in_reg[7]
unloaded       L3/n_4/w_in_reg[8]
unloaded       L3/n_4/w_in_reg[9]
unloaded       L3/n_4/w_in_reg[10]
unloaded       L3/n_4/w_in_reg[11]
unloaded       L3/n_4/w_in_reg[12]
unloaded       L3/n_4/w_in_reg[13]
unloaded       L3/n_4/w_in_reg[14]
unloaded       L3/n_4/w_in_reg[15]
unloaded       L3/n_5/wen_reg
unloaded       L3/n_5/w_addr_reg[0]
unloaded       L3/n_5/w_addr_reg[1]
unloaded       L3/n_5/w_addr_reg[2]
unloaded       L3/n_5/w_addr_reg[3]
unloaded       L3/n_5/w_addr_reg[4]
unloaded       L3/n_5/w_in_reg[0]
unloaded       L3/n_5/w_in_reg[1]
unloaded       L3/n_5/w_in_reg[2]
unloaded       L3/n_5/w_in_reg[3]
unloaded       L3/n_5/w_in_reg[4]
unloaded       L3/n_5/w_in_reg[5]
unloaded       L3/n_5/w_in_reg[6]
unloaded       L3/n_5/w_in_reg[7]
unloaded       L3/n_5/w_in_reg[8]
unloaded       L3/n_5/w_in_reg[9]
unloaded       L3/n_5/w_in_reg[10]
unloaded       L3/n_5/w_in_reg[11]
unloaded       L3/n_5/w_in_reg[12]
unloaded       L3/n_5/w_in_reg[13]
unloaded       L3/n_5/w_in_reg[14]
unloaded       L3/n_5/w_in_reg[15]
unloaded       L3/n_6/wen_reg
unloaded       L3/n_6/w_addr_reg[0]
unloaded       L3/n_6/w_addr_reg[1]
unloaded       L3/n_6/w_addr_reg[2]
unloaded       L3/n_6/w_addr_reg[3]
unloaded       L3/n_6/w_addr_reg[4]
unloaded       L3/n_6/w_in_reg[0]
unloaded       L3/n_6/w_in_reg[1]
unloaded       L3/n_6/w_in_reg[2]
unloaded       L3/n_6/w_in_reg[3]
unloaded       L3/n_6/w_in_reg[4]
unloaded       L3/n_6/w_in_reg[5]
unloaded       L3/n_6/w_in_reg[6]
unloaded       L3/n_6/w_in_reg[7]
unloaded       L3/n_6/w_in_reg[8]
unloaded       L3/n_6/w_in_reg[9]
unloaded       L3/n_6/w_in_reg[10]
unloaded       L3/n_6/w_in_reg[11]
unloaded       L3/n_6/w_in_reg[12]
unloaded       L3/n_6/w_in_reg[13]
unloaded       L3/n_6/w_in_reg[14]
unloaded       L3/n_6/w_in_reg[15]
unloaded       L3/n_7/wen_reg
unloaded       L3/n_7/w_addr_reg[0]
unloaded       L3/n_7/w_addr_reg[1]
unloaded       L3/n_7/w_addr_reg[2]
unloaded       L3/n_7/w_addr_reg[3]
unloaded       L3/n_7/w_addr_reg[4]
unloaded       L3/n_7/w_in_reg[0]
unloaded       L3/n_7/w_in_reg[1]
unloaded       L3/n_7/w_in_reg[2]
unloaded       L3/n_7/w_in_reg[3]
unloaded       L3/n_7/w_in_reg[4]
unloaded       L3/n_7/w_in_reg[5]
unloaded       L3/n_7/w_in_reg[6]
unloaded       L3/n_7/w_in_reg[7]
unloaded       L3/n_7/w_in_reg[8]
unloaded       L3/n_7/w_in_reg[9]
unloaded       L3/n_7/w_in_reg[10]
unloaded       L3/n_7/w_in_reg[11]
unloaded       L3/n_7/w_in_reg[12]
unloaded       L3/n_7/w_in_reg[13]
unloaded       L3/n_7/w_in_reg[14]
unloaded       L3/n_7/w_in_reg[15]
unloaded       L3/n_8/wen_reg
unloaded       L3/n_8/w_addr_reg[0]
unloaded       L3/n_8/w_addr_reg[1]
unloaded       L3/n_8/w_addr_reg[2]
unloaded       L3/n_8/w_addr_reg[3]
unloaded       L3/n_8/w_addr_reg[4]
unloaded       L3/n_8/w_in_reg[0]
unloaded       L3/n_8/w_in_reg[1]
unloaded       L3/n_8/w_in_reg[2]
unloaded       L3/n_8/w_in_reg[3]
unloaded       L3/n_8/w_in_reg[4]
unloaded       L3/n_8/w_in_reg[5]
unloaded       L3/n_8/w_in_reg[6]
unloaded       L3/n_8/w_in_reg[7]
unloaded       L3/n_8/w_in_reg[8]
unloaded       L3/n_8/w_in_reg[9]
unloaded       L3/n_8/w_in_reg[10]
unloaded       L3/n_8/w_in_reg[11]
unloaded       L3/n_8/w_in_reg[12]
unloaded       L3/n_8/w_in_reg[13]
unloaded       L3/n_8/w_in_reg[14]
unloaded       L3/n_8/w_in_reg[15]
unloaded       L3/n_9/wen_reg
unloaded       L3/n_9/w_addr_reg[0]
unloaded       L3/n_9/w_addr_reg[1]
unloaded       L3/n_9/w_addr_reg[2]
unloaded       L3/n_9/w_addr_reg[3]
unloaded       L3/n_9/w_addr_reg[4]
unloaded       L3/n_9/w_in_reg[0]
unloaded       L3/n_9/w_in_reg[1]
unloaded       L3/n_9/w_in_reg[2]
unloaded       L3/n_9/w_in_reg[3]
unloaded       L3/n_9/w_in_reg[4]
unloaded       L3/n_9/w_in_reg[5]
unloaded       L3/n_9/w_in_reg[6]
unloaded       L3/n_9/w_in_reg[7]
unloaded       L3/n_9/w_in_reg[8]
unloaded       L3/n_9/w_in_reg[9]
unloaded       L3/n_9/w_in_reg[10]
unloaded       L3/n_9/w_in_reg[11]
unloaded       L3/n_9/w_in_reg[12]
unloaded       L3/n_9/w_in_reg[13]
unloaded       L3/n_9/w_in_reg[14]
unloaded       L3/n_9/w_in_reg[15]
unloaded       L4/n_0/wen_reg
unloaded       L4/n_0/w_addr_reg[0]
unloaded       L4/n_0/w_addr_reg[1]
unloaded       L4/n_0/w_addr_reg[2]
unloaded       L4/n_0/w_addr_reg[3]
unloaded       L4/n_0/w_in_reg[0]
unloaded       L4/n_0/w_in_reg[1]
unloaded       L4/n_0/w_in_reg[2]
unloaded       L4/n_0/w_in_reg[3]
unloaded       L4/n_0/w_in_reg[4]
unloaded       L4/n_0/w_in_reg[5]
unloaded       L4/n_0/w_in_reg[6]
unloaded       L4/n_0/w_in_reg[7]
unloaded       L4/n_0/w_in_reg[8]
unloaded       L4/n_0/w_in_reg[9]
unloaded       L4/n_0/w_in_reg[10]
unloaded       L4/n_0/w_in_reg[11]
unloaded       L4/n_0/w_in_reg[12]
unloaded       L4/n_0/w_in_reg[13]
unloaded       L4/n_0/w_in_reg[14]
unloaded       L4/n_0/w_in_reg[15]
unloaded       L4/n_1/wen_reg
unloaded       L4/n_1/w_addr_reg[0]
unloaded       L4/n_1/w_addr_reg[1]
unloaded       L4/n_1/w_addr_reg[2]
unloaded       L4/n_1/w_addr_reg[3]
unloaded       L4/n_1/w_in_reg[0]
unloaded       L4/n_1/w_in_reg[1]
unloaded       L4/n_1/w_in_reg[2]
unloaded       L4/n_1/w_in_reg[3]
unloaded       L4/n_1/w_in_reg[4]
unloaded       L4/n_1/w_in_reg[5]
unloaded       L4/n_1/w_in_reg[6]
unloaded       L4/n_1/w_in_reg[7]
unloaded       L4/n_1/w_in_reg[8]
unloaded       L4/n_1/w_in_reg[9]
unloaded       L4/n_1/w_in_reg[10]
unloaded       L4/n_1/w_in_reg[11]
unloaded       L4/n_1/w_in_reg[12]
unloaded       L4/n_1/w_in_reg[13]
unloaded       L4/n_1/w_in_reg[14]
unloaded       L4/n_1/w_in_reg[15]
unloaded       L4/n_2/wen_reg
unloaded       L4/n_2/w_addr_reg[0]
unloaded       L4/n_2/w_addr_reg[1]
unloaded       L4/n_2/w_addr_reg[2]
unloaded       L4/n_2/w_addr_reg[3]
unloaded       L4/n_2/w_in_reg[0]
unloaded       L4/n_2/w_in_reg[1]
unloaded       L4/n_2/w_in_reg[2]
unloaded       L4/n_2/w_in_reg[3]
unloaded       L4/n_2/w_in_reg[4]
unloaded       L4/n_2/w_in_reg[5]
unloaded       L4/n_2/w_in_reg[6]
unloaded       L4/n_2/w_in_reg[7]
unloaded       L4/n_2/w_in_reg[8]
unloaded       L4/n_2/w_in_reg[9]
unloaded       L4/n_2/w_in_reg[10]
unloaded       L4/n_2/w_in_reg[11]
unloaded       L4/n_2/w_in_reg[12]
unloaded       L4/n_2/w_in_reg[13]
unloaded       L4/n_2/w_in_reg[14]
unloaded       L4/n_2/w_in_reg[15]
unloaded       L4/n_3/wen_reg
unloaded       L4/n_3/w_addr_reg[0]
unloaded       L4/n_3/w_addr_reg[1]
unloaded       L4/n_3/w_addr_reg[2]
unloaded       L4/n_3/w_addr_reg[3]
unloaded       L4/n_3/w_in_reg[0]
unloaded       L4/n_3/w_in_reg[1]
unloaded       L4/n_3/w_in_reg[2]
unloaded       L4/n_3/w_in_reg[3]
unloaded       L4/n_3/w_in_reg[4]
unloaded       L4/n_3/w_in_reg[5]
unloaded       L4/n_3/w_in_reg[6]
unloaded       L4/n_3/w_in_reg[7]
unloaded       L4/n_3/w_in_reg[8]
unloaded       L4/n_3/w_in_reg[9]
unloaded       L4/n_3/w_in_reg[10]
unloaded       L4/n_3/w_in_reg[11]
unloaded       L4/n_3/w_in_reg[12]
unloaded       L4/n_3/w_in_reg[13]
unloaded       L4/n_3/w_in_reg[14]
unloaded       L4/n_3/w_in_reg[15]
unloaded       L4/n_4/wen_reg
unloaded       L4/n_4/w_addr_reg[0]
unloaded       L4/n_4/w_addr_reg[1]
unloaded       L4/n_4/w_addr_reg[2]
unloaded       L4/n_4/w_addr_reg[3]
unloaded       L4/n_4/w_in_reg[0]
unloaded       L4/n_4/w_in_reg[1]
unloaded       L4/n_4/w_in_reg[2]
unloaded       L4/n_4/w_in_reg[3]
unloaded       L4/n_4/w_in_reg[4]
unloaded       L4/n_4/w_in_reg[5]
unloaded       L4/n_4/w_in_reg[6]
unloaded       L4/n_4/w_in_reg[7]
unloaded       L4/n_4/w_in_reg[8]
unloaded       L4/n_4/w_in_reg[9]
unloaded       L4/n_4/w_in_reg[10]
unloaded       L4/n_4/w_in_reg[11]
unloaded       L4/n_4/w_in_reg[12]
unloaded       L4/n_4/w_in_reg[13]
unloaded       L4/n_4/w_in_reg[14]
unloaded       L4/n_4/w_in_reg[15]
unloaded       L4/n_5/wen_reg
unloaded       L4/n_5/w_addr_reg[0]
unloaded       L4/n_5/w_addr_reg[1]
unloaded       L4/n_5/w_addr_reg[2]
unloaded       L4/n_5/w_addr_reg[3]
unloaded       L4/n_5/w_in_reg[0]
unloaded       L4/n_5/w_in_reg[1]
unloaded       L4/n_5/w_in_reg[2]
unloaded       L4/n_5/w_in_reg[3]
unloaded       L4/n_5/w_in_reg[4]
unloaded       L4/n_5/w_in_reg[5]
unloaded       L4/n_5/w_in_reg[6]
unloaded       L4/n_5/w_in_reg[7]
unloaded       L4/n_5/w_in_reg[8]
unloaded       L4/n_5/w_in_reg[9]
unloaded       L4/n_5/w_in_reg[10]
unloaded       L4/n_5/w_in_reg[11]
unloaded       L4/n_5/w_in_reg[12]
unloaded       L4/n_5/w_in_reg[13]
unloaded       L4/n_5/w_in_reg[14]
unloaded       L4/n_5/w_in_reg[15]
unloaded       L4/n_6/wen_reg
unloaded       L4/n_6/w_addr_reg[0]
unloaded       L4/n_6/w_addr_reg[1]
unloaded       L4/n_6/w_addr_reg[2]
unloaded       L4/n_6/w_addr_reg[3]
unloaded       L4/n_6/w_in_reg[0]
unloaded       L4/n_6/w_in_reg[1]
unloaded       L4/n_6/w_in_reg[2]
unloaded       L4/n_6/w_in_reg[3]
unloaded       L4/n_6/w_in_reg[4]
unloaded       L4/n_6/w_in_reg[5]
unloaded       L4/n_6/w_in_reg[6]
unloaded       L4/n_6/w_in_reg[7]
unloaded       L4/n_6/w_in_reg[8]
unloaded       L4/n_6/w_in_reg[9]
unloaded       L4/n_6/w_in_reg[10]
unloaded       L4/n_6/w_in_reg[11]
unloaded       L4/n_6/w_in_reg[12]
unloaded       L4/n_6/w_in_reg[13]
unloaded       L4/n_6/w_in_reg[14]
unloaded       L4/n_6/w_in_reg[15]
unloaded       L4/n_7/wen_reg
unloaded       L4/n_7/w_addr_reg[0]
unloaded       L4/n_7/w_addr_reg[1]
unloaded       L4/n_7/w_addr_reg[2]
unloaded       L4/n_7/w_addr_reg[3]
unloaded       L4/n_7/w_in_reg[0]
unloaded       L4/n_7/w_in_reg[1]
unloaded       L4/n_7/w_in_reg[2]
unloaded       L4/n_7/w_in_reg[3]
unloaded       L4/n_7/w_in_reg[4]
unloaded       L4/n_7/w_in_reg[5]
unloaded       L4/n_7/w_in_reg[6]
unloaded       L4/n_7/w_in_reg[7]
unloaded       L4/n_7/w_in_reg[8]
unloaded       L4/n_7/w_in_reg[9]
unloaded       L4/n_7/w_in_reg[10]
unloaded       L4/n_7/w_in_reg[11]
unloaded       L4/n_7/w_in_reg[12]
unloaded       L4/n_7/w_in_reg[13]
unloaded       L4/n_7/w_in_reg[14]
unloaded       L4/n_7/w_in_reg[15]
unloaded       L4/n_8/wen_reg
unloaded       L4/n_8/w_addr_reg[0]
unloaded       L4/n_8/w_addr_reg[1]
unloaded       L4/n_8/w_addr_reg[2]
unloaded       L4/n_8/w_addr_reg[3]
unloaded       L4/n_8/w_in_reg[0]
unloaded       L4/n_8/w_in_reg[1]
unloaded       L4/n_8/w_in_reg[2]
unloaded       L4/n_8/w_in_reg[3]
unloaded       L4/n_8/w_in_reg[4]
unloaded       L4/n_8/w_in_reg[5]
unloaded       L4/n_8/w_in_reg[6]
unloaded       L4/n_8/w_in_reg[7]
unloaded       L4/n_8/w_in_reg[8]
unloaded       L4/n_8/w_in_reg[9]
unloaded       L4/n_8/w_in_reg[10]
unloaded       L4/n_8/w_in_reg[11]
unloaded       L4/n_8/w_in_reg[12]
unloaded       L4/n_8/w_in_reg[13]
unloaded       L4/n_8/w_in_reg[14]
unloaded       L4/n_8/w_in_reg[15]
unloaded       L4/n_9/wen_reg
unloaded       L4/n_9/w_addr_reg[0]
unloaded       L4/n_9/w_addr_reg[1]
unloaded       L4/n_9/w_addr_reg[2]
unloaded       L4/n_9/w_addr_reg[3]
unloaded       L4/n_9/w_in_reg[0]
unloaded       L4/n_9/w_in_reg[1]
unloaded       L4/n_9/w_in_reg[2]
unloaded       L4/n_9/w_in_reg[3]
unloaded       L4/n_9/w_in_reg[4]
unloaded       L4/n_9/w_in_reg[5]
unloaded       L4/n_9/w_in_reg[6]
unloaded       L4/n_9/w_in_reg[7]
unloaded       L4/n_9/w_in_reg[8]
unloaded       L4/n_9/w_in_reg[9]
unloaded       L4/n_9/w_in_reg[10]
unloaded       L4/n_9/w_in_reg[11]
unloaded       L4/n_9/w_in_reg[12]
unloaded       L4/n_9/w_in_reg[13]
unloaded       L4/n_9/w_in_reg[14]
unloaded       L4/n_9/w_in_reg[15]
constant 0     L1/n_0/bias_reg[0]
constant 0     L1/n_0/bias_reg[1]
constant 0     L1/n_0/bias_reg[2]
constant 0     L1/n_0/bias_reg[3]
constant 0     L1/n_0/bias_reg[4]
constant 0     L1/n_0/bias_reg[5]
constant 0     L1/n_0/bias_reg[6]
constant 0     L1/n_0/bias_reg[7]
constant 0     L1/n_0/bias_reg[8]
constant 0     L1/n_0/bias_reg[9]
constant 0     L1/n_0/bias_reg[10]
constant 0     L1/n_0/bias_reg[11]
constant 0     L1/n_0/bias_reg[12]
constant 0     L1/n_0/bias_reg[13]
constant 0     L1/n_0/bias_reg[14]
constant 0     L1/n_0/bias_reg[15]
constant 0     L1/n_0/bias_reg[16]
constant 1     L1/n_0/bias_reg[17]
constant 0     L1/n_0/bias_reg[18]
constant 0     L1/n_0/bias_reg[19]
constant 1     L1/n_0/bias_reg[20]
constant 1     L1/n_0/bias_reg[21]
constant 1     L1/n_0/bias_reg[22]
constant 0     L1/n_0/bias_reg[23]
constant 0     L1/n_0/bias_reg[24]
constant 0     L1/n_0/bias_reg[25]
constant 1     L1/n_0/bias_reg[26]
constant 1     L1/n_0/bias_reg[27]
constant 1     L1/n_0/bias_reg[28]
constant 1     L1/n_0/bias_reg[29]
constant 1     L1/n_0/bias_reg[30]
constant 1     L1/n_0/bias_reg[31]
constant 0     L1/n_1/bias_reg[0]
constant 0     L1/n_1/bias_reg[1]
constant 0     L1/n_1/bias_reg[2]
constant 0     L1/n_1/bias_reg[3]
constant 0     L1/n_1/bias_reg[4]
constant 0     L1/n_1/bias_reg[5]
constant 0     L1/n_1/bias_reg[6]
constant 0     L1/n_1/bias_reg[7]
constant 0     L1/n_1/bias_reg[8]
constant 0     L1/n_1/bias_reg[9]
constant 0     L1/n_1/bias_reg[10]
constant 0     L1/n_1/bias_reg[11]
constant 0     L1/n_1/bias_reg[12]
constant 0     L1/n_1/bias_reg[13]
constant 0     L1/n_1/bias_reg[14]
constant 0     L1/n_1/bias_reg[15]
constant 1     L1/n_1/bias_reg[16]
constant 1     L1/n_1/bias_reg[17]
constant 1     L1/n_1/bias_reg[18]
constant 0     L1/n_1/bias_reg[19]
constant 1     L1/n_1/bias_reg[20]
constant 1     L1/n_1/bias_reg[21]
constant 1     L1/n_1/bias_reg[22]
constant 0     L1/n_1/bias_reg[23]
constant 1     L1/n_1/bias_reg[24]
constant 1     L1/n_1/bias_reg[25]
constant 1     L1/n_1/bias_reg[26]
constant 0     L1/n_1/bias_reg[27]
constant 1     L1/n_1/bias_reg[28]
constant 1     L1/n_1/bias_reg[29]
constant 1     L1/n_1/bias_reg[30]
constant 1     L1/n_1/bias_reg[31]
constant 0     L1/n_2/bias_reg[0]
constant 0     L1/n_2/bias_reg[1]
constant 0     L1/n_2/bias_reg[2]
constant 0     L1/n_2/bias_reg[3]
constant 0     L1/n_2/bias_reg[4]
constant 0     L1/n_2/bias_reg[5]
constant 0     L1/n_2/bias_reg[6]
constant 0     L1/n_2/bias_reg[7]
constant 0     L1/n_2/bias_reg[8]
constant 0     L1/n_2/bias_reg[9]
constant 0     L1/n_2/bias_reg[10]
constant 0     L1/n_2/bias_reg[11]
constant 0     L1/n_2/bias_reg[12]
constant 0     L1/n_2/bias_reg[13]
constant 0     L1/n_2/bias_reg[14]
constant 0     L1/n_2/bias_reg[15]
constant 0     L1/n_2/bias_reg[16]
constant 0     L1/n_2/bias_reg[17]
constant 0     L1/n_2/bias_reg[18]
constant 0     L1/n_2/bias_reg[19]
constant 0     L1/n_2/bias_reg[20]
constant 0     L1/n_2/bias_reg[21]
constant 0     L1/n_2/bias_reg[22]
constant 0     L1/n_2/bias_reg[23]
constant 0     L1/n_2/bias_reg[24]
constant 0     L1/n_2/bias_reg[25]
constant 0     L1/n_2/bias_reg[26]
constant 0     L1/n_2/bias_reg[27]
constant 0     L1/n_2/bias_reg[28]
constant 0     L1/n_2/bias_reg[29]
constant 0     L1/n_2/bias_reg[30]
constant 0     L1/n_2/bias_reg[31]
constant 0     L1/n_3/bias_reg[0]
constant 0     L1/n_3/bias_reg[1]
constant 0     L1/n_3/bias_reg[2]
constant 0     L1/n_3/bias_reg[3]
constant 0     L1/n_3/bias_reg[4]
constant 0     L1/n_3/bias_reg[5]
constant 0     L1/n_3/bias_reg[6]
constant 0     L1/n_3/bias_reg[7]
constant 0     L1/n_3/bias_reg[8]
constant 0     L1/n_3/bias_reg[9]
constant 0     L1/n_3/bias_reg[10]
constant 0     L1/n_3/bias_reg[11]
constant 0     L1/n_3/bias_reg[12]
constant 0     L1/n_3/bias_reg[13]
constant 0     L1/n_3/bias_reg[14]
constant 0     L1/n_3/bias_reg[15]
constant 0     L1/n_3/bias_reg[16]
constant 0     L1/n_3/bias_reg[17]
constant 0     L1/n_3/bias_reg[18]
constant 0     L1/n_3/bias_reg[19]
constant 1     L1/n_3/bias_reg[20]
constant 0     L1/n_3/bias_reg[21]
constant 0     L1/n_3/bias_reg[22]
constant 1     L1/n_3/bias_reg[23]
constant 0     L1/n_3/bias_reg[24]
constant 1     L1/n_3/bias_reg[25]
constant 1     L1/n_3/bias_reg[26]
constant 1     L1/n_3/bias_reg[27]
constant 0     L1/n_3/bias_reg[28]
constant 0     L1/n_3/bias_reg[29]
constant 0     L1/n_3/bias_reg[30]
constant 0     L1/n_3/bias_reg[31]
constant 0     L1/n_4/bias_reg[0]
constant 0     L1/n_4/bias_reg[1]
constant 0     L1/n_4/bias_reg[2]
constant 0     L1/n_4/bias_reg[3]
constant 0     L1/n_4/bias_reg[4]
constant 0     L1/n_4/bias_reg[5]
constant 0     L1/n_4/bias_reg[6]
constant 0     L1/n_4/bias_reg[7]
constant 0     L1/n_4/bias_reg[8]
constant 0     L1/n_4/bias_reg[9]
constant 0     L1/n_4/bias_reg[10]
constant 0     L1/n_4/bias_reg[11]
constant 0     L1/n_4/bias_reg[12]
constant 0     L1/n_4/bias_reg[13]
constant 0     L1/n_4/bias_reg[14]
constant 0     L1/n_4/bias_reg[15]
constant 0     L1/n_4/bias_reg[16]
constant 1     L1/n_4/bias_reg[17]
constant 1     L1/n_4/bias_reg[18]
constant 1     L1/n_4/bias_reg[19]
constant 0     L1/n_4/bias_reg[20]
constant 0     L1/n_4/bias_reg[21]
constant 1     L1/n_4/bias_reg[22]
constant 1     L1/n_4/bias_reg[23]
constant 0     L1/n_4/bias_reg[24]
constant 1     L1/n_4/bias_reg[25]
constant 1     L1/n_4/bias_reg[26]
constant 0     L1/n_4/bias_reg[27]
constant 0     L1/n_4/bias_reg[28]
constant 0     L1/n_4/bias_reg[29]
constant 0     L1/n_4/bias_reg[30]
constant 0     L1/n_4/bias_reg[31]
constant 0     L1/n_5/bias_reg[0]
constant 0     L1/n_5/bias_reg[1]
constant 0     L1/n_5/bias_reg[2]
constant 0     L1/n_5/bias_reg[3]
constant 0     L1/n_5/bias_reg[4]
constant 0     L1/n_5/bias_reg[5]
constant 0     L1/n_5/bias_reg[6]
constant 0     L1/n_5/bias_reg[7]
constant 0     L1/n_5/bias_reg[8]
constant 0     L1/n_5/bias_reg[9]
constant 0     L1/n_5/bias_reg[10]
constant 0     L1/n_5/bias_reg[11]
constant 0     L1/n_5/bias_reg[12]
constant 0     L1/n_5/bias_reg[13]
constant 0     L1/n_5/bias_reg[14]
constant 0     L1/n_5/bias_reg[15]
constant 0     L1/n_5/bias_reg[16]
constant 1     L1/n_5/bias_reg[17]
constant 1     L1/n_5/bias_reg[18]
constant 1     L1/n_5/bias_reg[19]
constant 1     L1/n_5/bias_reg[20]
constant 1     L1/n_5/bias_reg[21]
constant 1     L1/n_5/bias_reg[22]
constant 1     L1/n_5/bias_reg[23]
constant 0     L1/n_5/bias_reg[24]
constant 1     L1/n_5/bias_reg[25]
constant 1     L1/n_5/bias_reg[26]
constant 0     L1/n_5/bias_reg[27]
constant 1     L1/n_5/bias_reg[28]
constant 1     L1/n_5/bias_reg[29]
constant 1     L1/n_5/bias_reg[30]
constant 1     L1/n_5/bias_reg[31]
constant 0     L1/n_6/bias_reg[0]
constant 0     L1/n_6/bias_reg[1]
constant 0     L1/n_6/bias_reg[2]
constant 0     L1/n_6/bias_reg[3]
constant 0     L1/n_6/bias_reg[4]
constant 0     L1/n_6/bias_reg[5]
constant 0     L1/n_6/bias_reg[6]
constant 0     L1/n_6/bias_reg[7]
constant 0     L1/n_6/bias_reg[8]
constant 0     L1/n_6/bias_reg[9]
constant 0     L1/n_6/bias_reg[10]
constant 0     L1/n_6/bias_reg[11]
constant 0     L1/n_6/bias_reg[12]
constant 0     L1/n_6/bias_reg[13]
constant 0     L1/n_6/bias_reg[14]
constant 0     L1/n_6/bias_reg[15]
constant 1     L1/n_6/bias_reg[16]
constant 1     L1/n_6/bias_reg[17]
constant 0     L1/n_6/bias_reg[18]
constant 1     L1/n_6/bias_reg[19]
constant 1     L1/n_6/bias_reg[20]
constant 1     L1/n_6/bias_reg[21]
constant 1     L1/n_6/bias_reg[22]
constant 1     L1/n_6/bias_reg[23]
constant 1     L1/n_6/bias_reg[24]
constant 0     L1/n_6/bias_reg[25]
constant 1     L1/n_6/bias_reg[26]
constant 0     L1/n_6/bias_reg[27]
constant 0     L1/n_6/bias_reg[28]
constant 0     L1/n_6/bias_reg[29]
constant 0     L1/n_6/bias_reg[30]
constant 0     L1/n_6/bias_reg[31]
constant 0     L1/n_7/bias_reg[0]
constant 0     L1/n_7/bias_reg[1]
constant 0     L1/n_7/bias_reg[2]
constant 0     L1/n_7/bias_reg[3]
constant 0     L1/n_7/bias_reg[4]
constant 0     L1/n_7/bias_reg[5]
constant 0     L1/n_7/bias_reg[6]
constant 0     L1/n_7/bias_reg[7]
constant 0     L1/n_7/bias_reg[8]
constant 0     L1/n_7/bias_reg[9]
constant 0     L1/n_7/bias_reg[10]
constant 0     L1/n_7/bias_reg[11]
constant 0     L1/n_7/bias_reg[12]
constant 0     L1/n_7/bias_reg[13]
constant 0     L1/n_7/bias_reg[14]
constant 0     L1/n_7/bias_reg[15]
constant 0     L1/n_7/bias_reg[16]
constant 1     L1/n_7/bias_reg[17]
constant 1     L1/n_7/bias_reg[18]
constant 1     L1/n_7/bias_reg[19]
constant 1     L1/n_7/bias_reg[20]
constant 1     L1/n_7/bias_reg[21]
constant 0     L1/n_7/bias_reg[22]
constant 0     L1/n_7/bias_reg[23]
constant 1     L1/n_7/bias_reg[24]
constant 0     L1/n_7/bias_reg[25]
constant 1     L1/n_7/bias_reg[26]
constant 0     L1/n_7/bias_reg[27]
constant 0     L1/n_7/bias_reg[28]
constant 0     L1/n_7/bias_reg[29]
constant 0     L1/n_7/bias_reg[30]
constant 0     L1/n_7/bias_reg[31]
constant 0     L1/n_8/bias_reg[0]
constant 0     L1/n_8/bias_reg[1]
constant 0     L1/n_8/bias_reg[2]
constant 0     L1/n_8/bias_reg[3]
constant 0     L1/n_8/bias_reg[4]
constant 0     L1/n_8/bias_reg[5]
constant 0     L1/n_8/bias_reg[6]
constant 0     L1/n_8/bias_reg[7]
constant 0     L1/n_8/bias_reg[8]
constant 0     L1/n_8/bias_reg[9]
constant 0     L1/n_8/bias_reg[10]
constant 0     L1/n_8/bias_reg[11]
constant 0     L1/n_8/bias_reg[12]
constant 0     L1/n_8/bias_reg[13]
constant 0     L1/n_8/bias_reg[14]
constant 0     L1/n_8/bias_reg[15]
constant 1     L1/n_8/bias_reg[16]
constant 1     L1/n_8/bias_reg[17]
constant 1     L1/n_8/bias_reg[18]
constant 0     L1/n_8/bias_reg[19]
constant 0     L1/n_8/bias_reg[20]
constant 0     L1/n_8/bias_reg[21]
constant 0     L1/n_8/bias_reg[22]
constant 0     L1/n_8/bias_reg[23]
constant 1     L1/n_8/bias_reg[24]
constant 1     L1/n_8/bias_reg[25]
constant 1     L1/n_8/bias_reg[26]
constant 0     L1/n_8/bias_reg[27]
constant 0     L1/n_8/bias_reg[28]
constant 0     L1/n_8/bias_reg[29]
constant 0     L1/n_8/bias_reg[30]
constant 0     L1/n_8/bias_reg[31]
constant 0     L1/n_9/bias_reg[0]
constant 0     L1/n_9/bias_reg[1]
constant 0     L1/n_9/bias_reg[2]
constant 0     L1/n_9/bias_reg[3]
constant 0     L1/n_9/bias_reg[4]
constant 0     L1/n_9/bias_reg[5]
constant 0     L1/n_9/bias_reg[6]
constant 0     L1/n_9/bias_reg[7]
constant 0     L1/n_9/bias_reg[8]
constant 0     L1/n_9/bias_reg[9]
constant 0     L1/n_9/bias_reg[10]
constant 0     L1/n_9/bias_reg[11]
constant 0     L1/n_9/bias_reg[12]
constant 0     L1/n_9/bias_reg[13]
constant 0     L1/n_9/bias_reg[14]
constant 0     L1/n_9/bias_reg[15]
constant 0     L1/n_9/bias_reg[16]
constant 0     L1/n_9/bias_reg[17]
constant 1     L1/n_9/bias_reg[18]
constant 0     L1/n_9/bias_reg[19]
constant 1     L1/n_9/bias_reg[20]
constant 1     L1/n_9/bias_reg[21]
constant 1     L1/n_9/bias_reg[22]
constant 1     L1/n_9/bias_reg[23]
constant 1     L1/n_9/bias_reg[24]
constant 0     L1/n_9/bias_reg[25]
constant 1     L1/n_9/bias_reg[26]
constant 0     L1/n_9/bias_reg[27]
constant 1     L1/n_9/bias_reg[28]
constant 1     L1/n_9/bias_reg[29]
constant 1     L1/n_9/bias_reg[30]
constant 1     L1/n_9/bias_reg[31]
constant 0     L1/n_10/bias_reg[0]
constant 0     L1/n_10/bias_reg[1]
constant 0     L1/n_10/bias_reg[2]
constant 0     L1/n_10/bias_reg[3]
constant 0     L1/n_10/bias_reg[4]
constant 0     L1/n_10/bias_reg[5]
constant 0     L1/n_10/bias_reg[6]
constant 0     L1/n_10/bias_reg[7]
constant 0     L1/n_10/bias_reg[8]
constant 0     L1/n_10/bias_reg[9]
constant 0     L1/n_10/bias_reg[10]
constant 0     L1/n_10/bias_reg[11]
constant 0     L1/n_10/bias_reg[12]
constant 0     L1/n_10/bias_reg[13]
constant 0     L1/n_10/bias_reg[14]
constant 0     L1/n_10/bias_reg[15]
constant 1     L1/n_10/bias_reg[16]
constant 0     L1/n_10/bias_reg[17]
constant 1     L1/n_10/bias_reg[18]
constant 1     L1/n_10/bias_reg[19]
constant 1     L1/n_10/bias_reg[20]
constant 1     L1/n_10/bias_reg[21]
constant 1     L1/n_10/bias_reg[22]
constant 0     L1/n_10/bias_reg[23]
constant 1     L1/n_10/bias_reg[24]
constant 1     L1/n_10/bias_reg[25]
constant 0     L1/n_10/bias_reg[26]
constant 0     L1/n_10/bias_reg[27]
constant 1     L1/n_10/bias_reg[28]
constant 1     L1/n_10/bias_reg[29]
constant 1     L1/n_10/bias_reg[30]
constant 1     L1/n_10/bias_reg[31]
constant 0     L1/n_11/bias_reg[0]
constant 0     L1/n_11/bias_reg[1]
constant 0     L1/n_11/bias_reg[2]
constant 0     L1/n_11/bias_reg[3]
constant 0     L1/n_11/bias_reg[4]
constant 0     L1/n_11/bias_reg[5]
constant 0     L1/n_11/bias_reg[6]
constant 0     L1/n_11/bias_reg[7]
constant 0     L1/n_11/bias_reg[8]
constant 0     L1/n_11/bias_reg[9]
constant 0     L1/n_11/bias_reg[10]
constant 0     L1/n_11/bias_reg[11]
constant 0     L1/n_11/bias_reg[12]
constant 0     L1/n_11/bias_reg[13]
constant 0     L1/n_11/bias_reg[14]
constant 0     L1/n_11/bias_reg[15]
constant 1     L1/n_11/bias_reg[16]
constant 0     L1/n_11/bias_reg[17]
constant 0     L1/n_11/bias_reg[18]
constant 1     L1/n_11/bias_reg[19]
constant 0     L1/n_11/bias_reg[20]
constant 1     L1/n_11/bias_reg[21]
constant 0     L1/n_11/bias_reg[22]
constant 0     L1/n_11/bias_reg[23]
constant 1     L1/n_11/bias_reg[24]
constant 1     L1/n_11/bias_reg[25]
constant 1     L1/n_11/bias_reg[26]
constant 1     L1/n_11/bias_reg[27]
constant 1     L1/n_11/bias_reg[28]
constant 1     L1/n_11/bias_reg[29]
constant 1     L1/n_11/bias_reg[30]
constant 1     L1/n_11/bias_reg[31]
constant 0     L1/n_12/bias_reg[0]
constant 0     L1/n_12/bias_reg[1]
constant 0     L1/n_12/bias_reg[2]
constant 0     L1/n_12/bias_reg[3]
constant 0     L1/n_12/bias_reg[4]
constant 0     L1/n_12/bias_reg[5]
constant 0     L1/n_12/bias_reg[6]
constant 0     L1/n_12/bias_reg[7]
constant 0     L1/n_12/bias_reg[8]
constant 0     L1/n_12/bias_reg[9]
constant 0     L1/n_12/bias_reg[10]
constant 0     L1/n_12/bias_reg[11]
constant 0     L1/n_12/bias_reg[12]
constant 0     L1/n_12/bias_reg[13]
constant 0     L1/n_12/bias_reg[14]
constant 0     L1/n_12/bias_reg[15]
constant 1     L1/n_12/bias_reg[16]
constant 0     L1/n_12/bias_reg[17]
constant 1     L1/n_12/bias_reg[18]
constant 0     L1/n_12/bias_reg[19]
constant 1     L1/n_12/bias_reg[20]
constant 0     L1/n_12/bias_reg[21]
constant 1     L1/n_12/bias_reg[22]
constant 1     L1/n_12/bias_reg[23]
constant 1     L1/n_12/bias_reg[24]
constant 0     L1/n_12/bias_reg[25]
constant 1     L1/n_12/bias_reg[26]
constant 1     L1/n_12/bias_reg[27]
constant 0     L1/n_12/bias_reg[28]
constant 1     L1/n_12/bias_reg[29]
constant 1     L1/n_12/bias_reg[30]
constant 1     L1/n_12/bias_reg[31]
constant 0     L1/n_13/bias_reg[0]
constant 0     L1/n_13/bias_reg[1]
constant 0     L1/n_13/bias_reg[2]
constant 0     L1/n_13/bias_reg[3]
constant 0     L1/n_13/bias_reg[4]
constant 0     L1/n_13/bias_reg[5]
constant 0     L1/n_13/bias_reg[6]
constant 0     L1/n_13/bias_reg[7]
constant 0     L1/n_13/bias_reg[8]
constant 0     L1/n_13/bias_reg[9]
constant 0     L1/n_13/bias_reg[10]
constant 0     L1/n_13/bias_reg[11]
constant 0     L1/n_13/bias_reg[12]
constant 0     L1/n_13/bias_reg[13]
constant 0     L1/n_13/bias_reg[14]
constant 0     L1/n_13/bias_reg[15]
constant 0     L1/n_13/bias_reg[16]
constant 1     L1/n_13/bias_reg[17]
constant 1     L1/n_13/bias_reg[18]
constant 1     L1/n_13/bias_reg[19]
constant 1     L1/n_13/bias_reg[20]
constant 0     L1/n_13/bias_reg[21]
constant 0     L1/n_13/bias_reg[22]
constant 1     L1/n_13/bias_reg[23]
constant 1     L1/n_13/bias_reg[24]
constant 0     L1/n_13/bias_reg[25]
constant 0     L1/n_13/bias_reg[26]
constant 0     L1/n_13/bias_reg[27]
constant 0     L1/n_13/bias_reg[28]
constant 0     L1/n_13/bias_reg[29]
constant 0     L1/n_13/bias_reg[30]
constant 0     L1/n_13/bias_reg[31]
constant 0     L1/n_14/bias_reg[0]
constant 0     L1/n_14/bias_reg[1]
constant 0     L1/n_14/bias_reg[2]
constant 0     L1/n_14/bias_reg[3]
constant 0     L1/n_14/bias_reg[4]
constant 0     L1/n_14/bias_reg[5]
constant 0     L1/n_14/bias_reg[6]
constant 0     L1/n_14/bias_reg[7]
constant 0     L1/n_14/bias_reg[8]
constant 0     L1/n_14/bias_reg[9]
constant 0     L1/n_14/bias_reg[10]
constant 0     L1/n_14/bias_reg[11]
constant 0     L1/n_14/bias_reg[12]
constant 0     L1/n_14/bias_reg[13]
constant 0     L1/n_14/bias_reg[14]
constant 0     L1/n_14/bias_reg[15]
constant 1     L1/n_14/bias_reg[16]
constant 1     L1/n_14/bias_reg[17]
constant 1     L1/n_14/bias_reg[18]
constant 0     L1/n_14/bias_reg[19]
constant 0     L1/n_14/bias_reg[20]
constant 1     L1/n_14/bias_reg[21]
constant 0     L1/n_14/bias_reg[22]
constant 0     L1/n_14/bias_reg[23]
constant 1     L1/n_14/bias_reg[24]
constant 1     L1/n_14/bias_reg[25]
constant 1     L1/n_14/bias_reg[26]
constant 1     L1/n_14/bias_reg[27]
constant 0     L1/n_14/bias_reg[28]
constant 0     L1/n_14/bias_reg[29]
constant 0     L1/n_14/bias_reg[30]
constant 0     L1/n_14/bias_reg[31]
constant 0     L1/n_15/bias_reg[0]
constant 0     L1/n_15/bias_reg[1]
constant 0     L1/n_15/bias_reg[2]
constant 0     L1/n_15/bias_reg[3]
constant 0     L1/n_15/bias_reg[4]
constant 0     L1/n_15/bias_reg[5]
constant 0     L1/n_15/bias_reg[6]
constant 0     L1/n_15/bias_reg[7]
constant 0     L1/n_15/bias_reg[8]
constant 0     L1/n_15/bias_reg[9]
constant 0     L1/n_15/bias_reg[10]
constant 0     L1/n_15/bias_reg[11]
constant 0     L1/n_15/bias_reg[12]
constant 0     L1/n_15/bias_reg[13]
constant 0     L1/n_15/bias_reg[14]
constant 0     L1/n_15/bias_reg[15]
constant 0     L1/n_15/bias_reg[16]
constant 1     L1/n_15/bias_reg[17]
constant 0     L1/n_15/bias_reg[18]
constant 0     L1/n_15/bias_reg[19]
constant 0     L1/n_15/bias_reg[20]
constant 0     L1/n_15/bias_reg[21]
constant 0     L1/n_15/bias_reg[22]
constant 1     L1/n_15/bias_reg[23]
constant 1     L1/n_15/bias_reg[24]
constant 1     L1/n_15/bias_reg[25]
constant 1     L1/n_15/bias_reg[26]
constant 1     L1/n_15/bias_reg[27]
constant 1     L1/n_15/bias_reg[28]
constant 1     L1/n_15/bias_reg[29]
constant 1     L1/n_15/bias_reg[30]
constant 1     L1/n_15/bias_reg[31]
constant 0     L1/n_16/bias_reg[0]
constant 0     L1/n_16/bias_reg[1]
constant 0     L1/n_16/bias_reg[2]
constant 0     L1/n_16/bias_reg[3]
constant 0     L1/n_16/bias_reg[4]
constant 0     L1/n_16/bias_reg[5]
constant 0     L1/n_16/bias_reg[6]
constant 0     L1/n_16/bias_reg[7]
constant 0     L1/n_16/bias_reg[8]
constant 0     L1/n_16/bias_reg[9]
constant 0     L1/n_16/bias_reg[10]
constant 0     L1/n_16/bias_reg[11]
constant 0     L1/n_16/bias_reg[12]
constant 0     L1/n_16/bias_reg[13]
constant 0     L1/n_16/bias_reg[14]
constant 0     L1/n_16/bias_reg[15]
constant 0     L1/n_16/bias_reg[16]
constant 0     L1/n_16/bias_reg[17]
constant 1     L1/n_16/bias_reg[18]
constant 0     L1/n_16/bias_reg[19]
constant 0     L1/n_16/bias_reg[20]
constant 0     L1/n_16/bias_reg[21]
constant 0     L1/n_16/bias_reg[22]
constant 0     L1/n_16/bias_reg[23]
constant 0     L1/n_16/bias_reg[24]
constant 1     L1/n_16/bias_reg[25]
constant 1     L1/n_16/bias_reg[26]
constant 0     L1/n_16/bias_reg[27]
constant 0     L1/n_16/bias_reg[28]
constant 0     L1/n_16/bias_reg[29]
constant 0     L1/n_16/bias_reg[30]
constant 0     L1/n_16/bias_reg[31]
constant 0     L1/n_17/bias_reg[0]
constant 0     L1/n_17/bias_reg[1]
constant 0     L1/n_17/bias_reg[2]
constant 0     L1/n_17/bias_reg[3]
constant 0     L1/n_17/bias_reg[4]
constant 0     L1/n_17/bias_reg[5]
constant 0     L1/n_17/bias_reg[6]
constant 0     L1/n_17/bias_reg[7]
constant 0     L1/n_17/bias_reg[8]
constant 0     L1/n_17/bias_reg[9]
constant 0     L1/n_17/bias_reg[10]
constant 0     L1/n_17/bias_reg[11]
constant 0     L1/n_17/bias_reg[12]
constant 0     L1/n_17/bias_reg[13]
constant 0     L1/n_17/bias_reg[14]
constant 0     L1/n_17/bias_reg[15]
constant 0     L1/n_17/bias_reg[16]
constant 1     L1/n_17/bias_reg[17]
constant 1     L1/n_17/bias_reg[18]
constant 1     L1/n_17/bias_reg[19]
constant 0     L1/n_17/bias_reg[20]
constant 1     L1/n_17/bias_reg[21]
constant 0     L1/n_17/bias_reg[22]
constant 0     L1/n_17/bias_reg[23]
constant 1     L1/n_17/bias_reg[24]
constant 0     L1/n_17/bias_reg[25]
constant 0     L1/n_17/bias_reg[26]
constant 0     L1/n_17/bias_reg[27]
constant 0     L1/n_17/bias_reg[28]
constant 0     L1/n_17/bias_reg[29]
constant 0     L1/n_17/bias_reg[30]
constant 0     L1/n_17/bias_reg[31]
constant 0     L1/n_18/bias_reg[0]
constant 0     L1/n_18/bias_reg[1]
constant 0     L1/n_18/bias_reg[2]
constant 0     L1/n_18/bias_reg[3]
constant 0     L1/n_18/bias_reg[4]
constant 0     L1/n_18/bias_reg[5]
constant 0     L1/n_18/bias_reg[6]
constant 0     L1/n_18/bias_reg[7]
constant 0     L1/n_18/bias_reg[8]
constant 0     L1/n_18/bias_reg[9]
constant 0     L1/n_18/bias_reg[10]
constant 0     L1/n_18/bias_reg[11]
constant 0     L1/n_18/bias_reg[12]
constant 0     L1/n_18/bias_reg[13]
constant 0     L1/n_18/bias_reg[14]
constant 0     L1/n_18/bias_reg[15]
constant 0     L1/n_18/bias_reg[16]
constant 1     L1/n_18/bias_reg[17]
constant 0     L1/n_18/bias_reg[18]
constant 1     L1/n_18/bias_reg[19]
constant 1     L1/n_18/bias_reg[20]
constant 1     L1/n_18/bias_reg[21]
constant 0     L1/n_18/bias_reg[22]
constant 0     L1/n_18/bias_reg[23]
constant 1     L1/n_18/bias_reg[24]
constant 1     L1/n_18/bias_reg[25]
constant 1     L1/n_18/bias_reg[26]
constant 1     L1/n_18/bias_reg[27]
constant 1     L1/n_18/bias_reg[28]
constant 1     L1/n_18/bias_reg[29]
constant 1     L1/n_18/bias_reg[30]
constant 1     L1/n_18/bias_reg[31]
constant 0     L1/n_19/bias_reg[0]
constant 0     L1/n_19/bias_reg[1]
constant 0     L1/n_19/bias_reg[2]
constant 0     L1/n_19/bias_reg[3]
constant 0     L1/n_19/bias_reg[4]
constant 0     L1/n_19/bias_reg[5]
constant 0     L1/n_19/bias_reg[6]
constant 0     L1/n_19/bias_reg[7]
constant 0     L1/n_19/bias_reg[8]
constant 0     L1/n_19/bias_reg[9]
constant 0     L1/n_19/bias_reg[10]
constant 0     L1/n_19/bias_reg[11]
constant 0     L1/n_19/bias_reg[12]
constant 0     L1/n_19/bias_reg[13]
constant 0     L1/n_19/bias_reg[14]
constant 0     L1/n_19/bias_reg[15]
constant 1     L1/n_19/bias_reg[16]
constant 1     L1/n_19/bias_reg[17]
constant 1     L1/n_19/bias_reg[18]
constant 0     L1/n_19/bias_reg[19]
constant 0     L1/n_19/bias_reg[20]
constant 0     L1/n_19/bias_reg[21]
constant 1     L1/n_19/bias_reg[22]
constant 1     L1/n_19/bias_reg[23]
constant 1     L1/n_19/bias_reg[24]
constant 0     L1/n_19/bias_reg[25]
constant 1     L1/n_19/bias_reg[26]
constant 0     L1/n_19/bias_reg[27]
constant 1     L1/n_19/bias_reg[28]
constant 1     L1/n_19/bias_reg[29]
constant 1     L1/n_19/bias_reg[30]
constant 1     L1/n_19/bias_reg[31]
constant 0     L1/n_20/bias_reg[0]
constant 0     L1/n_20/bias_reg[1]
constant 0     L1/n_20/bias_reg[2]
constant 0     L1/n_20/bias_reg[3]
constant 0     L1/n_20/bias_reg[4]
constant 0     L1/n_20/bias_reg[5]
constant 0     L1/n_20/bias_reg[6]
constant 0     L1/n_20/bias_reg[7]
constant 0     L1/n_20/bias_reg[8]
constant 0     L1/n_20/bias_reg[9]
constant 0     L1/n_20/bias_reg[10]
constant 0     L1/n_20/bias_reg[11]
constant 0     L1/n_20/bias_reg[12]
constant 0     L1/n_20/bias_reg[13]
constant 0     L1/n_20/bias_reg[14]
constant 0     L1/n_20/bias_reg[15]
constant 0     L1/n_20/bias_reg[16]
constant 1     L1/n_20/bias_reg[17]
constant 1     L1/n_20/bias_reg[18]
constant 0     L1/n_20/bias_reg[19]
constant 1     L1/n_20/bias_reg[20]
constant 0     L1/n_20/bias_reg[21]
constant 1     L1/n_20/bias_reg[22]
constant 0     L1/n_20/bias_reg[23]
constant 0     L1/n_20/bias_reg[24]
constant 1     L1/n_20/bias_reg[25]
constant 0     L1/n_20/bias_reg[26]
constant 1     L1/n_20/bias_reg[27]
constant 0     L1/n_20/bias_reg[28]
constant 0     L1/n_20/bias_reg[29]
constant 0     L1/n_20/bias_reg[30]
constant 0     L1/n_20/bias_reg[31]
constant 0     L1/n_21/bias_reg[0]
constant 0     L1/n_21/bias_reg[1]
constant 0     L1/n_21/bias_reg[2]
constant 0     L1/n_21/bias_reg[3]
constant 0     L1/n_21/bias_reg[4]
constant 0     L1/n_21/bias_reg[5]
constant 0     L1/n_21/bias_reg[6]
constant 0     L1/n_21/bias_reg[7]
constant 0     L1/n_21/bias_reg[8]
constant 0     L1/n_21/bias_reg[9]
constant 0     L1/n_21/bias_reg[10]
constant 0     L1/n_21/bias_reg[11]
constant 0     L1/n_21/bias_reg[12]
constant 0     L1/n_21/bias_reg[13]
constant 0     L1/n_21/bias_reg[14]
constant 0     L1/n_21/bias_reg[15]
constant 0     L1/n_21/bias_reg[16]
constant 0     L1/n_21/bias_reg[17]
constant 0     L1/n_21/bias_reg[18]
constant 0     L1/n_21/bias_reg[19]
constant 0     L1/n_21/bias_reg[20]
constant 0     L1/n_21/bias_reg[21]
constant 0     L1/n_21/bias_reg[22]
constant 0     L1/n_21/bias_reg[23]
constant 1     L1/n_21/bias_reg[24]
constant 0     L1/n_21/bias_reg[25]
constant 0     L1/n_21/bias_reg[26]
constant 1     L1/n_21/bias_reg[27]
constant 0     L1/n_21/bias_reg[28]
constant 0     L1/n_21/bias_reg[29]
constant 0     L1/n_21/bias_reg[30]
constant 0     L1/n_21/bias_reg[31]
constant 0     L1/n_22/bias_reg[0]
constant 0     L1/n_22/bias_reg[1]
constant 0     L1/n_22/bias_reg[2]
constant 0     L1/n_22/bias_reg[3]
constant 0     L1/n_22/bias_reg[4]
constant 0     L1/n_22/bias_reg[5]
constant 0     L1/n_22/bias_reg[6]
constant 0     L1/n_22/bias_reg[7]
constant 0     L1/n_22/bias_reg[8]
constant 0     L1/n_22/bias_reg[9]
constant 0     L1/n_22/bias_reg[10]
constant 0     L1/n_22/bias_reg[11]
constant 0     L1/n_22/bias_reg[12]
constant 0     L1/n_22/bias_reg[13]
constant 0     L1/n_22/bias_reg[14]
constant 0     L1/n_22/bias_reg[15]
constant 0     L1/n_22/bias_reg[16]
constant 1     L1/n_22/bias_reg[17]
constant 1     L1/n_22/bias_reg[18]
constant 0     L1/n_22/bias_reg[19]
constant 1     L1/n_22/bias_reg[20]
constant 1     L1/n_22/bias_reg[21]
constant 0     L1/n_22/bias_reg[22]
constant 1     L1/n_22/bias_reg[23]
constant 0     L1/n_22/bias_reg[24]
constant 0     L1/n_22/bias_reg[25]
constant 0     L1/n_22/bias_reg[26]
constant 1     L1/n_22/bias_reg[27]
constant 0     L1/n_22/bias_reg[28]
constant 0     L1/n_22/bias_reg[29]
constant 0     L1/n_22/bias_reg[30]
constant 0     L1/n_22/bias_reg[31]
constant 0     L1/n_23/bias_reg[0]
constant 0     L1/n_23/bias_reg[1]
constant 0     L1/n_23/bias_reg[2]
constant 0     L1/n_23/bias_reg[3]
constant 0     L1/n_23/bias_reg[4]
constant 0     L1/n_23/bias_reg[5]
constant 0     L1/n_23/bias_reg[6]
constant 0     L1/n_23/bias_reg[7]
constant 0     L1/n_23/bias_reg[8]
constant 0     L1/n_23/bias_reg[9]
constant 0     L1/n_23/bias_reg[10]
constant 0     L1/n_23/bias_reg[11]
constant 0     L1/n_23/bias_reg[12]
constant 0     L1/n_23/bias_reg[13]
constant 0     L1/n_23/bias_reg[14]
constant 0     L1/n_23/bias_reg[15]
constant 0     L1/n_23/bias_reg[16]
constant 1     L1/n_23/bias_reg[17]
constant 1     L1/n_23/bias_reg[18]
constant 0     L1/n_23/bias_reg[19]
constant 0     L1/n_23/bias_reg[20]
constant 0     L1/n_23/bias_reg[21]
constant 0     L1/n_23/bias_reg[22]
constant 1     L1/n_23/bias_reg[23]
constant 1     L1/n_23/bias_reg[24]
constant 1     L1/n_23/bias_reg[25]
constant 0     L1/n_23/bias_reg[26]
constant 1     L1/n_23/bias_reg[27]
constant 1     L1/n_23/bias_reg[28]
constant 1     L1/n_23/bias_reg[29]
constant 1     L1/n_23/bias_reg[30]
constant 1     L1/n_23/bias_reg[31]
constant 0     L1/n_24/bias_reg[0]
constant 0     L1/n_24/bias_reg[1]
constant 0     L1/n_24/bias_reg[2]
constant 0     L1/n_24/bias_reg[3]
constant 0     L1/n_24/bias_reg[4]
constant 0     L1/n_24/bias_reg[5]
constant 0     L1/n_24/bias_reg[6]
constant 0     L1/n_24/bias_reg[7]
constant 0     L1/n_24/bias_reg[8]
constant 0     L1/n_24/bias_reg[9]
constant 0     L1/n_24/bias_reg[10]
constant 0     L1/n_24/bias_reg[11]
constant 0     L1/n_24/bias_reg[12]
constant 0     L1/n_24/bias_reg[13]
constant 0     L1/n_24/bias_reg[14]
constant 0     L1/n_24/bias_reg[15]
constant 0     L1/n_24/bias_reg[16]
constant 0     L1/n_24/bias_reg[17]
constant 0     L1/n_24/bias_reg[18]
constant 1     L1/n_24/bias_reg[19]
constant 1     L1/n_24/bias_reg[20]
constant 1     L1/n_24/bias_reg[21]
constant 0     L1/n_24/bias_reg[22]
constant 0     L1/n_24/bias_reg[23]
constant 0     L1/n_24/bias_reg[24]
constant 0     L1/n_24/bias_reg[25]
constant 0     L1/n_24/bias_reg[26]
constant 1     L1/n_24/bias_reg[27]
constant 1     L1/n_24/bias_reg[28]
constant 1     L1/n_24/bias_reg[29]
constant 1     L1/n_24/bias_reg[30]
constant 1     L1/n_24/bias_reg[31]
constant 0     L1/n_25/bias_reg[0]
constant 0     L1/n_25/bias_reg[1]
constant 0     L1/n_25/bias_reg[2]
constant 0     L1/n_25/bias_reg[3]
constant 0     L1/n_25/bias_reg[4]
constant 0     L1/n_25/bias_reg[5]
constant 0     L1/n_25/bias_reg[6]
constant 0     L1/n_25/bias_reg[7]
constant 0     L1/n_25/bias_reg[8]
constant 0     L1/n_25/bias_reg[9]
constant 0     L1/n_25/bias_reg[10]
constant 0     L1/n_25/bias_reg[11]
constant 0     L1/n_25/bias_reg[12]
constant 0     L1/n_25/bias_reg[13]
constant 0     L1/n_25/bias_reg[14]
constant 0     L1/n_25/bias_reg[15]
constant 0     L1/n_25/bias_reg[16]
constant 1     L1/n_25/bias_reg[17]
constant 0     L1/n_25/bias_reg[18]
constant 0     L1/n_25/bias_reg[19]
constant 1     L1/n_25/bias_reg[20]
constant 0     L1/n_25/bias_reg[21]
constant 1     L1/n_25/bias_reg[22]
constant 1     L1/n_25/bias_reg[23]
constant 1     L1/n_25/bias_reg[24]
constant 0     L1/n_25/bias_reg[25]
constant 1     L1/n_25/bias_reg[26]
constant 0     L1/n_25/bias_reg[27]
constant 0     L1/n_25/bias_reg[28]
constant 0     L1/n_25/bias_reg[29]
constant 0     L1/n_25/bias_reg[30]
constant 0     L1/n_25/bias_reg[31]
constant 0     L1/n_26/bias_reg[0]
constant 0     L1/n_26/bias_reg[1]
constant 0     L1/n_26/bias_reg[2]
constant 0     L1/n_26/bias_reg[3]
constant 0     L1/n_26/bias_reg[4]
constant 0     L1/n_26/bias_reg[5]
constant 0     L1/n_26/bias_reg[6]
constant 0     L1/n_26/bias_reg[7]
constant 0     L1/n_26/bias_reg[8]
constant 0     L1/n_26/bias_reg[9]
constant 0     L1/n_26/bias_reg[10]
constant 0     L1/n_26/bias_reg[11]
constant 0     L1/n_26/bias_reg[12]
constant 0     L1/n_26/bias_reg[13]
constant 0     L1/n_26/bias_reg[14]
constant 0     L1/n_26/bias_reg[15]
constant 0     L1/n_26/bias_reg[16]
constant 1     L1/n_26/bias_reg[17]
constant 0     L1/n_26/bias_reg[18]
constant 1     L1/n_26/bias_reg[19]
constant 1     L1/n_26/bias_reg[20]
constant 1     L1/n_26/bias_reg[21]
constant 0     L1/n_26/bias_reg[22]
constant 0     L1/n_26/bias_reg[23]
constant 0     L1/n_26/bias_reg[24]
constant 1     L1/n_26/bias_reg[25]
constant 0     L1/n_26/bias_reg[26]
constant 0     L1/n_26/bias_reg[27]
constant 1     L1/n_26/bias_reg[28]
constant 1     L1/n_26/bias_reg[29]
constant 1     L1/n_26/bias_reg[30]
constant 1     L1/n_26/bias_reg[31]
constant 0     L1/n_27/bias_reg[0]
constant 0     L1/n_27/bias_reg[1]
constant 0     L1/n_27/bias_reg[2]
constant 0     L1/n_27/bias_reg[3]
constant 0     L1/n_27/bias_reg[4]
constant 0     L1/n_27/bias_reg[5]
constant 0     L1/n_27/bias_reg[6]
constant 0     L1/n_27/bias_reg[7]
constant 0     L1/n_27/bias_reg[8]
constant 0     L1/n_27/bias_reg[9]
constant 0     L1/n_27/bias_reg[10]
constant 0     L1/n_27/bias_reg[11]
constant 0     L1/n_27/bias_reg[12]
constant 0     L1/n_27/bias_reg[13]
constant 0     L1/n_27/bias_reg[14]
constant 0     L1/n_27/bias_reg[15]
constant 0     L1/n_27/bias_reg[16]
constant 0     L1/n_27/bias_reg[17]
constant 1     L1/n_27/bias_reg[18]
constant 1     L1/n_27/bias_reg[19]
constant 1     L1/n_27/bias_reg[20]
constant 1     L1/n_27/bias_reg[21]
constant 0     L1/n_27/bias_reg[22]
constant 1     L1/n_27/bias_reg[23]
constant 0     L1/n_27/bias_reg[24]
constant 0     L1/n_27/bias_reg[25]
constant 0     L1/n_27/bias_reg[26]
constant 1     L1/n_27/bias_reg[27]
constant 0     L1/n_27/bias_reg[28]
constant 0     L1/n_27/bias_reg[29]
constant 0     L1/n_27/bias_reg[30]
constant 0     L1/n_27/bias_reg[31]
constant 0     L1/n_28/bias_reg[0]
constant 0     L1/n_28/bias_reg[1]
constant 0     L1/n_28/bias_reg[2]
constant 0     L1/n_28/bias_reg[3]
constant 0     L1/n_28/bias_reg[4]
constant 0     L1/n_28/bias_reg[5]
constant 0     L1/n_28/bias_reg[6]
constant 0     L1/n_28/bias_reg[7]
constant 0     L1/n_28/bias_reg[8]
constant 0     L1/n_28/bias_reg[9]
constant 0     L1/n_28/bias_reg[10]
constant 0     L1/n_28/bias_reg[11]
constant 0     L1/n_28/bias_reg[12]
constant 0     L1/n_28/bias_reg[13]
constant 0     L1/n_28/bias_reg[14]
constant 0     L1/n_28/bias_reg[15]
constant 1     L1/n_28/bias_reg[16]
constant 1     L1/n_28/bias_reg[17]
constant 0     L1/n_28/bias_reg[18]
constant 1     L1/n_28/bias_reg[19]
constant 0     L1/n_28/bias_reg[20]
constant 0     L1/n_28/bias_reg[21]
constant 0     L1/n_28/bias_reg[22]
constant 1     L1/n_28/bias_reg[23]
constant 1     L1/n_28/bias_reg[24]
constant 1     L1/n_28/bias_reg[25]
constant 1     L1/n_28/bias_reg[26]
constant 0     L1/n_28/bias_reg[27]
constant 0     L1/n_28/bias_reg[28]
constant 0     L1/n_28/bias_reg[29]
constant 0     L1/n_28/bias_reg[30]
constant 0     L1/n_28/bias_reg[31]
constant 0     L1/n_29/bias_reg[0]
constant 0     L1/n_29/bias_reg[1]
constant 0     L1/n_29/bias_reg[2]
constant 0     L1/n_29/bias_reg[3]
constant 0     L1/n_29/bias_reg[4]
constant 0     L1/n_29/bias_reg[5]
constant 0     L1/n_29/bias_reg[6]
constant 0     L1/n_29/bias_reg[7]
constant 0     L1/n_29/bias_reg[8]
constant 0     L1/n_29/bias_reg[9]
constant 0     L1/n_29/bias_reg[10]
constant 0     L1/n_29/bias_reg[11]
constant 0     L1/n_29/bias_reg[12]
constant 0     L1/n_29/bias_reg[13]
constant 0     L1/n_29/bias_reg[14]
constant 0     L1/n_29/bias_reg[15]
constant 1     L1/n_29/bias_reg[16]
constant 0     L1/n_29/bias_reg[17]
constant 1     L1/n_29/bias_reg[18]
constant 1     L1/n_29/bias_reg[19]
constant 0     L1/n_29/bias_reg[20]
constant 1     L1/n_29/bias_reg[21]
constant 0     L1/n_29/bias_reg[22]
constant 1     L1/n_29/bias_reg[23]
constant 0     L1/n_29/bias_reg[24]
constant 1     L1/n_29/bias_reg[25]
constant 0     L1/n_29/bias_reg[26]
constant 1     L1/n_29/bias_reg[27]
constant 0     L1/n_29/bias_reg[28]
constant 1     L1/n_29/bias_reg[29]
constant 1     L1/n_29/bias_reg[30]
constant 1     L1/n_29/bias_reg[31]
constant 0     L2/n_0/bias_reg[0]
constant 0     L2/n_0/bias_reg[1]
constant 0     L2/n_0/bias_reg[2]
constant 0     L2/n_0/bias_reg[3]
constant 0     L2/n_0/bias_reg[4]
constant 0     L2/n_0/bias_reg[5]
constant 0     L2/n_0/bias_reg[6]
constant 0     L2/n_0/bias_reg[7]
constant 0     L2/n_0/bias_reg[8]
constant 0     L2/n_0/bias_reg[9]
constant 0     L2/n_0/bias_reg[10]
constant 0     L2/n_0/bias_reg[11]
constant 0     L2/n_0/bias_reg[12]
constant 0     L2/n_0/bias_reg[13]
constant 0     L2/n_0/bias_reg[14]
constant 0     L2/n_0/bias_reg[15]
constant 0     L2/n_0/bias_reg[16]
constant 1     L2/n_0/bias_reg[17]
constant 1     L2/n_0/bias_reg[18]
constant 0     L2/n_0/bias_reg[19]
constant 1     L2/n_0/bias_reg[20]
constant 1     L2/n_0/bias_reg[21]
constant 0     L2/n_0/bias_reg[22]
constant 0     L2/n_0/bias_reg[23]
constant 1     L2/n_0/bias_reg[24]
constant 1     L2/n_0/bias_reg[25]
constant 0     L2/n_0/bias_reg[26]
constant 1     L2/n_0/bias_reg[27]
constant 1     L2/n_0/bias_reg[28]
constant 1     L2/n_0/bias_reg[29]
constant 1     L2/n_0/bias_reg[30]
constant 1     L2/n_0/bias_reg[31]
constant 0     L2/n_1/bias_reg[0]
constant 0     L2/n_1/bias_reg[1]
constant 0     L2/n_1/bias_reg[2]
constant 0     L2/n_1/bias_reg[3]
constant 0     L2/n_1/bias_reg[4]
constant 0     L2/n_1/bias_reg[5]
constant 0     L2/n_1/bias_reg[6]
constant 0     L2/n_1/bias_reg[7]
constant 0     L2/n_1/bias_reg[8]
constant 0     L2/n_1/bias_reg[9]
constant 0     L2/n_1/bias_reg[10]
constant 0     L2/n_1/bias_reg[11]
constant 0     L2/n_1/bias_reg[12]
constant 0     L2/n_1/bias_reg[13]
constant 0     L2/n_1/bias_reg[14]
constant 0     L2/n_1/bias_reg[15]
constant 0     L2/n_1/bias_reg[16]
constant 1     L2/n_1/bias_reg[17]
constant 1     L2/n_1/bias_reg[18]
constant 1     L2/n_1/bias_reg[19]
constant 0     L2/n_1/bias_reg[20]
constant 0     L2/n_1/bias_reg[21]
constant 0     L2/n_1/bias_reg[22]
constant 1     L2/n_1/bias_reg[23]
constant 1     L2/n_1/bias_reg[24]
constant 1     L2/n_1/bias_reg[25]
constant 1     L2/n_1/bias_reg[26]
constant 1     L2/n_1/bias_reg[27]
constant 1     L2/n_1/bias_reg[28]
constant 1     L2/n_1/bias_reg[29]
constant 1     L2/n_1/bias_reg[30]
constant 1     L2/n_1/bias_reg[31]
constant 0     L2/n_2/bias_reg[0]
constant 0     L2/n_2/bias_reg[1]
constant 0     L2/n_2/bias_reg[2]
constant 0     L2/n_2/bias_reg[3]
constant 0     L2/n_2/bias_reg[4]
constant 0     L2/n_2/bias_reg[5]
constant 0     L2/n_2/bias_reg[6]
constant 0     L2/n_2/bias_reg[7]
constant 0     L2/n_2/bias_reg[8]
constant 0     L2/n_2/bias_reg[9]
constant 0     L2/n_2/bias_reg[10]
constant 0     L2/n_2/bias_reg[11]
constant 0     L2/n_2/bias_reg[12]
constant 0     L2/n_2/bias_reg[13]
constant 0     L2/n_2/bias_reg[14]
constant 0     L2/n_2/bias_reg[15]
constant 1     L2/n_2/bias_reg[16]
constant 0     L2/n_2/bias_reg[17]
constant 1     L2/n_2/bias_reg[18]
constant 0     L2/n_2/bias_reg[19]
constant 1     L2/n_2/bias_reg[20]
constant 1     L2/n_2/bias_reg[21]
constant 0     L2/n_2/bias_reg[22]
constant 1     L2/n_2/bias_reg[23]
constant 0     L2/n_2/bias_reg[24]
constant 1     L2/n_2/bias_reg[25]
constant 1     L2/n_2/bias_reg[26]
constant 1     L2/n_2/bias_reg[27]
constant 0     L2/n_2/bias_reg[28]
constant 0     L2/n_2/bias_reg[29]
constant 0     L2/n_2/bias_reg[30]
constant 0     L2/n_2/bias_reg[31]
constant 0     L2/n_3/bias_reg[0]
constant 0     L2/n_3/bias_reg[1]
constant 0     L2/n_3/bias_reg[2]
constant 0     L2/n_3/bias_reg[3]
constant 0     L2/n_3/bias_reg[4]
constant 0     L2/n_3/bias_reg[5]
constant 0     L2/n_3/bias_reg[6]
constant 0     L2/n_3/bias_reg[7]
constant 0     L2/n_3/bias_reg[8]
constant 0     L2/n_3/bias_reg[9]
constant 0     L2/n_3/bias_reg[10]
constant 0     L2/n_3/bias_reg[11]
constant 0     L2/n_3/bias_reg[12]
constant 0     L2/n_3/bias_reg[13]
constant 0     L2/n_3/bias_reg[14]
constant 0     L2/n_3/bias_reg[15]
constant 0     L2/n_3/bias_reg[16]
constant 1     L2/n_3/bias_reg[17]
constant 0     L2/n_3/bias_reg[18]
constant 0     L2/n_3/bias_reg[19]
constant 0     L2/n_3/bias_reg[20]
constant 0     L2/n_3/bias_reg[21]
constant 1     L2/n_3/bias_reg[22]
constant 1     L2/n_3/bias_reg[23]
constant 1     L2/n_3/bias_reg[24]
constant 1     L2/n_3/bias_reg[25]
constant 1     L2/n_3/bias_reg[26]
constant 0     L2/n_3/bias_reg[27]
constant 0     L2/n_3/bias_reg[28]
constant 0     L2/n_3/bias_reg[29]
constant 0     L2/n_3/bias_reg[30]
constant 0     L2/n_3/bias_reg[31]
constant 0     L2/n_4/bias_reg[0]
constant 0     L2/n_4/bias_reg[1]
constant 0     L2/n_4/bias_reg[2]
constant 0     L2/n_4/bias_reg[3]
constant 0     L2/n_4/bias_reg[4]
constant 0     L2/n_4/bias_reg[5]
constant 0     L2/n_4/bias_reg[6]
constant 0     L2/n_4/bias_reg[7]
constant 0     L2/n_4/bias_reg[8]
constant 0     L2/n_4/bias_reg[9]
constant 0     L2/n_4/bias_reg[10]
constant 0     L2/n_4/bias_reg[11]
constant 0     L2/n_4/bias_reg[12]
constant 0     L2/n_4/bias_reg[13]
constant 0     L2/n_4/bias_reg[14]
constant 0     L2/n_4/bias_reg[15]
constant 1     L2/n_4/bias_reg[16]
constant 1     L2/n_4/bias_reg[17]
constant 0     L2/n_4/bias_reg[18]
constant 0     L2/n_4/bias_reg[19]
constant 1     L2/n_4/bias_reg[20]
constant 1     L2/n_4/bias_reg[21]
constant 1     L2/n_4/bias_reg[22]
constant 0     L2/n_4/bias_reg[23]
constant 0     L2/n_4/bias_reg[24]
constant 1     L2/n_4/bias_reg[25]
constant 0     L2/n_4/bias_reg[26]
constant 1     L2/n_4/bias_reg[27]
constant 1     L2/n_4/bias_reg[28]
constant 1     L2/n_4/bias_reg[29]
constant 1     L2/n_4/bias_reg[30]
constant 1     L2/n_4/bias_reg[31]
constant 0     L2/n_5/bias_reg[0]
constant 0     L2/n_5/bias_reg[1]
constant 0     L2/n_5/bias_reg[2]
constant 0     L2/n_5/bias_reg[3]
constant 0     L2/n_5/bias_reg[4]
constant 0     L2/n_5/bias_reg[5]
constant 0     L2/n_5/bias_reg[6]
constant 0     L2/n_5/bias_reg[7]
constant 0     L2/n_5/bias_reg[8]
constant 0     L2/n_5/bias_reg[9]
constant 0     L2/n_5/bias_reg[10]
constant 0     L2/n_5/bias_reg[11]
constant 0     L2/n_5/bias_reg[12]
constant 0     L2/n_5/bias_reg[13]
constant 0     L2/n_5/bias_reg[14]
constant 0     L2/n_5/bias_reg[15]
constant 1     L2/n_5/bias_reg[16]
constant 1     L2/n_5/bias_reg[17]
constant 1     L2/n_5/bias_reg[18]
constant 1     L2/n_5/bias_reg[19]
constant 1     L2/n_5/bias_reg[20]
constant 0     L2/n_5/bias_reg[21]
constant 0     L2/n_5/bias_reg[22]
constant 0     L2/n_5/bias_reg[23]
constant 1     L2/n_5/bias_reg[24]
constant 0     L2/n_5/bias_reg[25]
constant 1     L2/n_5/bias_reg[26]
constant 1     L2/n_5/bias_reg[27]
constant 1     L2/n_5/bias_reg[28]
constant 1     L2/n_5/bias_reg[29]
constant 1     L2/n_5/bias_reg[30]
constant 1     L2/n_5/bias_reg[31]
constant 0     L2/n_6/bias_reg[0]
constant 0     L2/n_6/bias_reg[1]
constant 0     L2/n_6/bias_reg[2]
constant 0     L2/n_6/bias_reg[3]
constant 0     L2/n_6/bias_reg[4]
constant 0     L2/n_6/bias_reg[5]
constant 0     L2/n_6/bias_reg[6]
constant 0     L2/n_6/bias_reg[7]
constant 0     L2/n_6/bias_reg[8]
constant 0     L2/n_6/bias_reg[9]
constant 0     L2/n_6/bias_reg[10]
constant 0     L2/n_6/bias_reg[11]
constant 0     L2/n_6/bias_reg[12]
constant 0     L2/n_6/bias_reg[13]
constant 0     L2/n_6/bias_reg[14]
constant 0     L2/n_6/bias_reg[15]
constant 0     L2/n_6/bias_reg[16]
constant 1     L2/n_6/bias_reg[17]
constant 1     L2/n_6/bias_reg[18]
constant 0     L2/n_6/bias_reg[19]
constant 0     L2/n_6/bias_reg[20]
constant 1     L2/n_6/bias_reg[21]
constant 1     L2/n_6/bias_reg[22]
constant 0     L2/n_6/bias_reg[23]
constant 0     L2/n_6/bias_reg[24]
constant 1     L2/n_6/bias_reg[25]
constant 1     L2/n_6/bias_reg[26]
constant 1     L2/n_6/bias_reg[27]
constant 1     L2/n_6/bias_reg[28]
constant 1     L2/n_6/bias_reg[29]
constant 1     L2/n_6/bias_reg[30]
constant 1     L2/n_6/bias_reg[31]
constant 0     L2/n_7/bias_reg[0]
constant 0     L2/n_7/bias_reg[1]
constant 0     L2/n_7/bias_reg[2]
constant 0     L2/n_7/bias_reg[3]
constant 0     L2/n_7/bias_reg[4]
constant 0     L2/n_7/bias_reg[5]
constant 0     L2/n_7/bias_reg[6]
constant 0     L2/n_7/bias_reg[7]
constant 0     L2/n_7/bias_reg[8]
constant 0     L2/n_7/bias_reg[9]
constant 0     L2/n_7/bias_reg[10]
constant 0     L2/n_7/bias_reg[11]
constant 0     L2/n_7/bias_reg[12]
constant 0     L2/n_7/bias_reg[13]
constant 0     L2/n_7/bias_reg[14]
constant 0     L2/n_7/bias_reg[15]
constant 0     L2/n_7/bias_reg[16]
constant 0     L2/n_7/bias_reg[17]
constant 1     L2/n_7/bias_reg[18]
constant 1     L2/n_7/bias_reg[19]
constant 1     L2/n_7/bias_reg[20]
constant 0     L2/n_7/bias_reg[21]
constant 0     L2/n_7/bias_reg[22]
constant 0     L2/n_7/bias_reg[23]
constant 1     L2/n_7/bias_reg[24]
constant 0     L2/n_7/bias_reg[25]
constant 1     L2/n_7/bias_reg[26]
constant 0     L2/n_7/bias_reg[27]
constant 1     L2/n_7/bias_reg[28]
constant 1     L2/n_7/bias_reg[29]
constant 1     L2/n_7/bias_reg[30]
constant 1     L2/n_7/bias_reg[31]
constant 0     L2/n_8/bias_reg[0]
constant 0     L2/n_8/bias_reg[1]
constant 0     L2/n_8/bias_reg[2]
constant 0     L2/n_8/bias_reg[3]
constant 0     L2/n_8/bias_reg[4]
constant 0     L2/n_8/bias_reg[5]
constant 0     L2/n_8/bias_reg[6]
constant 0     L2/n_8/bias_reg[7]
constant 0     L2/n_8/bias_reg[8]
constant 0     L2/n_8/bias_reg[9]
constant 0     L2/n_8/bias_reg[10]
constant 0     L2/n_8/bias_reg[11]
constant 0     L2/n_8/bias_reg[12]
constant 0     L2/n_8/bias_reg[13]
constant 0     L2/n_8/bias_reg[14]
constant 0     L2/n_8/bias_reg[15]
constant 1     L2/n_8/bias_reg[16]
constant 1     L2/n_8/bias_reg[17]
constant 0     L2/n_8/bias_reg[18]
constant 1     L2/n_8/bias_reg[19]
constant 1     L2/n_8/bias_reg[20]
constant 0     L2/n_8/bias_reg[21]
constant 0     L2/n_8/bias_reg[22]
constant 1     L2/n_8/bias_reg[23]
constant 1     L2/n_8/bias_reg[24]
constant 1     L2/n_8/bias_reg[25]
constant 1     L2/n_8/bias_reg[26]
constant 1     L2/n_8/bias_reg[27]
constant 1     L2/n_8/bias_reg[28]
constant 1     L2/n_8/bias_reg[29]
constant 1     L2/n_8/bias_reg[30]
constant 1     L2/n_8/bias_reg[31]
constant 0     L2/n_9/bias_reg[0]
constant 0     L2/n_9/bias_reg[1]
constant 0     L2/n_9/bias_reg[2]
constant 0     L2/n_9/bias_reg[3]
constant 0     L2/n_9/bias_reg[4]
constant 0     L2/n_9/bias_reg[5]
constant 0     L2/n_9/bias_reg[6]
constant 0     L2/n_9/bias_reg[7]
constant 0     L2/n_9/bias_reg[8]
constant 0     L2/n_9/bias_reg[9]
constant 0     L2/n_9/bias_reg[10]
constant 0     L2/n_9/bias_reg[11]
constant 0     L2/n_9/bias_reg[12]
constant 0     L2/n_9/bias_reg[13]
constant 0     L2/n_9/bias_reg[14]
constant 0     L2/n_9/bias_reg[15]
constant 0     L2/n_9/bias_reg[16]
constant 1     L2/n_9/bias_reg[17]
constant 0     L2/n_9/bias_reg[18]
constant 0     L2/n_9/bias_reg[19]
constant 0     L2/n_9/bias_reg[20]
constant 0     L2/n_9/bias_reg[21]
constant 1     L2/n_9/bias_reg[22]
constant 0     L2/n_9/bias_reg[23]
constant 1     L2/n_9/bias_reg[24]
constant 1     L2/n_9/bias_reg[25]
constant 0     L2/n_9/bias_reg[26]
constant 0     L2/n_9/bias_reg[27]
constant 0     L2/n_9/bias_reg[28]
constant 0     L2/n_9/bias_reg[29]
constant 0     L2/n_9/bias_reg[30]
constant 0     L2/n_9/bias_reg[31]
constant 0     L2/n_10/bias_reg[0]
constant 0     L2/n_10/bias_reg[1]
constant 0     L2/n_10/bias_reg[2]
constant 0     L2/n_10/bias_reg[3]
constant 0     L2/n_10/bias_reg[4]
constant 0     L2/n_10/bias_reg[5]
constant 0     L2/n_10/bias_reg[6]
constant 0     L2/n_10/bias_reg[7]
constant 0     L2/n_10/bias_reg[8]
constant 0     L2/n_10/bias_reg[9]
constant 0     L2/n_10/bias_reg[10]
constant 0     L2/n_10/bias_reg[11]
constant 0     L2/n_10/bias_reg[12]
constant 0     L2/n_10/bias_reg[13]
constant 0     L2/n_10/bias_reg[14]
constant 0     L2/n_10/bias_reg[15]
constant 0     L2/n_10/bias_reg[16]
constant 0     L2/n_10/bias_reg[17]
constant 1     L2/n_10/bias_reg[18]
constant 0     L2/n_10/bias_reg[19]
constant 1     L2/n_10/bias_reg[20]
constant 1     L2/n_10/bias_reg[21]
constant 1     L2/n_10/bias_reg[22]
constant 1     L2/n_10/bias_reg[23]
constant 1     L2/n_10/bias_reg[24]
constant 0     L2/n_10/bias_reg[25]
constant 1     L2/n_10/bias_reg[26]
constant 1     L2/n_10/bias_reg[27]
constant 1     L2/n_10/bias_reg[28]
constant 1     L2/n_10/bias_reg[29]
constant 1     L2/n_10/bias_reg[30]
constant 1     L2/n_10/bias_reg[31]
constant 0     L2/n_11/bias_reg[0]
constant 0     L2/n_11/bias_reg[1]
constant 0     L2/n_11/bias_reg[2]
constant 0     L2/n_11/bias_reg[3]
constant 0     L2/n_11/bias_reg[4]
constant 0     L2/n_11/bias_reg[5]
constant 0     L2/n_11/bias_reg[6]
constant 0     L2/n_11/bias_reg[7]
constant 0     L2/n_11/bias_reg[8]
constant 0     L2/n_11/bias_reg[9]
constant 0     L2/n_11/bias_reg[10]
constant 0     L2/n_11/bias_reg[11]
constant 0     L2/n_11/bias_reg[12]
constant 0     L2/n_11/bias_reg[13]
constant 0     L2/n_11/bias_reg[14]
constant 0     L2/n_11/bias_reg[15]
constant 0     L2/n_11/bias_reg[16]
constant 0     L2/n_11/bias_reg[17]
constant 0     L2/n_11/bias_reg[18]
constant 1     L2/n_11/bias_reg[19]
constant 0     L2/n_11/bias_reg[20]
constant 0     L2/n_11/bias_reg[21]
constant 0     L2/n_11/bias_reg[22]
constant 0     L2/n_11/bias_reg[23]
constant 1     L2/n_11/bias_reg[24]
constant 0     L2/n_11/bias_reg[25]
constant 0     L2/n_11/bias_reg[26]
constant 1     L2/n_11/bias_reg[27]
constant 1     L2/n_11/bias_reg[28]
constant 1     L2/n_11/bias_reg[29]
constant 1     L2/n_11/bias_reg[30]
constant 1     L2/n_11/bias_reg[31]
constant 0     L2/n_12/bias_reg[0]
constant 0     L2/n_12/bias_reg[1]
constant 0     L2/n_12/bias_reg[2]
constant 0     L2/n_12/bias_reg[3]
constant 0     L2/n_12/bias_reg[4]
constant 0     L2/n_12/bias_reg[5]
constant 0     L2/n_12/bias_reg[6]
constant 0     L2/n_12/bias_reg[7]
constant 0     L2/n_12/bias_reg[8]
constant 0     L2/n_12/bias_reg[9]
constant 0     L2/n_12/bias_reg[10]
constant 0     L2/n_12/bias_reg[11]
constant 0     L2/n_12/bias_reg[12]
constant 0     L2/n_12/bias_reg[13]
constant 0     L2/n_12/bias_reg[14]
constant 0     L2/n_12/bias_reg[15]
constant 0     L2/n_12/bias_reg[16]
constant 1     L2/n_12/bias_reg[17]
constant 1     L2/n_12/bias_reg[18]
constant 1     L2/n_12/bias_reg[19]
constant 1     L2/n_12/bias_reg[20]
constant 1     L2/n_12/bias_reg[21]
constant 1     L2/n_12/bias_reg[22]
constant 1     L2/n_12/bias_reg[23]
constant 0     L2/n_12/bias_reg[24]
constant 1     L2/n_12/bias_reg[25]
constant 0     L2/n_12/bias_reg[26]
constant 1     L2/n_12/bias_reg[27]
constant 0     L2/n_12/bias_reg[28]
constant 0     L2/n_12/bias_reg[29]
constant 0     L2/n_12/bias_reg[30]
constant 0     L2/n_12/bias_reg[31]
constant 0     L2/n_13/bias_reg[0]
constant 0     L2/n_13/bias_reg[1]
constant 0     L2/n_13/bias_reg[2]
constant 0     L2/n_13/bias_reg[3]
constant 0     L2/n_13/bias_reg[4]
constant 0     L2/n_13/bias_reg[5]
constant 0     L2/n_13/bias_reg[6]
constant 0     L2/n_13/bias_reg[7]
constant 0     L2/n_13/bias_reg[8]
constant 0     L2/n_13/bias_reg[9]
constant 0     L2/n_13/bias_reg[10]
constant 0     L2/n_13/bias_reg[11]
constant 0     L2/n_13/bias_reg[12]
constant 0     L2/n_13/bias_reg[13]
constant 0     L2/n_13/bias_reg[14]
constant 0     L2/n_13/bias_reg[15]
constant 0     L2/n_13/bias_reg[16]
constant 0     L2/n_13/bias_reg[17]
constant 1     L2/n_13/bias_reg[18]
constant 1     L2/n_13/bias_reg[19]
constant 1     L2/n_13/bias_reg[20]
constant 0     L2/n_13/bias_reg[21]
constant 1     L2/n_13/bias_reg[22]
constant 0     L2/n_13/bias_reg[23]
constant 1     L2/n_13/bias_reg[24]
constant 0     L2/n_13/bias_reg[25]
constant 1     L2/n_13/bias_reg[26]
constant 1     L2/n_13/bias_reg[27]
constant 1     L2/n_13/bias_reg[28]
constant 1     L2/n_13/bias_reg[29]
constant 1     L2/n_13/bias_reg[30]
constant 1     L2/n_13/bias_reg[31]
constant 0     L2/n_14/bias_reg[0]
constant 0     L2/n_14/bias_reg[1]
constant 0     L2/n_14/bias_reg[2]
constant 0     L2/n_14/bias_reg[3]
constant 0     L2/n_14/bias_reg[4]
constant 0     L2/n_14/bias_reg[5]
constant 0     L2/n_14/bias_reg[6]
constant 0     L2/n_14/bias_reg[7]
constant 0     L2/n_14/bias_reg[8]
constant 0     L2/n_14/bias_reg[9]
constant 0     L2/n_14/bias_reg[10]
constant 0     L2/n_14/bias_reg[11]
constant 0     L2/n_14/bias_reg[12]
constant 0     L2/n_14/bias_reg[13]
constant 0     L2/n_14/bias_reg[14]
constant 0     L2/n_14/bias_reg[15]
constant 0     L2/n_14/bias_reg[16]
constant 1     L2/n_14/bias_reg[17]
constant 1     L2/n_14/bias_reg[18]
constant 1     L2/n_14/bias_reg[19]
constant 1     L2/n_14/bias_reg[20]
constant 1     L2/n_14/bias_reg[21]
constant 1     L2/n_14/bias_reg[22]
constant 0     L2/n_14/bias_reg[23]
constant 1     L2/n_14/bias_reg[24]
constant 0     L2/n_14/bias_reg[25]
constant 0     L2/n_14/bias_reg[26]
constant 0     L2/n_14/bias_reg[27]
constant 0     L2/n_14/bias_reg[28]
constant 0     L2/n_14/bias_reg[29]
constant 0     L2/n_14/bias_reg[30]
constant 0     L2/n_14/bias_reg[31]
constant 0     L2/n_15/bias_reg[0]
constant 0     L2/n_15/bias_reg[1]
constant 0     L2/n_15/bias_reg[2]
constant 0     L2/n_15/bias_reg[3]
constant 0     L2/n_15/bias_reg[4]
constant 0     L2/n_15/bias_reg[5]
constant 0     L2/n_15/bias_reg[6]
constant 0     L2/n_15/bias_reg[7]
constant 0     L2/n_15/bias_reg[8]
constant 0     L2/n_15/bias_reg[9]
constant 0     L2/n_15/bias_reg[10]
constant 0     L2/n_15/bias_reg[11]
constant 0     L2/n_15/bias_reg[12]
constant 0     L2/n_15/bias_reg[13]
constant 0     L2/n_15/bias_reg[14]
constant 0     L2/n_15/bias_reg[15]
constant 1     L2/n_15/bias_reg[16]
constant 0     L2/n_15/bias_reg[17]
constant 1     L2/n_15/bias_reg[18]
constant 1     L2/n_15/bias_reg[19]
constant 0     L2/n_15/bias_reg[20]
constant 0     L2/n_15/bias_reg[21]
constant 1     L2/n_15/bias_reg[22]
constant 0     L2/n_15/bias_reg[23]
constant 0     L2/n_15/bias_reg[24]
constant 1     L2/n_15/bias_reg[25]
constant 0     L2/n_15/bias_reg[26]
constant 0     L2/n_15/bias_reg[27]
constant 1     L2/n_15/bias_reg[28]
constant 0     L2/n_15/bias_reg[29]
constant 0     L2/n_15/bias_reg[30]
constant 0     L2/n_15/bias_reg[31]
constant 0     L2/n_16/bias_reg[0]
constant 0     L2/n_16/bias_reg[1]
constant 0     L2/n_16/bias_reg[2]
constant 0     L2/n_16/bias_reg[3]
constant 0     L2/n_16/bias_reg[4]
constant 0     L2/n_16/bias_reg[5]
constant 0     L2/n_16/bias_reg[6]
constant 0     L2/n_16/bias_reg[7]
constant 0     L2/n_16/bias_reg[8]
constant 0     L2/n_16/bias_reg[9]
constant 0     L2/n_16/bias_reg[10]
constant 0     L2/n_16/bias_reg[11]
constant 0     L2/n_16/bias_reg[12]
constant 0     L2/n_16/bias_reg[13]
constant 0     L2/n_16/bias_reg[14]
constant 0     L2/n_16/bias_reg[15]
constant 0     L2/n_16/bias_reg[16]
constant 0     L2/n_16/bias_reg[17]
constant 0     L2/n_16/bias_reg[18]
constant 0     L2/n_16/bias_reg[19]
constant 0     L2/n_16/bias_reg[20]
constant 0     L2/n_16/bias_reg[21]
constant 1     L2/n_16/bias_reg[22]
constant 1     L2/n_16/bias_reg[23]
constant 1     L2/n_16/bias_reg[24]
constant 1     L2/n_16/bias_reg[25]
constant 1     L2/n_16/bias_reg[26]
constant 1     L2/n_16/bias_reg[27]
constant 1     L2/n_16/bias_reg[28]
constant 1     L2/n_16/bias_reg[29]
constant 1     L2/n_16/bias_reg[30]
constant 1     L2/n_16/bias_reg[31]
constant 0     L2/n_17/bias_reg[0]
constant 0     L2/n_17/bias_reg[1]
constant 0     L2/n_17/bias_reg[2]
constant 0     L2/n_17/bias_reg[3]
constant 0     L2/n_17/bias_reg[4]
constant 0     L2/n_17/bias_reg[5]
constant 0     L2/n_17/bias_reg[6]
constant 0     L2/n_17/bias_reg[7]
constant 0     L2/n_17/bias_reg[8]
constant 0     L2/n_17/bias_reg[9]
constant 0     L2/n_17/bias_reg[10]
constant 0     L2/n_17/bias_reg[11]
constant 0     L2/n_17/bias_reg[12]
constant 0     L2/n_17/bias_reg[13]
constant 0     L2/n_17/bias_reg[14]
constant 0     L2/n_17/bias_reg[15]
constant 0     L2/n_17/bias_reg[16]
constant 1     L2/n_17/bias_reg[17]
constant 1     L2/n_17/bias_reg[18]
constant 1     L2/n_17/bias_reg[19]
constant 0     L2/n_17/bias_reg[20]
constant 0     L2/n_17/bias_reg[21]
constant 0     L2/n_17/bias_reg[22]
constant 1     L2/n_17/bias_reg[23]
constant 1     L2/n_17/bias_reg[24]
constant 0     L2/n_17/bias_reg[25]
constant 1     L2/n_17/bias_reg[26]
constant 1     L2/n_17/bias_reg[27]
constant 1     L2/n_17/bias_reg[28]
constant 1     L2/n_17/bias_reg[29]
constant 1     L2/n_17/bias_reg[30]
constant 1     L2/n_17/bias_reg[31]
constant 0     L2/n_18/bias_reg[0]
constant 0     L2/n_18/bias_reg[1]
constant 0     L2/n_18/bias_reg[2]
constant 0     L2/n_18/bias_reg[3]
constant 0     L2/n_18/bias_reg[4]
constant 0     L2/n_18/bias_reg[5]
constant 0     L2/n_18/bias_reg[6]
constant 0     L2/n_18/bias_reg[7]
constant 0     L2/n_18/bias_reg[8]
constant 0     L2/n_18/bias_reg[9]
constant 0     L2/n_18/bias_reg[10]
constant 0     L2/n_18/bias_reg[11]
constant 0     L2/n_18/bias_reg[12]
constant 0     L2/n_18/bias_reg[13]
constant 0     L2/n_18/bias_reg[14]
constant 0     L2/n_18/bias_reg[15]
constant 1     L2/n_18/bias_reg[16]
constant 0     L2/n_18/bias_reg[17]
constant 0     L2/n_18/bias_reg[18]
constant 1     L2/n_18/bias_reg[19]
constant 0     L2/n_18/bias_reg[20]
constant 1     L2/n_18/bias_reg[21]
constant 1     L2/n_18/bias_reg[22]
constant 0     L2/n_18/bias_reg[23]
constant 1     L2/n_18/bias_reg[24]
constant 1     L2/n_18/bias_reg[25]
constant 1     L2/n_18/bias_reg[26]
constant 0     L2/n_18/bias_reg[27]
constant 1     L2/n_18/bias_reg[28]
constant 1     L2/n_18/bias_reg[29]
constant 1     L2/n_18/bias_reg[30]
constant 1     L2/n_18/bias_reg[31]
constant 0     L2/n_19/bias_reg[0]
constant 0     L2/n_19/bias_reg[1]
constant 0     L2/n_19/bias_reg[2]
constant 0     L2/n_19/bias_reg[3]
constant 0     L2/n_19/bias_reg[4]
constant 0     L2/n_19/bias_reg[5]
constant 0     L2/n_19/bias_reg[6]
constant 0     L2/n_19/bias_reg[7]
constant 0     L2/n_19/bias_reg[8]
constant 0     L2/n_19/bias_reg[9]
constant 0     L2/n_19/bias_reg[10]
constant 0     L2/n_19/bias_reg[11]
constant 0     L2/n_19/bias_reg[12]
constant 0     L2/n_19/bias_reg[13]
constant 0     L2/n_19/bias_reg[14]
constant 0     L2/n_19/bias_reg[15]
constant 1     L2/n_19/bias_reg[16]
constant 0     L2/n_19/bias_reg[17]
constant 1     L2/n_19/bias_reg[18]
constant 0     L2/n_19/bias_reg[19]
constant 1     L2/n_19/bias_reg[20]
constant 1     L2/n_19/bias_reg[21]
constant 0     L2/n_19/bias_reg[22]
constant 1     L2/n_19/bias_reg[23]
constant 0     L2/n_19/bias_reg[24]
constant 0     L2/n_19/bias_reg[25]
constant 0     L2/n_19/bias_reg[26]
constant 1     L2/n_19/bias_reg[27]
constant 1     L2/n_19/bias_reg[28]
constant 1     L2/n_19/bias_reg[29]
constant 1     L2/n_19/bias_reg[30]
constant 1     L2/n_19/bias_reg[31]
constant 0     L2/n_20/bias_reg[0]
constant 0     L2/n_20/bias_reg[1]
constant 0     L2/n_20/bias_reg[2]
constant 0     L2/n_20/bias_reg[3]
constant 0     L2/n_20/bias_reg[4]
constant 0     L2/n_20/bias_reg[5]
constant 0     L2/n_20/bias_reg[6]
constant 0     L2/n_20/bias_reg[7]
constant 0     L2/n_20/bias_reg[8]
constant 0     L2/n_20/bias_reg[9]
constant 0     L2/n_20/bias_reg[10]
constant 0     L2/n_20/bias_reg[11]
constant 0     L2/n_20/bias_reg[12]
constant 0     L2/n_20/bias_reg[13]
constant 0     L2/n_20/bias_reg[14]
constant 0     L2/n_20/bias_reg[15]
constant 1     L2/n_20/bias_reg[16]
constant 0     L2/n_20/bias_reg[17]
constant 1     L2/n_20/bias_reg[18]
constant 1     L2/n_20/bias_reg[19]
constant 1     L2/n_20/bias_reg[20]
constant 0     L2/n_20/bias_reg[21]
constant 0     L2/n_20/bias_reg[22]
constant 1     L2/n_20/bias_reg[23]
constant 0     L2/n_20/bias_reg[24]
constant 0     L2/n_20/bias_reg[25]
constant 0     L2/n_20/bias_reg[26]
constant 1     L2/n_20/bias_reg[27]
constant 1     L2/n_20/bias_reg[28]
constant 1     L2/n_20/bias_reg[29]
constant 1     L2/n_20/bias_reg[30]
constant 1     L2/n_20/bias_reg[31]
constant 0     L2/n_21/bias_reg[0]
constant 0     L2/n_21/bias_reg[1]
constant 0     L2/n_21/bias_reg[2]
constant 0     L2/n_21/bias_reg[3]
constant 0     L2/n_21/bias_reg[4]
constant 0     L2/n_21/bias_reg[5]
constant 0     L2/n_21/bias_reg[6]
constant 0     L2/n_21/bias_reg[7]
constant 0     L2/n_21/bias_reg[8]
constant 0     L2/n_21/bias_reg[9]
constant 0     L2/n_21/bias_reg[10]
constant 0     L2/n_21/bias_reg[11]
constant 0     L2/n_21/bias_reg[12]
constant 0     L2/n_21/bias_reg[13]
constant 0     L2/n_21/bias_reg[14]
constant 0     L2/n_21/bias_reg[15]
constant 0     L2/n_21/bias_reg[16]
constant 1     L2/n_21/bias_reg[17]
constant 0     L2/n_21/bias_reg[18]
constant 0     L2/n_21/bias_reg[19]
constant 1     L2/n_21/bias_reg[20]
constant 0     L2/n_21/bias_reg[21]
constant 0     L2/n_21/bias_reg[22]
constant 0     L2/n_21/bias_reg[23]
constant 1     L2/n_21/bias_reg[24]
constant 0     L2/n_21/bias_reg[25]
constant 1     L2/n_21/bias_reg[26]
constant 0     L2/n_21/bias_reg[27]
constant 1     L2/n_21/bias_reg[28]
constant 1     L2/n_21/bias_reg[29]
constant 1     L2/n_21/bias_reg[30]
constant 1     L2/n_21/bias_reg[31]
constant 0     L2/n_22/bias_reg[0]
constant 0     L2/n_22/bias_reg[1]
constant 0     L2/n_22/bias_reg[2]
constant 0     L2/n_22/bias_reg[3]
constant 0     L2/n_22/bias_reg[4]
constant 0     L2/n_22/bias_reg[5]
constant 0     L2/n_22/bias_reg[6]
constant 0     L2/n_22/bias_reg[7]
constant 0     L2/n_22/bias_reg[8]
constant 0     L2/n_22/bias_reg[9]
constant 0     L2/n_22/bias_reg[10]
constant 0     L2/n_22/bias_reg[11]
constant 0     L2/n_22/bias_reg[12]
constant 0     L2/n_22/bias_reg[13]
constant 0     L2/n_22/bias_reg[14]
constant 0     L2/n_22/bias_reg[15]
constant 0     L2/n_22/bias_reg[16]
constant 1     L2/n_22/bias_reg[17]
constant 0     L2/n_22/bias_reg[18]
constant 1     L2/n_22/bias_reg[19]
constant 1     L2/n_22/bias_reg[20]
constant 0     L2/n_22/bias_reg[21]
constant 1     L2/n_22/bias_reg[22]
constant 1     L2/n_22/bias_reg[23]
constant 1     L2/n_22/bias_reg[24]
constant 0     L2/n_22/bias_reg[25]
constant 1     L2/n_22/bias_reg[26]
constant 0     L2/n_22/bias_reg[27]
constant 0     L2/n_22/bias_reg[28]
constant 0     L2/n_22/bias_reg[29]
constant 0     L2/n_22/bias_reg[30]
constant 0     L2/n_22/bias_reg[31]
constant 0     L2/n_23/bias_reg[0]
constant 0     L2/n_23/bias_reg[1]
constant 0     L2/n_23/bias_reg[2]
constant 0     L2/n_23/bias_reg[3]
constant 0     L2/n_23/bias_reg[4]
constant 0     L2/n_23/bias_reg[5]
constant 0     L2/n_23/bias_reg[6]
constant 0     L2/n_23/bias_reg[7]
constant 0     L2/n_23/bias_reg[8]
constant 0     L2/n_23/bias_reg[9]
constant 0     L2/n_23/bias_reg[10]
constant 0     L2/n_23/bias_reg[11]
constant 0     L2/n_23/bias_reg[12]
constant 0     L2/n_23/bias_reg[13]
constant 0     L2/n_23/bias_reg[14]
constant 0     L2/n_23/bias_reg[15]
constant 0     L2/n_23/bias_reg[16]
constant 1     L2/n_23/bias_reg[17]
constant 1     L2/n_23/bias_reg[18]
constant 1     L2/n_23/bias_reg[19]
constant 0     L2/n_23/bias_reg[20]
constant 0     L2/n_23/bias_reg[21]
constant 1     L2/n_23/bias_reg[22]
constant 0     L2/n_23/bias_reg[23]
constant 1     L2/n_23/bias_reg[24]
constant 0     L2/n_23/bias_reg[25]
constant 0     L2/n_23/bias_reg[26]
constant 1     L2/n_23/bias_reg[27]
constant 1     L2/n_23/bias_reg[28]
constant 1     L2/n_23/bias_reg[29]
constant 1     L2/n_23/bias_reg[30]
constant 1     L2/n_23/bias_reg[31]
constant 0     L2/n_24/bias_reg[0]
constant 0     L2/n_24/bias_reg[1]
constant 0     L2/n_24/bias_reg[2]
constant 0     L2/n_24/bias_reg[3]
constant 0     L2/n_24/bias_reg[4]
constant 0     L2/n_24/bias_reg[5]
constant 0     L2/n_24/bias_reg[6]
constant 0     L2/n_24/bias_reg[7]
constant 0     L2/n_24/bias_reg[8]
constant 0     L2/n_24/bias_reg[9]
constant 0     L2/n_24/bias_reg[10]
constant 0     L2/n_24/bias_reg[11]
constant 0     L2/n_24/bias_reg[12]
constant 0     L2/n_24/bias_reg[13]
constant 0     L2/n_24/bias_reg[14]
constant 0     L2/n_24/bias_reg[15]
constant 0     L2/n_24/bias_reg[16]
constant 0     L2/n_24/bias_reg[17]
constant 0     L2/n_24/bias_reg[18]
constant 0     L2/n_24/bias_reg[19]
constant 1     L2/n_24/bias_reg[20]
constant 0     L2/n_24/bias_reg[21]
constant 0     L2/n_24/bias_reg[22]
constant 0     L2/n_24/bias_reg[23]
constant 0     L2/n_24/bias_reg[24]
constant 1     L2/n_24/bias_reg[25]
constant 1     L2/n_24/bias_reg[26]
constant 1     L2/n_24/bias_reg[27]
constant 1     L2/n_24/bias_reg[28]
constant 1     L2/n_24/bias_reg[29]
constant 1     L2/n_24/bias_reg[30]
constant 1     L2/n_24/bias_reg[31]
constant 0     L2/n_25/bias_reg[0]
constant 0     L2/n_25/bias_reg[1]
constant 0     L2/n_25/bias_reg[2]
constant 0     L2/n_25/bias_reg[3]
constant 0     L2/n_25/bias_reg[4]
constant 0     L2/n_25/bias_reg[5]
constant 0     L2/n_25/bias_reg[6]
constant 0     L2/n_25/bias_reg[7]
constant 0     L2/n_25/bias_reg[8]
constant 0     L2/n_25/bias_reg[9]
constant 0     L2/n_25/bias_reg[10]
constant 0     L2/n_25/bias_reg[11]
constant 0     L2/n_25/bias_reg[12]
constant 0     L2/n_25/bias_reg[13]
constant 0     L2/n_25/bias_reg[14]
constant 0     L2/n_25/bias_reg[15]
constant 0     L2/n_25/bias_reg[16]
constant 1     L2/n_25/bias_reg[17]
constant 1     L2/n_25/bias_reg[18]
constant 0     L2/n_25/bias_reg[19]
constant 0     L2/n_25/bias_reg[20]
constant 1     L2/n_25/bias_reg[21]
constant 0     L2/n_25/bias_reg[22]
constant 1     L2/n_25/bias_reg[23]
constant 1     L2/n_25/bias_reg[24]
constant 1     L2/n_25/bias_reg[25]
constant 0     L2/n_25/bias_reg[26]
constant 1     L2/n_25/bias_reg[27]
constant 1     L2/n_25/bias_reg[28]
constant 1     L2/n_25/bias_reg[29]
constant 1     L2/n_25/bias_reg[30]
constant 1     L2/n_25/bias_reg[31]
constant 0     L2/n_26/bias_reg[0]
constant 0     L2/n_26/bias_reg[1]
constant 0     L2/n_26/bias_reg[2]
constant 0     L2/n_26/bias_reg[3]
constant 0     L2/n_26/bias_reg[4]
constant 0     L2/n_26/bias_reg[5]
constant 0     L2/n_26/bias_reg[6]
constant 0     L2/n_26/bias_reg[7]
constant 0     L2/n_26/bias_reg[8]
constant 0     L2/n_26/bias_reg[9]
constant 0     L2/n_26/bias_reg[10]
constant 0     L2/n_26/bias_reg[11]
constant 0     L2/n_26/bias_reg[12]
constant 0     L2/n_26/bias_reg[13]
constant 0     L2/n_26/bias_reg[14]
constant 0     L2/n_26/bias_reg[15]
constant 1     L2/n_26/bias_reg[16]
constant 1     L2/n_26/bias_reg[17]
constant 1     L2/n_26/bias_reg[18]
constant 0     L2/n_26/bias_reg[19]
constant 0     L2/n_26/bias_reg[20]
constant 0     L2/n_26/bias_reg[21]
constant 1     L2/n_26/bias_reg[22]
constant 0     L2/n_26/bias_reg[23]
constant 1     L2/n_26/bias_reg[24]
constant 1     L2/n_26/bias_reg[25]
constant 0     L2/n_26/bias_reg[26]
constant 0     L2/n_26/bias_reg[27]
constant 1     L2/n_26/bias_reg[28]
constant 1     L2/n_26/bias_reg[29]
constant 1     L2/n_26/bias_reg[30]
constant 1     L2/n_26/bias_reg[31]
constant 0     L2/n_27/bias_reg[0]
constant 0     L2/n_27/bias_reg[1]
constant 0     L2/n_27/bias_reg[2]
constant 0     L2/n_27/bias_reg[3]
constant 0     L2/n_27/bias_reg[4]
constant 0     L2/n_27/bias_reg[5]
constant 0     L2/n_27/bias_reg[6]
constant 0     L2/n_27/bias_reg[7]
constant 0     L2/n_27/bias_reg[8]
constant 0     L2/n_27/bias_reg[9]
constant 0     L2/n_27/bias_reg[10]
constant 0     L2/n_27/bias_reg[11]
constant 0     L2/n_27/bias_reg[12]
constant 0     L2/n_27/bias_reg[13]
constant 0     L2/n_27/bias_reg[14]
constant 0     L2/n_27/bias_reg[15]
constant 1     L2/n_27/bias_reg[16]
constant 1     L2/n_27/bias_reg[17]
constant 1     L2/n_27/bias_reg[18]
constant 1     L2/n_27/bias_reg[19]
constant 0     L2/n_27/bias_reg[20]
constant 1     L2/n_27/bias_reg[21]
constant 0     L2/n_27/bias_reg[22]
constant 0     L2/n_27/bias_reg[23]
constant 1     L2/n_27/bias_reg[24]
constant 1     L2/n_27/bias_reg[25]
constant 1     L2/n_27/bias_reg[26]
constant 1     L2/n_27/bias_reg[27]
constant 1     L2/n_27/bias_reg[28]
constant 1     L2/n_27/bias_reg[29]
constant 1     L2/n_27/bias_reg[30]
constant 1     L2/n_27/bias_reg[31]
constant 0     L2/n_28/bias_reg[0]
constant 0     L2/n_28/bias_reg[1]
constant 0     L2/n_28/bias_reg[2]
constant 0     L2/n_28/bias_reg[3]
constant 0     L2/n_28/bias_reg[4]
constant 0     L2/n_28/bias_reg[5]
constant 0     L2/n_28/bias_reg[6]
constant 0     L2/n_28/bias_reg[7]
constant 0     L2/n_28/bias_reg[8]
constant 0     L2/n_28/bias_reg[9]
constant 0     L2/n_28/bias_reg[10]
constant 0     L2/n_28/bias_reg[11]
constant 0     L2/n_28/bias_reg[12]
constant 0     L2/n_28/bias_reg[13]
constant 0     L2/n_28/bias_reg[14]
constant 0     L2/n_28/bias_reg[15]
constant 1     L2/n_28/bias_reg[16]
constant 1     L2/n_28/bias_reg[17]
constant 0     L2/n_28/bias_reg[18]
constant 1     L2/n_28/bias_reg[19]
constant 0     L2/n_28/bias_reg[20]
constant 1     L2/n_28/bias_reg[21]
constant 0     L2/n_28/bias_reg[22]
constant 1     L2/n_28/bias_reg[23]
constant 0     L2/n_28/bias_reg[24]
constant 1     L2/n_28/bias_reg[25]
constant 1     L2/n_28/bias_reg[26]
constant 0     L2/n_28/bias_reg[27]
constant 0     L2/n_28/bias_reg[28]
constant 0     L2/n_28/bias_reg[29]
constant 0     L2/n_28/bias_reg[30]
constant 0     L2/n_28/bias_reg[31]
constant 0     L2/n_29/bias_reg[0]
constant 0     L2/n_29/bias_reg[1]
constant 0     L2/n_29/bias_reg[2]
constant 0     L2/n_29/bias_reg[3]
constant 0     L2/n_29/bias_reg[4]
constant 0     L2/n_29/bias_reg[5]
constant 0     L2/n_29/bias_reg[6]
constant 0     L2/n_29/bias_reg[7]
constant 0     L2/n_29/bias_reg[8]
constant 0     L2/n_29/bias_reg[9]
constant 0     L2/n_29/bias_reg[10]
constant 0     L2/n_29/bias_reg[11]
constant 0     L2/n_29/bias_reg[12]
constant 0     L2/n_29/bias_reg[13]
constant 0     L2/n_29/bias_reg[14]
constant 0     L2/n_29/bias_reg[15]
constant 1     L2/n_29/bias_reg[16]
constant 0     L2/n_29/bias_reg[17]
constant 0     L2/n_29/bias_reg[18]
constant 0     L2/n_29/bias_reg[19]
constant 0     L2/n_29/bias_reg[20]
constant 1     L2/n_29/bias_reg[21]
constant 1     L2/n_29/bias_reg[22]
constant 1     L2/n_29/bias_reg[23]
constant 0     L2/n_29/bias_reg[24]
constant 1     L2/n_29/bias_reg[25]
constant 1     L2/n_29/bias_reg[26]
constant 0     L2/n_29/bias_reg[27]
constant 0     L2/n_29/bias_reg[28]
constant 0     L2/n_29/bias_reg[29]
constant 0     L2/n_29/bias_reg[30]
constant 0     L2/n_29/bias_reg[31]
constant 0     L3/n_0/bias_reg[0]
constant 0     L3/n_0/bias_reg[1]
constant 0     L3/n_0/bias_reg[2]
constant 0     L3/n_0/bias_reg[3]
constant 0     L3/n_0/bias_reg[4]
constant 0     L3/n_0/bias_reg[5]
constant 0     L3/n_0/bias_reg[6]
constant 0     L3/n_0/bias_reg[7]
constant 0     L3/n_0/bias_reg[8]
constant 0     L3/n_0/bias_reg[9]
constant 0     L3/n_0/bias_reg[10]
constant 0     L3/n_0/bias_reg[11]
constant 0     L3/n_0/bias_reg[12]
constant 0     L3/n_0/bias_reg[13]
constant 0     L3/n_0/bias_reg[14]
constant 0     L3/n_0/bias_reg[15]
constant 1     L3/n_0/bias_reg[16]
constant 1     L3/n_0/bias_reg[17]
constant 1     L3/n_0/bias_reg[18]
constant 0     L3/n_0/bias_reg[19]
constant 0     L3/n_0/bias_reg[20]
constant 0     L3/n_0/bias_reg[21]
constant 0     L3/n_0/bias_reg[22]
constant 1     L3/n_0/bias_reg[23]
constant 0     L3/n_0/bias_reg[24]
constant 1     L3/n_0/bias_reg[25]
constant 1     L3/n_0/bias_reg[26]
constant 0     L3/n_0/bias_reg[27]
constant 0     L3/n_0/bias_reg[28]
constant 0     L3/n_0/bias_reg[29]
constant 0     L3/n_0/bias_reg[30]
constant 0     L3/n_0/bias_reg[31]
constant 0     L3/n_1/bias_reg[0]
constant 0     L3/n_1/bias_reg[1]
constant 0     L3/n_1/bias_reg[2]
constant 0     L3/n_1/bias_reg[3]
constant 0     L3/n_1/bias_reg[4]
constant 0     L3/n_1/bias_reg[5]
constant 0     L3/n_1/bias_reg[6]
constant 0     L3/n_1/bias_reg[7]
constant 0     L3/n_1/bias_reg[8]
constant 0     L3/n_1/bias_reg[9]
constant 0     L3/n_1/bias_reg[10]
constant 0     L3/n_1/bias_reg[11]
constant 0     L3/n_1/bias_reg[12]
constant 0     L3/n_1/bias_reg[13]
constant 0     L3/n_1/bias_reg[14]
constant 0     L3/n_1/bias_reg[15]
constant 0     L3/n_1/bias_reg[16]
constant 0     L3/n_1/bias_reg[17]
constant 0     L3/n_1/bias_reg[18]
constant 0     L3/n_1/bias_reg[19]
constant 0     L3/n_1/bias_reg[20]
constant 0     L3/n_1/bias_reg[21]
constant 0     L3/n_1/bias_reg[22]
constant 0     L3/n_1/bias_reg[23]
constant 1     L3/n_1/bias_reg[24]
constant 0     L3/n_1/bias_reg[25]
constant 0     L3/n_1/bias_reg[26]
constant 1     L3/n_1/bias_reg[27]
constant 1     L3/n_1/bias_reg[28]
constant 1     L3/n_1/bias_reg[29]
constant 1     L3/n_1/bias_reg[30]
constant 1     L3/n_1/bias_reg[31]
constant 0     L3/n_2/bias_reg[0]
constant 0     L3/n_2/bias_reg[1]
constant 0     L3/n_2/bias_reg[2]
constant 0     L3/n_2/bias_reg[3]
constant 0     L3/n_2/bias_reg[4]
constant 0     L3/n_2/bias_reg[5]
constant 0     L3/n_2/bias_reg[6]
constant 0     L3/n_2/bias_reg[7]
constant 0     L3/n_2/bias_reg[8]
constant 0     L3/n_2/bias_reg[9]
constant 0     L3/n_2/bias_reg[10]
constant 0     L3/n_2/bias_reg[11]
constant 0     L3/n_2/bias_reg[12]
constant 0     L3/n_2/bias_reg[13]
constant 0     L3/n_2/bias_reg[14]
constant 0     L3/n_2/bias_reg[15]
constant 1     L3/n_2/bias_reg[16]
constant 1     L3/n_2/bias_reg[17]
constant 1     L3/n_2/bias_reg[18]
constant 1     L3/n_2/bias_reg[19]
constant 0     L3/n_2/bias_reg[20]
constant 1     L3/n_2/bias_reg[21]
constant 1     L3/n_2/bias_reg[22]
constant 0     L3/n_2/bias_reg[23]
constant 1     L3/n_2/bias_reg[24]
constant 0     L3/n_2/bias_reg[25]
constant 1     L3/n_2/bias_reg[26]
constant 1     L3/n_2/bias_reg[27]
constant 1     L3/n_2/bias_reg[28]
constant 1     L3/n_2/bias_reg[29]
constant 1     L3/n_2/bias_reg[30]
constant 1     L3/n_2/bias_reg[31]
constant 0     L3/n_3/bias_reg[0]
constant 0     L3/n_3/bias_reg[1]
constant 0     L3/n_3/bias_reg[2]
constant 0     L3/n_3/bias_reg[3]
constant 0     L3/n_3/bias_reg[4]
constant 0     L3/n_3/bias_reg[5]
constant 0     L3/n_3/bias_reg[6]
constant 0     L3/n_3/bias_reg[7]
constant 0     L3/n_3/bias_reg[8]
constant 0     L3/n_3/bias_reg[9]
constant 0     L3/n_3/bias_reg[10]
constant 0     L3/n_3/bias_reg[11]
constant 0     L3/n_3/bias_reg[12]
constant 0     L3/n_3/bias_reg[13]
constant 0     L3/n_3/bias_reg[14]
constant 0     L3/n_3/bias_reg[15]
constant 1     L3/n_3/bias_reg[16]
constant 0     L3/n_3/bias_reg[17]
constant 0     L3/n_3/bias_reg[18]
constant 0     L3/n_3/bias_reg[19]
constant 1     L3/n_3/bias_reg[20]
constant 0     L3/n_3/bias_reg[21]
constant 1     L3/n_3/bias_reg[22]
constant 0     L3/n_3/bias_reg[23]
constant 0     L3/n_3/bias_reg[24]
constant 0     L3/n_3/bias_reg[25]
constant 0     L3/n_3/bias_reg[26]
constant 0     L3/n_3/bias_reg[27]
constant 0     L3/n_3/bias_reg[28]
constant 0     L3/n_3/bias_reg[29]
constant 0     L3/n_3/bias_reg[30]
constant 0     L3/n_3/bias_reg[31]
constant 0     L3/n_4/bias_reg[0]
constant 0     L3/n_4/bias_reg[1]
constant 0     L3/n_4/bias_reg[2]
constant 0     L3/n_4/bias_reg[3]
constant 0     L3/n_4/bias_reg[4]
constant 0     L3/n_4/bias_reg[5]
constant 0     L3/n_4/bias_reg[6]
constant 0     L3/n_4/bias_reg[7]
constant 0     L3/n_4/bias_reg[8]
constant 0     L3/n_4/bias_reg[9]
constant 0     L3/n_4/bias_reg[10]
constant 0     L3/n_4/bias_reg[11]
constant 0     L3/n_4/bias_reg[12]
constant 0     L3/n_4/bias_reg[13]
constant 0     L3/n_4/bias_reg[14]
constant 0     L3/n_4/bias_reg[15]
constant 0     L3/n_4/bias_reg[16]
constant 1     L3/n_4/bias_reg[17]
constant 1     L3/n_4/bias_reg[18]
constant 0     L3/n_4/bias_reg[19]
constant 1     L3/n_4/bias_reg[20]
constant 0     L3/n_4/bias_reg[21]
constant 1     L3/n_4/bias_reg[22]
constant 0     L3/n_4/bias_reg[23]
constant 0     L3/n_4/bias_reg[24]
constant 1     L3/n_4/bias_reg[25]
constant 0     L3/n_4/bias_reg[26]
constant 1     L3/n_4/bias_reg[27]
constant 0     L3/n_4/bias_reg[28]
constant 0     L3/n_4/bias_reg[29]
constant 0     L3/n_4/bias_reg[30]
constant 0     L3/n_4/bias_reg[31]
constant 0     L3/n_5/bias_reg[0]
constant 0     L3/n_5/bias_reg[1]
constant 0     L3/n_5/bias_reg[2]
constant 0     L3/n_5/bias_reg[3]
constant 0     L3/n_5/bias_reg[4]
constant 0     L3/n_5/bias_reg[5]
constant 0     L3/n_5/bias_reg[6]
constant 0     L3/n_5/bias_reg[7]
constant 0     L3/n_5/bias_reg[8]
constant 0     L3/n_5/bias_reg[9]
constant 0     L3/n_5/bias_reg[10]
constant 0     L3/n_5/bias_reg[11]
constant 0     L3/n_5/bias_reg[12]
constant 0     L3/n_5/bias_reg[13]
constant 0     L3/n_5/bias_reg[14]
constant 0     L3/n_5/bias_reg[15]
constant 0     L3/n_5/bias_reg[16]
constant 0     L3/n_5/bias_reg[17]
constant 0     L3/n_5/bias_reg[18]
constant 1     L3/n_5/bias_reg[19]
constant 0     L3/n_5/bias_reg[20]
constant 1     L3/n_5/bias_reg[21]
constant 0     L3/n_5/bias_reg[22]
constant 0     L3/n_5/bias_reg[23]
constant 1     L3/n_5/bias_reg[24]
constant 0     L3/n_5/bias_reg[25]
constant 1     L3/n_5/bias_reg[26]
constant 0     L3/n_5/bias_reg[27]
constant 0     L3/n_5/bias_reg[28]
constant 0     L3/n_5/bias_reg[29]
constant 0     L3/n_5/bias_reg[30]
constant 0     L3/n_5/bias_reg[31]
constant 0     L3/n_6/bias_reg[0]
constant 0     L3/n_6/bias_reg[1]
constant 0     L3/n_6/bias_reg[2]
constant 0     L3/n_6/bias_reg[3]
constant 0     L3/n_6/bias_reg[4]
constant 0     L3/n_6/bias_reg[5]
constant 0     L3/n_6/bias_reg[6]
constant 0     L3/n_6/bias_reg[7]
constant 0     L3/n_6/bias_reg[8]
constant 0     L3/n_6/bias_reg[9]
constant 0     L3/n_6/bias_reg[10]
constant 0     L3/n_6/bias_reg[11]
constant 0     L3/n_6/bias_reg[12]
constant 0     L3/n_6/bias_reg[13]
constant 0     L3/n_6/bias_reg[14]
constant 0     L3/n_6/bias_reg[15]
constant 1     L3/n_6/bias_reg[16]
constant 1     L3/n_6/bias_reg[17]
constant 0     L3/n_6/bias_reg[18]
constant 1     L3/n_6/bias_reg[19]
constant 0     L3/n_6/bias_reg[20]
constant 0     L3/n_6/bias_reg[21]
constant 0     L3/n_6/bias_reg[22]
constant 1     L3/n_6/bias_reg[23]
constant 0     L3/n_6/bias_reg[24]
constant 1     L3/n_6/bias_reg[25]
constant 0     L3/n_6/bias_reg[26]
constant 0     L3/n_6/bias_reg[27]
constant 0     L3/n_6/bias_reg[28]
constant 0     L3/n_6/bias_reg[29]
constant 0     L3/n_6/bias_reg[30]
constant 0     L3/n_6/bias_reg[31]
constant 0     L3/n_7/bias_reg[0]
constant 0     L3/n_7/bias_reg[1]
constant 0     L3/n_7/bias_reg[2]
constant 0     L3/n_7/bias_reg[3]
constant 0     L3/n_7/bias_reg[4]
constant 0     L3/n_7/bias_reg[5]
constant 0     L3/n_7/bias_reg[6]
constant 0     L3/n_7/bias_reg[7]
constant 0     L3/n_7/bias_reg[8]
constant 0     L3/n_7/bias_reg[9]
constant 0     L3/n_7/bias_reg[10]
constant 0     L3/n_7/bias_reg[11]
constant 0     L3/n_7/bias_reg[12]
constant 0     L3/n_7/bias_reg[13]
constant 0     L3/n_7/bias_reg[14]
constant 0     L3/n_7/bias_reg[15]
constant 0     L3/n_7/bias_reg[16]
constant 0     L3/n_7/bias_reg[17]
constant 0     L3/n_7/bias_reg[18]
constant 1     L3/n_7/bias_reg[19]
constant 1     L3/n_7/bias_reg[20]
constant 1     L3/n_7/bias_reg[21]
constant 0     L3/n_7/bias_reg[22]
constant 0     L3/n_7/bias_reg[23]
constant 0     L3/n_7/bias_reg[24]
constant 0     L3/n_7/bias_reg[25]
constant 0     L3/n_7/bias_reg[26]
constant 0     L3/n_7/bias_reg[27]
constant 0     L3/n_7/bias_reg[28]
constant 0     L3/n_7/bias_reg[29]
constant 0     L3/n_7/bias_reg[30]
constant 0     L3/n_7/bias_reg[31]
constant 0     L3/n_8/bias_reg[0]
constant 0     L3/n_8/bias_reg[1]
constant 0     L3/n_8/bias_reg[2]
constant 0     L3/n_8/bias_reg[3]
constant 0     L3/n_8/bias_reg[4]
constant 0     L3/n_8/bias_reg[5]
constant 0     L3/n_8/bias_reg[6]
constant 0     L3/n_8/bias_reg[7]
constant 0     L3/n_8/bias_reg[8]
constant 0     L3/n_8/bias_reg[9]
constant 0     L3/n_8/bias_reg[10]
constant 0     L3/n_8/bias_reg[11]
constant 0     L3/n_8/bias_reg[12]
constant 0     L3/n_8/bias_reg[13]
constant 0     L3/n_8/bias_reg[14]
constant 0     L3/n_8/bias_reg[15]
constant 1     L3/n_8/bias_reg[16]
constant 1     L3/n_8/bias_reg[17]
constant 0     L3/n_8/bias_reg[18]
constant 0     L3/n_8/bias_reg[19]
constant 1     L3/n_8/bias_reg[20]
constant 1     L3/n_8/bias_reg[21]
constant 0     L3/n_8/bias_reg[22]
constant 0     L3/n_8/bias_reg[23]
constant 1     L3/n_8/bias_reg[24]
constant 0     L3/n_8/bias_reg[25]
constant 1     L3/n_8/bias_reg[26]
constant 1     L3/n_8/bias_reg[27]
constant 1     L3/n_8/bias_reg[28]
constant 1     L3/n_8/bias_reg[29]
constant 1     L3/n_8/bias_reg[30]
constant 1     L3/n_8/bias_reg[31]
constant 0     L3/n_9/bias_reg[0]
constant 0     L3/n_9/bias_reg[1]
constant 0     L3/n_9/bias_reg[2]
constant 0     L3/n_9/bias_reg[3]
constant 0     L3/n_9/bias_reg[4]
constant 0     L3/n_9/bias_reg[5]
constant 0     L3/n_9/bias_reg[6]
constant 0     L3/n_9/bias_reg[7]
constant 0     L3/n_9/bias_reg[8]
constant 0     L3/n_9/bias_reg[9]
constant 0     L3/n_9/bias_reg[10]
constant 0     L3/n_9/bias_reg[11]
constant 0     L3/n_9/bias_reg[12]
constant 0     L3/n_9/bias_reg[13]
constant 0     L3/n_9/bias_reg[14]
constant 0     L3/n_9/bias_reg[15]
constant 1     L3/n_9/bias_reg[16]
constant 0     L3/n_9/bias_reg[17]
constant 1     L3/n_9/bias_reg[18]
constant 0     L3/n_9/bias_reg[19]
constant 1     L3/n_9/bias_reg[20]
constant 0     L3/n_9/bias_reg[21]
constant 0     L3/n_9/bias_reg[22]
constant 0     L3/n_9/bias_reg[23]
constant 0     L3/n_9/bias_reg[24]
constant 1     L3/n_9/bias_reg[25]
constant 1     L3/n_9/bias_reg[26]
constant 0     L3/n_9/bias_reg[27]
constant 1     L3/n_9/bias_reg[28]
constant 1     L3/n_9/bias_reg[29]
constant 1     L3/n_9/bias_reg[30]
constant 1     L3/n_9/bias_reg[31]
constant 0     L4/n_0/bias_reg[0]
constant 0     L4/n_0/bias_reg[1]
constant 0     L4/n_0/bias_reg[2]
constant 0     L4/n_0/bias_reg[3]
constant 0     L4/n_0/bias_reg[4]
constant 0     L4/n_0/bias_reg[5]
constant 0     L4/n_0/bias_reg[6]
constant 0     L4/n_0/bias_reg[7]
constant 0     L4/n_0/bias_reg[8]
constant 0     L4/n_0/bias_reg[9]
constant 0     L4/n_0/bias_reg[10]
constant 0     L4/n_0/bias_reg[11]
constant 0     L4/n_0/bias_reg[12]
constant 0     L4/n_0/bias_reg[13]
constant 0     L4/n_0/bias_reg[14]
constant 0     L4/n_0/bias_reg[15]
constant 1     L4/n_0/bias_reg[16]
constant 0     L4/n_0/bias_reg[17]
constant 0     L4/n_0/bias_reg[18]
constant 1     L4/n_0/bias_reg[19]
constant 0     L4/n_0/bias_reg[20]
constant 1     L4/n_0/bias_reg[21]
constant 0     L4/n_0/bias_reg[22]
constant 1     L4/n_0/bias_reg[23]
constant 0     L4/n_0/bias_reg[24]
constant 1     L4/n_0/bias_reg[25]
constant 1     L4/n_0/bias_reg[26]
constant 1     L4/n_0/bias_reg[27]
constant 1     L4/n_0/bias_reg[28]
constant 0     L4/n_0/bias_reg[29]
constant 1     L4/n_0/bias_reg[30]
constant 1     L4/n_0/bias_reg[31]
constant 0     L4/n_1/bias_reg[0]
constant 0     L4/n_1/bias_reg[1]
constant 0     L4/n_1/bias_reg[2]
constant 0     L4/n_1/bias_reg[3]
constant 0     L4/n_1/bias_reg[4]
constant 0     L4/n_1/bias_reg[5]
constant 0     L4/n_1/bias_reg[6]
constant 0     L4/n_1/bias_reg[7]
constant 0     L4/n_1/bias_reg[8]
constant 0     L4/n_1/bias_reg[9]
constant 0     L4/n_1/bias_reg[10]
constant 0     L4/n_1/bias_reg[11]
constant 0     L4/n_1/bias_reg[12]
constant 0     L4/n_1/bias_reg[13]
constant 0     L4/n_1/bias_reg[14]
constant 0     L4/n_1/bias_reg[15]
constant 0     L4/n_1/bias_reg[16]
constant 1     L4/n_1/bias_reg[17]
constant 1     L4/n_1/bias_reg[18]
constant 0     L4/n_1/bias_reg[19]
constant 1     L4/n_1/bias_reg[20]
constant 0     L4/n_1/bias_reg[21]
constant 1     L4/n_1/bias_reg[22]
constant 1     L4/n_1/bias_reg[23]
constant 0     L4/n_1/bias_reg[24]
constant 0     L4/n_1/bias_reg[25]
constant 1     L4/n_1/bias_reg[26]
constant 0     L4/n_1/bias_reg[27]
constant 0     L4/n_1/bias_reg[28]
constant 1     L4/n_1/bias_reg[29]
constant 1     L4/n_1/bias_reg[30]
constant 1     L4/n_1/bias_reg[31]
constant 0     L4/n_2/bias_reg[0]
constant 0     L4/n_2/bias_reg[1]
constant 0     L4/n_2/bias_reg[2]
constant 0     L4/n_2/bias_reg[3]
constant 0     L4/n_2/bias_reg[4]
constant 0     L4/n_2/bias_reg[5]
constant 0     L4/n_2/bias_reg[6]
constant 0     L4/n_2/bias_reg[7]
constant 0     L4/n_2/bias_reg[8]
constant 0     L4/n_2/bias_reg[9]
constant 0     L4/n_2/bias_reg[10]
constant 0     L4/n_2/bias_reg[11]
constant 0     L4/n_2/bias_reg[12]
constant 0     L4/n_2/bias_reg[13]
constant 0     L4/n_2/bias_reg[14]
constant 0     L4/n_2/bias_reg[15]
constant 1     L4/n_2/bias_reg[16]
constant 1     L4/n_2/bias_reg[17]
constant 0     L4/n_2/bias_reg[18]
constant 1     L4/n_2/bias_reg[19]
constant 1     L4/n_2/bias_reg[20]
constant 1     L4/n_2/bias_reg[21]
constant 0     L4/n_2/bias_reg[22]
constant 1     L4/n_2/bias_reg[23]
constant 0     L4/n_2/bias_reg[24]
constant 1     L4/n_2/bias_reg[25]
constant 1     L4/n_2/bias_reg[26]
constant 0     L4/n_2/bias_reg[27]
constant 1     L4/n_2/bias_reg[28]
constant 1     L4/n_2/bias_reg[29]
constant 1     L4/n_2/bias_reg[30]
constant 1     L4/n_2/bias_reg[31]
constant 0     L4/n_3/bias_reg[0]
constant 0     L4/n_3/bias_reg[1]
constant 0     L4/n_3/bias_reg[2]
constant 0     L4/n_3/bias_reg[3]
constant 0     L4/n_3/bias_reg[4]
constant 0     L4/n_3/bias_reg[5]
constant 0     L4/n_3/bias_reg[6]
constant 0     L4/n_3/bias_reg[7]
constant 0     L4/n_3/bias_reg[8]
constant 0     L4/n_3/bias_reg[9]
constant 0     L4/n_3/bias_reg[10]
constant 0     L4/n_3/bias_reg[11]
constant 0     L4/n_3/bias_reg[12]
constant 0     L4/n_3/bias_reg[13]
constant 0     L4/n_3/bias_reg[14]
constant 0     L4/n_3/bias_reg[15]
constant 1     L4/n_3/bias_reg[16]
constant 0     L4/n_3/bias_reg[17]
constant 0     L4/n_3/bias_reg[18]
constant 0     L4/n_3/bias_reg[19]
constant 1     L4/n_3/bias_reg[20]
constant 0     L4/n_3/bias_reg[21]
constant 1     L4/n_3/bias_reg[22]
constant 1     L4/n_3/bias_reg[23]
constant 0     L4/n_3/bias_reg[24]
constant 0     L4/n_3/bias_reg[25]
constant 0     L4/n_3/bias_reg[26]
constant 0     L4/n_3/bias_reg[27]
constant 0     L4/n_3/bias_reg[28]
constant 1     L4/n_3/bias_reg[29]
constant 1     L4/n_3/bias_reg[30]
constant 1     L4/n_3/bias_reg[31]
constant 0     L4/n_4/bias_reg[0]
constant 0     L4/n_4/bias_reg[1]
constant 0     L4/n_4/bias_reg[2]
constant 0     L4/n_4/bias_reg[3]
constant 0     L4/n_4/bias_reg[4]
constant 0     L4/n_4/bias_reg[5]
constant 0     L4/n_4/bias_reg[6]
constant 0     L4/n_4/bias_reg[7]
constant 0     L4/n_4/bias_reg[8]
constant 0     L4/n_4/bias_reg[9]
constant 0     L4/n_4/bias_reg[10]
constant 0     L4/n_4/bias_reg[11]
constant 0     L4/n_4/bias_reg[12]
constant 0     L4/n_4/bias_reg[13]
constant 0     L4/n_4/bias_reg[14]
constant 0     L4/n_4/bias_reg[15]
constant 1     L4/n_4/bias_reg[16]
constant 1     L4/n_4/bias_reg[17]
constant 1     L4/n_4/bias_reg[18]
constant 0     L4/n_4/bias_reg[19]
constant 1     L4/n_4/bias_reg[20]
constant 0     L4/n_4/bias_reg[21]
constant 0     L4/n_4/bias_reg[22]
constant 0     L4/n_4/bias_reg[23]
constant 1     L4/n_4/bias_reg[24]
constant 1     L4/n_4/bias_reg[25]
constant 1     L4/n_4/bias_reg[26]
constant 0     L4/n_4/bias_reg[27]
constant 1     L4/n_4/bias_reg[28]
constant 0     L4/n_4/bias_reg[29]
constant 1     L4/n_4/bias_reg[30]
constant 1     L4/n_4/bias_reg[31]
constant 0     L4/n_5/bias_reg[0]
constant 0     L4/n_5/bias_reg[1]
constant 0     L4/n_5/bias_reg[2]
constant 0     L4/n_5/bias_reg[3]
constant 0     L4/n_5/bias_reg[4]
constant 0     L4/n_5/bias_reg[5]
constant 0     L4/n_5/bias_reg[6]
constant 0     L4/n_5/bias_reg[7]
constant 0     L4/n_5/bias_reg[8]
constant 0     L4/n_5/bias_reg[9]
constant 0     L4/n_5/bias_reg[10]
constant 0     L4/n_5/bias_reg[11]
constant 0     L4/n_5/bias_reg[12]
constant 0     L4/n_5/bias_reg[13]
constant 0     L4/n_5/bias_reg[14]
constant 0     L4/n_5/bias_reg[15]
constant 0     L4/n_5/bias_reg[16]
constant 0     L4/n_5/bias_reg[17]
constant 0     L4/n_5/bias_reg[18]
constant 1     L4/n_5/bias_reg[19]
constant 0     L4/n_5/bias_reg[20]
constant 1     L4/n_5/bias_reg[21]
constant 1     L4/n_5/bias_reg[22]
constant 0     L4/n_5/bias_reg[23]
constant 1     L4/n_5/bias_reg[24]
constant 1     L4/n_5/bias_reg[25]
constant 0     L4/n_5/bias_reg[26]
constant 1     L4/n_5/bias_reg[27]
constant 0     L4/n_5/bias_reg[28]
constant 1     L4/n_5/bias_reg[29]
constant 1     L4/n_5/bias_reg[30]
constant 1     L4/n_5/bias_reg[31]
constant 0     L4/n_6/bias_reg[0]
constant 0     L4/n_6/bias_reg[1]
constant 0     L4/n_6/bias_reg[2]
constant 0     L4/n_6/bias_reg[3]
constant 0     L4/n_6/bias_reg[4]
constant 0     L4/n_6/bias_reg[5]
constant 0     L4/n_6/bias_reg[6]
constant 0     L4/n_6/bias_reg[7]
constant 0     L4/n_6/bias_reg[8]
constant 0     L4/n_6/bias_reg[9]
constant 0     L4/n_6/bias_reg[10]
constant 0     L4/n_6/bias_reg[11]
constant 0     L4/n_6/bias_reg[12]
constant 0     L4/n_6/bias_reg[13]
constant 0     L4/n_6/bias_reg[14]
constant 0     L4/n_6/bias_reg[15]
constant 1     L4/n_6/bias_reg[16]
constant 1     L4/n_6/bias_reg[17]
constant 1     L4/n_6/bias_reg[18]
constant 1     L4/n_6/bias_reg[19]
constant 0     L4/n_6/bias_reg[20]
constant 0     L4/n_6/bias_reg[21]
constant 1     L4/n_6/bias_reg[22]
constant 1     L4/n_6/bias_reg[23]
constant 1     L4/n_6/bias_reg[24]
constant 1     L4/n_6/bias_reg[25]
constant 1     L4/n_6/bias_reg[26]
constant 1     L4/n_6/bias_reg[27]
constant 0     L4/n_6/bias_reg[28]
constant 1     L4/n_6/bias_reg[29]
constant 1     L4/n_6/bias_reg[30]
constant 1     L4/n_6/bias_reg[31]
constant 0     L4/n_7/bias_reg[0]
constant 0     L4/n_7/bias_reg[1]
constant 0     L4/n_7/bias_reg[2]
constant 0     L4/n_7/bias_reg[3]
constant 0     L4/n_7/bias_reg[4]
constant 0     L4/n_7/bias_reg[5]
constant 0     L4/n_7/bias_reg[6]
constant 0     L4/n_7/bias_reg[7]
constant 0     L4/n_7/bias_reg[8]
constant 0     L4/n_7/bias_reg[9]
constant 0     L4/n_7/bias_reg[10]
constant 0     L4/n_7/bias_reg[11]
constant 0     L4/n_7/bias_reg[12]
constant 0     L4/n_7/bias_reg[13]
constant 0     L4/n_7/bias_reg[14]
constant 0     L4/n_7/bias_reg[15]
constant 0     L4/n_7/bias_reg[16]
constant 1     L4/n_7/bias_reg[17]
constant 0     L4/n_7/bias_reg[18]
constant 1     L4/n_7/bias_reg[19]
constant 0     L4/n_7/bias_reg[20]
constant 1     L4/n_7/bias_reg[21]
constant 1     L4/n_7/bias_reg[22]
constant 0     L4/n_7/bias_reg[23]
constant 1     L4/n_7/bias_reg[24]
constant 0     L4/n_7/bias_reg[25]
constant 0     L4/n_7/bias_reg[26]
constant 1     L4/n_7/bias_reg[27]
constant 0     L4/n_7/bias_reg[28]
constant 0     L4/n_7/bias_reg[29]
constant 1     L4/n_7/bias_reg[30]
constant 1     L4/n_7/bias_reg[31]
constant 0     L4/n_7/WM/wout_reg[11]
constant 0     L4/n_8/bias_reg[0]
constant 0     L4/n_8/bias_reg[1]
constant 0     L4/n_8/bias_reg[2]
constant 0     L4/n_8/bias_reg[3]
constant 0     L4/n_8/bias_reg[4]
constant 0     L4/n_8/bias_reg[5]
constant 0     L4/n_8/bias_reg[6]
constant 0     L4/n_8/bias_reg[7]
constant 0     L4/n_8/bias_reg[8]
constant 0     L4/n_8/bias_reg[9]
constant 0     L4/n_8/bias_reg[10]
constant 0     L4/n_8/bias_reg[11]
constant 0     L4/n_8/bias_reg[12]
constant 0     L4/n_8/bias_reg[13]
constant 0     L4/n_8/bias_reg[14]
constant 0     L4/n_8/bias_reg[15]
constant 0     L4/n_8/bias_reg[16]
constant 1     L4/n_8/bias_reg[17]
constant 1     L4/n_8/bias_reg[18]
constant 0     L4/n_8/bias_reg[19]
constant 0     L4/n_8/bias_reg[20]
constant 1     L4/n_8/bias_reg[21]
constant 1     L4/n_8/bias_reg[22]
constant 0     L4/n_8/bias_reg[23]
constant 1     L4/n_8/bias_reg[24]
constant 0     L4/n_8/bias_reg[25]
constant 1     L4/n_8/bias_reg[26]
constant 1     L4/n_8/bias_reg[27]
constant 0     L4/n_8/bias_reg[28]
constant 1     L4/n_8/bias_reg[29]
constant 1     L4/n_8/bias_reg[30]
constant 1     L4/n_8/bias_reg[31]
constant 0     L4/n_9/bias_reg[0]
constant 0     L4/n_9/bias_reg[1]
constant 0     L4/n_9/bias_reg[2]
constant 0     L4/n_9/bias_reg[3]
constant 0     L4/n_9/bias_reg[4]
constant 0     L4/n_9/bias_reg[5]
constant 0     L4/n_9/bias_reg[6]
constant 0     L4/n_9/bias_reg[7]
constant 0     L4/n_9/bias_reg[8]
constant 0     L4/n_9/bias_reg[9]
constant 0     L4/n_9/bias_reg[10]
constant 0     L4/n_9/bias_reg[11]
constant 0     L4/n_9/bias_reg[12]
constant 0     L4/n_9/bias_reg[13]
constant 0     L4/n_9/bias_reg[14]
constant 0     L4/n_9/bias_reg[15]
constant 1     L4/n_9/bias_reg[16]
constant 1     L4/n_9/bias_reg[17]
constant 0     L4/n_9/bias_reg[18]
constant 0     L4/n_9/bias_reg[19]
constant 0     L4/n_9/bias_reg[20]
constant 1     L4/n_9/bias_reg[21]
constant 0     L4/n_9/bias_reg[22]
constant 1     L4/n_9/bias_reg[23]
constant 1     L4/n_9/bias_reg[24]
constant 0     L4/n_9/bias_reg[25]
constant 1     L4/n_9/bias_reg[26]
constant 0     L4/n_9/bias_reg[27]
constant 1     L4/n_9/bias_reg[28]
constant 0     L4/n_9/bias_reg[29]
constant 1     L4/n_9/bias_reg[30]
constant 1     L4/n_9/bias_reg[31]
constant 0     mFind/inDataBuffer_reg[15]
constant 0     mFind/inDataBuffer_reg[31]
constant 0     mFind/inDataBuffer_reg[47]
constant 0     mFind/inDataBuffer_reg[63]
constant 0     mFind/inDataBuffer_reg[79]
constant 0     mFind/inDataBuffer_reg[95]
constant 0     mFind/inDataBuffer_reg[111]
constant 0     mFind/inDataBuffer_reg[127]
constant 0     mFind/inDataBuffer_reg[143]
constant 0     mFind/inDataBuffer_reg[159]
merged         L2/n_1/WM/wout_reg[14] merged with L2/n_1/WM/wout_reg[13]
merged         L2/n_1/WM/wout_reg[15] merged with L2/n_1/WM/wout_reg[13]
merged         L2/n_3/WM/wout_reg[14] merged with L2/n_3/WM/wout_reg[13]
merged         L2/n_3/WM/wout_reg[15] merged with L2/n_3/WM/wout_reg[13]
merged         L2/n_4/WM/wout_reg[15] merged with L2/n_4/WM/wout_reg[14]
merged         L2/n_8/WM/wout_reg[15] merged with L2/n_8/WM/wout_reg[14]
merged         L2/n_9/WM/wout_reg[15] merged with L2/n_9/WM/wout_reg[14]
merged         L2/n_10/WM/wout_reg[15] merged with L2/n_10/WM/wout_reg[14]
merged         L2/n_11/WM/wout_reg[14] merged with L2/n_11/WM/wout_reg[13]
merged         L2/n_11/WM/wout_reg[15] merged with L2/n_11/WM/wout_reg[13]
merged         L2/n_12/WM/wout_reg[14] merged with L2/n_12/WM/wout_reg[13]
merged         L2/n_12/WM/wout_reg[15] merged with L2/n_12/WM/wout_reg[13]
merged         L2/n_13/WM/wout_reg[15] merged with L2/n_13/WM/wout_reg[14]
merged         L2/n_18/WM/wout_reg[14] merged with L2/n_18/WM/wout_reg[13]
merged         L2/n_18/WM/wout_reg[15] merged with L2/n_18/WM/wout_reg[13]
merged         L2/n_19/WM/wout_reg[14] merged with L2/n_19/WM/wout_reg[13]
merged         L2/n_19/WM/wout_reg[15] merged with L2/n_19/WM/wout_reg[13]
merged         L2/n_23/WM/wout_reg[14] merged with L2/n_23/WM/wout_reg[13]
merged         L2/n_23/WM/wout_reg[15] merged with L2/n_23/WM/wout_reg[13]
merged         L2/n_25/WM/wout_reg[14] merged with L2/n_25/WM/wout_reg[13]
merged         L2/n_25/WM/wout_reg[15] merged with L2/n_25/WM/wout_reg[13]
merged         L2/n_26/WM/wout_reg[15] merged with L2/n_26/WM/wout_reg[14]
merged         L2/n_1/mul_reg[30] merged with L2/n_1/mul_reg[29]
merged         L2/n_1/mul_reg[31] merged with L2/n_1/mul_reg[29]
merged         L2/n_3/myinputd_reg[0] merged with L2/n_1/myinputd_reg[0]
merged         L2/n_4/myinputd_reg[0] merged with L2/n_1/myinputd_reg[0]
merged         L2/n_8/myinputd_reg[0] merged with L2/n_1/myinputd_reg[0]
merged         L2/n_9/myinputd_reg[0] merged with L2/n_1/myinputd_reg[0]
merged         L2/n_10/myinputd_reg[0] merged with L2/n_1/myinputd_reg[0]
merged         L2/n_11/myinputd_reg[0] merged with L2/n_1/myinputd_reg[0]
merged         L2/n_12/myinputd_reg[0] merged with L2/n_1/myinputd_reg[0]
merged         L2/n_13/myinputd_reg[0] merged with L2/n_1/myinputd_reg[0]
merged         L2/n_18/myinputd_reg[0] merged with L2/n_1/myinputd_reg[0]
merged         L2/n_19/myinputd_reg[0] merged with L2/n_1/myinputd_reg[0]
merged         L2/n_23/myinputd_reg[0] merged with L2/n_1/myinputd_reg[0]
merged         L2/n_25/myinputd_reg[0] merged with L2/n_1/myinputd_reg[0]
merged         L2/n_26/myinputd_reg[0] merged with L2/n_1/myinputd_reg[0]
merged         L2/n_3/myinputd_reg[1] merged with L2/n_1/myinputd_reg[1]
merged         L2/n_4/myinputd_reg[1] merged with L2/n_1/myinputd_reg[1]
merged         L2/n_8/myinputd_reg[1] merged with L2/n_1/myinputd_reg[1]
merged         L2/n_9/myinputd_reg[1] merged with L2/n_1/myinputd_reg[1]
merged         L2/n_10/myinputd_reg[1] merged with L2/n_1/myinputd_reg[1]
merged         L2/n_11/myinputd_reg[1] merged with L2/n_1/myinputd_reg[1]
merged         L2/n_12/myinputd_reg[1] merged with L2/n_1/myinputd_reg[1]
merged         L2/n_13/myinputd_reg[1] merged with L2/n_1/myinputd_reg[1]
merged         L2/n_18/myinputd_reg[1] merged with L2/n_1/myinputd_reg[1]
merged         L2/n_19/myinputd_reg[1] merged with L2/n_1/myinputd_reg[1]
merged         L2/n_23/myinputd_reg[1] merged with L2/n_1/myinputd_reg[1]
merged         L2/n_25/myinputd_reg[1] merged with L2/n_1/myinputd_reg[1]
merged         L2/n_26/myinputd_reg[1] merged with L2/n_1/myinputd_reg[1]
merged         L2/n_3/myinputd_reg[2] merged with L2/n_1/myinputd_reg[2]
merged         L2/n_4/myinputd_reg[2] merged with L2/n_1/myinputd_reg[2]
merged         L2/n_8/myinputd_reg[2] merged with L2/n_1/myinputd_reg[2]
merged         L2/n_9/myinputd_reg[2] merged with L2/n_1/myinputd_reg[2]
merged         L2/n_10/myinputd_reg[2] merged with L2/n_1/myinputd_reg[2]
merged         L2/n_11/myinputd_reg[2] merged with L2/n_1/myinputd_reg[2]
merged         L2/n_12/myinputd_reg[2] merged with L2/n_1/myinputd_reg[2]
merged         L2/n_13/myinputd_reg[2] merged with L2/n_1/myinputd_reg[2]
merged         L2/n_18/myinputd_reg[2] merged with L2/n_1/myinputd_reg[2]
merged         L2/n_19/myinputd_reg[2] merged with L2/n_1/myinputd_reg[2]
merged         L2/n_23/myinputd_reg[2] merged with L2/n_1/myinputd_reg[2]
merged         L2/n_25/myinputd_reg[2] merged with L2/n_1/myinputd_reg[2]
merged         L2/n_26/myinputd_reg[2] merged with L2/n_1/myinputd_reg[2]
merged         L2/n_3/myinputd_reg[3] merged with L2/n_1/myinputd_reg[3]
merged         L2/n_4/myinputd_reg[3] merged with L2/n_1/myinputd_reg[3]
merged         L2/n_8/myinputd_reg[3] merged with L2/n_1/myinputd_reg[3]
merged         L2/n_9/myinputd_reg[3] merged with L2/n_1/myinputd_reg[3]
merged         L2/n_10/myinputd_reg[3] merged with L2/n_1/myinputd_reg[3]
merged         L2/n_11/myinputd_reg[3] merged with L2/n_1/myinputd_reg[3]
merged         L2/n_12/myinputd_reg[3] merged with L2/n_1/myinputd_reg[3]
merged         L2/n_13/myinputd_reg[3] merged with L2/n_1/myinputd_reg[3]
merged         L2/n_18/myinputd_reg[3] merged with L2/n_1/myinputd_reg[3]
merged         L2/n_19/myinputd_reg[3] merged with L2/n_1/myinputd_reg[3]
merged         L2/n_23/myinputd_reg[3] merged with L2/n_1/myinputd_reg[3]
merged         L2/n_25/myinputd_reg[3] merged with L2/n_1/myinputd_reg[3]
merged         L2/n_26/myinputd_reg[3] merged with L2/n_1/myinputd_reg[3]
merged         L2/n_3/myinputd_reg[4] merged with L2/n_1/myinputd_reg[4]
merged         L2/n_4/myinputd_reg[4] merged with L2/n_1/myinputd_reg[4]
merged         L2/n_8/myinputd_reg[4] merged with L2/n_1/myinputd_reg[4]
merged         L2/n_9/myinputd_reg[4] merged with L2/n_1/myinputd_reg[4]
merged         L2/n_10/myinputd_reg[4] merged with L2/n_1/myinputd_reg[4]
merged         L2/n_11/myinputd_reg[4] merged with L2/n_1/myinputd_reg[4]
merged         L2/n_12/myinputd_reg[4] merged with L2/n_1/myinputd_reg[4]
merged         L2/n_13/myinputd_reg[4] merged with L2/n_1/myinputd_reg[4]
merged         L2/n_18/myinputd_reg[4] merged with L2/n_1/myinputd_reg[4]
merged         L2/n_19/myinputd_reg[4] merged with L2/n_1/myinputd_reg[4]
merged         L2/n_23/myinputd_reg[4] merged with L2/n_1/myinputd_reg[4]
merged         L2/n_25/myinputd_reg[4] merged with L2/n_1/myinputd_reg[4]
merged         L2/n_26/myinputd_reg[4] merged with L2/n_1/myinputd_reg[4]
merged         L2/n_3/myinputd_reg[5] merged with L2/n_1/myinputd_reg[5]
merged         L2/n_4/myinputd_reg[5] merged with L2/n_1/myinputd_reg[5]
merged         L2/n_8/myinputd_reg[5] merged with L2/n_1/myinputd_reg[5]
merged         L2/n_9/myinputd_reg[5] merged with L2/n_1/myinputd_reg[5]
merged         L2/n_10/myinputd_reg[5] merged with L2/n_1/myinputd_reg[5]
merged         L2/n_11/myinputd_reg[5] merged with L2/n_1/myinputd_reg[5]
merged         L2/n_12/myinputd_reg[5] merged with L2/n_1/myinputd_reg[5]
merged         L2/n_13/myinputd_reg[5] merged with L2/n_1/myinputd_reg[5]
merged         L2/n_18/myinputd_reg[5] merged with L2/n_1/myinputd_reg[5]
merged         L2/n_19/myinputd_reg[5] merged with L2/n_1/myinputd_reg[5]
merged         L2/n_23/myinputd_reg[5] merged with L2/n_1/myinputd_reg[5]
merged         L2/n_25/myinputd_reg[5] merged with L2/n_1/myinputd_reg[5]
merged         L2/n_26/myinputd_reg[5] merged with L2/n_1/myinputd_reg[5]
merged         L2/n_3/myinputd_reg[6] merged with L2/n_1/myinputd_reg[6]
merged         L2/n_4/myinputd_reg[6] merged with L2/n_1/myinputd_reg[6]
merged         L2/n_8/myinputd_reg[6] merged with L2/n_1/myinputd_reg[6]
merged         L2/n_9/myinputd_reg[6] merged with L2/n_1/myinputd_reg[6]
merged         L2/n_10/myinputd_reg[6] merged with L2/n_1/myinputd_reg[6]
merged         L2/n_11/myinputd_reg[6] merged with L2/n_1/myinputd_reg[6]
merged         L2/n_12/myinputd_reg[6] merged with L2/n_1/myinputd_reg[6]
merged         L2/n_13/myinputd_reg[6] merged with L2/n_1/myinputd_reg[6]
merged         L2/n_18/myinputd_reg[6] merged with L2/n_1/myinputd_reg[6]
merged         L2/n_19/myinputd_reg[6] merged with L2/n_1/myinputd_reg[6]
merged         L2/n_23/myinputd_reg[6] merged with L2/n_1/myinputd_reg[6]
merged         L2/n_25/myinputd_reg[6] merged with L2/n_1/myinputd_reg[6]
merged         L2/n_26/myinputd_reg[6] merged with L2/n_1/myinputd_reg[6]
merged         L2/n_3/myinputd_reg[7] merged with L2/n_1/myinputd_reg[7]
merged         L2/n_4/myinputd_reg[7] merged with L2/n_1/myinputd_reg[7]
merged         L2/n_8/myinputd_reg[7] merged with L2/n_1/myinputd_reg[7]
merged         L2/n_9/myinputd_reg[7] merged with L2/n_1/myinputd_reg[7]
merged         L2/n_10/myinputd_reg[7] merged with L2/n_1/myinputd_reg[7]
merged         L2/n_11/myinputd_reg[7] merged with L2/n_1/myinputd_reg[7]
merged         L2/n_12/myinputd_reg[7] merged with L2/n_1/myinputd_reg[7]
merged         L2/n_13/myinputd_reg[7] merged with L2/n_1/myinputd_reg[7]
merged         L2/n_18/myinputd_reg[7] merged with L2/n_1/myinputd_reg[7]
merged         L2/n_19/myinputd_reg[7] merged with L2/n_1/myinputd_reg[7]
merged         L2/n_23/myinputd_reg[7] merged with L2/n_1/myinputd_reg[7]
merged         L2/n_25/myinputd_reg[7] merged with L2/n_1/myinputd_reg[7]
merged         L2/n_26/myinputd_reg[7] merged with L2/n_1/myinputd_reg[7]
merged         L2/n_3/myinputd_reg[8] merged with L2/n_1/myinputd_reg[8]
merged         L2/n_4/myinputd_reg[8] merged with L2/n_1/myinputd_reg[8]
merged         L2/n_8/myinputd_reg[8] merged with L2/n_1/myinputd_reg[8]
merged         L2/n_9/myinputd_reg[8] merged with L2/n_1/myinputd_reg[8]
merged         L2/n_10/myinputd_reg[8] merged with L2/n_1/myinputd_reg[8]
merged         L2/n_11/myinputd_reg[8] merged with L2/n_1/myinputd_reg[8]
merged         L2/n_12/myinputd_reg[8] merged with L2/n_1/myinputd_reg[8]
merged         L2/n_13/myinputd_reg[8] merged with L2/n_1/myinputd_reg[8]
merged         L2/n_18/myinputd_reg[8] merged with L2/n_1/myinputd_reg[8]
merged         L2/n_19/myinputd_reg[8] merged with L2/n_1/myinputd_reg[8]
merged         L2/n_23/myinputd_reg[8] merged with L2/n_1/myinputd_reg[8]
merged         L2/n_25/myinputd_reg[8] merged with L2/n_1/myinputd_reg[8]
merged         L2/n_26/myinputd_reg[8] merged with L2/n_1/myinputd_reg[8]
merged         L2/n_3/myinputd_reg[9] merged with L2/n_1/myinputd_reg[9]
merged         L2/n_4/myinputd_reg[9] merged with L2/n_1/myinputd_reg[9]
merged         L2/n_8/myinputd_reg[9] merged with L2/n_1/myinputd_reg[9]
merged         L2/n_9/myinputd_reg[9] merged with L2/n_1/myinputd_reg[9]
merged         L2/n_10/myinputd_reg[9] merged with L2/n_1/myinputd_reg[9]
merged         L2/n_11/myinputd_reg[9] merged with L2/n_1/myinputd_reg[9]
merged         L2/n_12/myinputd_reg[9] merged with L2/n_1/myinputd_reg[9]
merged         L2/n_13/myinputd_reg[9] merged with L2/n_1/myinputd_reg[9]
merged         L2/n_18/myinputd_reg[9] merged with L2/n_1/myinputd_reg[9]
merged         L2/n_19/myinputd_reg[9] merged with L2/n_1/myinputd_reg[9]
merged         L2/n_23/myinputd_reg[9] merged with L2/n_1/myinputd_reg[9]
merged         L2/n_25/myinputd_reg[9] merged with L2/n_1/myinputd_reg[9]
merged         L2/n_26/myinputd_reg[9] merged with L2/n_1/myinputd_reg[9]
merged         L2/n_3/myinputd_reg[10] merged with L2/n_1/myinputd_reg[10]
merged         L2/n_4/myinputd_reg[10] merged with L2/n_1/myinputd_reg[10]
merged         L2/n_8/myinputd_reg[10] merged with L2/n_1/myinputd_reg[10]
merged         L2/n_9/myinputd_reg[10] merged with L2/n_1/myinputd_reg[10]
merged         L2/n_10/myinputd_reg[10] merged with L2/n_1/myinputd_reg[10]
merged         L2/n_11/myinputd_reg[10] merged with L2/n_1/myinputd_reg[10]
merged         L2/n_12/myinputd_reg[10] merged with L2/n_1/myinputd_reg[10]
merged         L2/n_13/myinputd_reg[10] merged with L2/n_1/myinputd_reg[10]
merged         L2/n_18/myinputd_reg[10] merged with L2/n_1/myinputd_reg[10]
merged         L2/n_19/myinputd_reg[10] merged with L2/n_1/myinputd_reg[10]
merged         L2/n_23/myinputd_reg[10] merged with L2/n_1/myinputd_reg[10]
merged         L2/n_25/myinputd_reg[10] merged with L2/n_1/myinputd_reg[10]
merged         L2/n_26/myinputd_reg[10] merged with L2/n_1/myinputd_reg[10]
merged         L2/n_3/myinputd_reg[11] merged with L2/n_1/myinputd_reg[11]
merged         L2/n_4/myinputd_reg[11] merged with L2/n_1/myinputd_reg[11]
merged         L2/n_8/myinputd_reg[11] merged with L2/n_1/myinputd_reg[11]
merged         L2/n_9/myinputd_reg[11] merged with L2/n_1/myinputd_reg[11]
merged         L2/n_10/myinputd_reg[11] merged with L2/n_1/myinputd_reg[11]
merged         L2/n_11/myinputd_reg[11] merged with L2/n_1/myinputd_reg[11]
merged         L2/n_12/myinputd_reg[11] merged with L2/n_1/myinputd_reg[11]
merged         L2/n_13/myinputd_reg[11] merged with L2/n_1/myinputd_reg[11]
merged         L2/n_18/myinputd_reg[11] merged with L2/n_1/myinputd_reg[11]
merged         L2/n_19/myinputd_reg[11] merged with L2/n_1/myinputd_reg[11]
merged         L2/n_23/myinputd_reg[11] merged with L2/n_1/myinputd_reg[11]
merged         L2/n_25/myinputd_reg[11] merged with L2/n_1/myinputd_reg[11]
merged         L2/n_26/myinputd_reg[11] merged with L2/n_1/myinputd_reg[11]
merged         L2/n_3/myinputd_reg[12] merged with L2/n_1/myinputd_reg[12]
merged         L2/n_4/myinputd_reg[12] merged with L2/n_1/myinputd_reg[12]
merged         L2/n_8/myinputd_reg[12] merged with L2/n_1/myinputd_reg[12]
merged         L2/n_9/myinputd_reg[12] merged with L2/n_1/myinputd_reg[12]
merged         L2/n_10/myinputd_reg[12] merged with L2/n_1/myinputd_reg[12]
merged         L2/n_11/myinputd_reg[12] merged with L2/n_1/myinputd_reg[12]
merged         L2/n_12/myinputd_reg[12] merged with L2/n_1/myinputd_reg[12]
merged         L2/n_13/myinputd_reg[12] merged with L2/n_1/myinputd_reg[12]
merged         L2/n_18/myinputd_reg[12] merged with L2/n_1/myinputd_reg[12]
merged         L2/n_19/myinputd_reg[12] merged with L2/n_1/myinputd_reg[12]
merged         L2/n_23/myinputd_reg[12] merged with L2/n_1/myinputd_reg[12]
merged         L2/n_25/myinputd_reg[12] merged with L2/n_1/myinputd_reg[12]
merged         L2/n_26/myinputd_reg[12] merged with L2/n_1/myinputd_reg[12]
merged         L2/n_3/myinputd_reg[13] merged with L2/n_1/myinputd_reg[13]
merged         L2/n_4/myinputd_reg[13] merged with L2/n_1/myinputd_reg[13]
merged         L2/n_8/myinputd_reg[13] merged with L2/n_1/myinputd_reg[13]
merged         L2/n_9/myinputd_reg[13] merged with L2/n_1/myinputd_reg[13]
merged         L2/n_10/myinputd_reg[13] merged with L2/n_1/myinputd_reg[13]
merged         L2/n_11/myinputd_reg[13] merged with L2/n_1/myinputd_reg[13]
merged         L2/n_12/myinputd_reg[13] merged with L2/n_1/myinputd_reg[13]
merged         L2/n_13/myinputd_reg[13] merged with L2/n_1/myinputd_reg[13]
merged         L2/n_18/myinputd_reg[13] merged with L2/n_1/myinputd_reg[13]
merged         L2/n_19/myinputd_reg[13] merged with L2/n_1/myinputd_reg[13]
merged         L2/n_23/myinputd_reg[13] merged with L2/n_1/myinputd_reg[13]
merged         L2/n_25/myinputd_reg[13] merged with L2/n_1/myinputd_reg[13]
merged         L2/n_26/myinputd_reg[13] merged with L2/n_1/myinputd_reg[13]
merged         L2/n_3/myinputd_reg[14] merged with L2/n_1/myinputd_reg[14]
merged         L2/n_4/myinputd_reg[14] merged with L2/n_1/myinputd_reg[14]
merged         L2/n_8/myinputd_reg[14] merged with L2/n_1/myinputd_reg[14]
merged         L2/n_9/myinputd_reg[14] merged with L2/n_1/myinputd_reg[14]
merged         L2/n_10/myinputd_reg[14] merged with L2/n_1/myinputd_reg[14]
merged         L2/n_11/myinputd_reg[14] merged with L2/n_1/myinputd_reg[14]
merged         L2/n_12/myinputd_reg[14] merged with L2/n_1/myinputd_reg[14]
merged         L2/n_13/myinputd_reg[14] merged with L2/n_1/myinputd_reg[14]
merged         L2/n_18/myinputd_reg[14] merged with L2/n_1/myinputd_reg[14]
merged         L2/n_19/myinputd_reg[14] merged with L2/n_1/myinputd_reg[14]
merged         L2/n_23/myinputd_reg[14] merged with L2/n_1/myinputd_reg[14]
merged         L2/n_25/myinputd_reg[14] merged with L2/n_1/myinputd_reg[14]
merged         L2/n_26/myinputd_reg[14] merged with L2/n_1/myinputd_reg[14]
merged         L2/n_3/myinputd_reg[15] merged with L2/n_1/myinputd_reg[15]
merged         L2/n_4/myinputd_reg[15] merged with L2/n_1/myinputd_reg[15]
merged         L2/n_8/myinputd_reg[15] merged with L2/n_1/myinputd_reg[15]
merged         L2/n_9/myinputd_reg[15] merged with L2/n_1/myinputd_reg[15]
merged         L2/n_10/myinputd_reg[15] merged with L2/n_1/myinputd_reg[15]
merged         L2/n_11/myinputd_reg[15] merged with L2/n_1/myinputd_reg[15]
merged         L2/n_12/myinputd_reg[15] merged with L2/n_1/myinputd_reg[15]
merged         L2/n_13/myinputd_reg[15] merged with L2/n_1/myinputd_reg[15]
merged         L2/n_18/myinputd_reg[15] merged with L2/n_1/myinputd_reg[15]
merged         L2/n_19/myinputd_reg[15] merged with L2/n_1/myinputd_reg[15]
merged         L2/n_23/myinputd_reg[15] merged with L2/n_1/myinputd_reg[15]
merged         L2/n_25/myinputd_reg[15] merged with L2/n_1/myinputd_reg[15]
merged         L2/n_26/myinputd_reg[15] merged with L2/n_1/myinputd_reg[15]
merged         L2/n_3/weight_valid_reg merged with L2/n_1/weight_valid_reg
merged         L2/n_4/weight_valid_reg merged with L2/n_1/weight_valid_reg
merged         L2/n_8/weight_valid_reg merged with L2/n_1/weight_valid_reg
merged         L2/n_9/weight_valid_reg merged with L2/n_1/weight_valid_reg
merged         L2/n_10/weight_valid_reg merged with L2/n_1/weight_valid_reg
merged         L2/n_11/weight_valid_reg merged with L2/n_1/weight_valid_reg
merged         L2/n_12/weight_valid_reg merged with L2/n_1/weight_valid_reg
merged         L2/n_13/weight_valid_reg merged with L2/n_1/weight_valid_reg
merged         L2/n_18/weight_valid_reg merged with L2/n_1/weight_valid_reg
merged         L2/n_19/weight_valid_reg merged with L2/n_1/weight_valid_reg
merged         L2/n_23/weight_valid_reg merged with L2/n_1/weight_valid_reg
merged         L2/n_25/weight_valid_reg merged with L2/n_1/weight_valid_reg
merged         L2/n_26/weight_valid_reg merged with L2/n_1/weight_valid_reg
merged         L2/n_3/mul_reg[30] merged with L2/n_3/mul_reg[29]
merged         L2/n_3/mul_reg[31] merged with L2/n_3/mul_reg[29]
merged         L2/n_11/mul_reg[30] merged with L2/n_11/mul_reg[29]
merged         L2/n_11/mul_reg[31] merged with L2/n_11/mul_reg[29]
merged         L2/n_12/mul_reg[30] merged with L2/n_12/mul_reg[29]
merged         L2/n_12/mul_reg[31] merged with L2/n_12/mul_reg[29]
merged         L2/n_18/mul_reg[30] merged with L2/n_18/mul_reg[29]
merged         L2/n_18/mul_reg[31] merged with L2/n_18/mul_reg[29]
merged         L2/n_19/mul_reg[30] merged with L2/n_19/mul_reg[29]
merged         L2/n_19/mul_reg[31] merged with L2/n_19/mul_reg[29]
merged         L2/n_23/mul_reg[30] merged with L2/n_23/mul_reg[29]
merged         L2/n_23/mul_reg[31] merged with L2/n_23/mul_reg[29]
merged         L2/n_25/mul_reg[30] merged with L2/n_25/mul_reg[29]
merged         L2/n_25/mul_reg[31] merged with L2/n_25/mul_reg[29]
merged         L2/n_3/mult_valid_reg merged with L2/n_1/mult_valid_reg
merged         L2/n_4/mult_valid_reg merged with L2/n_1/mult_valid_reg
merged         L2/n_8/mult_valid_reg merged with L2/n_1/mult_valid_reg
merged         L2/n_9/mult_valid_reg merged with L2/n_1/mult_valid_reg
merged         L2/n_10/mult_valid_reg merged with L2/n_1/mult_valid_reg
merged         L2/n_11/mult_valid_reg merged with L2/n_1/mult_valid_reg
merged         L2/n_12/mult_valid_reg merged with L2/n_1/mult_valid_reg
merged         L2/n_13/mult_valid_reg merged with L2/n_1/mult_valid_reg
merged         L2/n_18/mult_valid_reg merged with L2/n_1/mult_valid_reg
merged         L2/n_19/mult_valid_reg merged with L2/n_1/mult_valid_reg
merged         L2/n_23/mult_valid_reg merged with L2/n_1/mult_valid_reg
merged         L2/n_25/mult_valid_reg merged with L2/n_1/mult_valid_reg
merged         L2/n_26/mult_valid_reg merged with L2/n_1/mult_valid_reg
merged         L2/n_3/muxValid_d_reg merged with L2/n_1/muxValid_d_reg
merged         L2/n_4/muxValid_d_reg merged with L2/n_1/muxValid_d_reg
merged         L2/n_8/muxValid_d_reg merged with L2/n_1/muxValid_d_reg
merged         L2/n_9/muxValid_d_reg merged with L2/n_1/muxValid_d_reg
merged         L2/n_10/muxValid_d_reg merged with L2/n_1/muxValid_d_reg
merged         L2/n_11/muxValid_d_reg merged with L2/n_1/muxValid_d_reg
merged         L2/n_12/muxValid_d_reg merged with L2/n_1/muxValid_d_reg
merged         L2/n_13/muxValid_d_reg merged with L2/n_1/muxValid_d_reg
merged         L2/n_18/muxValid_d_reg merged with L2/n_1/muxValid_d_reg
merged         L2/n_19/muxValid_d_reg merged with L2/n_1/muxValid_d_reg
merged         L2/n_23/muxValid_d_reg merged with L2/n_1/muxValid_d_reg
merged         L2/n_25/muxValid_d_reg merged with L2/n_1/muxValid_d_reg
merged         L2/n_26/muxValid_d_reg merged with L2/n_1/muxValid_d_reg
merged         L2/n_3/muxValid_f_reg merged with L2/n_1/muxValid_f_reg
merged         L2/n_4/muxValid_f_reg merged with L2/n_1/muxValid_f_reg
merged         L2/n_8/muxValid_f_reg merged with L2/n_1/muxValid_f_reg
merged         L2/n_9/muxValid_f_reg merged with L2/n_1/muxValid_f_reg
merged         L2/n_10/muxValid_f_reg merged with L2/n_1/muxValid_f_reg
merged         L2/n_11/muxValid_f_reg merged with L2/n_1/muxValid_f_reg
merged         L2/n_12/muxValid_f_reg merged with L2/n_1/muxValid_f_reg
merged         L2/n_13/muxValid_f_reg merged with L2/n_1/muxValid_f_reg
merged         L2/n_18/muxValid_f_reg merged with L2/n_1/muxValid_f_reg
merged         L2/n_19/muxValid_f_reg merged with L2/n_1/muxValid_f_reg
merged         L2/n_23/muxValid_f_reg merged with L2/n_1/muxValid_f_reg
merged         L2/n_25/muxValid_f_reg merged with L2/n_1/muxValid_f_reg
merged         L2/n_26/muxValid_f_reg merged with L2/n_1/muxValid_f_reg
merged         L2/n_4/mul_reg[31] merged with L2/n_4/mul_reg[30]
merged         L2/n_8/mul_reg[31] merged with L2/n_8/mul_reg[30]
merged         L2/n_9/mul_reg[31] merged with L2/n_9/mul_reg[30]
merged         L2/n_10/mul_reg[31] merged with L2/n_10/mul_reg[30]
merged         L2/n_13/mul_reg[31] merged with L2/n_13/mul_reg[30]
merged         L2/n_26/mul_reg[31] merged with L2/n_26/mul_reg[30]
merged         L2/n_3/outvalid_i_reg merged with L2/n_1/outvalid_i_reg
merged         L2/n_4/outvalid_i_reg merged with L2/n_1/outvalid_i_reg
merged         L2/n_8/outvalid_i_reg merged with L2/n_1/outvalid_i_reg
merged         L2/n_9/outvalid_i_reg merged with L2/n_1/outvalid_i_reg
merged         L2/n_10/outvalid_i_reg merged with L2/n_1/outvalid_i_reg
merged         L2/n_11/outvalid_i_reg merged with L2/n_1/outvalid_i_reg
merged         L2/n_12/outvalid_i_reg merged with L2/n_1/outvalid_i_reg
merged         L2/n_13/outvalid_i_reg merged with L2/n_1/outvalid_i_reg
merged         L2/n_18/outvalid_i_reg merged with L2/n_1/outvalid_i_reg
merged         L2/n_19/outvalid_i_reg merged with L2/n_1/outvalid_i_reg
merged         L2/n_23/outvalid_i_reg merged with L2/n_1/outvalid_i_reg
merged         L2/n_25/outvalid_i_reg merged with L2/n_1/outvalid_i_reg
merged         L2/n_26/outvalid_i_reg merged with L2/n_1/outvalid_i_reg
merged         L2/n_3/r_addr_reg[0] merged with L2/n_1/r_addr_reg[0]
merged         L2/n_4/r_addr_reg[0] merged with L2/n_1/r_addr_reg[0]
merged         L2/n_8/r_addr_reg[0] merged with L2/n_1/r_addr_reg[0]
merged         L2/n_9/r_addr_reg[0] merged with L2/n_1/r_addr_reg[0]
merged         L2/n_10/r_addr_reg[0] merged with L2/n_1/r_addr_reg[0]
merged         L2/n_11/r_addr_reg[0] merged with L2/n_1/r_addr_reg[0]
merged         L2/n_12/r_addr_reg[0] merged with L2/n_1/r_addr_reg[0]
merged         L2/n_13/r_addr_reg[0] merged with L2/n_1/r_addr_reg[0]
merged         L2/n_18/r_addr_reg[0] merged with L2/n_1/r_addr_reg[0]
merged         L2/n_19/r_addr_reg[0] merged with L2/n_1/r_addr_reg[0]
merged         L2/n_23/r_addr_reg[0] merged with L2/n_1/r_addr_reg[0]
merged         L2/n_25/r_addr_reg[0] merged with L2/n_1/r_addr_reg[0]
merged         L2/n_26/r_addr_reg[0] merged with L2/n_1/r_addr_reg[0]
merged         L2/n_3/r_addr_reg[1] merged with L2/n_1/r_addr_reg[1]
merged         L2/n_4/r_addr_reg[1] merged with L2/n_1/r_addr_reg[1]
merged         L2/n_8/r_addr_reg[1] merged with L2/n_1/r_addr_reg[1]
merged         L2/n_9/r_addr_reg[1] merged with L2/n_1/r_addr_reg[1]
merged         L2/n_10/r_addr_reg[1] merged with L2/n_1/r_addr_reg[1]
merged         L2/n_11/r_addr_reg[1] merged with L2/n_1/r_addr_reg[1]
merged         L2/n_12/r_addr_reg[1] merged with L2/n_1/r_addr_reg[1]
merged         L2/n_13/r_addr_reg[1] merged with L2/n_1/r_addr_reg[1]
merged         L2/n_18/r_addr_reg[1] merged with L2/n_1/r_addr_reg[1]
merged         L2/n_19/r_addr_reg[1] merged with L2/n_1/r_addr_reg[1]
merged         L2/n_23/r_addr_reg[1] merged with L2/n_1/r_addr_reg[1]
merged         L2/n_25/r_addr_reg[1] merged with L2/n_1/r_addr_reg[1]
merged         L2/n_26/r_addr_reg[1] merged with L2/n_1/r_addr_reg[1]
merged         L2/n_3/r_addr_reg[3] merged with L2/n_1/r_addr_reg[3]
merged         L2/n_4/r_addr_reg[3] merged with L2/n_1/r_addr_reg[3]
merged         L2/n_8/r_addr_reg[3] merged with L2/n_1/r_addr_reg[3]
merged         L2/n_9/r_addr_reg[3] merged with L2/n_1/r_addr_reg[3]
merged         L2/n_10/r_addr_reg[3] merged with L2/n_1/r_addr_reg[3]
merged         L2/n_11/r_addr_reg[3] merged with L2/n_1/r_addr_reg[3]
merged         L2/n_12/r_addr_reg[3] merged with L2/n_1/r_addr_reg[3]
merged         L2/n_13/r_addr_reg[3] merged with L2/n_1/r_addr_reg[3]
merged         L2/n_18/r_addr_reg[3] merged with L2/n_1/r_addr_reg[3]
merged         L2/n_19/r_addr_reg[3] merged with L2/n_1/r_addr_reg[3]
merged         L2/n_23/r_addr_reg[3] merged with L2/n_1/r_addr_reg[3]
merged         L2/n_25/r_addr_reg[3] merged with L2/n_1/r_addr_reg[3]
merged         L2/n_26/r_addr_reg[3] merged with L2/n_1/r_addr_reg[3]
merged         L2/n_3/r_addr_reg[4] merged with L2/n_1/r_addr_reg[4]
merged         L2/n_4/r_addr_reg[4] merged with L2/n_1/r_addr_reg[4]
merged         L2/n_8/r_addr_reg[4] merged with L2/n_1/r_addr_reg[4]
merged         L2/n_9/r_addr_reg[4] merged with L2/n_1/r_addr_reg[4]
merged         L2/n_10/r_addr_reg[4] merged with L2/n_1/r_addr_reg[4]
merged         L2/n_11/r_addr_reg[4] merged with L2/n_1/r_addr_reg[4]
merged         L2/n_12/r_addr_reg[4] merged with L2/n_1/r_addr_reg[4]
merged         L2/n_13/r_addr_reg[4] merged with L2/n_1/r_addr_reg[4]
merged         L2/n_18/r_addr_reg[4] merged with L2/n_1/r_addr_reg[4]
merged         L2/n_19/r_addr_reg[4] merged with L2/n_1/r_addr_reg[4]
merged         L2/n_23/r_addr_reg[4] merged with L2/n_1/r_addr_reg[4]
merged         L2/n_25/r_addr_reg[4] merged with L2/n_1/r_addr_reg[4]
merged         L2/n_26/r_addr_reg[4] merged with L2/n_1/r_addr_reg[4]
merged         L2/n_3/r_addr_reg[5] merged with L2/n_1/r_addr_reg[5]
merged         L2/n_4/r_addr_reg[5] merged with L2/n_1/r_addr_reg[5]
merged         L2/n_8/r_addr_reg[5] merged with L2/n_1/r_addr_reg[5]
merged         L2/n_9/r_addr_reg[5] merged with L2/n_1/r_addr_reg[5]
merged         L2/n_10/r_addr_reg[5] merged with L2/n_1/r_addr_reg[5]
merged         L2/n_11/r_addr_reg[5] merged with L2/n_1/r_addr_reg[5]
merged         L2/n_12/r_addr_reg[5] merged with L2/n_1/r_addr_reg[5]
merged         L2/n_13/r_addr_reg[5] merged with L2/n_1/r_addr_reg[5]
merged         L2/n_18/r_addr_reg[5] merged with L2/n_1/r_addr_reg[5]
merged         L2/n_19/r_addr_reg[5] merged with L2/n_1/r_addr_reg[5]
merged         L2/n_23/r_addr_reg[5] merged with L2/n_1/r_addr_reg[5]
merged         L2/n_25/r_addr_reg[5] merged with L2/n_1/r_addr_reg[5]
merged         L2/n_26/r_addr_reg[5] merged with L2/n_1/r_addr_reg[5]
merged         L2/n_3/r_addr_reg[2] merged with L2/n_1/r_addr_reg[2]
merged         L2/n_4/r_addr_reg[2] merged with L2/n_1/r_addr_reg[2]
merged         L2/n_8/r_addr_reg[2] merged with L2/n_1/r_addr_reg[2]
merged         L2/n_9/r_addr_reg[2] merged with L2/n_1/r_addr_reg[2]
merged         L2/n_10/r_addr_reg[2] merged with L2/n_1/r_addr_reg[2]
merged         L2/n_11/r_addr_reg[2] merged with L2/n_1/r_addr_reg[2]
merged         L2/n_12/r_addr_reg[2] merged with L2/n_1/r_addr_reg[2]
merged         L2/n_13/r_addr_reg[2] merged with L2/n_1/r_addr_reg[2]
merged         L2/n_18/r_addr_reg[2] merged with L2/n_1/r_addr_reg[2]
merged         L2/n_19/r_addr_reg[2] merged with L2/n_1/r_addr_reg[2]
merged         L2/n_23/r_addr_reg[2] merged with L2/n_1/r_addr_reg[2]
merged         L2/n_25/r_addr_reg[2] merged with L2/n_1/r_addr_reg[2]
merged         L2/n_26/r_addr_reg[2] merged with L2/n_1/r_addr_reg[2]
merged         L2/n_3/sigValid_reg merged with L2/n_1/sigValid_reg
merged         L2/n_4/sigValid_reg merged with L2/n_1/sigValid_reg
merged         L2/n_8/sigValid_reg merged with L2/n_1/sigValid_reg
merged         L2/n_9/sigValid_reg merged with L2/n_1/sigValid_reg
merged         L2/n_10/sigValid_reg merged with L2/n_1/sigValid_reg
merged         L2/n_11/sigValid_reg merged with L2/n_1/sigValid_reg
merged         L2/n_12/sigValid_reg merged with L2/n_1/sigValid_reg
merged         L2/n_13/sigValid_reg merged with L2/n_1/sigValid_reg
merged         L2/n_18/sigValid_reg merged with L2/n_1/sigValid_reg
merged         L2/n_19/sigValid_reg merged with L2/n_1/sigValid_reg
merged         L2/n_23/sigValid_reg merged with L2/n_1/sigValid_reg
merged         L2/n_25/sigValid_reg merged with L2/n_1/sigValid_reg
merged         L2/n_26/sigValid_reg merged with L2/n_1/sigValid_reg
merged         L2/n_0/WM/wout_reg[14] merged with L2/n_0/WM/wout_reg[13]
merged         L2/n_0/WM/wout_reg[15] merged with L2/n_0/WM/wout_reg[13]
merged         L2/n_2/WM/wout_reg[15] merged with L2/n_2/WM/wout_reg[14]
merged         L2/n_5/WM/wout_reg[15] merged with L2/n_5/WM/wout_reg[14]
merged         L2/n_6/WM/wout_reg[14] merged with L2/n_6/WM/wout_reg[13]
merged         L2/n_6/WM/wout_reg[15] merged with L2/n_6/WM/wout_reg[13]
merged         L2/n_7/WM/wout_reg[14] merged with L2/n_7/WM/wout_reg[13]
merged         L2/n_7/WM/wout_reg[15] merged with L2/n_7/WM/wout_reg[13]
merged         L2/n_14/WM/wout_reg[15] merged with L2/n_14/WM/wout_reg[14]
merged         L2/n_15/WM/wout_reg[14] merged with L2/n_15/WM/wout_reg[13]
merged         L2/n_15/WM/wout_reg[15] merged with L2/n_15/WM/wout_reg[13]
merged         L2/n_16/WM/wout_reg[15] merged with L2/n_16/WM/wout_reg[14]
merged         L2/n_17/WM/wout_reg[15] merged with L2/n_17/WM/wout_reg[14]
merged         L2/n_20/WM/wout_reg[13] merged with L2/n_20/WM/wout_reg[12]
merged         L2/n_20/WM/wout_reg[14] merged with L2/n_20/WM/wout_reg[12]
merged         L2/n_20/WM/wout_reg[15] merged with L2/n_20/WM/wout_reg[12]
merged         L2/n_21/WM/wout_reg[14] merged with L2/n_21/WM/wout_reg[13]
merged         L2/n_21/WM/wout_reg[15] merged with L2/n_21/WM/wout_reg[13]
merged         L2/n_22/WM/wout_reg[13] merged with L2/n_22/WM/wout_reg[12]
merged         L2/n_22/WM/wout_reg[14] merged with L2/n_22/WM/wout_reg[12]
merged         L2/n_22/WM/wout_reg[15] merged with L2/n_22/WM/wout_reg[12]
merged         L2/n_24/WM/wout_reg[14] merged with L2/n_24/WM/wout_reg[13]
merged         L2/n_24/WM/wout_reg[15] merged with L2/n_24/WM/wout_reg[13]
merged         L2/n_27/WM/wout_reg[15] merged with L2/n_27/WM/wout_reg[14]
merged         L2/n_28/WM/wout_reg[13] merged with L2/n_28/WM/wout_reg[12]
merged         L2/n_28/WM/wout_reg[14] merged with L2/n_28/WM/wout_reg[12]
merged         L2/n_28/WM/wout_reg[15] merged with L2/n_28/WM/wout_reg[12]
merged         L2/n_29/WM/wout_reg[14] merged with L2/n_29/WM/wout_reg[13]
merged         L2/n_29/WM/wout_reg[15] merged with L2/n_29/WM/wout_reg[13]
merged         L2/n_0/mul_reg[30] merged with L2/n_0/mul_reg[29]
merged         L2/n_0/mul_reg[31] merged with L2/n_0/mul_reg[29]
merged         L2/n_2/myinputd_reg[0] merged with L2/n_0/myinputd_reg[0]
merged         L2/n_5/myinputd_reg[0] merged with L2/n_0/myinputd_reg[0]
merged         L2/n_6/myinputd_reg[0] merged with L2/n_0/myinputd_reg[0]
merged         L2/n_7/myinputd_reg[0] merged with L2/n_0/myinputd_reg[0]
merged         L2/n_14/myinputd_reg[0] merged with L2/n_0/myinputd_reg[0]
merged         L2/n_15/myinputd_reg[0] merged with L2/n_0/myinputd_reg[0]
merged         L2/n_16/myinputd_reg[0] merged with L2/n_0/myinputd_reg[0]
merged         L2/n_17/myinputd_reg[0] merged with L2/n_0/myinputd_reg[0]
merged         L2/n_20/myinputd_reg[0] merged with L2/n_0/myinputd_reg[0]
merged         L2/n_21/myinputd_reg[0] merged with L2/n_0/myinputd_reg[0]
merged         L2/n_22/myinputd_reg[0] merged with L2/n_0/myinputd_reg[0]
merged         L2/n_24/myinputd_reg[0] merged with L2/n_0/myinputd_reg[0]
merged         L2/n_27/myinputd_reg[0] merged with L2/n_0/myinputd_reg[0]
merged         L2/n_28/myinputd_reg[0] merged with L2/n_0/myinputd_reg[0]
merged         L2/n_29/myinputd_reg[0] merged with L2/n_0/myinputd_reg[0]
merged         L2/n_2/myinputd_reg[1] merged with L2/n_0/myinputd_reg[1]
merged         L2/n_5/myinputd_reg[1] merged with L2/n_0/myinputd_reg[1]
merged         L2/n_6/myinputd_reg[1] merged with L2/n_0/myinputd_reg[1]
merged         L2/n_7/myinputd_reg[1] merged with L2/n_0/myinputd_reg[1]
merged         L2/n_14/myinputd_reg[1] merged with L2/n_0/myinputd_reg[1]
merged         L2/n_15/myinputd_reg[1] merged with L2/n_0/myinputd_reg[1]
merged         L2/n_16/myinputd_reg[1] merged with L2/n_0/myinputd_reg[1]
merged         L2/n_17/myinputd_reg[1] merged with L2/n_0/myinputd_reg[1]
merged         L2/n_20/myinputd_reg[1] merged with L2/n_0/myinputd_reg[1]
merged         L2/n_21/myinputd_reg[1] merged with L2/n_0/myinputd_reg[1]
merged         L2/n_22/myinputd_reg[1] merged with L2/n_0/myinputd_reg[1]
merged         L2/n_24/myinputd_reg[1] merged with L2/n_0/myinputd_reg[1]
merged         L2/n_27/myinputd_reg[1] merged with L2/n_0/myinputd_reg[1]
merged         L2/n_28/myinputd_reg[1] merged with L2/n_0/myinputd_reg[1]
merged         L2/n_29/myinputd_reg[1] merged with L2/n_0/myinputd_reg[1]
merged         L2/n_2/myinputd_reg[2] merged with L2/n_0/myinputd_reg[2]
merged         L2/n_5/myinputd_reg[2] merged with L2/n_0/myinputd_reg[2]
merged         L2/n_6/myinputd_reg[2] merged with L2/n_0/myinputd_reg[2]
merged         L2/n_7/myinputd_reg[2] merged with L2/n_0/myinputd_reg[2]
merged         L2/n_14/myinputd_reg[2] merged with L2/n_0/myinputd_reg[2]
merged         L2/n_15/myinputd_reg[2] merged with L2/n_0/myinputd_reg[2]
merged         L2/n_16/myinputd_reg[2] merged with L2/n_0/myinputd_reg[2]
merged         L2/n_17/myinputd_reg[2] merged with L2/n_0/myinputd_reg[2]
merged         L2/n_20/myinputd_reg[2] merged with L2/n_0/myinputd_reg[2]
merged         L2/n_21/myinputd_reg[2] merged with L2/n_0/myinputd_reg[2]
merged         L2/n_22/myinputd_reg[2] merged with L2/n_0/myinputd_reg[2]
merged         L2/n_24/myinputd_reg[2] merged with L2/n_0/myinputd_reg[2]
merged         L2/n_27/myinputd_reg[2] merged with L2/n_0/myinputd_reg[2]
merged         L2/n_28/myinputd_reg[2] merged with L2/n_0/myinputd_reg[2]
merged         L2/n_29/myinputd_reg[2] merged with L2/n_0/myinputd_reg[2]
merged         L2/n_2/myinputd_reg[3] merged with L2/n_0/myinputd_reg[3]
merged         L2/n_5/myinputd_reg[3] merged with L2/n_0/myinputd_reg[3]
merged         L2/n_6/myinputd_reg[3] merged with L2/n_0/myinputd_reg[3]
merged         L2/n_7/myinputd_reg[3] merged with L2/n_0/myinputd_reg[3]
merged         L2/n_14/myinputd_reg[3] merged with L2/n_0/myinputd_reg[3]
merged         L2/n_15/myinputd_reg[3] merged with L2/n_0/myinputd_reg[3]
merged         L2/n_16/myinputd_reg[3] merged with L2/n_0/myinputd_reg[3]
merged         L2/n_17/myinputd_reg[3] merged with L2/n_0/myinputd_reg[3]
merged         L2/n_20/myinputd_reg[3] merged with L2/n_0/myinputd_reg[3]
merged         L2/n_21/myinputd_reg[3] merged with L2/n_0/myinputd_reg[3]
merged         L2/n_22/myinputd_reg[3] merged with L2/n_0/myinputd_reg[3]
merged         L2/n_24/myinputd_reg[3] merged with L2/n_0/myinputd_reg[3]
merged         L2/n_27/myinputd_reg[3] merged with L2/n_0/myinputd_reg[3]
merged         L2/n_28/myinputd_reg[3] merged with L2/n_0/myinputd_reg[3]
merged         L2/n_29/myinputd_reg[3] merged with L2/n_0/myinputd_reg[3]
merged         L2/n_2/myinputd_reg[4] merged with L2/n_0/myinputd_reg[4]
merged         L2/n_5/myinputd_reg[4] merged with L2/n_0/myinputd_reg[4]
merged         L2/n_6/myinputd_reg[4] merged with L2/n_0/myinputd_reg[4]
merged         L2/n_7/myinputd_reg[4] merged with L2/n_0/myinputd_reg[4]
merged         L2/n_14/myinputd_reg[4] merged with L2/n_0/myinputd_reg[4]
merged         L2/n_15/myinputd_reg[4] merged with L2/n_0/myinputd_reg[4]
merged         L2/n_16/myinputd_reg[4] merged with L2/n_0/myinputd_reg[4]
merged         L2/n_17/myinputd_reg[4] merged with L2/n_0/myinputd_reg[4]
merged         L2/n_20/myinputd_reg[4] merged with L2/n_0/myinputd_reg[4]
merged         L2/n_21/myinputd_reg[4] merged with L2/n_0/myinputd_reg[4]
merged         L2/n_22/myinputd_reg[4] merged with L2/n_0/myinputd_reg[4]
merged         L2/n_24/myinputd_reg[4] merged with L2/n_0/myinputd_reg[4]
merged         L2/n_27/myinputd_reg[4] merged with L2/n_0/myinputd_reg[4]
merged         L2/n_28/myinputd_reg[4] merged with L2/n_0/myinputd_reg[4]
merged         L2/n_29/myinputd_reg[4] merged with L2/n_0/myinputd_reg[4]
merged         L2/n_2/myinputd_reg[5] merged with L2/n_0/myinputd_reg[5]
merged         L2/n_5/myinputd_reg[5] merged with L2/n_0/myinputd_reg[5]
merged         L2/n_6/myinputd_reg[5] merged with L2/n_0/myinputd_reg[5]
merged         L2/n_7/myinputd_reg[5] merged with L2/n_0/myinputd_reg[5]
merged         L2/n_14/myinputd_reg[5] merged with L2/n_0/myinputd_reg[5]
merged         L2/n_15/myinputd_reg[5] merged with L2/n_0/myinputd_reg[5]
merged         L2/n_16/myinputd_reg[5] merged with L2/n_0/myinputd_reg[5]
merged         L2/n_17/myinputd_reg[5] merged with L2/n_0/myinputd_reg[5]
merged         L2/n_20/myinputd_reg[5] merged with L2/n_0/myinputd_reg[5]
merged         L2/n_21/myinputd_reg[5] merged with L2/n_0/myinputd_reg[5]
merged         L2/n_22/myinputd_reg[5] merged with L2/n_0/myinputd_reg[5]
merged         L2/n_24/myinputd_reg[5] merged with L2/n_0/myinputd_reg[5]
merged         L2/n_27/myinputd_reg[5] merged with L2/n_0/myinputd_reg[5]
merged         L2/n_28/myinputd_reg[5] merged with L2/n_0/myinputd_reg[5]
merged         L2/n_29/myinputd_reg[5] merged with L2/n_0/myinputd_reg[5]
merged         L2/n_2/myinputd_reg[6] merged with L2/n_0/myinputd_reg[6]
merged         L2/n_5/myinputd_reg[6] merged with L2/n_0/myinputd_reg[6]
merged         L2/n_6/myinputd_reg[6] merged with L2/n_0/myinputd_reg[6]
merged         L2/n_7/myinputd_reg[6] merged with L2/n_0/myinputd_reg[6]
merged         L2/n_14/myinputd_reg[6] merged with L2/n_0/myinputd_reg[6]
merged         L2/n_15/myinputd_reg[6] merged with L2/n_0/myinputd_reg[6]
merged         L2/n_16/myinputd_reg[6] merged with L2/n_0/myinputd_reg[6]
merged         L2/n_17/myinputd_reg[6] merged with L2/n_0/myinputd_reg[6]
merged         L2/n_20/myinputd_reg[6] merged with L2/n_0/myinputd_reg[6]
merged         L2/n_21/myinputd_reg[6] merged with L2/n_0/myinputd_reg[6]
merged         L2/n_22/myinputd_reg[6] merged with L2/n_0/myinputd_reg[6]
merged         L2/n_24/myinputd_reg[6] merged with L2/n_0/myinputd_reg[6]
merged         L2/n_27/myinputd_reg[6] merged with L2/n_0/myinputd_reg[6]
merged         L2/n_28/myinputd_reg[6] merged with L2/n_0/myinputd_reg[6]
merged         L2/n_29/myinputd_reg[6] merged with L2/n_0/myinputd_reg[6]
merged         L2/n_2/myinputd_reg[7] merged with L2/n_0/myinputd_reg[7]
merged         L2/n_5/myinputd_reg[7] merged with L2/n_0/myinputd_reg[7]
merged         L2/n_6/myinputd_reg[7] merged with L2/n_0/myinputd_reg[7]
merged         L2/n_7/myinputd_reg[7] merged with L2/n_0/myinputd_reg[7]
merged         L2/n_14/myinputd_reg[7] merged with L2/n_0/myinputd_reg[7]
merged         L2/n_15/myinputd_reg[7] merged with L2/n_0/myinputd_reg[7]
merged         L2/n_16/myinputd_reg[7] merged with L2/n_0/myinputd_reg[7]
merged         L2/n_17/myinputd_reg[7] merged with L2/n_0/myinputd_reg[7]
merged         L2/n_20/myinputd_reg[7] merged with L2/n_0/myinputd_reg[7]
merged         L2/n_21/myinputd_reg[7] merged with L2/n_0/myinputd_reg[7]
merged         L2/n_22/myinputd_reg[7] merged with L2/n_0/myinputd_reg[7]
merged         L2/n_24/myinputd_reg[7] merged with L2/n_0/myinputd_reg[7]
merged         L2/n_27/myinputd_reg[7] merged with L2/n_0/myinputd_reg[7]
merged         L2/n_28/myinputd_reg[7] merged with L2/n_0/myinputd_reg[7]
merged         L2/n_29/myinputd_reg[7] merged with L2/n_0/myinputd_reg[7]
merged         L2/n_2/myinputd_reg[8] merged with L2/n_0/myinputd_reg[8]
merged         L2/n_5/myinputd_reg[8] merged with L2/n_0/myinputd_reg[8]
merged         L2/n_6/myinputd_reg[8] merged with L2/n_0/myinputd_reg[8]
merged         L2/n_7/myinputd_reg[8] merged with L2/n_0/myinputd_reg[8]
merged         L2/n_14/myinputd_reg[8] merged with L2/n_0/myinputd_reg[8]
merged         L2/n_15/myinputd_reg[8] merged with L2/n_0/myinputd_reg[8]
merged         L2/n_16/myinputd_reg[8] merged with L2/n_0/myinputd_reg[8]
merged         L2/n_17/myinputd_reg[8] merged with L2/n_0/myinputd_reg[8]
merged         L2/n_20/myinputd_reg[8] merged with L2/n_0/myinputd_reg[8]
merged         L2/n_21/myinputd_reg[8] merged with L2/n_0/myinputd_reg[8]
merged         L2/n_22/myinputd_reg[8] merged with L2/n_0/myinputd_reg[8]
merged         L2/n_24/myinputd_reg[8] merged with L2/n_0/myinputd_reg[8]
merged         L2/n_27/myinputd_reg[8] merged with L2/n_0/myinputd_reg[8]
merged         L2/n_28/myinputd_reg[8] merged with L2/n_0/myinputd_reg[8]
merged         L2/n_29/myinputd_reg[8] merged with L2/n_0/myinputd_reg[8]
merged         L2/n_2/myinputd_reg[9] merged with L2/n_0/myinputd_reg[9]
merged         L2/n_5/myinputd_reg[9] merged with L2/n_0/myinputd_reg[9]
merged         L2/n_6/myinputd_reg[9] merged with L2/n_0/myinputd_reg[9]
merged         L2/n_7/myinputd_reg[9] merged with L2/n_0/myinputd_reg[9]
merged         L2/n_14/myinputd_reg[9] merged with L2/n_0/myinputd_reg[9]
merged         L2/n_15/myinputd_reg[9] merged with L2/n_0/myinputd_reg[9]
merged         L2/n_16/myinputd_reg[9] merged with L2/n_0/myinputd_reg[9]
merged         L2/n_17/myinputd_reg[9] merged with L2/n_0/myinputd_reg[9]
merged         L2/n_20/myinputd_reg[9] merged with L2/n_0/myinputd_reg[9]
merged         L2/n_21/myinputd_reg[9] merged with L2/n_0/myinputd_reg[9]
merged         L2/n_22/myinputd_reg[9] merged with L2/n_0/myinputd_reg[9]
merged         L2/n_24/myinputd_reg[9] merged with L2/n_0/myinputd_reg[9]
merged         L2/n_27/myinputd_reg[9] merged with L2/n_0/myinputd_reg[9]
merged         L2/n_28/myinputd_reg[9] merged with L2/n_0/myinputd_reg[9]
merged         L2/n_29/myinputd_reg[9] merged with L2/n_0/myinputd_reg[9]
merged         L2/n_2/myinputd_reg[10] merged with L2/n_0/myinputd_reg[10]
merged         L2/n_5/myinputd_reg[10] merged with L2/n_0/myinputd_reg[10]
merged         L2/n_6/myinputd_reg[10] merged with L2/n_0/myinputd_reg[10]
merged         L2/n_7/myinputd_reg[10] merged with L2/n_0/myinputd_reg[10]
merged         L2/n_14/myinputd_reg[10] merged with L2/n_0/myinputd_reg[10]
merged         L2/n_15/myinputd_reg[10] merged with L2/n_0/myinputd_reg[10]
merged         L2/n_16/myinputd_reg[10] merged with L2/n_0/myinputd_reg[10]
merged         L2/n_17/myinputd_reg[10] merged with L2/n_0/myinputd_reg[10]
merged         L2/n_20/myinputd_reg[10] merged with L2/n_0/myinputd_reg[10]
merged         L2/n_21/myinputd_reg[10] merged with L2/n_0/myinputd_reg[10]
merged         L2/n_22/myinputd_reg[10] merged with L2/n_0/myinputd_reg[10]
merged         L2/n_24/myinputd_reg[10] merged with L2/n_0/myinputd_reg[10]
merged         L2/n_27/myinputd_reg[10] merged with L2/n_0/myinputd_reg[10]
merged         L2/n_28/myinputd_reg[10] merged with L2/n_0/myinputd_reg[10]
merged         L2/n_29/myinputd_reg[10] merged with L2/n_0/myinputd_reg[10]
merged         L2/n_2/myinputd_reg[11] merged with L2/n_0/myinputd_reg[11]
merged         L2/n_5/myinputd_reg[11] merged with L2/n_0/myinputd_reg[11]
merged         L2/n_6/myinputd_reg[11] merged with L2/n_0/myinputd_reg[11]
merged         L2/n_7/myinputd_reg[11] merged with L2/n_0/myinputd_reg[11]
merged         L2/n_14/myinputd_reg[11] merged with L2/n_0/myinputd_reg[11]
merged         L2/n_15/myinputd_reg[11] merged with L2/n_0/myinputd_reg[11]
merged         L2/n_16/myinputd_reg[11] merged with L2/n_0/myinputd_reg[11]
merged         L2/n_17/myinputd_reg[11] merged with L2/n_0/myinputd_reg[11]
merged         L2/n_20/myinputd_reg[11] merged with L2/n_0/myinputd_reg[11]
merged         L2/n_21/myinputd_reg[11] merged with L2/n_0/myinputd_reg[11]
merged         L2/n_22/myinputd_reg[11] merged with L2/n_0/myinputd_reg[11]
merged         L2/n_24/myinputd_reg[11] merged with L2/n_0/myinputd_reg[11]
merged         L2/n_27/myinputd_reg[11] merged with L2/n_0/myinputd_reg[11]
merged         L2/n_28/myinputd_reg[11] merged with L2/n_0/myinputd_reg[11]
merged         L2/n_29/myinputd_reg[11] merged with L2/n_0/myinputd_reg[11]
merged         L2/n_2/myinputd_reg[12] merged with L2/n_0/myinputd_reg[12]
merged         L2/n_5/myinputd_reg[12] merged with L2/n_0/myinputd_reg[12]
merged         L2/n_6/myinputd_reg[12] merged with L2/n_0/myinputd_reg[12]
merged         L2/n_7/myinputd_reg[12] merged with L2/n_0/myinputd_reg[12]
merged         L2/n_14/myinputd_reg[12] merged with L2/n_0/myinputd_reg[12]
merged         L2/n_15/myinputd_reg[12] merged with L2/n_0/myinputd_reg[12]
merged         L2/n_16/myinputd_reg[12] merged with L2/n_0/myinputd_reg[12]
merged         L2/n_17/myinputd_reg[12] merged with L2/n_0/myinputd_reg[12]
merged         L2/n_20/myinputd_reg[12] merged with L2/n_0/myinputd_reg[12]
merged         L2/n_21/myinputd_reg[12] merged with L2/n_0/myinputd_reg[12]
merged         L2/n_22/myinputd_reg[12] merged with L2/n_0/myinputd_reg[12]
merged         L2/n_24/myinputd_reg[12] merged with L2/n_0/myinputd_reg[12]
merged         L2/n_27/myinputd_reg[12] merged with L2/n_0/myinputd_reg[12]
merged         L2/n_28/myinputd_reg[12] merged with L2/n_0/myinputd_reg[12]
merged         L2/n_29/myinputd_reg[12] merged with L2/n_0/myinputd_reg[12]
merged         L2/n_2/myinputd_reg[13] merged with L2/n_0/myinputd_reg[13]
merged         L2/n_5/myinputd_reg[13] merged with L2/n_0/myinputd_reg[13]
merged         L2/n_6/myinputd_reg[13] merged with L2/n_0/myinputd_reg[13]
merged         L2/n_7/myinputd_reg[13] merged with L2/n_0/myinputd_reg[13]
merged         L2/n_14/myinputd_reg[13] merged with L2/n_0/myinputd_reg[13]
merged         L2/n_15/myinputd_reg[13] merged with L2/n_0/myinputd_reg[13]
merged         L2/n_16/myinputd_reg[13] merged with L2/n_0/myinputd_reg[13]
merged         L2/n_17/myinputd_reg[13] merged with L2/n_0/myinputd_reg[13]
merged         L2/n_20/myinputd_reg[13] merged with L2/n_0/myinputd_reg[13]
merged         L2/n_21/myinputd_reg[13] merged with L2/n_0/myinputd_reg[13]
merged         L2/n_22/myinputd_reg[13] merged with L2/n_0/myinputd_reg[13]
merged         L2/n_24/myinputd_reg[13] merged with L2/n_0/myinputd_reg[13]
merged         L2/n_27/myinputd_reg[13] merged with L2/n_0/myinputd_reg[13]
merged         L2/n_28/myinputd_reg[13] merged with L2/n_0/myinputd_reg[13]
merged         L2/n_29/myinputd_reg[13] merged with L2/n_0/myinputd_reg[13]
merged         L2/n_2/myinputd_reg[14] merged with L2/n_0/myinputd_reg[14]
merged         L2/n_5/myinputd_reg[14] merged with L2/n_0/myinputd_reg[14]
merged         L2/n_6/myinputd_reg[14] merged with L2/n_0/myinputd_reg[14]
merged         L2/n_7/myinputd_reg[14] merged with L2/n_0/myinputd_reg[14]
merged         L2/n_14/myinputd_reg[14] merged with L2/n_0/myinputd_reg[14]
merged         L2/n_15/myinputd_reg[14] merged with L2/n_0/myinputd_reg[14]
merged         L2/n_16/myinputd_reg[14] merged with L2/n_0/myinputd_reg[14]
merged         L2/n_17/myinputd_reg[14] merged with L2/n_0/myinputd_reg[14]
merged         L2/n_20/myinputd_reg[14] merged with L2/n_0/myinputd_reg[14]
merged         L2/n_21/myinputd_reg[14] merged with L2/n_0/myinputd_reg[14]
merged         L2/n_22/myinputd_reg[14] merged with L2/n_0/myinputd_reg[14]
merged         L2/n_24/myinputd_reg[14] merged with L2/n_0/myinputd_reg[14]
merged         L2/n_27/myinputd_reg[14] merged with L2/n_0/myinputd_reg[14]
merged         L2/n_28/myinputd_reg[14] merged with L2/n_0/myinputd_reg[14]
merged         L2/n_29/myinputd_reg[14] merged with L2/n_0/myinputd_reg[14]
merged         L2/n_2/myinputd_reg[15] merged with L2/n_0/myinputd_reg[15]
merged         L2/n_5/myinputd_reg[15] merged with L2/n_0/myinputd_reg[15]
merged         L2/n_6/myinputd_reg[15] merged with L2/n_0/myinputd_reg[15]
merged         L2/n_7/myinputd_reg[15] merged with L2/n_0/myinputd_reg[15]
merged         L2/n_14/myinputd_reg[15] merged with L2/n_0/myinputd_reg[15]
merged         L2/n_15/myinputd_reg[15] merged with L2/n_0/myinputd_reg[15]
merged         L2/n_16/myinputd_reg[15] merged with L2/n_0/myinputd_reg[15]
merged         L2/n_17/myinputd_reg[15] merged with L2/n_0/myinputd_reg[15]
merged         L2/n_20/myinputd_reg[15] merged with L2/n_0/myinputd_reg[15]
merged         L2/n_21/myinputd_reg[15] merged with L2/n_0/myinputd_reg[15]
merged         L2/n_22/myinputd_reg[15] merged with L2/n_0/myinputd_reg[15]
merged         L2/n_24/myinputd_reg[15] merged with L2/n_0/myinputd_reg[15]
merged         L2/n_27/myinputd_reg[15] merged with L2/n_0/myinputd_reg[15]
merged         L2/n_28/myinputd_reg[15] merged with L2/n_0/myinputd_reg[15]
merged         L2/n_29/myinputd_reg[15] merged with L2/n_0/myinputd_reg[15]
merged         L2/n_2/weight_valid_reg merged with L2/n_0/weight_valid_reg
merged         L2/n_5/weight_valid_reg merged with L2/n_0/weight_valid_reg
merged         L2/n_6/weight_valid_reg merged with L2/n_0/weight_valid_reg
merged         L2/n_7/weight_valid_reg merged with L2/n_0/weight_valid_reg
merged         L2/n_14/weight_valid_reg merged with L2/n_0/weight_valid_reg
merged         L2/n_15/weight_valid_reg merged with L2/n_0/weight_valid_reg
merged         L2/n_16/weight_valid_reg merged with L2/n_0/weight_valid_reg
merged         L2/n_17/weight_valid_reg merged with L2/n_0/weight_valid_reg
merged         L2/n_20/weight_valid_reg merged with L2/n_0/weight_valid_reg
merged         L2/n_21/weight_valid_reg merged with L2/n_0/weight_valid_reg
merged         L2/n_22/weight_valid_reg merged with L2/n_0/weight_valid_reg
merged         L2/n_24/weight_valid_reg merged with L2/n_0/weight_valid_reg
merged         L2/n_27/weight_valid_reg merged with L2/n_0/weight_valid_reg
merged         L2/n_28/weight_valid_reg merged with L2/n_0/weight_valid_reg
merged         L2/n_29/weight_valid_reg merged with L2/n_0/weight_valid_reg
merged         L2/n_6/mul_reg[30] merged with L2/n_6/mul_reg[29]
merged         L2/n_6/mul_reg[31] merged with L2/n_6/mul_reg[29]
merged         L2/n_7/mul_reg[30] merged with L2/n_7/mul_reg[29]
merged         L2/n_7/mul_reg[31] merged with L2/n_7/mul_reg[29]
merged         L2/n_15/mul_reg[30] merged with L2/n_15/mul_reg[29]
merged         L2/n_15/mul_reg[31] merged with L2/n_15/mul_reg[29]
merged         L2/n_20/mul_reg[30] merged with L2/n_20/mul_reg[29]
merged         L2/n_20/mul_reg[31] merged with L2/n_20/mul_reg[29]
merged         L2/n_21/mul_reg[30] merged with L2/n_21/mul_reg[29]
merged         L2/n_21/mul_reg[31] merged with L2/n_21/mul_reg[29]
merged         L2/n_22/mul_reg[30] merged with L2/n_22/mul_reg[29]
merged         L2/n_22/mul_reg[31] merged with L2/n_22/mul_reg[29]
merged         L2/n_24/mul_reg[30] merged with L2/n_24/mul_reg[29]
merged         L2/n_24/mul_reg[31] merged with L2/n_24/mul_reg[29]
merged         L2/n_28/mul_reg[30] merged with L2/n_28/mul_reg[29]
merged         L2/n_28/mul_reg[31] merged with L2/n_28/mul_reg[29]
merged         L2/n_29/mul_reg[30] merged with L2/n_29/mul_reg[29]
merged         L2/n_29/mul_reg[31] merged with L2/n_29/mul_reg[29]
merged         L2/n_2/mult_valid_reg merged with L2/n_0/mult_valid_reg
merged         L2/n_5/mult_valid_reg merged with L2/n_0/mult_valid_reg
merged         L2/n_6/mult_valid_reg merged with L2/n_0/mult_valid_reg
merged         L2/n_7/mult_valid_reg merged with L2/n_0/mult_valid_reg
merged         L2/n_14/mult_valid_reg merged with L2/n_0/mult_valid_reg
merged         L2/n_15/mult_valid_reg merged with L2/n_0/mult_valid_reg
merged         L2/n_16/mult_valid_reg merged with L2/n_0/mult_valid_reg
merged         L2/n_17/mult_valid_reg merged with L2/n_0/mult_valid_reg
merged         L2/n_20/mult_valid_reg merged with L2/n_0/mult_valid_reg
merged         L2/n_21/mult_valid_reg merged with L2/n_0/mult_valid_reg
merged         L2/n_22/mult_valid_reg merged with L2/n_0/mult_valid_reg
merged         L2/n_24/mult_valid_reg merged with L2/n_0/mult_valid_reg
merged         L2/n_27/mult_valid_reg merged with L2/n_0/mult_valid_reg
merged         L2/n_28/mult_valid_reg merged with L2/n_0/mult_valid_reg
merged         L2/n_29/mult_valid_reg merged with L2/n_0/mult_valid_reg
merged         L2/n_2/muxValid_d_reg merged with L2/n_0/muxValid_d_reg
merged         L2/n_5/muxValid_d_reg merged with L2/n_0/muxValid_d_reg
merged         L2/n_6/muxValid_d_reg merged with L2/n_0/muxValid_d_reg
merged         L2/n_7/muxValid_d_reg merged with L2/n_0/muxValid_d_reg
merged         L2/n_14/muxValid_d_reg merged with L2/n_0/muxValid_d_reg
merged         L2/n_15/muxValid_d_reg merged with L2/n_0/muxValid_d_reg
merged         L2/n_16/muxValid_d_reg merged with L2/n_0/muxValid_d_reg
merged         L2/n_17/muxValid_d_reg merged with L2/n_0/muxValid_d_reg
merged         L2/n_20/muxValid_d_reg merged with L2/n_0/muxValid_d_reg
merged         L2/n_21/muxValid_d_reg merged with L2/n_0/muxValid_d_reg
merged         L2/n_22/muxValid_d_reg merged with L2/n_0/muxValid_d_reg
merged         L2/n_24/muxValid_d_reg merged with L2/n_0/muxValid_d_reg
merged         L2/n_27/muxValid_d_reg merged with L2/n_0/muxValid_d_reg
merged         L2/n_28/muxValid_d_reg merged with L2/n_0/muxValid_d_reg
merged         L2/n_29/muxValid_d_reg merged with L2/n_0/muxValid_d_reg
merged         L2/n_2/muxValid_f_reg merged with L2/n_0/muxValid_f_reg
merged         L2/n_5/muxValid_f_reg merged with L2/n_0/muxValid_f_reg
merged         L2/n_6/muxValid_f_reg merged with L2/n_0/muxValid_f_reg
merged         L2/n_7/muxValid_f_reg merged with L2/n_0/muxValid_f_reg
merged         L2/n_14/muxValid_f_reg merged with L2/n_0/muxValid_f_reg
merged         L2/n_15/muxValid_f_reg merged with L2/n_0/muxValid_f_reg
merged         L2/n_16/muxValid_f_reg merged with L2/n_0/muxValid_f_reg
merged         L2/n_17/muxValid_f_reg merged with L2/n_0/muxValid_f_reg
merged         L2/n_20/muxValid_f_reg merged with L2/n_0/muxValid_f_reg
merged         L2/n_21/muxValid_f_reg merged with L2/n_0/muxValid_f_reg
merged         L2/n_22/muxValid_f_reg merged with L2/n_0/muxValid_f_reg
merged         L2/n_24/muxValid_f_reg merged with L2/n_0/muxValid_f_reg
merged         L2/n_27/muxValid_f_reg merged with L2/n_0/muxValid_f_reg
merged         L2/n_28/muxValid_f_reg merged with L2/n_0/muxValid_f_reg
merged         L2/n_29/muxValid_f_reg merged with L2/n_0/muxValid_f_reg
merged         L2/n_2/mul_reg[31] merged with L2/n_2/mul_reg[30]
merged         L2/n_5/mul_reg[31] merged with L2/n_5/mul_reg[30]
merged         L2/n_14/mul_reg[31] merged with L2/n_14/mul_reg[30]
merged         L2/n_16/mul_reg[31] merged with L2/n_16/mul_reg[30]
merged         L2/n_17/mul_reg[31] merged with L2/n_17/mul_reg[30]
merged         L2/n_20/mul_reg[29] merged with L2/n_20/mul_reg[28]
merged         L2/n_22/mul_reg[29] merged with L2/n_22/mul_reg[28]
merged         L2/n_27/mul_reg[31] merged with L2/n_27/mul_reg[30]
merged         L2/n_28/mul_reg[29] merged with L2/n_28/mul_reg[28]
merged         L2/n_2/outvalid_i_reg merged with L2/n_0/outvalid_i_reg
merged         L2/n_5/outvalid_i_reg merged with L2/n_0/outvalid_i_reg
merged         L2/n_6/outvalid_i_reg merged with L2/n_0/outvalid_i_reg
merged         L2/n_7/outvalid_i_reg merged with L2/n_0/outvalid_i_reg
merged         L2/n_14/outvalid_i_reg merged with L2/n_0/outvalid_i_reg
merged         L2/n_15/outvalid_i_reg merged with L2/n_0/outvalid_i_reg
merged         L2/n_16/outvalid_i_reg merged with L2/n_0/outvalid_i_reg
merged         L2/n_17/outvalid_i_reg merged with L2/n_0/outvalid_i_reg
merged         L2/n_20/outvalid_i_reg merged with L2/n_0/outvalid_i_reg
merged         L2/n_21/outvalid_i_reg merged with L2/n_0/outvalid_i_reg
merged         L2/n_22/outvalid_i_reg merged with L2/n_0/outvalid_i_reg
merged         L2/n_24/outvalid_i_reg merged with L2/n_0/outvalid_i_reg
merged         L2/n_27/outvalid_i_reg merged with L2/n_0/outvalid_i_reg
merged         L2/n_28/outvalid_i_reg merged with L2/n_0/outvalid_i_reg
merged         L2/n_29/outvalid_i_reg merged with L2/n_0/outvalid_i_reg
merged         L2/n_2/r_addr_reg[0] merged with L2/n_0/r_addr_reg[0]
merged         L2/n_5/r_addr_reg[0] merged with L2/n_0/r_addr_reg[0]
merged         L2/n_6/r_addr_reg[0] merged with L2/n_0/r_addr_reg[0]
merged         L2/n_7/r_addr_reg[0] merged with L2/n_0/r_addr_reg[0]
merged         L2/n_14/r_addr_reg[0] merged with L2/n_0/r_addr_reg[0]
merged         L2/n_15/r_addr_reg[0] merged with L2/n_0/r_addr_reg[0]
merged         L2/n_16/r_addr_reg[0] merged with L2/n_0/r_addr_reg[0]
merged         L2/n_17/r_addr_reg[0] merged with L2/n_0/r_addr_reg[0]
merged         L2/n_20/r_addr_reg[0] merged with L2/n_0/r_addr_reg[0]
merged         L2/n_21/r_addr_reg[0] merged with L2/n_0/r_addr_reg[0]
merged         L2/n_22/r_addr_reg[0] merged with L2/n_0/r_addr_reg[0]
merged         L2/n_24/r_addr_reg[0] merged with L2/n_0/r_addr_reg[0]
merged         L2/n_27/r_addr_reg[0] merged with L2/n_0/r_addr_reg[0]
merged         L2/n_28/r_addr_reg[0] merged with L2/n_0/r_addr_reg[0]
merged         L2/n_29/r_addr_reg[0] merged with L2/n_0/r_addr_reg[0]
merged         L2/n_2/r_addr_reg[1] merged with L2/n_0/r_addr_reg[1]
merged         L2/n_5/r_addr_reg[1] merged with L2/n_0/r_addr_reg[1]
merged         L2/n_6/r_addr_reg[1] merged with L2/n_0/r_addr_reg[1]
merged         L2/n_7/r_addr_reg[1] merged with L2/n_0/r_addr_reg[1]
merged         L2/n_14/r_addr_reg[1] merged with L2/n_0/r_addr_reg[1]
merged         L2/n_15/r_addr_reg[1] merged with L2/n_0/r_addr_reg[1]
merged         L2/n_16/r_addr_reg[1] merged with L2/n_0/r_addr_reg[1]
merged         L2/n_17/r_addr_reg[1] merged with L2/n_0/r_addr_reg[1]
merged         L2/n_20/r_addr_reg[1] merged with L2/n_0/r_addr_reg[1]
merged         L2/n_21/r_addr_reg[1] merged with L2/n_0/r_addr_reg[1]
merged         L2/n_22/r_addr_reg[1] merged with L2/n_0/r_addr_reg[1]
merged         L2/n_24/r_addr_reg[1] merged with L2/n_0/r_addr_reg[1]
merged         L2/n_27/r_addr_reg[1] merged with L2/n_0/r_addr_reg[1]
merged         L2/n_28/r_addr_reg[1] merged with L2/n_0/r_addr_reg[1]
merged         L2/n_29/r_addr_reg[1] merged with L2/n_0/r_addr_reg[1]
merged         L2/n_2/r_addr_reg[3] merged with L2/n_0/r_addr_reg[3]
merged         L2/n_5/r_addr_reg[3] merged with L2/n_0/r_addr_reg[3]
merged         L2/n_6/r_addr_reg[3] merged with L2/n_0/r_addr_reg[3]
merged         L2/n_7/r_addr_reg[3] merged with L2/n_0/r_addr_reg[3]
merged         L2/n_14/r_addr_reg[3] merged with L2/n_0/r_addr_reg[3]
merged         L2/n_15/r_addr_reg[3] merged with L2/n_0/r_addr_reg[3]
merged         L2/n_16/r_addr_reg[3] merged with L2/n_0/r_addr_reg[3]
merged         L2/n_17/r_addr_reg[3] merged with L2/n_0/r_addr_reg[3]
merged         L2/n_20/r_addr_reg[3] merged with L2/n_0/r_addr_reg[3]
merged         L2/n_21/r_addr_reg[3] merged with L2/n_0/r_addr_reg[3]
merged         L2/n_22/r_addr_reg[3] merged with L2/n_0/r_addr_reg[3]
merged         L2/n_24/r_addr_reg[3] merged with L2/n_0/r_addr_reg[3]
merged         L2/n_27/r_addr_reg[3] merged with L2/n_0/r_addr_reg[3]
merged         L2/n_28/r_addr_reg[3] merged with L2/n_0/r_addr_reg[3]
merged         L2/n_29/r_addr_reg[3] merged with L2/n_0/r_addr_reg[3]
merged         L2/n_2/r_addr_reg[4] merged with L2/n_0/r_addr_reg[4]
merged         L2/n_5/r_addr_reg[4] merged with L2/n_0/r_addr_reg[4]
merged         L2/n_6/r_addr_reg[4] merged with L2/n_0/r_addr_reg[4]
merged         L2/n_7/r_addr_reg[4] merged with L2/n_0/r_addr_reg[4]
merged         L2/n_14/r_addr_reg[4] merged with L2/n_0/r_addr_reg[4]
merged         L2/n_15/r_addr_reg[4] merged with L2/n_0/r_addr_reg[4]
merged         L2/n_16/r_addr_reg[4] merged with L2/n_0/r_addr_reg[4]
merged         L2/n_17/r_addr_reg[4] merged with L2/n_0/r_addr_reg[4]
merged         L2/n_20/r_addr_reg[4] merged with L2/n_0/r_addr_reg[4]
merged         L2/n_21/r_addr_reg[4] merged with L2/n_0/r_addr_reg[4]
merged         L2/n_22/r_addr_reg[4] merged with L2/n_0/r_addr_reg[4]
merged         L2/n_24/r_addr_reg[4] merged with L2/n_0/r_addr_reg[4]
merged         L2/n_27/r_addr_reg[4] merged with L2/n_0/r_addr_reg[4]
merged         L2/n_28/r_addr_reg[4] merged with L2/n_0/r_addr_reg[4]
merged         L2/n_29/r_addr_reg[4] merged with L2/n_0/r_addr_reg[4]
merged         L2/n_2/r_addr_reg[5] merged with L2/n_0/r_addr_reg[5]
merged         L2/n_5/r_addr_reg[5] merged with L2/n_0/r_addr_reg[5]
merged         L2/n_6/r_addr_reg[5] merged with L2/n_0/r_addr_reg[5]
merged         L2/n_7/r_addr_reg[5] merged with L2/n_0/r_addr_reg[5]
merged         L2/n_14/r_addr_reg[5] merged with L2/n_0/r_addr_reg[5]
merged         L2/n_15/r_addr_reg[5] merged with L2/n_0/r_addr_reg[5]
merged         L2/n_16/r_addr_reg[5] merged with L2/n_0/r_addr_reg[5]
merged         L2/n_17/r_addr_reg[5] merged with L2/n_0/r_addr_reg[5]
merged         L2/n_20/r_addr_reg[5] merged with L2/n_0/r_addr_reg[5]
merged         L2/n_21/r_addr_reg[5] merged with L2/n_0/r_addr_reg[5]
merged         L2/n_22/r_addr_reg[5] merged with L2/n_0/r_addr_reg[5]
merged         L2/n_24/r_addr_reg[5] merged with L2/n_0/r_addr_reg[5]
merged         L2/n_27/r_addr_reg[5] merged with L2/n_0/r_addr_reg[5]
merged         L2/n_28/r_addr_reg[5] merged with L2/n_0/r_addr_reg[5]
merged         L2/n_29/r_addr_reg[5] merged with L2/n_0/r_addr_reg[5]
merged         L2/n_2/r_addr_reg[2] merged with L2/n_0/r_addr_reg[2]
merged         L2/n_5/r_addr_reg[2] merged with L2/n_0/r_addr_reg[2]
merged         L2/n_6/r_addr_reg[2] merged with L2/n_0/r_addr_reg[2]
merged         L2/n_7/r_addr_reg[2] merged with L2/n_0/r_addr_reg[2]
merged         L2/n_14/r_addr_reg[2] merged with L2/n_0/r_addr_reg[2]
merged         L2/n_15/r_addr_reg[2] merged with L2/n_0/r_addr_reg[2]
merged         L2/n_16/r_addr_reg[2] merged with L2/n_0/r_addr_reg[2]
merged         L2/n_17/r_addr_reg[2] merged with L2/n_0/r_addr_reg[2]
merged         L2/n_20/r_addr_reg[2] merged with L2/n_0/r_addr_reg[2]
merged         L2/n_21/r_addr_reg[2] merged with L2/n_0/r_addr_reg[2]
merged         L2/n_22/r_addr_reg[2] merged with L2/n_0/r_addr_reg[2]
merged         L2/n_24/r_addr_reg[2] merged with L2/n_0/r_addr_reg[2]
merged         L2/n_27/r_addr_reg[2] merged with L2/n_0/r_addr_reg[2]
merged         L2/n_28/r_addr_reg[2] merged with L2/n_0/r_addr_reg[2]
merged         L2/n_29/r_addr_reg[2] merged with L2/n_0/r_addr_reg[2]
merged         L2/n_2/sigValid_reg merged with L2/n_0/sigValid_reg
merged         L2/n_5/sigValid_reg merged with L2/n_0/sigValid_reg
merged         L2/n_6/sigValid_reg merged with L2/n_0/sigValid_reg
merged         L2/n_7/sigValid_reg merged with L2/n_0/sigValid_reg
merged         L2/n_14/sigValid_reg merged with L2/n_0/sigValid_reg
merged         L2/n_15/sigValid_reg merged with L2/n_0/sigValid_reg
merged         L2/n_16/sigValid_reg merged with L2/n_0/sigValid_reg
merged         L2/n_17/sigValid_reg merged with L2/n_0/sigValid_reg
merged         L2/n_20/sigValid_reg merged with L2/n_0/sigValid_reg
merged         L2/n_21/sigValid_reg merged with L2/n_0/sigValid_reg
merged         L2/n_22/sigValid_reg merged with L2/n_0/sigValid_reg
merged         L2/n_24/sigValid_reg merged with L2/n_0/sigValid_reg
merged         L2/n_27/sigValid_reg merged with L2/n_0/sigValid_reg
merged         L2/n_28/sigValid_reg merged with L2/n_0/sigValid_reg
merged         L2/n_29/sigValid_reg merged with L2/n_0/sigValid_reg
merged         L1/n_0/WM/wout_reg[13] merged with L1/n_0/WM/wout_reg[12]
merged         L1/n_0/WM/wout_reg[14] merged with L1/n_0/WM/wout_reg[12]
merged         L1/n_0/WM/wout_reg[15] merged with L1/n_0/WM/wout_reg[12]
merged         L1/n_5/WM/wout_reg[14] merged with L1/n_5/WM/wout_reg[13]
merged         L1/n_5/WM/wout_reg[15] merged with L1/n_5/WM/wout_reg[13]
merged         L1/n_9/WM/wout_reg[14] merged with L1/n_9/WM/wout_reg[13]
merged         L1/n_9/WM/wout_reg[15] merged with L1/n_9/WM/wout_reg[13]
merged         L1/n_13/WM/wout_reg[13] merged with L1/n_13/WM/wout_reg[12]
merged         L1/n_13/WM/wout_reg[14] merged with L1/n_13/WM/wout_reg[12]
merged         L1/n_13/WM/wout_reg[15] merged with L1/n_13/WM/wout_reg[12]
merged         L1/n_15/WM/wout_reg[13] merged with L1/n_15/WM/wout_reg[12]
merged         L1/n_15/WM/wout_reg[14] merged with L1/n_15/WM/wout_reg[12]
merged         L1/n_15/WM/wout_reg[15] merged with L1/n_15/WM/wout_reg[12]
merged         L1/n_18/WM/wout_reg[13] merged with L1/n_18/WM/wout_reg[12]
merged         L1/n_18/WM/wout_reg[14] merged with L1/n_18/WM/wout_reg[12]
merged         L1/n_18/WM/wout_reg[15] merged with L1/n_18/WM/wout_reg[12]
merged         L1/n_19/WM/wout_reg[13] merged with L1/n_19/WM/wout_reg[12]
merged         L1/n_19/WM/wout_reg[14] merged with L1/n_19/WM/wout_reg[12]
merged         L1/n_19/WM/wout_reg[15] merged with L1/n_19/WM/wout_reg[12]
merged         L1/n_20/WM/wout_reg[13] merged with L1/n_20/WM/wout_reg[12]
merged         L1/n_20/WM/wout_reg[14] merged with L1/n_20/WM/wout_reg[12]
merged         L1/n_20/WM/wout_reg[15] merged with L1/n_20/WM/wout_reg[12]
merged         L1/n_22/WM/wout_reg[13] merged with L1/n_22/WM/wout_reg[12]
merged         L1/n_22/WM/wout_reg[14] merged with L1/n_22/WM/wout_reg[12]
merged         L1/n_22/WM/wout_reg[15] merged with L1/n_22/WM/wout_reg[12]
merged         L1/n_28/WM/wout_reg[13] merged with L1/n_28/WM/wout_reg[12]
merged         L1/n_28/WM/wout_reg[14] merged with L1/n_28/WM/wout_reg[12]
merged         L1/n_28/WM/wout_reg[15] merged with L1/n_28/WM/wout_reg[12]
merged         L1/n_0/mul_reg[30] merged with L1/n_0/mul_reg[29]
merged         L1/n_0/mul_reg[31] merged with L1/n_0/mul_reg[29]
merged         L1/n_5/myinputd_reg[0] merged with L1/n_0/myinputd_reg[0]
merged         L1/n_9/myinputd_reg[0] merged with L1/n_0/myinputd_reg[0]
merged         L1/n_13/myinputd_reg[0] merged with L1/n_0/myinputd_reg[0]
merged         L1/n_15/myinputd_reg[0] merged with L1/n_0/myinputd_reg[0]
merged         L1/n_18/myinputd_reg[0] merged with L1/n_0/myinputd_reg[0]
merged         L1/n_19/myinputd_reg[0] merged with L1/n_0/myinputd_reg[0]
merged         L1/n_20/myinputd_reg[0] merged with L1/n_0/myinputd_reg[0]
merged         L1/n_22/myinputd_reg[0] merged with L1/n_0/myinputd_reg[0]
merged         L1/n_28/myinputd_reg[0] merged with L1/n_0/myinputd_reg[0]
merged         L1/n_5/myinputd_reg[1] merged with L1/n_0/myinputd_reg[1]
merged         L1/n_9/myinputd_reg[1] merged with L1/n_0/myinputd_reg[1]
merged         L1/n_13/myinputd_reg[1] merged with L1/n_0/myinputd_reg[1]
merged         L1/n_15/myinputd_reg[1] merged with L1/n_0/myinputd_reg[1]
merged         L1/n_18/myinputd_reg[1] merged with L1/n_0/myinputd_reg[1]
merged         L1/n_19/myinputd_reg[1] merged with L1/n_0/myinputd_reg[1]
merged         L1/n_20/myinputd_reg[1] merged with L1/n_0/myinputd_reg[1]
merged         L1/n_22/myinputd_reg[1] merged with L1/n_0/myinputd_reg[1]
merged         L1/n_28/myinputd_reg[1] merged with L1/n_0/myinputd_reg[1]
merged         L1/n_5/myinputd_reg[2] merged with L1/n_0/myinputd_reg[2]
merged         L1/n_9/myinputd_reg[2] merged with L1/n_0/myinputd_reg[2]
merged         L1/n_13/myinputd_reg[2] merged with L1/n_0/myinputd_reg[2]
merged         L1/n_15/myinputd_reg[2] merged with L1/n_0/myinputd_reg[2]
merged         L1/n_18/myinputd_reg[2] merged with L1/n_0/myinputd_reg[2]
merged         L1/n_19/myinputd_reg[2] merged with L1/n_0/myinputd_reg[2]
merged         L1/n_20/myinputd_reg[2] merged with L1/n_0/myinputd_reg[2]
merged         L1/n_22/myinputd_reg[2] merged with L1/n_0/myinputd_reg[2]
merged         L1/n_28/myinputd_reg[2] merged with L1/n_0/myinputd_reg[2]
merged         L1/n_5/myinputd_reg[3] merged with L1/n_0/myinputd_reg[3]
merged         L1/n_9/myinputd_reg[3] merged with L1/n_0/myinputd_reg[3]
merged         L1/n_13/myinputd_reg[3] merged with L1/n_0/myinputd_reg[3]
merged         L1/n_15/myinputd_reg[3] merged with L1/n_0/myinputd_reg[3]
merged         L1/n_18/myinputd_reg[3] merged with L1/n_0/myinputd_reg[3]
merged         L1/n_19/myinputd_reg[3] merged with L1/n_0/myinputd_reg[3]
merged         L1/n_20/myinputd_reg[3] merged with L1/n_0/myinputd_reg[3]
merged         L1/n_22/myinputd_reg[3] merged with L1/n_0/myinputd_reg[3]
merged         L1/n_28/myinputd_reg[3] merged with L1/n_0/myinputd_reg[3]
merged         L1/n_5/myinputd_reg[4] merged with L1/n_0/myinputd_reg[4]
merged         L1/n_9/myinputd_reg[4] merged with L1/n_0/myinputd_reg[4]
merged         L1/n_13/myinputd_reg[4] merged with L1/n_0/myinputd_reg[4]
merged         L1/n_15/myinputd_reg[4] merged with L1/n_0/myinputd_reg[4]
merged         L1/n_18/myinputd_reg[4] merged with L1/n_0/myinputd_reg[4]
merged         L1/n_19/myinputd_reg[4] merged with L1/n_0/myinputd_reg[4]
merged         L1/n_20/myinputd_reg[4] merged with L1/n_0/myinputd_reg[4]
merged         L1/n_22/myinputd_reg[4] merged with L1/n_0/myinputd_reg[4]
merged         L1/n_28/myinputd_reg[4] merged with L1/n_0/myinputd_reg[4]
merged         L1/n_5/myinputd_reg[5] merged with L1/n_0/myinputd_reg[5]
merged         L1/n_9/myinputd_reg[5] merged with L1/n_0/myinputd_reg[5]
merged         L1/n_13/myinputd_reg[5] merged with L1/n_0/myinputd_reg[5]
merged         L1/n_15/myinputd_reg[5] merged with L1/n_0/myinputd_reg[5]
merged         L1/n_18/myinputd_reg[5] merged with L1/n_0/myinputd_reg[5]
merged         L1/n_19/myinputd_reg[5] merged with L1/n_0/myinputd_reg[5]
merged         L1/n_20/myinputd_reg[5] merged with L1/n_0/myinputd_reg[5]
merged         L1/n_22/myinputd_reg[5] merged with L1/n_0/myinputd_reg[5]
merged         L1/n_28/myinputd_reg[5] merged with L1/n_0/myinputd_reg[5]
merged         L1/n_5/myinputd_reg[6] merged with L1/n_0/myinputd_reg[6]
merged         L1/n_9/myinputd_reg[6] merged with L1/n_0/myinputd_reg[6]
merged         L1/n_13/myinputd_reg[6] merged with L1/n_0/myinputd_reg[6]
merged         L1/n_15/myinputd_reg[6] merged with L1/n_0/myinputd_reg[6]
merged         L1/n_18/myinputd_reg[6] merged with L1/n_0/myinputd_reg[6]
merged         L1/n_19/myinputd_reg[6] merged with L1/n_0/myinputd_reg[6]
merged         L1/n_20/myinputd_reg[6] merged with L1/n_0/myinputd_reg[6]
merged         L1/n_22/myinputd_reg[6] merged with L1/n_0/myinputd_reg[6]
merged         L1/n_28/myinputd_reg[6] merged with L1/n_0/myinputd_reg[6]
merged         L1/n_5/myinputd_reg[7] merged with L1/n_0/myinputd_reg[7]
merged         L1/n_9/myinputd_reg[7] merged with L1/n_0/myinputd_reg[7]
merged         L1/n_13/myinputd_reg[7] merged with L1/n_0/myinputd_reg[7]
merged         L1/n_15/myinputd_reg[7] merged with L1/n_0/myinputd_reg[7]
merged         L1/n_18/myinputd_reg[7] merged with L1/n_0/myinputd_reg[7]
merged         L1/n_19/myinputd_reg[7] merged with L1/n_0/myinputd_reg[7]
merged         L1/n_20/myinputd_reg[7] merged with L1/n_0/myinputd_reg[7]
merged         L1/n_22/myinputd_reg[7] merged with L1/n_0/myinputd_reg[7]
merged         L1/n_28/myinputd_reg[7] merged with L1/n_0/myinputd_reg[7]
merged         L1/n_5/myinputd_reg[8] merged with L1/n_0/myinputd_reg[8]
merged         L1/n_9/myinputd_reg[8] merged with L1/n_0/myinputd_reg[8]
merged         L1/n_13/myinputd_reg[8] merged with L1/n_0/myinputd_reg[8]
merged         L1/n_15/myinputd_reg[8] merged with L1/n_0/myinputd_reg[8]
merged         L1/n_18/myinputd_reg[8] merged with L1/n_0/myinputd_reg[8]
merged         L1/n_19/myinputd_reg[8] merged with L1/n_0/myinputd_reg[8]
merged         L1/n_20/myinputd_reg[8] merged with L1/n_0/myinputd_reg[8]
merged         L1/n_22/myinputd_reg[8] merged with L1/n_0/myinputd_reg[8]
merged         L1/n_28/myinputd_reg[8] merged with L1/n_0/myinputd_reg[8]
merged         L1/n_5/myinputd_reg[9] merged with L1/n_0/myinputd_reg[9]
merged         L1/n_9/myinputd_reg[9] merged with L1/n_0/myinputd_reg[9]
merged         L1/n_13/myinputd_reg[9] merged with L1/n_0/myinputd_reg[9]
merged         L1/n_15/myinputd_reg[9] merged with L1/n_0/myinputd_reg[9]
merged         L1/n_18/myinputd_reg[9] merged with L1/n_0/myinputd_reg[9]
merged         L1/n_19/myinputd_reg[9] merged with L1/n_0/myinputd_reg[9]
merged         L1/n_20/myinputd_reg[9] merged with L1/n_0/myinputd_reg[9]
merged         L1/n_22/myinputd_reg[9] merged with L1/n_0/myinputd_reg[9]
merged         L1/n_28/myinputd_reg[9] merged with L1/n_0/myinputd_reg[9]
merged         L1/n_5/myinputd_reg[10] merged with L1/n_0/myinputd_reg[10]
merged         L1/n_9/myinputd_reg[10] merged with L1/n_0/myinputd_reg[10]
merged         L1/n_13/myinputd_reg[10] merged with L1/n_0/myinputd_reg[10]
merged         L1/n_15/myinputd_reg[10] merged with L1/n_0/myinputd_reg[10]
merged         L1/n_18/myinputd_reg[10] merged with L1/n_0/myinputd_reg[10]
merged         L1/n_19/myinputd_reg[10] merged with L1/n_0/myinputd_reg[10]
merged         L1/n_20/myinputd_reg[10] merged with L1/n_0/myinputd_reg[10]
merged         L1/n_22/myinputd_reg[10] merged with L1/n_0/myinputd_reg[10]
merged         L1/n_28/myinputd_reg[10] merged with L1/n_0/myinputd_reg[10]
merged         L1/n_5/myinputd_reg[11] merged with L1/n_0/myinputd_reg[11]
merged         L1/n_9/myinputd_reg[11] merged with L1/n_0/myinputd_reg[11]
merged         L1/n_13/myinputd_reg[11] merged with L1/n_0/myinputd_reg[11]
merged         L1/n_15/myinputd_reg[11] merged with L1/n_0/myinputd_reg[11]
merged         L1/n_18/myinputd_reg[11] merged with L1/n_0/myinputd_reg[11]
merged         L1/n_19/myinputd_reg[11] merged with L1/n_0/myinputd_reg[11]
merged         L1/n_20/myinputd_reg[11] merged with L1/n_0/myinputd_reg[11]
merged         L1/n_22/myinputd_reg[11] merged with L1/n_0/myinputd_reg[11]
merged         L1/n_28/myinputd_reg[11] merged with L1/n_0/myinputd_reg[11]
merged         L1/n_5/myinputd_reg[12] merged with L1/n_0/myinputd_reg[12]
merged         L1/n_9/myinputd_reg[12] merged with L1/n_0/myinputd_reg[12]
merged         L1/n_13/myinputd_reg[12] merged with L1/n_0/myinputd_reg[12]
merged         L1/n_15/myinputd_reg[12] merged with L1/n_0/myinputd_reg[12]
merged         L1/n_18/myinputd_reg[12] merged with L1/n_0/myinputd_reg[12]
merged         L1/n_19/myinputd_reg[12] merged with L1/n_0/myinputd_reg[12]
merged         L1/n_20/myinputd_reg[12] merged with L1/n_0/myinputd_reg[12]
merged         L1/n_22/myinputd_reg[12] merged with L1/n_0/myinputd_reg[12]
merged         L1/n_28/myinputd_reg[12] merged with L1/n_0/myinputd_reg[12]
merged         L1/n_5/myinputd_reg[13] merged with L1/n_0/myinputd_reg[13]
merged         L1/n_9/myinputd_reg[13] merged with L1/n_0/myinputd_reg[13]
merged         L1/n_13/myinputd_reg[13] merged with L1/n_0/myinputd_reg[13]
merged         L1/n_15/myinputd_reg[13] merged with L1/n_0/myinputd_reg[13]
merged         L1/n_18/myinputd_reg[13] merged with L1/n_0/myinputd_reg[13]
merged         L1/n_19/myinputd_reg[13] merged with L1/n_0/myinputd_reg[13]
merged         L1/n_20/myinputd_reg[13] merged with L1/n_0/myinputd_reg[13]
merged         L1/n_22/myinputd_reg[13] merged with L1/n_0/myinputd_reg[13]
merged         L1/n_28/myinputd_reg[13] merged with L1/n_0/myinputd_reg[13]
merged         L1/n_5/myinputd_reg[14] merged with L1/n_0/myinputd_reg[14]
merged         L1/n_9/myinputd_reg[14] merged with L1/n_0/myinputd_reg[14]
merged         L1/n_13/myinputd_reg[14] merged with L1/n_0/myinputd_reg[14]
merged         L1/n_15/myinputd_reg[14] merged with L1/n_0/myinputd_reg[14]
merged         L1/n_18/myinputd_reg[14] merged with L1/n_0/myinputd_reg[14]
merged         L1/n_19/myinputd_reg[14] merged with L1/n_0/myinputd_reg[14]
merged         L1/n_20/myinputd_reg[14] merged with L1/n_0/myinputd_reg[14]
merged         L1/n_22/myinputd_reg[14] merged with L1/n_0/myinputd_reg[14]
merged         L1/n_28/myinputd_reg[14] merged with L1/n_0/myinputd_reg[14]
merged         L1/n_5/myinputd_reg[15] merged with L1/n_0/myinputd_reg[15]
merged         L1/n_9/myinputd_reg[15] merged with L1/n_0/myinputd_reg[15]
merged         L1/n_13/myinputd_reg[15] merged with L1/n_0/myinputd_reg[15]
merged         L1/n_15/myinputd_reg[15] merged with L1/n_0/myinputd_reg[15]
merged         L1/n_18/myinputd_reg[15] merged with L1/n_0/myinputd_reg[15]
merged         L1/n_19/myinputd_reg[15] merged with L1/n_0/myinputd_reg[15]
merged         L1/n_20/myinputd_reg[15] merged with L1/n_0/myinputd_reg[15]
merged         L1/n_22/myinputd_reg[15] merged with L1/n_0/myinputd_reg[15]
merged         L1/n_28/myinputd_reg[15] merged with L1/n_0/myinputd_reg[15]
merged         L1/n_5/weight_valid_reg merged with L1/n_0/weight_valid_reg
merged         L1/n_9/weight_valid_reg merged with L1/n_0/weight_valid_reg
merged         L1/n_13/weight_valid_reg merged with L1/n_0/weight_valid_reg
merged         L1/n_15/weight_valid_reg merged with L1/n_0/weight_valid_reg
merged         L1/n_18/weight_valid_reg merged with L1/n_0/weight_valid_reg
merged         L1/n_19/weight_valid_reg merged with L1/n_0/weight_valid_reg
merged         L1/n_20/weight_valid_reg merged with L1/n_0/weight_valid_reg
merged         L1/n_22/weight_valid_reg merged with L1/n_0/weight_valid_reg
merged         L1/n_28/weight_valid_reg merged with L1/n_0/weight_valid_reg
merged         L1/n_5/mul_reg[30] merged with L1/n_5/mul_reg[29]
merged         L1/n_5/mul_reg[31] merged with L1/n_5/mul_reg[29]
merged         L1/n_9/mul_reg[30] merged with L1/n_9/mul_reg[29]
merged         L1/n_9/mul_reg[31] merged with L1/n_9/mul_reg[29]
merged         L1/n_13/mul_reg[30] merged with L1/n_13/mul_reg[29]
merged         L1/n_13/mul_reg[31] merged with L1/n_13/mul_reg[29]
merged         L1/n_15/mul_reg[30] merged with L1/n_15/mul_reg[29]
merged         L1/n_15/mul_reg[31] merged with L1/n_15/mul_reg[29]
merged         L1/n_18/mul_reg[30] merged with L1/n_18/mul_reg[29]
merged         L1/n_18/mul_reg[31] merged with L1/n_18/mul_reg[29]
merged         L1/n_19/mul_reg[30] merged with L1/n_19/mul_reg[29]
merged         L1/n_19/mul_reg[31] merged with L1/n_19/mul_reg[29]
merged         L1/n_20/mul_reg[30] merged with L1/n_20/mul_reg[29]
merged         L1/n_20/mul_reg[31] merged with L1/n_20/mul_reg[29]
merged         L1/n_22/mul_reg[30] merged with L1/n_22/mul_reg[29]
merged         L1/n_22/mul_reg[31] merged with L1/n_22/mul_reg[29]
merged         L1/n_28/mul_reg[30] merged with L1/n_28/mul_reg[29]
merged         L1/n_28/mul_reg[31] merged with L1/n_28/mul_reg[29]
merged         L1/n_5/mult_valid_reg merged with L1/n_0/mult_valid_reg
merged         L1/n_9/mult_valid_reg merged with L1/n_0/mult_valid_reg
merged         L1/n_13/mult_valid_reg merged with L1/n_0/mult_valid_reg
merged         L1/n_15/mult_valid_reg merged with L1/n_0/mult_valid_reg
merged         L1/n_18/mult_valid_reg merged with L1/n_0/mult_valid_reg
merged         L1/n_19/mult_valid_reg merged with L1/n_0/mult_valid_reg
merged         L1/n_20/mult_valid_reg merged with L1/n_0/mult_valid_reg
merged         L1/n_22/mult_valid_reg merged with L1/n_0/mult_valid_reg
merged         L1/n_28/mult_valid_reg merged with L1/n_0/mult_valid_reg
merged         L1/n_5/muxValid_d_reg merged with L1/n_0/muxValid_d_reg
merged         L1/n_9/muxValid_d_reg merged with L1/n_0/muxValid_d_reg
merged         L1/n_13/muxValid_d_reg merged with L1/n_0/muxValid_d_reg
merged         L1/n_15/muxValid_d_reg merged with L1/n_0/muxValid_d_reg
merged         L1/n_18/muxValid_d_reg merged with L1/n_0/muxValid_d_reg
merged         L1/n_19/muxValid_d_reg merged with L1/n_0/muxValid_d_reg
merged         L1/n_20/muxValid_d_reg merged with L1/n_0/muxValid_d_reg
merged         L1/n_22/muxValid_d_reg merged with L1/n_0/muxValid_d_reg
merged         L1/n_28/muxValid_d_reg merged with L1/n_0/muxValid_d_reg
merged         L1/n_5/muxValid_f_reg merged with L1/n_0/muxValid_f_reg
merged         L1/n_9/muxValid_f_reg merged with L1/n_0/muxValid_f_reg
merged         L1/n_13/muxValid_f_reg merged with L1/n_0/muxValid_f_reg
merged         L1/n_15/muxValid_f_reg merged with L1/n_0/muxValid_f_reg
merged         L1/n_18/muxValid_f_reg merged with L1/n_0/muxValid_f_reg
merged         L1/n_19/muxValid_f_reg merged with L1/n_0/muxValid_f_reg
merged         L1/n_20/muxValid_f_reg merged with L1/n_0/muxValid_f_reg
merged         L1/n_22/muxValid_f_reg merged with L1/n_0/muxValid_f_reg
merged         L1/n_28/muxValid_f_reg merged with L1/n_0/muxValid_f_reg
merged         L1/n_0/mul_reg[29] merged with L1/n_0/mul_reg[28]
merged         L1/n_13/mul_reg[29] merged with L1/n_13/mul_reg[28]
merged         L1/n_15/mul_reg[29] merged with L1/n_15/mul_reg[28]
merged         L1/n_18/mul_reg[29] merged with L1/n_18/mul_reg[28]
merged         L1/n_19/mul_reg[29] merged with L1/n_19/mul_reg[28]
merged         L1/n_20/mul_reg[29] merged with L1/n_20/mul_reg[28]
merged         L1/n_22/mul_reg[29] merged with L1/n_22/mul_reg[28]
merged         L1/n_28/mul_reg[29] merged with L1/n_28/mul_reg[28]
merged         L1/n_5/outvalid_i_reg merged with L1/n_0/outvalid_i_reg
merged         L1/n_9/outvalid_i_reg merged with L1/n_0/outvalid_i_reg
merged         L1/n_13/outvalid_i_reg merged with L1/n_0/outvalid_i_reg
merged         L1/n_15/outvalid_i_reg merged with L1/n_0/outvalid_i_reg
merged         L1/n_18/outvalid_i_reg merged with L1/n_0/outvalid_i_reg
merged         L1/n_19/outvalid_i_reg merged with L1/n_0/outvalid_i_reg
merged         L1/n_20/outvalid_i_reg merged with L1/n_0/outvalid_i_reg
merged         L1/n_22/outvalid_i_reg merged with L1/n_0/outvalid_i_reg
merged         L1/n_28/outvalid_i_reg merged with L1/n_0/outvalid_i_reg
merged         L1/n_5/r_addr_reg[0] merged with L1/n_0/r_addr_reg[0]
merged         L1/n_9/r_addr_reg[0] merged with L1/n_0/r_addr_reg[0]
merged         L1/n_13/r_addr_reg[0] merged with L1/n_0/r_addr_reg[0]
merged         L1/n_15/r_addr_reg[0] merged with L1/n_0/r_addr_reg[0]
merged         L1/n_18/r_addr_reg[0] merged with L1/n_0/r_addr_reg[0]
merged         L1/n_19/r_addr_reg[0] merged with L1/n_0/r_addr_reg[0]
merged         L1/n_20/r_addr_reg[0] merged with L1/n_0/r_addr_reg[0]
merged         L1/n_22/r_addr_reg[0] merged with L1/n_0/r_addr_reg[0]
merged         L1/n_28/r_addr_reg[0] merged with L1/n_0/r_addr_reg[0]
merged         L1/n_5/r_addr_reg[1] merged with L1/n_0/r_addr_reg[1]
merged         L1/n_9/r_addr_reg[1] merged with L1/n_0/r_addr_reg[1]
merged         L1/n_13/r_addr_reg[1] merged with L1/n_0/r_addr_reg[1]
merged         L1/n_15/r_addr_reg[1] merged with L1/n_0/r_addr_reg[1]
merged         L1/n_18/r_addr_reg[1] merged with L1/n_0/r_addr_reg[1]
merged         L1/n_19/r_addr_reg[1] merged with L1/n_0/r_addr_reg[1]
merged         L1/n_20/r_addr_reg[1] merged with L1/n_0/r_addr_reg[1]
merged         L1/n_22/r_addr_reg[1] merged with L1/n_0/r_addr_reg[1]
merged         L1/n_28/r_addr_reg[1] merged with L1/n_0/r_addr_reg[1]
merged         L1/n_5/r_addr_reg[2] merged with L1/n_0/r_addr_reg[2]
merged         L1/n_9/r_addr_reg[2] merged with L1/n_0/r_addr_reg[2]
merged         L1/n_13/r_addr_reg[2] merged with L1/n_0/r_addr_reg[2]
merged         L1/n_15/r_addr_reg[2] merged with L1/n_0/r_addr_reg[2]
merged         L1/n_18/r_addr_reg[2] merged with L1/n_0/r_addr_reg[2]
merged         L1/n_19/r_addr_reg[2] merged with L1/n_0/r_addr_reg[2]
merged         L1/n_20/r_addr_reg[2] merged with L1/n_0/r_addr_reg[2]
merged         L1/n_22/r_addr_reg[2] merged with L1/n_0/r_addr_reg[2]
merged         L1/n_28/r_addr_reg[2] merged with L1/n_0/r_addr_reg[2]
merged         L1/n_5/r_addr_reg[10] merged with L1/n_0/r_addr_reg[10]
merged         L1/n_9/r_addr_reg[10] merged with L1/n_0/r_addr_reg[10]
merged         L1/n_13/r_addr_reg[10] merged with L1/n_0/r_addr_reg[10]
merged         L1/n_15/r_addr_reg[10] merged with L1/n_0/r_addr_reg[10]
merged         L1/n_18/r_addr_reg[10] merged with L1/n_0/r_addr_reg[10]
merged         L1/n_19/r_addr_reg[10] merged with L1/n_0/r_addr_reg[10]
merged         L1/n_20/r_addr_reg[10] merged with L1/n_0/r_addr_reg[10]
merged         L1/n_22/r_addr_reg[10] merged with L1/n_0/r_addr_reg[10]
merged         L1/n_28/r_addr_reg[10] merged with L1/n_0/r_addr_reg[10]
merged         L1/n_5/r_addr_reg[9] merged with L1/n_0/r_addr_reg[9]
merged         L1/n_9/r_addr_reg[9] merged with L1/n_0/r_addr_reg[9]
merged         L1/n_13/r_addr_reg[9] merged with L1/n_0/r_addr_reg[9]
merged         L1/n_15/r_addr_reg[9] merged with L1/n_0/r_addr_reg[9]
merged         L1/n_18/r_addr_reg[9] merged with L1/n_0/r_addr_reg[9]
merged         L1/n_19/r_addr_reg[9] merged with L1/n_0/r_addr_reg[9]
merged         L1/n_20/r_addr_reg[9] merged with L1/n_0/r_addr_reg[9]
merged         L1/n_22/r_addr_reg[9] merged with L1/n_0/r_addr_reg[9]
merged         L1/n_28/r_addr_reg[9] merged with L1/n_0/r_addr_reg[9]
merged         L1/n_5/r_addr_reg[8] merged with L1/n_0/r_addr_reg[8]
merged         L1/n_9/r_addr_reg[8] merged with L1/n_0/r_addr_reg[8]
merged         L1/n_13/r_addr_reg[8] merged with L1/n_0/r_addr_reg[8]
merged         L1/n_15/r_addr_reg[8] merged with L1/n_0/r_addr_reg[8]
merged         L1/n_18/r_addr_reg[8] merged with L1/n_0/r_addr_reg[8]
merged         L1/n_19/r_addr_reg[8] merged with L1/n_0/r_addr_reg[8]
merged         L1/n_20/r_addr_reg[8] merged with L1/n_0/r_addr_reg[8]
merged         L1/n_22/r_addr_reg[8] merged with L1/n_0/r_addr_reg[8]
merged         L1/n_28/r_addr_reg[8] merged with L1/n_0/r_addr_reg[8]
merged         L1/n_5/r_addr_reg[7] merged with L1/n_0/r_addr_reg[7]
merged         L1/n_9/r_addr_reg[7] merged with L1/n_0/r_addr_reg[7]
merged         L1/n_13/r_addr_reg[7] merged with L1/n_0/r_addr_reg[7]
merged         L1/n_15/r_addr_reg[7] merged with L1/n_0/r_addr_reg[7]
merged         L1/n_18/r_addr_reg[7] merged with L1/n_0/r_addr_reg[7]
merged         L1/n_19/r_addr_reg[7] merged with L1/n_0/r_addr_reg[7]
merged         L1/n_20/r_addr_reg[7] merged with L1/n_0/r_addr_reg[7]
merged         L1/n_22/r_addr_reg[7] merged with L1/n_0/r_addr_reg[7]
merged         L1/n_28/r_addr_reg[7] merged with L1/n_0/r_addr_reg[7]
merged         L1/n_5/r_addr_reg[6] merged with L1/n_0/r_addr_reg[6]
merged         L1/n_9/r_addr_reg[6] merged with L1/n_0/r_addr_reg[6]
merged         L1/n_13/r_addr_reg[6] merged with L1/n_0/r_addr_reg[6]
merged         L1/n_15/r_addr_reg[6] merged with L1/n_0/r_addr_reg[6]
merged         L1/n_18/r_addr_reg[6] merged with L1/n_0/r_addr_reg[6]
merged         L1/n_19/r_addr_reg[6] merged with L1/n_0/r_addr_reg[6]
merged         L1/n_20/r_addr_reg[6] merged with L1/n_0/r_addr_reg[6]
merged         L1/n_22/r_addr_reg[6] merged with L1/n_0/r_addr_reg[6]
merged         L1/n_28/r_addr_reg[6] merged with L1/n_0/r_addr_reg[6]
merged         L1/n_5/r_addr_reg[5] merged with L1/n_0/r_addr_reg[5]
merged         L1/n_9/r_addr_reg[5] merged with L1/n_0/r_addr_reg[5]
merged         L1/n_13/r_addr_reg[5] merged with L1/n_0/r_addr_reg[5]
merged         L1/n_15/r_addr_reg[5] merged with L1/n_0/r_addr_reg[5]
merged         L1/n_18/r_addr_reg[5] merged with L1/n_0/r_addr_reg[5]
merged         L1/n_19/r_addr_reg[5] merged with L1/n_0/r_addr_reg[5]
merged         L1/n_20/r_addr_reg[5] merged with L1/n_0/r_addr_reg[5]
merged         L1/n_22/r_addr_reg[5] merged with L1/n_0/r_addr_reg[5]
merged         L1/n_28/r_addr_reg[5] merged with L1/n_0/r_addr_reg[5]
merged         L1/n_5/r_addr_reg[4] merged with L1/n_0/r_addr_reg[4]
merged         L1/n_9/r_addr_reg[4] merged with L1/n_0/r_addr_reg[4]
merged         L1/n_13/r_addr_reg[4] merged with L1/n_0/r_addr_reg[4]
merged         L1/n_15/r_addr_reg[4] merged with L1/n_0/r_addr_reg[4]
merged         L1/n_18/r_addr_reg[4] merged with L1/n_0/r_addr_reg[4]
merged         L1/n_19/r_addr_reg[4] merged with L1/n_0/r_addr_reg[4]
merged         L1/n_20/r_addr_reg[4] merged with L1/n_0/r_addr_reg[4]
merged         L1/n_22/r_addr_reg[4] merged with L1/n_0/r_addr_reg[4]
merged         L1/n_28/r_addr_reg[4] merged with L1/n_0/r_addr_reg[4]
merged         L1/n_5/r_addr_reg[3] merged with L1/n_0/r_addr_reg[3]
merged         L1/n_9/r_addr_reg[3] merged with L1/n_0/r_addr_reg[3]
merged         L1/n_13/r_addr_reg[3] merged with L1/n_0/r_addr_reg[3]
merged         L1/n_15/r_addr_reg[3] merged with L1/n_0/r_addr_reg[3]
merged         L1/n_18/r_addr_reg[3] merged with L1/n_0/r_addr_reg[3]
merged         L1/n_19/r_addr_reg[3] merged with L1/n_0/r_addr_reg[3]
merged         L1/n_20/r_addr_reg[3] merged with L1/n_0/r_addr_reg[3]
merged         L1/n_22/r_addr_reg[3] merged with L1/n_0/r_addr_reg[3]
merged         L1/n_28/r_addr_reg[3] merged with L1/n_0/r_addr_reg[3]
merged         L1/n_5/sigValid_reg merged with L1/n_0/sigValid_reg
merged         L1/n_9/sigValid_reg merged with L1/n_0/sigValid_reg
merged         L1/n_13/sigValid_reg merged with L1/n_0/sigValid_reg
merged         L1/n_15/sigValid_reg merged with L1/n_0/sigValid_reg
merged         L1/n_18/sigValid_reg merged with L1/n_0/sigValid_reg
merged         L1/n_19/sigValid_reg merged with L1/n_0/sigValid_reg
merged         L1/n_20/sigValid_reg merged with L1/n_0/sigValid_reg
merged         L1/n_22/sigValid_reg merged with L1/n_0/sigValid_reg
merged         L1/n_28/sigValid_reg merged with L1/n_0/sigValid_reg
merged         L1/n_2/WM/wout_reg[14] merged with L1/n_2/WM/wout_reg[13]
merged         L1/n_2/WM/wout_reg[15] merged with L1/n_2/WM/wout_reg[13]
merged         L1/n_3/WM/wout_reg[14] merged with L1/n_3/WM/wout_reg[13]
merged         L1/n_3/WM/wout_reg[15] merged with L1/n_3/WM/wout_reg[13]
merged         L1/n_8/WM/wout_reg[13] merged with L1/n_8/WM/wout_reg[12]
merged         L1/n_8/WM/wout_reg[14] merged with L1/n_8/WM/wout_reg[12]
merged         L1/n_8/WM/wout_reg[15] merged with L1/n_8/WM/wout_reg[12]
merged         L1/n_10/WM/wout_reg[14] merged with L1/n_10/WM/wout_reg[13]
merged         L1/n_10/WM/wout_reg[15] merged with L1/n_10/WM/wout_reg[13]
merged         L1/n_11/WM/wout_reg[13] merged with L1/n_11/WM/wout_reg[12]
merged         L1/n_11/WM/wout_reg[14] merged with L1/n_11/WM/wout_reg[12]
merged         L1/n_11/WM/wout_reg[15] merged with L1/n_11/WM/wout_reg[12]
merged         L1/n_17/WM/wout_reg[13] merged with L1/n_17/WM/wout_reg[12]
merged         L1/n_17/WM/wout_reg[14] merged with L1/n_17/WM/wout_reg[12]
merged         L1/n_17/WM/wout_reg[15] merged with L1/n_17/WM/wout_reg[12]
merged         L1/n_21/WM/wout_reg[15] merged with L1/n_21/WM/wout_reg[14]
merged         L1/n_23/WM/wout_reg[14] merged with L1/n_23/WM/wout_reg[13]
merged         L1/n_23/WM/wout_reg[15] merged with L1/n_23/WM/wout_reg[13]
merged         L1/n_24/WM/wout_reg[13] merged with L1/n_24/WM/wout_reg[12]
merged         L1/n_24/WM/wout_reg[14] merged with L1/n_24/WM/wout_reg[12]
merged         L1/n_24/WM/wout_reg[15] merged with L1/n_24/WM/wout_reg[12]
merged         L1/n_27/WM/wout_reg[13] merged with L1/n_27/WM/wout_reg[12]
merged         L1/n_27/WM/wout_reg[14] merged with L1/n_27/WM/wout_reg[12]
merged         L1/n_27/WM/wout_reg[15] merged with L1/n_27/WM/wout_reg[12]
merged         L1/n_2/mul_reg[30] merged with L1/n_2/mul_reg[29]
merged         L1/n_2/mul_reg[31] merged with L1/n_2/mul_reg[29]
merged         L1/n_3/myinputd_reg[0] merged with L1/n_2/myinputd_reg[0]
merged         L1/n_8/myinputd_reg[0] merged with L1/n_2/myinputd_reg[0]
merged         L1/n_10/myinputd_reg[0] merged with L1/n_2/myinputd_reg[0]
merged         L1/n_11/myinputd_reg[0] merged with L1/n_2/myinputd_reg[0]
merged         L1/n_17/myinputd_reg[0] merged with L1/n_2/myinputd_reg[0]
merged         L1/n_21/myinputd_reg[0] merged with L1/n_2/myinputd_reg[0]
merged         L1/n_23/myinputd_reg[0] merged with L1/n_2/myinputd_reg[0]
merged         L1/n_24/myinputd_reg[0] merged with L1/n_2/myinputd_reg[0]
merged         L1/n_27/myinputd_reg[0] merged with L1/n_2/myinputd_reg[0]
merged         L1/n_3/myinputd_reg[1] merged with L1/n_2/myinputd_reg[1]
merged         L1/n_8/myinputd_reg[1] merged with L1/n_2/myinputd_reg[1]
merged         L1/n_10/myinputd_reg[1] merged with L1/n_2/myinputd_reg[1]
merged         L1/n_11/myinputd_reg[1] merged with L1/n_2/myinputd_reg[1]
merged         L1/n_17/myinputd_reg[1] merged with L1/n_2/myinputd_reg[1]
merged         L1/n_21/myinputd_reg[1] merged with L1/n_2/myinputd_reg[1]
merged         L1/n_23/myinputd_reg[1] merged with L1/n_2/myinputd_reg[1]
merged         L1/n_24/myinputd_reg[1] merged with L1/n_2/myinputd_reg[1]
merged         L1/n_27/myinputd_reg[1] merged with L1/n_2/myinputd_reg[1]
merged         L1/n_3/myinputd_reg[2] merged with L1/n_2/myinputd_reg[2]
merged         L1/n_8/myinputd_reg[2] merged with L1/n_2/myinputd_reg[2]
merged         L1/n_10/myinputd_reg[2] merged with L1/n_2/myinputd_reg[2]
merged         L1/n_11/myinputd_reg[2] merged with L1/n_2/myinputd_reg[2]
merged         L1/n_17/myinputd_reg[2] merged with L1/n_2/myinputd_reg[2]
merged         L1/n_21/myinputd_reg[2] merged with L1/n_2/myinputd_reg[2]
merged         L1/n_23/myinputd_reg[2] merged with L1/n_2/myinputd_reg[2]
merged         L1/n_24/myinputd_reg[2] merged with L1/n_2/myinputd_reg[2]
merged         L1/n_27/myinputd_reg[2] merged with L1/n_2/myinputd_reg[2]
merged         L1/n_3/myinputd_reg[3] merged with L1/n_2/myinputd_reg[3]
merged         L1/n_8/myinputd_reg[3] merged with L1/n_2/myinputd_reg[3]
merged         L1/n_10/myinputd_reg[3] merged with L1/n_2/myinputd_reg[3]
merged         L1/n_11/myinputd_reg[3] merged with L1/n_2/myinputd_reg[3]
merged         L1/n_17/myinputd_reg[3] merged with L1/n_2/myinputd_reg[3]
merged         L1/n_21/myinputd_reg[3] merged with L1/n_2/myinputd_reg[3]
merged         L1/n_23/myinputd_reg[3] merged with L1/n_2/myinputd_reg[3]
merged         L1/n_24/myinputd_reg[3] merged with L1/n_2/myinputd_reg[3]
merged         L1/n_27/myinputd_reg[3] merged with L1/n_2/myinputd_reg[3]
merged         L1/n_3/myinputd_reg[4] merged with L1/n_2/myinputd_reg[4]
merged         L1/n_8/myinputd_reg[4] merged with L1/n_2/myinputd_reg[4]
merged         L1/n_10/myinputd_reg[4] merged with L1/n_2/myinputd_reg[4]
merged         L1/n_11/myinputd_reg[4] merged with L1/n_2/myinputd_reg[4]
merged         L1/n_17/myinputd_reg[4] merged with L1/n_2/myinputd_reg[4]
merged         L1/n_21/myinputd_reg[4] merged with L1/n_2/myinputd_reg[4]
merged         L1/n_23/myinputd_reg[4] merged with L1/n_2/myinputd_reg[4]
merged         L1/n_24/myinputd_reg[4] merged with L1/n_2/myinputd_reg[4]
merged         L1/n_27/myinputd_reg[4] merged with L1/n_2/myinputd_reg[4]
merged         L1/n_3/myinputd_reg[5] merged with L1/n_2/myinputd_reg[5]
merged         L1/n_8/myinputd_reg[5] merged with L1/n_2/myinputd_reg[5]
merged         L1/n_10/myinputd_reg[5] merged with L1/n_2/myinputd_reg[5]
merged         L1/n_11/myinputd_reg[5] merged with L1/n_2/myinputd_reg[5]
merged         L1/n_17/myinputd_reg[5] merged with L1/n_2/myinputd_reg[5]
merged         L1/n_21/myinputd_reg[5] merged with L1/n_2/myinputd_reg[5]
merged         L1/n_23/myinputd_reg[5] merged with L1/n_2/myinputd_reg[5]
merged         L1/n_24/myinputd_reg[5] merged with L1/n_2/myinputd_reg[5]
merged         L1/n_27/myinputd_reg[5] merged with L1/n_2/myinputd_reg[5]
merged         L1/n_3/myinputd_reg[6] merged with L1/n_2/myinputd_reg[6]
merged         L1/n_8/myinputd_reg[6] merged with L1/n_2/myinputd_reg[6]
merged         L1/n_10/myinputd_reg[6] merged with L1/n_2/myinputd_reg[6]
merged         L1/n_11/myinputd_reg[6] merged with L1/n_2/myinputd_reg[6]
merged         L1/n_17/myinputd_reg[6] merged with L1/n_2/myinputd_reg[6]
merged         L1/n_21/myinputd_reg[6] merged with L1/n_2/myinputd_reg[6]
merged         L1/n_23/myinputd_reg[6] merged with L1/n_2/myinputd_reg[6]
merged         L1/n_24/myinputd_reg[6] merged with L1/n_2/myinputd_reg[6]
merged         L1/n_27/myinputd_reg[6] merged with L1/n_2/myinputd_reg[6]
merged         L1/n_3/myinputd_reg[7] merged with L1/n_2/myinputd_reg[7]
merged         L1/n_8/myinputd_reg[7] merged with L1/n_2/myinputd_reg[7]
merged         L1/n_10/myinputd_reg[7] merged with L1/n_2/myinputd_reg[7]
merged         L1/n_11/myinputd_reg[7] merged with L1/n_2/myinputd_reg[7]
merged         L1/n_17/myinputd_reg[7] merged with L1/n_2/myinputd_reg[7]
merged         L1/n_21/myinputd_reg[7] merged with L1/n_2/myinputd_reg[7]
merged         L1/n_23/myinputd_reg[7] merged with L1/n_2/myinputd_reg[7]
merged         L1/n_24/myinputd_reg[7] merged with L1/n_2/myinputd_reg[7]
merged         L1/n_27/myinputd_reg[7] merged with L1/n_2/myinputd_reg[7]
merged         L1/n_3/myinputd_reg[8] merged with L1/n_2/myinputd_reg[8]
merged         L1/n_8/myinputd_reg[8] merged with L1/n_2/myinputd_reg[8]
merged         L1/n_10/myinputd_reg[8] merged with L1/n_2/myinputd_reg[8]
merged         L1/n_11/myinputd_reg[8] merged with L1/n_2/myinputd_reg[8]
merged         L1/n_17/myinputd_reg[8] merged with L1/n_2/myinputd_reg[8]
merged         L1/n_21/myinputd_reg[8] merged with L1/n_2/myinputd_reg[8]
merged         L1/n_23/myinputd_reg[8] merged with L1/n_2/myinputd_reg[8]
merged         L1/n_24/myinputd_reg[8] merged with L1/n_2/myinputd_reg[8]
merged         L1/n_27/myinputd_reg[8] merged with L1/n_2/myinputd_reg[8]
merged         L1/n_3/myinputd_reg[9] merged with L1/n_2/myinputd_reg[9]
merged         L1/n_8/myinputd_reg[9] merged with L1/n_2/myinputd_reg[9]
merged         L1/n_10/myinputd_reg[9] merged with L1/n_2/myinputd_reg[9]
merged         L1/n_11/myinputd_reg[9] merged with L1/n_2/myinputd_reg[9]
merged         L1/n_17/myinputd_reg[9] merged with L1/n_2/myinputd_reg[9]
merged         L1/n_21/myinputd_reg[9] merged with L1/n_2/myinputd_reg[9]
merged         L1/n_23/myinputd_reg[9] merged with L1/n_2/myinputd_reg[9]
merged         L1/n_24/myinputd_reg[9] merged with L1/n_2/myinputd_reg[9]
merged         L1/n_27/myinputd_reg[9] merged with L1/n_2/myinputd_reg[9]
merged         L1/n_3/myinputd_reg[10] merged with L1/n_2/myinputd_reg[10]
merged         L1/n_8/myinputd_reg[10] merged with L1/n_2/myinputd_reg[10]
merged         L1/n_10/myinputd_reg[10] merged with L1/n_2/myinputd_reg[10]
merged         L1/n_11/myinputd_reg[10] merged with L1/n_2/myinputd_reg[10]
merged         L1/n_17/myinputd_reg[10] merged with L1/n_2/myinputd_reg[10]
merged         L1/n_21/myinputd_reg[10] merged with L1/n_2/myinputd_reg[10]
merged         L1/n_23/myinputd_reg[10] merged with L1/n_2/myinputd_reg[10]
merged         L1/n_24/myinputd_reg[10] merged with L1/n_2/myinputd_reg[10]
merged         L1/n_27/myinputd_reg[10] merged with L1/n_2/myinputd_reg[10]
merged         L1/n_3/myinputd_reg[11] merged with L1/n_2/myinputd_reg[11]
merged         L1/n_8/myinputd_reg[11] merged with L1/n_2/myinputd_reg[11]
merged         L1/n_10/myinputd_reg[11] merged with L1/n_2/myinputd_reg[11]
merged         L1/n_11/myinputd_reg[11] merged with L1/n_2/myinputd_reg[11]
merged         L1/n_17/myinputd_reg[11] merged with L1/n_2/myinputd_reg[11]
merged         L1/n_21/myinputd_reg[11] merged with L1/n_2/myinputd_reg[11]
merged         L1/n_23/myinputd_reg[11] merged with L1/n_2/myinputd_reg[11]
merged         L1/n_24/myinputd_reg[11] merged with L1/n_2/myinputd_reg[11]
merged         L1/n_27/myinputd_reg[11] merged with L1/n_2/myinputd_reg[11]
merged         L1/n_3/myinputd_reg[12] merged with L1/n_2/myinputd_reg[12]
merged         L1/n_8/myinputd_reg[12] merged with L1/n_2/myinputd_reg[12]
merged         L1/n_10/myinputd_reg[12] merged with L1/n_2/myinputd_reg[12]
merged         L1/n_11/myinputd_reg[12] merged with L1/n_2/myinputd_reg[12]
merged         L1/n_17/myinputd_reg[12] merged with L1/n_2/myinputd_reg[12]
merged         L1/n_21/myinputd_reg[12] merged with L1/n_2/myinputd_reg[12]
merged         L1/n_23/myinputd_reg[12] merged with L1/n_2/myinputd_reg[12]
merged         L1/n_24/myinputd_reg[12] merged with L1/n_2/myinputd_reg[12]
merged         L1/n_27/myinputd_reg[12] merged with L1/n_2/myinputd_reg[12]
merged         L1/n_3/myinputd_reg[13] merged with L1/n_2/myinputd_reg[13]
merged         L1/n_8/myinputd_reg[13] merged with L1/n_2/myinputd_reg[13]
merged         L1/n_10/myinputd_reg[13] merged with L1/n_2/myinputd_reg[13]
merged         L1/n_11/myinputd_reg[13] merged with L1/n_2/myinputd_reg[13]
merged         L1/n_17/myinputd_reg[13] merged with L1/n_2/myinputd_reg[13]
merged         L1/n_21/myinputd_reg[13] merged with L1/n_2/myinputd_reg[13]
merged         L1/n_23/myinputd_reg[13] merged with L1/n_2/myinputd_reg[13]
merged         L1/n_24/myinputd_reg[13] merged with L1/n_2/myinputd_reg[13]
merged         L1/n_27/myinputd_reg[13] merged with L1/n_2/myinputd_reg[13]
merged         L1/n_3/myinputd_reg[14] merged with L1/n_2/myinputd_reg[14]
merged         L1/n_8/myinputd_reg[14] merged with L1/n_2/myinputd_reg[14]
merged         L1/n_10/myinputd_reg[14] merged with L1/n_2/myinputd_reg[14]
merged         L1/n_11/myinputd_reg[14] merged with L1/n_2/myinputd_reg[14]
merged         L1/n_17/myinputd_reg[14] merged with L1/n_2/myinputd_reg[14]
merged         L1/n_21/myinputd_reg[14] merged with L1/n_2/myinputd_reg[14]
merged         L1/n_23/myinputd_reg[14] merged with L1/n_2/myinputd_reg[14]
merged         L1/n_24/myinputd_reg[14] merged with L1/n_2/myinputd_reg[14]
merged         L1/n_27/myinputd_reg[14] merged with L1/n_2/myinputd_reg[14]
merged         L1/n_3/myinputd_reg[15] merged with L1/n_2/myinputd_reg[15]
merged         L1/n_8/myinputd_reg[15] merged with L1/n_2/myinputd_reg[15]
merged         L1/n_10/myinputd_reg[15] merged with L1/n_2/myinputd_reg[15]
merged         L1/n_11/myinputd_reg[15] merged with L1/n_2/myinputd_reg[15]
merged         L1/n_17/myinputd_reg[15] merged with L1/n_2/myinputd_reg[15]
merged         L1/n_21/myinputd_reg[15] merged with L1/n_2/myinputd_reg[15]
merged         L1/n_23/myinputd_reg[15] merged with L1/n_2/myinputd_reg[15]
merged         L1/n_24/myinputd_reg[15] merged with L1/n_2/myinputd_reg[15]
merged         L1/n_27/myinputd_reg[15] merged with L1/n_2/myinputd_reg[15]
merged         L1/n_3/weight_valid_reg merged with L1/n_2/weight_valid_reg
merged         L1/n_8/weight_valid_reg merged with L1/n_2/weight_valid_reg
merged         L1/n_10/weight_valid_reg merged with L1/n_2/weight_valid_reg
merged         L1/n_11/weight_valid_reg merged with L1/n_2/weight_valid_reg
merged         L1/n_17/weight_valid_reg merged with L1/n_2/weight_valid_reg
merged         L1/n_21/weight_valid_reg merged with L1/n_2/weight_valid_reg
merged         L1/n_23/weight_valid_reg merged with L1/n_2/weight_valid_reg
merged         L1/n_24/weight_valid_reg merged with L1/n_2/weight_valid_reg
merged         L1/n_27/weight_valid_reg merged with L1/n_2/weight_valid_reg
merged         L1/n_3/mul_reg[30] merged with L1/n_3/mul_reg[29]
merged         L1/n_3/mul_reg[31] merged with L1/n_3/mul_reg[29]
merged         L1/n_8/mul_reg[30] merged with L1/n_8/mul_reg[29]
merged         L1/n_8/mul_reg[31] merged with L1/n_8/mul_reg[29]
merged         L1/n_10/mul_reg[30] merged with L1/n_10/mul_reg[29]
merged         L1/n_10/mul_reg[31] merged with L1/n_10/mul_reg[29]
merged         L1/n_11/mul_reg[30] merged with L1/n_11/mul_reg[29]
merged         L1/n_11/mul_reg[31] merged with L1/n_11/mul_reg[29]
merged         L1/n_17/mul_reg[30] merged with L1/n_17/mul_reg[29]
merged         L1/n_17/mul_reg[31] merged with L1/n_17/mul_reg[29]
merged         L1/n_23/mul_reg[30] merged with L1/n_23/mul_reg[29]
merged         L1/n_23/mul_reg[31] merged with L1/n_23/mul_reg[29]
merged         L1/n_24/mul_reg[30] merged with L1/n_24/mul_reg[29]
merged         L1/n_24/mul_reg[31] merged with L1/n_24/mul_reg[29]
merged         L1/n_27/mul_reg[30] merged with L1/n_27/mul_reg[29]
merged         L1/n_27/mul_reg[31] merged with L1/n_27/mul_reg[29]
merged         L1/n_3/mult_valid_reg merged with L1/n_2/mult_valid_reg
merged         L1/n_8/mult_valid_reg merged with L1/n_2/mult_valid_reg
merged         L1/n_10/mult_valid_reg merged with L1/n_2/mult_valid_reg
merged         L1/n_11/mult_valid_reg merged with L1/n_2/mult_valid_reg
merged         L1/n_17/mult_valid_reg merged with L1/n_2/mult_valid_reg
merged         L1/n_21/mult_valid_reg merged with L1/n_2/mult_valid_reg
merged         L1/n_23/mult_valid_reg merged with L1/n_2/mult_valid_reg
merged         L1/n_24/mult_valid_reg merged with L1/n_2/mult_valid_reg
merged         L1/n_27/mult_valid_reg merged with L1/n_2/mult_valid_reg
merged         L1/n_3/muxValid_d_reg merged with L1/n_2/muxValid_d_reg
merged         L1/n_8/muxValid_d_reg merged with L1/n_2/muxValid_d_reg
merged         L1/n_10/muxValid_d_reg merged with L1/n_2/muxValid_d_reg
merged         L1/n_11/muxValid_d_reg merged with L1/n_2/muxValid_d_reg
merged         L1/n_17/muxValid_d_reg merged with L1/n_2/muxValid_d_reg
merged         L1/n_21/muxValid_d_reg merged with L1/n_2/muxValid_d_reg
merged         L1/n_23/muxValid_d_reg merged with L1/n_2/muxValid_d_reg
merged         L1/n_24/muxValid_d_reg merged with L1/n_2/muxValid_d_reg
merged         L1/n_27/muxValid_d_reg merged with L1/n_2/muxValid_d_reg
merged         L1/n_3/muxValid_f_reg merged with L1/n_2/muxValid_f_reg
merged         L1/n_8/muxValid_f_reg merged with L1/n_2/muxValid_f_reg
merged         L1/n_10/muxValid_f_reg merged with L1/n_2/muxValid_f_reg
merged         L1/n_11/muxValid_f_reg merged with L1/n_2/muxValid_f_reg
merged         L1/n_17/muxValid_f_reg merged with L1/n_2/muxValid_f_reg
merged         L1/n_21/muxValid_f_reg merged with L1/n_2/muxValid_f_reg
merged         L1/n_23/muxValid_f_reg merged with L1/n_2/muxValid_f_reg
merged         L1/n_24/muxValid_f_reg merged with L1/n_2/muxValid_f_reg
merged         L1/n_27/muxValid_f_reg merged with L1/n_2/muxValid_f_reg
merged         L1/n_8/mul_reg[29] merged with L1/n_8/mul_reg[28]
merged         L1/n_11/mul_reg[29] merged with L1/n_11/mul_reg[28]
merged         L1/n_17/mul_reg[29] merged with L1/n_17/mul_reg[28]
merged         L1/n_21/mul_reg[31] merged with L1/n_21/mul_reg[30]
merged         L1/n_24/mul_reg[29] merged with L1/n_24/mul_reg[28]
merged         L1/n_27/mul_reg[29] merged with L1/n_27/mul_reg[28]
merged         L1/n_3/outvalid_i_reg merged with L1/n_2/outvalid_i_reg
merged         L1/n_8/outvalid_i_reg merged with L1/n_2/outvalid_i_reg
merged         L1/n_10/outvalid_i_reg merged with L1/n_2/outvalid_i_reg
merged         L1/n_11/outvalid_i_reg merged with L1/n_2/outvalid_i_reg
merged         L1/n_17/outvalid_i_reg merged with L1/n_2/outvalid_i_reg
merged         L1/n_21/outvalid_i_reg merged with L1/n_2/outvalid_i_reg
merged         L1/n_23/outvalid_i_reg merged with L1/n_2/outvalid_i_reg
merged         L1/n_24/outvalid_i_reg merged with L1/n_2/outvalid_i_reg
merged         L1/n_27/outvalid_i_reg merged with L1/n_2/outvalid_i_reg
merged         L1/n_3/r_addr_reg[0] merged with L1/n_2/r_addr_reg[0]
merged         L1/n_8/r_addr_reg[0] merged with L1/n_2/r_addr_reg[0]
merged         L1/n_10/r_addr_reg[0] merged with L1/n_2/r_addr_reg[0]
merged         L1/n_11/r_addr_reg[0] merged with L1/n_2/r_addr_reg[0]
merged         L1/n_17/r_addr_reg[0] merged with L1/n_2/r_addr_reg[0]
merged         L1/n_21/r_addr_reg[0] merged with L1/n_2/r_addr_reg[0]
merged         L1/n_23/r_addr_reg[0] merged with L1/n_2/r_addr_reg[0]
merged         L1/n_24/r_addr_reg[0] merged with L1/n_2/r_addr_reg[0]
merged         L1/n_27/r_addr_reg[0] merged with L1/n_2/r_addr_reg[0]
merged         L1/n_3/r_addr_reg[1] merged with L1/n_2/r_addr_reg[1]
merged         L1/n_8/r_addr_reg[1] merged with L1/n_2/r_addr_reg[1]
merged         L1/n_10/r_addr_reg[1] merged with L1/n_2/r_addr_reg[1]
merged         L1/n_11/r_addr_reg[1] merged with L1/n_2/r_addr_reg[1]
merged         L1/n_17/r_addr_reg[1] merged with L1/n_2/r_addr_reg[1]
merged         L1/n_21/r_addr_reg[1] merged with L1/n_2/r_addr_reg[1]
merged         L1/n_23/r_addr_reg[1] merged with L1/n_2/r_addr_reg[1]
merged         L1/n_24/r_addr_reg[1] merged with L1/n_2/r_addr_reg[1]
merged         L1/n_27/r_addr_reg[1] merged with L1/n_2/r_addr_reg[1]
merged         L1/n_3/r_addr_reg[2] merged with L1/n_2/r_addr_reg[2]
merged         L1/n_8/r_addr_reg[2] merged with L1/n_2/r_addr_reg[2]
merged         L1/n_10/r_addr_reg[2] merged with L1/n_2/r_addr_reg[2]
merged         L1/n_11/r_addr_reg[2] merged with L1/n_2/r_addr_reg[2]
merged         L1/n_17/r_addr_reg[2] merged with L1/n_2/r_addr_reg[2]
merged         L1/n_21/r_addr_reg[2] merged with L1/n_2/r_addr_reg[2]
merged         L1/n_23/r_addr_reg[2] merged with L1/n_2/r_addr_reg[2]
merged         L1/n_24/r_addr_reg[2] merged with L1/n_2/r_addr_reg[2]
merged         L1/n_27/r_addr_reg[2] merged with L1/n_2/r_addr_reg[2]
merged         L1/n_3/r_addr_reg[10] merged with L1/n_2/r_addr_reg[10]
merged         L1/n_8/r_addr_reg[10] merged with L1/n_2/r_addr_reg[10]
merged         L1/n_10/r_addr_reg[10] merged with L1/n_2/r_addr_reg[10]
merged         L1/n_11/r_addr_reg[10] merged with L1/n_2/r_addr_reg[10]
merged         L1/n_17/r_addr_reg[10] merged with L1/n_2/r_addr_reg[10]
merged         L1/n_21/r_addr_reg[10] merged with L1/n_2/r_addr_reg[10]
merged         L1/n_23/r_addr_reg[10] merged with L1/n_2/r_addr_reg[10]
merged         L1/n_24/r_addr_reg[10] merged with L1/n_2/r_addr_reg[10]
merged         L1/n_27/r_addr_reg[10] merged with L1/n_2/r_addr_reg[10]
merged         L1/n_3/r_addr_reg[9] merged with L1/n_2/r_addr_reg[9]
merged         L1/n_8/r_addr_reg[9] merged with L1/n_2/r_addr_reg[9]
merged         L1/n_10/r_addr_reg[9] merged with L1/n_2/r_addr_reg[9]
merged         L1/n_11/r_addr_reg[9] merged with L1/n_2/r_addr_reg[9]
merged         L1/n_17/r_addr_reg[9] merged with L1/n_2/r_addr_reg[9]
merged         L1/n_21/r_addr_reg[9] merged with L1/n_2/r_addr_reg[9]
merged         L1/n_23/r_addr_reg[9] merged with L1/n_2/r_addr_reg[9]
merged         L1/n_24/r_addr_reg[9] merged with L1/n_2/r_addr_reg[9]
merged         L1/n_27/r_addr_reg[9] merged with L1/n_2/r_addr_reg[9]
merged         L1/n_3/r_addr_reg[8] merged with L1/n_2/r_addr_reg[8]
merged         L1/n_8/r_addr_reg[8] merged with L1/n_2/r_addr_reg[8]
merged         L1/n_10/r_addr_reg[8] merged with L1/n_2/r_addr_reg[8]
merged         L1/n_11/r_addr_reg[8] merged with L1/n_2/r_addr_reg[8]
merged         L1/n_17/r_addr_reg[8] merged with L1/n_2/r_addr_reg[8]
merged         L1/n_21/r_addr_reg[8] merged with L1/n_2/r_addr_reg[8]
merged         L1/n_23/r_addr_reg[8] merged with L1/n_2/r_addr_reg[8]
merged         L1/n_24/r_addr_reg[8] merged with L1/n_2/r_addr_reg[8]
merged         L1/n_27/r_addr_reg[8] merged with L1/n_2/r_addr_reg[8]
merged         L1/n_3/r_addr_reg[7] merged with L1/n_2/r_addr_reg[7]
merged         L1/n_8/r_addr_reg[7] merged with L1/n_2/r_addr_reg[7]
merged         L1/n_10/r_addr_reg[7] merged with L1/n_2/r_addr_reg[7]
merged         L1/n_11/r_addr_reg[7] merged with L1/n_2/r_addr_reg[7]
merged         L1/n_17/r_addr_reg[7] merged with L1/n_2/r_addr_reg[7]
merged         L1/n_21/r_addr_reg[7] merged with L1/n_2/r_addr_reg[7]
merged         L1/n_23/r_addr_reg[7] merged with L1/n_2/r_addr_reg[7]
merged         L1/n_24/r_addr_reg[7] merged with L1/n_2/r_addr_reg[7]
merged         L1/n_27/r_addr_reg[7] merged with L1/n_2/r_addr_reg[7]
merged         L1/n_3/r_addr_reg[6] merged with L1/n_2/r_addr_reg[6]
merged         L1/n_8/r_addr_reg[6] merged with L1/n_2/r_addr_reg[6]
merged         L1/n_10/r_addr_reg[6] merged with L1/n_2/r_addr_reg[6]
merged         L1/n_11/r_addr_reg[6] merged with L1/n_2/r_addr_reg[6]
merged         L1/n_17/r_addr_reg[6] merged with L1/n_2/r_addr_reg[6]
merged         L1/n_21/r_addr_reg[6] merged with L1/n_2/r_addr_reg[6]
merged         L1/n_23/r_addr_reg[6] merged with L1/n_2/r_addr_reg[6]
merged         L1/n_24/r_addr_reg[6] merged with L1/n_2/r_addr_reg[6]
merged         L1/n_27/r_addr_reg[6] merged with L1/n_2/r_addr_reg[6]
merged         L1/n_3/r_addr_reg[5] merged with L1/n_2/r_addr_reg[5]
merged         L1/n_8/r_addr_reg[5] merged with L1/n_2/r_addr_reg[5]
merged         L1/n_10/r_addr_reg[5] merged with L1/n_2/r_addr_reg[5]
merged         L1/n_11/r_addr_reg[5] merged with L1/n_2/r_addr_reg[5]
merged         L1/n_17/r_addr_reg[5] merged with L1/n_2/r_addr_reg[5]
merged         L1/n_21/r_addr_reg[5] merged with L1/n_2/r_addr_reg[5]
merged         L1/n_23/r_addr_reg[5] merged with L1/n_2/r_addr_reg[5]
merged         L1/n_24/r_addr_reg[5] merged with L1/n_2/r_addr_reg[5]
merged         L1/n_27/r_addr_reg[5] merged with L1/n_2/r_addr_reg[5]
merged         L1/n_3/r_addr_reg[4] merged with L1/n_2/r_addr_reg[4]
merged         L1/n_8/r_addr_reg[4] merged with L1/n_2/r_addr_reg[4]
merged         L1/n_10/r_addr_reg[4] merged with L1/n_2/r_addr_reg[4]
merged         L1/n_11/r_addr_reg[4] merged with L1/n_2/r_addr_reg[4]
merged         L1/n_17/r_addr_reg[4] merged with L1/n_2/r_addr_reg[4]
merged         L1/n_21/r_addr_reg[4] merged with L1/n_2/r_addr_reg[4]
merged         L1/n_23/r_addr_reg[4] merged with L1/n_2/r_addr_reg[4]
merged         L1/n_24/r_addr_reg[4] merged with L1/n_2/r_addr_reg[4]
merged         L1/n_27/r_addr_reg[4] merged with L1/n_2/r_addr_reg[4]
merged         L1/n_3/r_addr_reg[3] merged with L1/n_2/r_addr_reg[3]
merged         L1/n_8/r_addr_reg[3] merged with L1/n_2/r_addr_reg[3]
merged         L1/n_10/r_addr_reg[3] merged with L1/n_2/r_addr_reg[3]
merged         L1/n_11/r_addr_reg[3] merged with L1/n_2/r_addr_reg[3]
merged         L1/n_17/r_addr_reg[3] merged with L1/n_2/r_addr_reg[3]
merged         L1/n_21/r_addr_reg[3] merged with L1/n_2/r_addr_reg[3]
merged         L1/n_23/r_addr_reg[3] merged with L1/n_2/r_addr_reg[3]
merged         L1/n_24/r_addr_reg[3] merged with L1/n_2/r_addr_reg[3]
merged         L1/n_27/r_addr_reg[3] merged with L1/n_2/r_addr_reg[3]
merged         L1/n_3/sigValid_reg merged with L1/n_2/sigValid_reg
merged         L1/n_8/sigValid_reg merged with L1/n_2/sigValid_reg
merged         L1/n_10/sigValid_reg merged with L1/n_2/sigValid_reg
merged         L1/n_11/sigValid_reg merged with L1/n_2/sigValid_reg
merged         L1/n_17/sigValid_reg merged with L1/n_2/sigValid_reg
merged         L1/n_21/sigValid_reg merged with L1/n_2/sigValid_reg
merged         L1/n_23/sigValid_reg merged with L1/n_2/sigValid_reg
merged         L1/n_24/sigValid_reg merged with L1/n_2/sigValid_reg
merged         L1/n_27/sigValid_reg merged with L1/n_2/sigValid_reg
merged         L1/n_1/WM/wout_reg[14] merged with L1/n_1/WM/wout_reg[13]
merged         L1/n_1/WM/wout_reg[15] merged with L1/n_1/WM/wout_reg[13]
merged         L1/n_4/WM/wout_reg[14] merged with L1/n_4/WM/wout_reg[13]
merged         L1/n_4/WM/wout_reg[15] merged with L1/n_4/WM/wout_reg[13]
merged         L1/n_6/WM/wout_reg[14] merged with L1/n_6/WM/wout_reg[13]
merged         L1/n_6/WM/wout_reg[15] merged with L1/n_6/WM/wout_reg[13]
merged         L1/n_7/WM/wout_reg[14] merged with L1/n_7/WM/wout_reg[13]
merged         L1/n_7/WM/wout_reg[15] merged with L1/n_7/WM/wout_reg[13]
merged         L1/n_12/WM/wout_reg[13] merged with L1/n_12/WM/wout_reg[12]
merged         L1/n_12/WM/wout_reg[14] merged with L1/n_12/WM/wout_reg[12]
merged         L1/n_12/WM/wout_reg[15] merged with L1/n_12/WM/wout_reg[12]
merged         L1/n_14/WM/wout_reg[13] merged with L1/n_14/WM/wout_reg[12]
merged         L1/n_14/WM/wout_reg[14] merged with L1/n_14/WM/wout_reg[12]
merged         L1/n_14/WM/wout_reg[15] merged with L1/n_14/WM/wout_reg[12]
merged         L1/n_16/WM/wout_reg[13] merged with L1/n_16/WM/wout_reg[12]
merged         L1/n_16/WM/wout_reg[14] merged with L1/n_16/WM/wout_reg[12]
merged         L1/n_16/WM/wout_reg[15] merged with L1/n_16/WM/wout_reg[12]
merged         L1/n_25/WM/wout_reg[14] merged with L1/n_25/WM/wout_reg[13]
merged         L1/n_25/WM/wout_reg[15] merged with L1/n_25/WM/wout_reg[13]
merged         L1/n_26/WM/wout_reg[13] merged with L1/n_26/WM/wout_reg[12]
merged         L1/n_26/WM/wout_reg[14] merged with L1/n_26/WM/wout_reg[12]
merged         L1/n_26/WM/wout_reg[15] merged with L1/n_26/WM/wout_reg[12]
merged         L1/n_29/WM/wout_reg[13] merged with L1/n_29/WM/wout_reg[12]
merged         L1/n_29/WM/wout_reg[14] merged with L1/n_29/WM/wout_reg[12]
merged         L1/n_29/WM/wout_reg[15] merged with L1/n_29/WM/wout_reg[12]
merged         L1/n_1/mul_reg[30] merged with L1/n_1/mul_reg[29]
merged         L1/n_1/mul_reg[31] merged with L1/n_1/mul_reg[29]
merged         L1/n_4/myinputd_reg[0] merged with L1/n_1/myinputd_reg[0]
merged         L1/n_6/myinputd_reg[0] merged with L1/n_1/myinputd_reg[0]
merged         L1/n_7/myinputd_reg[0] merged with L1/n_1/myinputd_reg[0]
merged         L1/n_12/myinputd_reg[0] merged with L1/n_1/myinputd_reg[0]
merged         L1/n_14/myinputd_reg[0] merged with L1/n_1/myinputd_reg[0]
merged         L1/n_16/myinputd_reg[0] merged with L1/n_1/myinputd_reg[0]
merged         L1/n_25/myinputd_reg[0] merged with L1/n_1/myinputd_reg[0]
merged         L1/n_26/myinputd_reg[0] merged with L1/n_1/myinputd_reg[0]
merged         L1/n_29/myinputd_reg[0] merged with L1/n_1/myinputd_reg[0]
merged         L1/n_4/myinputd_reg[1] merged with L1/n_1/myinputd_reg[1]
merged         L1/n_6/myinputd_reg[1] merged with L1/n_1/myinputd_reg[1]
merged         L1/n_7/myinputd_reg[1] merged with L1/n_1/myinputd_reg[1]
merged         L1/n_12/myinputd_reg[1] merged with L1/n_1/myinputd_reg[1]
merged         L1/n_14/myinputd_reg[1] merged with L1/n_1/myinputd_reg[1]
merged         L1/n_16/myinputd_reg[1] merged with L1/n_1/myinputd_reg[1]
merged         L1/n_25/myinputd_reg[1] merged with L1/n_1/myinputd_reg[1]
merged         L1/n_26/myinputd_reg[1] merged with L1/n_1/myinputd_reg[1]
merged         L1/n_29/myinputd_reg[1] merged with L1/n_1/myinputd_reg[1]
merged         L1/n_4/myinputd_reg[2] merged with L1/n_1/myinputd_reg[2]
merged         L1/n_6/myinputd_reg[2] merged with L1/n_1/myinputd_reg[2]
merged         L1/n_7/myinputd_reg[2] merged with L1/n_1/myinputd_reg[2]
merged         L1/n_12/myinputd_reg[2] merged with L1/n_1/myinputd_reg[2]
merged         L1/n_14/myinputd_reg[2] merged with L1/n_1/myinputd_reg[2]
merged         L1/n_16/myinputd_reg[2] merged with L1/n_1/myinputd_reg[2]
merged         L1/n_25/myinputd_reg[2] merged with L1/n_1/myinputd_reg[2]
merged         L1/n_26/myinputd_reg[2] merged with L1/n_1/myinputd_reg[2]
merged         L1/n_29/myinputd_reg[2] merged with L1/n_1/myinputd_reg[2]
merged         L1/n_4/myinputd_reg[3] merged with L1/n_1/myinputd_reg[3]
merged         L1/n_6/myinputd_reg[3] merged with L1/n_1/myinputd_reg[3]
merged         L1/n_7/myinputd_reg[3] merged with L1/n_1/myinputd_reg[3]
merged         L1/n_12/myinputd_reg[3] merged with L1/n_1/myinputd_reg[3]
merged         L1/n_14/myinputd_reg[3] merged with L1/n_1/myinputd_reg[3]
merged         L1/n_16/myinputd_reg[3] merged with L1/n_1/myinputd_reg[3]
merged         L1/n_25/myinputd_reg[3] merged with L1/n_1/myinputd_reg[3]
merged         L1/n_26/myinputd_reg[3] merged with L1/n_1/myinputd_reg[3]
merged         L1/n_29/myinputd_reg[3] merged with L1/n_1/myinputd_reg[3]
merged         L1/n_4/myinputd_reg[4] merged with L1/n_1/myinputd_reg[4]
merged         L1/n_6/myinputd_reg[4] merged with L1/n_1/myinputd_reg[4]
merged         L1/n_7/myinputd_reg[4] merged with L1/n_1/myinputd_reg[4]
merged         L1/n_12/myinputd_reg[4] merged with L1/n_1/myinputd_reg[4]
merged         L1/n_14/myinputd_reg[4] merged with L1/n_1/myinputd_reg[4]
merged         L1/n_16/myinputd_reg[4] merged with L1/n_1/myinputd_reg[4]
merged         L1/n_25/myinputd_reg[4] merged with L1/n_1/myinputd_reg[4]
merged         L1/n_26/myinputd_reg[4] merged with L1/n_1/myinputd_reg[4]
merged         L1/n_29/myinputd_reg[4] merged with L1/n_1/myinputd_reg[4]
merged         L1/n_4/myinputd_reg[5] merged with L1/n_1/myinputd_reg[5]
merged         L1/n_6/myinputd_reg[5] merged with L1/n_1/myinputd_reg[5]
merged         L1/n_7/myinputd_reg[5] merged with L1/n_1/myinputd_reg[5]
merged         L1/n_12/myinputd_reg[5] merged with L1/n_1/myinputd_reg[5]
merged         L1/n_14/myinputd_reg[5] merged with L1/n_1/myinputd_reg[5]
merged         L1/n_16/myinputd_reg[5] merged with L1/n_1/myinputd_reg[5]
merged         L1/n_25/myinputd_reg[5] merged with L1/n_1/myinputd_reg[5]
merged         L1/n_26/myinputd_reg[5] merged with L1/n_1/myinputd_reg[5]
merged         L1/n_29/myinputd_reg[5] merged with L1/n_1/myinputd_reg[5]
merged         L1/n_4/myinputd_reg[6] merged with L1/n_1/myinputd_reg[6]
merged         L1/n_6/myinputd_reg[6] merged with L1/n_1/myinputd_reg[6]
merged         L1/n_7/myinputd_reg[6] merged with L1/n_1/myinputd_reg[6]
merged         L1/n_12/myinputd_reg[6] merged with L1/n_1/myinputd_reg[6]
merged         L1/n_14/myinputd_reg[6] merged with L1/n_1/myinputd_reg[6]
merged         L1/n_16/myinputd_reg[6] merged with L1/n_1/myinputd_reg[6]
merged         L1/n_25/myinputd_reg[6] merged with L1/n_1/myinputd_reg[6]
merged         L1/n_26/myinputd_reg[6] merged with L1/n_1/myinputd_reg[6]
merged         L1/n_29/myinputd_reg[6] merged with L1/n_1/myinputd_reg[6]
merged         L1/n_4/myinputd_reg[7] merged with L1/n_1/myinputd_reg[7]
merged         L1/n_6/myinputd_reg[7] merged with L1/n_1/myinputd_reg[7]
merged         L1/n_7/myinputd_reg[7] merged with L1/n_1/myinputd_reg[7]
merged         L1/n_12/myinputd_reg[7] merged with L1/n_1/myinputd_reg[7]
merged         L1/n_14/myinputd_reg[7] merged with L1/n_1/myinputd_reg[7]
merged         L1/n_16/myinputd_reg[7] merged with L1/n_1/myinputd_reg[7]
merged         L1/n_25/myinputd_reg[7] merged with L1/n_1/myinputd_reg[7]
merged         L1/n_26/myinputd_reg[7] merged with L1/n_1/myinputd_reg[7]
merged         L1/n_29/myinputd_reg[7] merged with L1/n_1/myinputd_reg[7]
merged         L1/n_4/myinputd_reg[8] merged with L1/n_1/myinputd_reg[8]
merged         L1/n_6/myinputd_reg[8] merged with L1/n_1/myinputd_reg[8]
merged         L1/n_7/myinputd_reg[8] merged with L1/n_1/myinputd_reg[8]
merged         L1/n_12/myinputd_reg[8] merged with L1/n_1/myinputd_reg[8]
merged         L1/n_14/myinputd_reg[8] merged with L1/n_1/myinputd_reg[8]
merged         L1/n_16/myinputd_reg[8] merged with L1/n_1/myinputd_reg[8]
merged         L1/n_25/myinputd_reg[8] merged with L1/n_1/myinputd_reg[8]
merged         L1/n_26/myinputd_reg[8] merged with L1/n_1/myinputd_reg[8]
merged         L1/n_29/myinputd_reg[8] merged with L1/n_1/myinputd_reg[8]
merged         L1/n_4/myinputd_reg[9] merged with L1/n_1/myinputd_reg[9]
merged         L1/n_6/myinputd_reg[9] merged with L1/n_1/myinputd_reg[9]
merged         L1/n_7/myinputd_reg[9] merged with L1/n_1/myinputd_reg[9]
merged         L1/n_12/myinputd_reg[9] merged with L1/n_1/myinputd_reg[9]
merged         L1/n_14/myinputd_reg[9] merged with L1/n_1/myinputd_reg[9]
merged         L1/n_16/myinputd_reg[9] merged with L1/n_1/myinputd_reg[9]
merged         L1/n_25/myinputd_reg[9] merged with L1/n_1/myinputd_reg[9]
merged         L1/n_26/myinputd_reg[9] merged with L1/n_1/myinputd_reg[9]
merged         L1/n_29/myinputd_reg[9] merged with L1/n_1/myinputd_reg[9]
merged         L1/n_4/myinputd_reg[10] merged with L1/n_1/myinputd_reg[10]
merged         L1/n_6/myinputd_reg[10] merged with L1/n_1/myinputd_reg[10]
merged         L1/n_7/myinputd_reg[10] merged with L1/n_1/myinputd_reg[10]
merged         L1/n_12/myinputd_reg[10] merged with L1/n_1/myinputd_reg[10]
merged         L1/n_14/myinputd_reg[10] merged with L1/n_1/myinputd_reg[10]
merged         L1/n_16/myinputd_reg[10] merged with L1/n_1/myinputd_reg[10]
merged         L1/n_25/myinputd_reg[10] merged with L1/n_1/myinputd_reg[10]
merged         L1/n_26/myinputd_reg[10] merged with L1/n_1/myinputd_reg[10]
merged         L1/n_29/myinputd_reg[10] merged with L1/n_1/myinputd_reg[10]
merged         L1/n_4/myinputd_reg[11] merged with L1/n_1/myinputd_reg[11]
merged         L1/n_6/myinputd_reg[11] merged with L1/n_1/myinputd_reg[11]
merged         L1/n_7/myinputd_reg[11] merged with L1/n_1/myinputd_reg[11]
merged         L1/n_12/myinputd_reg[11] merged with L1/n_1/myinputd_reg[11]
merged         L1/n_14/myinputd_reg[11] merged with L1/n_1/myinputd_reg[11]
merged         L1/n_16/myinputd_reg[11] merged with L1/n_1/myinputd_reg[11]
merged         L1/n_25/myinputd_reg[11] merged with L1/n_1/myinputd_reg[11]
merged         L1/n_26/myinputd_reg[11] merged with L1/n_1/myinputd_reg[11]
merged         L1/n_29/myinputd_reg[11] merged with L1/n_1/myinputd_reg[11]
merged         L1/n_4/myinputd_reg[12] merged with L1/n_1/myinputd_reg[12]
merged         L1/n_6/myinputd_reg[12] merged with L1/n_1/myinputd_reg[12]
merged         L1/n_7/myinputd_reg[12] merged with L1/n_1/myinputd_reg[12]
merged         L1/n_12/myinputd_reg[12] merged with L1/n_1/myinputd_reg[12]
merged         L1/n_14/myinputd_reg[12] merged with L1/n_1/myinputd_reg[12]
merged         L1/n_16/myinputd_reg[12] merged with L1/n_1/myinputd_reg[12]
merged         L1/n_25/myinputd_reg[12] merged with L1/n_1/myinputd_reg[12]
merged         L1/n_26/myinputd_reg[12] merged with L1/n_1/myinputd_reg[12]
merged         L1/n_29/myinputd_reg[12] merged with L1/n_1/myinputd_reg[12]
merged         L1/n_4/myinputd_reg[13] merged with L1/n_1/myinputd_reg[13]
merged         L1/n_6/myinputd_reg[13] merged with L1/n_1/myinputd_reg[13]
merged         L1/n_7/myinputd_reg[13] merged with L1/n_1/myinputd_reg[13]
merged         L1/n_12/myinputd_reg[13] merged with L1/n_1/myinputd_reg[13]
merged         L1/n_14/myinputd_reg[13] merged with L1/n_1/myinputd_reg[13]
merged         L1/n_16/myinputd_reg[13] merged with L1/n_1/myinputd_reg[13]
merged         L1/n_25/myinputd_reg[13] merged with L1/n_1/myinputd_reg[13]
merged         L1/n_26/myinputd_reg[13] merged with L1/n_1/myinputd_reg[13]
merged         L1/n_29/myinputd_reg[13] merged with L1/n_1/myinputd_reg[13]
merged         L1/n_4/myinputd_reg[14] merged with L1/n_1/myinputd_reg[14]
merged         L1/n_6/myinputd_reg[14] merged with L1/n_1/myinputd_reg[14]
merged         L1/n_7/myinputd_reg[14] merged with L1/n_1/myinputd_reg[14]
merged         L1/n_12/myinputd_reg[14] merged with L1/n_1/myinputd_reg[14]
merged         L1/n_14/myinputd_reg[14] merged with L1/n_1/myinputd_reg[14]
merged         L1/n_16/myinputd_reg[14] merged with L1/n_1/myinputd_reg[14]
merged         L1/n_25/myinputd_reg[14] merged with L1/n_1/myinputd_reg[14]
merged         L1/n_26/myinputd_reg[14] merged with L1/n_1/myinputd_reg[14]
merged         L1/n_29/myinputd_reg[14] merged with L1/n_1/myinputd_reg[14]
merged         L1/n_4/myinputd_reg[15] merged with L1/n_1/myinputd_reg[15]
merged         L1/n_6/myinputd_reg[15] merged with L1/n_1/myinputd_reg[15]
merged         L1/n_7/myinputd_reg[15] merged with L1/n_1/myinputd_reg[15]
merged         L1/n_12/myinputd_reg[15] merged with L1/n_1/myinputd_reg[15]
merged         L1/n_14/myinputd_reg[15] merged with L1/n_1/myinputd_reg[15]
merged         L1/n_16/myinputd_reg[15] merged with L1/n_1/myinputd_reg[15]
merged         L1/n_25/myinputd_reg[15] merged with L1/n_1/myinputd_reg[15]
merged         L1/n_26/myinputd_reg[15] merged with L1/n_1/myinputd_reg[15]
merged         L1/n_29/myinputd_reg[15] merged with L1/n_1/myinputd_reg[15]
merged         L1/n_4/weight_valid_reg merged with L1/n_1/weight_valid_reg
merged         L1/n_6/weight_valid_reg merged with L1/n_1/weight_valid_reg
merged         L1/n_7/weight_valid_reg merged with L1/n_1/weight_valid_reg
merged         L1/n_12/weight_valid_reg merged with L1/n_1/weight_valid_reg
merged         L1/n_14/weight_valid_reg merged with L1/n_1/weight_valid_reg
merged         L1/n_16/weight_valid_reg merged with L1/n_1/weight_valid_reg
merged         L1/n_25/weight_valid_reg merged with L1/n_1/weight_valid_reg
merged         L1/n_26/weight_valid_reg merged with L1/n_1/weight_valid_reg
merged         L1/n_29/weight_valid_reg merged with L1/n_1/weight_valid_reg
merged         L1/n_4/mul_reg[30] merged with L1/n_4/mul_reg[29]
merged         L1/n_4/mul_reg[31] merged with L1/n_4/mul_reg[29]
merged         L1/n_6/mul_reg[30] merged with L1/n_6/mul_reg[29]
merged         L1/n_6/mul_reg[31] merged with L1/n_6/mul_reg[29]
merged         L1/n_7/mul_reg[30] merged with L1/n_7/mul_reg[29]
merged         L1/n_7/mul_reg[31] merged with L1/n_7/mul_reg[29]
merged         L1/n_12/mul_reg[30] merged with L1/n_12/mul_reg[29]
merged         L1/n_12/mul_reg[31] merged with L1/n_12/mul_reg[29]
merged         L1/n_14/mul_reg[30] merged with L1/n_14/mul_reg[29]
merged         L1/n_14/mul_reg[31] merged with L1/n_14/mul_reg[29]
merged         L1/n_16/mul_reg[30] merged with L1/n_16/mul_reg[29]
merged         L1/n_16/mul_reg[31] merged with L1/n_16/mul_reg[29]
merged         L1/n_25/mul_reg[30] merged with L1/n_25/mul_reg[29]
merged         L1/n_25/mul_reg[31] merged with L1/n_25/mul_reg[29]
merged         L1/n_26/mul_reg[30] merged with L1/n_26/mul_reg[29]
merged         L1/n_26/mul_reg[31] merged with L1/n_26/mul_reg[29]
merged         L1/n_29/mul_reg[30] merged with L1/n_29/mul_reg[29]
merged         L1/n_29/mul_reg[31] merged with L1/n_29/mul_reg[29]
merged         L1/n_4/mult_valid_reg merged with L1/n_1/mult_valid_reg
merged         L1/n_6/mult_valid_reg merged with L1/n_1/mult_valid_reg
merged         L1/n_7/mult_valid_reg merged with L1/n_1/mult_valid_reg
merged         L1/n_12/mult_valid_reg merged with L1/n_1/mult_valid_reg
merged         L1/n_14/mult_valid_reg merged with L1/n_1/mult_valid_reg
merged         L1/n_16/mult_valid_reg merged with L1/n_1/mult_valid_reg
merged         L1/n_25/mult_valid_reg merged with L1/n_1/mult_valid_reg
merged         L1/n_26/mult_valid_reg merged with L1/n_1/mult_valid_reg
merged         L1/n_29/mult_valid_reg merged with L1/n_1/mult_valid_reg
merged         L1/n_4/muxValid_d_reg merged with L1/n_1/muxValid_d_reg
merged         L1/n_6/muxValid_d_reg merged with L1/n_1/muxValid_d_reg
merged         L1/n_7/muxValid_d_reg merged with L1/n_1/muxValid_d_reg
merged         L1/n_12/muxValid_d_reg merged with L1/n_1/muxValid_d_reg
merged         L1/n_14/muxValid_d_reg merged with L1/n_1/muxValid_d_reg
merged         L1/n_16/muxValid_d_reg merged with L1/n_1/muxValid_d_reg
merged         L1/n_25/muxValid_d_reg merged with L1/n_1/muxValid_d_reg
merged         L1/n_26/muxValid_d_reg merged with L1/n_1/muxValid_d_reg
merged         L1/n_29/muxValid_d_reg merged with L1/n_1/muxValid_d_reg
merged         L1/n_4/muxValid_f_reg merged with L1/n_1/muxValid_f_reg
merged         L1/n_6/muxValid_f_reg merged with L1/n_1/muxValid_f_reg
merged         L1/n_7/muxValid_f_reg merged with L1/n_1/muxValid_f_reg
merged         L1/n_12/muxValid_f_reg merged with L1/n_1/muxValid_f_reg
merged         L1/n_14/muxValid_f_reg merged with L1/n_1/muxValid_f_reg
merged         L1/n_16/muxValid_f_reg merged with L1/n_1/muxValid_f_reg
merged         L1/n_25/muxValid_f_reg merged with L1/n_1/muxValid_f_reg
merged         L1/n_26/muxValid_f_reg merged with L1/n_1/muxValid_f_reg
merged         L1/n_29/muxValid_f_reg merged with L1/n_1/muxValid_f_reg
merged         L1/n_12/mul_reg[29] merged with L1/n_12/mul_reg[28]
merged         L1/n_14/mul_reg[29] merged with L1/n_14/mul_reg[28]
merged         L1/n_16/mul_reg[29] merged with L1/n_16/mul_reg[28]
merged         L1/n_26/mul_reg[29] merged with L1/n_26/mul_reg[28]
merged         L1/n_29/mul_reg[29] merged with L1/n_29/mul_reg[28]
merged         L1/n_4/outvalid_i_reg merged with L1/n_1/outvalid_i_reg
merged         L1/n_6/outvalid_i_reg merged with L1/n_1/outvalid_i_reg
merged         L1/n_7/outvalid_i_reg merged with L1/n_1/outvalid_i_reg
merged         L1/n_12/outvalid_i_reg merged with L1/n_1/outvalid_i_reg
merged         L1/n_14/outvalid_i_reg merged with L1/n_1/outvalid_i_reg
merged         L1/n_16/outvalid_i_reg merged with L1/n_1/outvalid_i_reg
merged         L1/n_25/outvalid_i_reg merged with L1/n_1/outvalid_i_reg
merged         L1/n_26/outvalid_i_reg merged with L1/n_1/outvalid_i_reg
merged         L1/n_29/outvalid_i_reg merged with L1/n_1/outvalid_i_reg
merged         L1/n_4/r_addr_reg[0] merged with L1/n_1/r_addr_reg[0]
merged         L1/n_6/r_addr_reg[0] merged with L1/n_1/r_addr_reg[0]
merged         L1/n_7/r_addr_reg[0] merged with L1/n_1/r_addr_reg[0]
merged         L1/n_12/r_addr_reg[0] merged with L1/n_1/r_addr_reg[0]
merged         L1/n_14/r_addr_reg[0] merged with L1/n_1/r_addr_reg[0]
merged         L1/n_16/r_addr_reg[0] merged with L1/n_1/r_addr_reg[0]
merged         L1/n_25/r_addr_reg[0] merged with L1/n_1/r_addr_reg[0]
merged         L1/n_26/r_addr_reg[0] merged with L1/n_1/r_addr_reg[0]
merged         L1/n_29/r_addr_reg[0] merged with L1/n_1/r_addr_reg[0]
merged         L1/n_4/r_addr_reg[1] merged with L1/n_1/r_addr_reg[1]
merged         L1/n_6/r_addr_reg[1] merged with L1/n_1/r_addr_reg[1]
merged         L1/n_7/r_addr_reg[1] merged with L1/n_1/r_addr_reg[1]
merged         L1/n_12/r_addr_reg[1] merged with L1/n_1/r_addr_reg[1]
merged         L1/n_14/r_addr_reg[1] merged with L1/n_1/r_addr_reg[1]
merged         L1/n_16/r_addr_reg[1] merged with L1/n_1/r_addr_reg[1]
merged         L1/n_25/r_addr_reg[1] merged with L1/n_1/r_addr_reg[1]
merged         L1/n_26/r_addr_reg[1] merged with L1/n_1/r_addr_reg[1]
merged         L1/n_29/r_addr_reg[1] merged with L1/n_1/r_addr_reg[1]
merged         L1/n_4/r_addr_reg[2] merged with L1/n_1/r_addr_reg[2]
merged         L1/n_6/r_addr_reg[2] merged with L1/n_1/r_addr_reg[2]
merged         L1/n_7/r_addr_reg[2] merged with L1/n_1/r_addr_reg[2]
merged         L1/n_12/r_addr_reg[2] merged with L1/n_1/r_addr_reg[2]
merged         L1/n_14/r_addr_reg[2] merged with L1/n_1/r_addr_reg[2]
merged         L1/n_16/r_addr_reg[2] merged with L1/n_1/r_addr_reg[2]
merged         L1/n_25/r_addr_reg[2] merged with L1/n_1/r_addr_reg[2]
merged         L1/n_26/r_addr_reg[2] merged with L1/n_1/r_addr_reg[2]
merged         L1/n_29/r_addr_reg[2] merged with L1/n_1/r_addr_reg[2]
merged         L1/n_4/r_addr_reg[10] merged with L1/n_1/r_addr_reg[10]
merged         L1/n_6/r_addr_reg[10] merged with L1/n_1/r_addr_reg[10]
merged         L1/n_7/r_addr_reg[10] merged with L1/n_1/r_addr_reg[10]
merged         L1/n_12/r_addr_reg[10] merged with L1/n_1/r_addr_reg[10]
merged         L1/n_14/r_addr_reg[10] merged with L1/n_1/r_addr_reg[10]
merged         L1/n_16/r_addr_reg[10] merged with L1/n_1/r_addr_reg[10]
merged         L1/n_25/r_addr_reg[10] merged with L1/n_1/r_addr_reg[10]
merged         L1/n_26/r_addr_reg[10] merged with L1/n_1/r_addr_reg[10]
merged         L1/n_29/r_addr_reg[10] merged with L1/n_1/r_addr_reg[10]
merged         L1/n_4/r_addr_reg[9] merged with L1/n_1/r_addr_reg[9]
merged         L1/n_6/r_addr_reg[9] merged with L1/n_1/r_addr_reg[9]
merged         L1/n_7/r_addr_reg[9] merged with L1/n_1/r_addr_reg[9]
merged         L1/n_12/r_addr_reg[9] merged with L1/n_1/r_addr_reg[9]
merged         L1/n_14/r_addr_reg[9] merged with L1/n_1/r_addr_reg[9]
merged         L1/n_16/r_addr_reg[9] merged with L1/n_1/r_addr_reg[9]
merged         L1/n_25/r_addr_reg[9] merged with L1/n_1/r_addr_reg[9]
merged         L1/n_26/r_addr_reg[9] merged with L1/n_1/r_addr_reg[9]
merged         L1/n_29/r_addr_reg[9] merged with L1/n_1/r_addr_reg[9]
merged         L1/n_4/r_addr_reg[8] merged with L1/n_1/r_addr_reg[8]
merged         L1/n_6/r_addr_reg[8] merged with L1/n_1/r_addr_reg[8]
merged         L1/n_7/r_addr_reg[8] merged with L1/n_1/r_addr_reg[8]
merged         L1/n_12/r_addr_reg[8] merged with L1/n_1/r_addr_reg[8]
merged         L1/n_14/r_addr_reg[8] merged with L1/n_1/r_addr_reg[8]
merged         L1/n_16/r_addr_reg[8] merged with L1/n_1/r_addr_reg[8]
merged         L1/n_25/r_addr_reg[8] merged with L1/n_1/r_addr_reg[8]
merged         L1/n_26/r_addr_reg[8] merged with L1/n_1/r_addr_reg[8]
merged         L1/n_29/r_addr_reg[8] merged with L1/n_1/r_addr_reg[8]
merged         L1/n_4/r_addr_reg[7] merged with L1/n_1/r_addr_reg[7]
merged         L1/n_6/r_addr_reg[7] merged with L1/n_1/r_addr_reg[7]
merged         L1/n_7/r_addr_reg[7] merged with L1/n_1/r_addr_reg[7]
merged         L1/n_12/r_addr_reg[7] merged with L1/n_1/r_addr_reg[7]
merged         L1/n_14/r_addr_reg[7] merged with L1/n_1/r_addr_reg[7]
merged         L1/n_16/r_addr_reg[7] merged with L1/n_1/r_addr_reg[7]
merged         L1/n_25/r_addr_reg[7] merged with L1/n_1/r_addr_reg[7]
merged         L1/n_26/r_addr_reg[7] merged with L1/n_1/r_addr_reg[7]
merged         L1/n_29/r_addr_reg[7] merged with L1/n_1/r_addr_reg[7]
merged         L1/n_4/r_addr_reg[6] merged with L1/n_1/r_addr_reg[6]
merged         L1/n_6/r_addr_reg[6] merged with L1/n_1/r_addr_reg[6]
merged         L1/n_7/r_addr_reg[6] merged with L1/n_1/r_addr_reg[6]
merged         L1/n_12/r_addr_reg[6] merged with L1/n_1/r_addr_reg[6]
merged         L1/n_14/r_addr_reg[6] merged with L1/n_1/r_addr_reg[6]
merged         L1/n_16/r_addr_reg[6] merged with L1/n_1/r_addr_reg[6]
merged         L1/n_25/r_addr_reg[6] merged with L1/n_1/r_addr_reg[6]
merged         L1/n_26/r_addr_reg[6] merged with L1/n_1/r_addr_reg[6]
merged         L1/n_29/r_addr_reg[6] merged with L1/n_1/r_addr_reg[6]
merged         L1/n_4/r_addr_reg[5] merged with L1/n_1/r_addr_reg[5]
merged         L1/n_6/r_addr_reg[5] merged with L1/n_1/r_addr_reg[5]
merged         L1/n_7/r_addr_reg[5] merged with L1/n_1/r_addr_reg[5]
merged         L1/n_12/r_addr_reg[5] merged with L1/n_1/r_addr_reg[5]
merged         L1/n_14/r_addr_reg[5] merged with L1/n_1/r_addr_reg[5]
merged         L1/n_16/r_addr_reg[5] merged with L1/n_1/r_addr_reg[5]
merged         L1/n_25/r_addr_reg[5] merged with L1/n_1/r_addr_reg[5]
merged         L1/n_26/r_addr_reg[5] merged with L1/n_1/r_addr_reg[5]
merged         L1/n_29/r_addr_reg[5] merged with L1/n_1/r_addr_reg[5]
merged         L1/n_4/r_addr_reg[4] merged with L1/n_1/r_addr_reg[4]
merged         L1/n_6/r_addr_reg[4] merged with L1/n_1/r_addr_reg[4]
merged         L1/n_7/r_addr_reg[4] merged with L1/n_1/r_addr_reg[4]
merged         L1/n_12/r_addr_reg[4] merged with L1/n_1/r_addr_reg[4]
merged         L1/n_14/r_addr_reg[4] merged with L1/n_1/r_addr_reg[4]
merged         L1/n_16/r_addr_reg[4] merged with L1/n_1/r_addr_reg[4]
merged         L1/n_25/r_addr_reg[4] merged with L1/n_1/r_addr_reg[4]
merged         L1/n_26/r_addr_reg[4] merged with L1/n_1/r_addr_reg[4]
merged         L1/n_29/r_addr_reg[4] merged with L1/n_1/r_addr_reg[4]
merged         L1/n_4/r_addr_reg[3] merged with L1/n_1/r_addr_reg[3]
merged         L1/n_6/r_addr_reg[3] merged with L1/n_1/r_addr_reg[3]
merged         L1/n_7/r_addr_reg[3] merged with L1/n_1/r_addr_reg[3]
merged         L1/n_12/r_addr_reg[3] merged with L1/n_1/r_addr_reg[3]
merged         L1/n_14/r_addr_reg[3] merged with L1/n_1/r_addr_reg[3]
merged         L1/n_16/r_addr_reg[3] merged with L1/n_1/r_addr_reg[3]
merged         L1/n_25/r_addr_reg[3] merged with L1/n_1/r_addr_reg[3]
merged         L1/n_26/r_addr_reg[3] merged with L1/n_1/r_addr_reg[3]
merged         L1/n_29/r_addr_reg[3] merged with L1/n_1/r_addr_reg[3]
merged         L1/n_4/sigValid_reg merged with L1/n_1/sigValid_reg
merged         L1/n_6/sigValid_reg merged with L1/n_1/sigValid_reg
merged         L1/n_7/sigValid_reg merged with L1/n_1/sigValid_reg
merged         L1/n_12/sigValid_reg merged with L1/n_1/sigValid_reg
merged         L1/n_14/sigValid_reg merged with L1/n_1/sigValid_reg
merged         L1/n_16/sigValid_reg merged with L1/n_1/sigValid_reg
merged         L1/n_25/sigValid_reg merged with L1/n_1/sigValid_reg
merged         L1/n_26/sigValid_reg merged with L1/n_1/sigValid_reg
merged         L1/n_29/sigValid_reg merged with L1/n_1/sigValid_reg
merged         L3/n_0/WM/wout_reg[15] merged with L3/n_0/WM/wout_reg[14]
merged         L3/n_1/WM/wout_reg[15] merged with L3/n_1/WM/wout_reg[14]
merged         L3/n_2/WM/wout_reg[15] merged with L3/n_2/WM/wout_reg[14]
merged         L3/n_3/WM/wout_reg[15] merged with L3/n_3/WM/wout_reg[14]
merged         L3/n_4/WM/wout_reg[15] merged with L3/n_4/WM/wout_reg[14]
merged         L3/n_5/WM/wout_reg[15] merged with L3/n_5/WM/wout_reg[14]
merged         L3/n_6/WM/wout_reg[15] merged with L3/n_6/WM/wout_reg[14]
merged         L3/n_7/WM/wout_reg[15] merged with L3/n_7/WM/wout_reg[14]
merged         L3/n_8/WM/wout_reg[15] merged with L3/n_8/WM/wout_reg[14]
merged         L3/n_9/WM/wout_reg[15] merged with L3/n_9/WM/wout_reg[14]
merged         L4/n_1/WM/wout_reg[15] merged with L4/n_1/WM/wout_reg[14]
constant 0     mFind/maxValue_reg[15]
constant 0     holdData_2_reg[479]
constant 0     holdData_1_reg[479]
constant 0     holdData_3_reg[159]
constant 0     holdData_2_reg[463]
constant 0     holdData_1_reg[463]
constant 0     holdData_3_reg[143]
constant 0     holdData_2_reg[447]
constant 0     holdData_1_reg[447]
constant 0     holdData_3_reg[127]
constant 0     holdData_2_reg[431]
constant 0     holdData_1_reg[431]
constant 0     holdData_3_reg[111]
constant 0     holdData_2_reg[415]
constant 0     holdData_1_reg[415]
constant 0     holdData_3_reg[95]
constant 0     holdData_2_reg[399]
constant 0     holdData_1_reg[399]
constant 0     holdData_3_reg[79]
constant 0     holdData_2_reg[383]
constant 0     holdData_1_reg[383]
constant 0     holdData_3_reg[63]
constant 0     holdData_2_reg[367]
constant 0     holdData_1_reg[367]
constant 0     holdData_3_reg[47]
constant 0     holdData_2_reg[351]
constant 0     holdData_1_reg[351]
constant 0     holdData_3_reg[31]
constant 0     holdData_2_reg[335]
constant 0     holdData_1_reg[335]
constant 0     holdData_3_reg[15]
constant 0     out_data_3_reg[15]
constant 0     holdData_2_reg[319]
constant 0     holdData_1_reg[319]
constant 0     L4/n_9/myinputd_reg[15]
constant 0     L4/n_8/myinputd_reg[15]
constant 0     L4/n_7/myinputd_reg[15]
constant 0     L4/n_6/myinputd_reg[15]
constant 0     L4/n_5/myinputd_reg[15]
constant 0     L4/n_4/myinputd_reg[15]
constant 0     L4/n_3/myinputd_reg[15]
constant 0     L4/n_2/myinputd_reg[15]
constant 0     L4/n_1/myinputd_reg[15]
constant 0     L4/n_0/myinputd_reg[15]
constant 0     holdData_2_reg[303]
constant 0     holdData_1_reg[303]
constant 0     holdData_2_reg[287]
constant 0     holdData_1_reg[287]
constant 0     holdData_2_reg[271]
constant 0     holdData_1_reg[271]
constant 0     holdData_2_reg[255]
constant 0     holdData_1_reg[255]
constant 0     holdData_2_reg[239]
constant 0     holdData_1_reg[239]
constant 0     holdData_2_reg[223]
constant 0     holdData_1_reg[223]
constant 0     holdData_2_reg[207]
constant 0     holdData_1_reg[207]
constant 0     holdData_2_reg[191]
constant 0     holdData_1_reg[191]
constant 0     holdData_2_reg[175]
constant 0     holdData_1_reg[175]
constant 0     holdData_2_reg[159]
constant 0     holdData_1_reg[159]
constant 0     holdData_2_reg[143]
constant 0     holdData_1_reg[143]
constant 0     holdData_2_reg[127]
constant 0     holdData_1_reg[127]
constant 0     holdData_2_reg[111]
constant 0     holdData_1_reg[111]
constant 0     holdData_2_reg[95]
constant 0     holdData_1_reg[95]
constant 0     holdData_2_reg[79]
constant 0     holdData_1_reg[79]
constant 0     holdData_2_reg[63]
constant 0     holdData_1_reg[63]
constant 0     holdData_2_reg[47]
constant 0     holdData_1_reg[47]
constant 0     holdData_2_reg[31]
constant 0     holdData_1_reg[31]
constant 0     holdData_2_reg[15]
constant 0     out_data_2_reg[15]
constant 0     holdData_1_reg[15]
constant 0     out_data_1_reg[15]
constant 0     L3/n_9/myinputd_reg[15]
constant 0     L3/n_8/myinputd_reg[15]
constant 0     L3/n_7/myinputd_reg[15]
constant 0     L3/n_6/myinputd_reg[15]
constant 0     L3/n_5/myinputd_reg[15]
constant 0     L3/n_4/myinputd_reg[15]
constant 0     L3/n_3/myinputd_reg[15]
constant 0     L3/n_2/myinputd_reg[15]
constant 0     L3/n_1/myinputd_reg[15]
constant 0     L3/n_0/myinputd_reg[15]
merged         L3/n_0/mul_reg[31] merged with L3/n_0/mul_reg[30]
merged         L3/n_1/myinputd_reg[0] merged with L3/n_0/myinputd_reg[0]
merged         L3/n_2/myinputd_reg[0] merged with L3/n_0/myinputd_reg[0]
merged         L3/n_3/myinputd_reg[0] merged with L3/n_0/myinputd_reg[0]
merged         L3/n_4/myinputd_reg[0] merged with L3/n_0/myinputd_reg[0]
merged         L3/n_5/myinputd_reg[0] merged with L3/n_0/myinputd_reg[0]
merged         L3/n_6/myinputd_reg[0] merged with L3/n_0/myinputd_reg[0]
merged         L3/n_7/myinputd_reg[0] merged with L3/n_0/myinputd_reg[0]
merged         L3/n_8/myinputd_reg[0] merged with L3/n_0/myinputd_reg[0]
merged         L3/n_9/myinputd_reg[0] merged with L3/n_0/myinputd_reg[0]
merged         L3/n_1/myinputd_reg[1] merged with L3/n_0/myinputd_reg[1]
merged         L3/n_2/myinputd_reg[1] merged with L3/n_0/myinputd_reg[1]
merged         L3/n_3/myinputd_reg[1] merged with L3/n_0/myinputd_reg[1]
merged         L3/n_4/myinputd_reg[1] merged with L3/n_0/myinputd_reg[1]
merged         L3/n_5/myinputd_reg[1] merged with L3/n_0/myinputd_reg[1]
merged         L3/n_6/myinputd_reg[1] merged with L3/n_0/myinputd_reg[1]
merged         L3/n_7/myinputd_reg[1] merged with L3/n_0/myinputd_reg[1]
merged         L3/n_8/myinputd_reg[1] merged with L3/n_0/myinputd_reg[1]
merged         L3/n_9/myinputd_reg[1] merged with L3/n_0/myinputd_reg[1]
merged         L3/n_1/myinputd_reg[2] merged with L3/n_0/myinputd_reg[2]
merged         L3/n_2/myinputd_reg[2] merged with L3/n_0/myinputd_reg[2]
merged         L3/n_3/myinputd_reg[2] merged with L3/n_0/myinputd_reg[2]
merged         L3/n_4/myinputd_reg[2] merged with L3/n_0/myinputd_reg[2]
merged         L3/n_5/myinputd_reg[2] merged with L3/n_0/myinputd_reg[2]
merged         L3/n_6/myinputd_reg[2] merged with L3/n_0/myinputd_reg[2]
merged         L3/n_7/myinputd_reg[2] merged with L3/n_0/myinputd_reg[2]
merged         L3/n_8/myinputd_reg[2] merged with L3/n_0/myinputd_reg[2]
merged         L3/n_9/myinputd_reg[2] merged with L3/n_0/myinputd_reg[2]
merged         L3/n_1/myinputd_reg[3] merged with L3/n_0/myinputd_reg[3]
merged         L3/n_2/myinputd_reg[3] merged with L3/n_0/myinputd_reg[3]
merged         L3/n_3/myinputd_reg[3] merged with L3/n_0/myinputd_reg[3]
merged         L3/n_4/myinputd_reg[3] merged with L3/n_0/myinputd_reg[3]
merged         L3/n_5/myinputd_reg[3] merged with L3/n_0/myinputd_reg[3]
merged         L3/n_6/myinputd_reg[3] merged with L3/n_0/myinputd_reg[3]
merged         L3/n_7/myinputd_reg[3] merged with L3/n_0/myinputd_reg[3]
merged         L3/n_8/myinputd_reg[3] merged with L3/n_0/myinputd_reg[3]
merged         L3/n_9/myinputd_reg[3] merged with L3/n_0/myinputd_reg[3]
merged         L3/n_1/myinputd_reg[4] merged with L3/n_0/myinputd_reg[4]
merged         L3/n_2/myinputd_reg[4] merged with L3/n_0/myinputd_reg[4]
merged         L3/n_3/myinputd_reg[4] merged with L3/n_0/myinputd_reg[4]
merged         L3/n_4/myinputd_reg[4] merged with L3/n_0/myinputd_reg[4]
merged         L3/n_5/myinputd_reg[4] merged with L3/n_0/myinputd_reg[4]
merged         L3/n_6/myinputd_reg[4] merged with L3/n_0/myinputd_reg[4]
merged         L3/n_7/myinputd_reg[4] merged with L3/n_0/myinputd_reg[4]
merged         L3/n_8/myinputd_reg[4] merged with L3/n_0/myinputd_reg[4]
merged         L3/n_9/myinputd_reg[4] merged with L3/n_0/myinputd_reg[4]
merged         L3/n_1/myinputd_reg[5] merged with L3/n_0/myinputd_reg[5]
merged         L3/n_2/myinputd_reg[5] merged with L3/n_0/myinputd_reg[5]
merged         L3/n_3/myinputd_reg[5] merged with L3/n_0/myinputd_reg[5]
merged         L3/n_4/myinputd_reg[5] merged with L3/n_0/myinputd_reg[5]
merged         L3/n_5/myinputd_reg[5] merged with L3/n_0/myinputd_reg[5]
merged         L3/n_6/myinputd_reg[5] merged with L3/n_0/myinputd_reg[5]
merged         L3/n_7/myinputd_reg[5] merged with L3/n_0/myinputd_reg[5]
merged         L3/n_8/myinputd_reg[5] merged with L3/n_0/myinputd_reg[5]
merged         L3/n_9/myinputd_reg[5] merged with L3/n_0/myinputd_reg[5]
merged         L3/n_1/myinputd_reg[6] merged with L3/n_0/myinputd_reg[6]
merged         L3/n_2/myinputd_reg[6] merged with L3/n_0/myinputd_reg[6]
merged         L3/n_3/myinputd_reg[6] merged with L3/n_0/myinputd_reg[6]
merged         L3/n_4/myinputd_reg[6] merged with L3/n_0/myinputd_reg[6]
merged         L3/n_5/myinputd_reg[6] merged with L3/n_0/myinputd_reg[6]
merged         L3/n_6/myinputd_reg[6] merged with L3/n_0/myinputd_reg[6]
merged         L3/n_7/myinputd_reg[6] merged with L3/n_0/myinputd_reg[6]
merged         L3/n_8/myinputd_reg[6] merged with L3/n_0/myinputd_reg[6]
merged         L3/n_9/myinputd_reg[6] merged with L3/n_0/myinputd_reg[6]
merged         L3/n_1/myinputd_reg[7] merged with L3/n_0/myinputd_reg[7]
merged         L3/n_2/myinputd_reg[7] merged with L3/n_0/myinputd_reg[7]
merged         L3/n_3/myinputd_reg[7] merged with L3/n_0/myinputd_reg[7]
merged         L3/n_4/myinputd_reg[7] merged with L3/n_0/myinputd_reg[7]
merged         L3/n_5/myinputd_reg[7] merged with L3/n_0/myinputd_reg[7]
merged         L3/n_6/myinputd_reg[7] merged with L3/n_0/myinputd_reg[7]
merged         L3/n_7/myinputd_reg[7] merged with L3/n_0/myinputd_reg[7]
merged         L3/n_8/myinputd_reg[7] merged with L3/n_0/myinputd_reg[7]
merged         L3/n_9/myinputd_reg[7] merged with L3/n_0/myinputd_reg[7]
merged         L3/n_1/myinputd_reg[8] merged with L3/n_0/myinputd_reg[8]
merged         L3/n_2/myinputd_reg[8] merged with L3/n_0/myinputd_reg[8]
merged         L3/n_3/myinputd_reg[8] merged with L3/n_0/myinputd_reg[8]
merged         L3/n_4/myinputd_reg[8] merged with L3/n_0/myinputd_reg[8]
merged         L3/n_5/myinputd_reg[8] merged with L3/n_0/myinputd_reg[8]
merged         L3/n_6/myinputd_reg[8] merged with L3/n_0/myinputd_reg[8]
merged         L3/n_7/myinputd_reg[8] merged with L3/n_0/myinputd_reg[8]
merged         L3/n_8/myinputd_reg[8] merged with L3/n_0/myinputd_reg[8]
merged         L3/n_9/myinputd_reg[8] merged with L3/n_0/myinputd_reg[8]
merged         L3/n_1/myinputd_reg[9] merged with L3/n_0/myinputd_reg[9]
merged         L3/n_2/myinputd_reg[9] merged with L3/n_0/myinputd_reg[9]
merged         L3/n_3/myinputd_reg[9] merged with L3/n_0/myinputd_reg[9]
merged         L3/n_4/myinputd_reg[9] merged with L3/n_0/myinputd_reg[9]
merged         L3/n_5/myinputd_reg[9] merged with L3/n_0/myinputd_reg[9]
merged         L3/n_6/myinputd_reg[9] merged with L3/n_0/myinputd_reg[9]
merged         L3/n_7/myinputd_reg[9] merged with L3/n_0/myinputd_reg[9]
merged         L3/n_8/myinputd_reg[9] merged with L3/n_0/myinputd_reg[9]
merged         L3/n_9/myinputd_reg[9] merged with L3/n_0/myinputd_reg[9]
merged         L3/n_1/myinputd_reg[10] merged with L3/n_0/myinputd_reg[10]
merged         L3/n_2/myinputd_reg[10] merged with L3/n_0/myinputd_reg[10]
merged         L3/n_3/myinputd_reg[10] merged with L3/n_0/myinputd_reg[10]
merged         L3/n_4/myinputd_reg[10] merged with L3/n_0/myinputd_reg[10]
merged         L3/n_5/myinputd_reg[10] merged with L3/n_0/myinputd_reg[10]
merged         L3/n_6/myinputd_reg[10] merged with L3/n_0/myinputd_reg[10]
merged         L3/n_7/myinputd_reg[10] merged with L3/n_0/myinputd_reg[10]
merged         L3/n_8/myinputd_reg[10] merged with L3/n_0/myinputd_reg[10]
merged         L3/n_9/myinputd_reg[10] merged with L3/n_0/myinputd_reg[10]
merged         L3/n_1/myinputd_reg[11] merged with L3/n_0/myinputd_reg[11]
merged         L3/n_2/myinputd_reg[11] merged with L3/n_0/myinputd_reg[11]
merged         L3/n_3/myinputd_reg[11] merged with L3/n_0/myinputd_reg[11]
merged         L3/n_4/myinputd_reg[11] merged with L3/n_0/myinputd_reg[11]
merged         L3/n_5/myinputd_reg[11] merged with L3/n_0/myinputd_reg[11]
merged         L3/n_6/myinputd_reg[11] merged with L3/n_0/myinputd_reg[11]
merged         L3/n_7/myinputd_reg[11] merged with L3/n_0/myinputd_reg[11]
merged         L3/n_8/myinputd_reg[11] merged with L3/n_0/myinputd_reg[11]
merged         L3/n_9/myinputd_reg[11] merged with L3/n_0/myinputd_reg[11]
merged         L3/n_1/myinputd_reg[12] merged with L3/n_0/myinputd_reg[12]
merged         L3/n_2/myinputd_reg[12] merged with L3/n_0/myinputd_reg[12]
merged         L3/n_3/myinputd_reg[12] merged with L3/n_0/myinputd_reg[12]
merged         L3/n_4/myinputd_reg[12] merged with L3/n_0/myinputd_reg[12]
merged         L3/n_5/myinputd_reg[12] merged with L3/n_0/myinputd_reg[12]
merged         L3/n_6/myinputd_reg[12] merged with L3/n_0/myinputd_reg[12]
merged         L3/n_7/myinputd_reg[12] merged with L3/n_0/myinputd_reg[12]
merged         L3/n_8/myinputd_reg[12] merged with L3/n_0/myinputd_reg[12]
merged         L3/n_9/myinputd_reg[12] merged with L3/n_0/myinputd_reg[12]
merged         L3/n_1/myinputd_reg[13] merged with L3/n_0/myinputd_reg[13]
merged         L3/n_2/myinputd_reg[13] merged with L3/n_0/myinputd_reg[13]
merged         L3/n_3/myinputd_reg[13] merged with L3/n_0/myinputd_reg[13]
merged         L3/n_4/myinputd_reg[13] merged with L3/n_0/myinputd_reg[13]
merged         L3/n_5/myinputd_reg[13] merged with L3/n_0/myinputd_reg[13]
merged         L3/n_6/myinputd_reg[13] merged with L3/n_0/myinputd_reg[13]
merged         L3/n_7/myinputd_reg[13] merged with L3/n_0/myinputd_reg[13]
merged         L3/n_8/myinputd_reg[13] merged with L3/n_0/myinputd_reg[13]
merged         L3/n_9/myinputd_reg[13] merged with L3/n_0/myinputd_reg[13]
merged         L3/n_1/myinputd_reg[14] merged with L3/n_0/myinputd_reg[14]
merged         L3/n_2/myinputd_reg[14] merged with L3/n_0/myinputd_reg[14]
merged         L3/n_3/myinputd_reg[14] merged with L3/n_0/myinputd_reg[14]
merged         L3/n_4/myinputd_reg[14] merged with L3/n_0/myinputd_reg[14]
merged         L3/n_5/myinputd_reg[14] merged with L3/n_0/myinputd_reg[14]
merged         L3/n_6/myinputd_reg[14] merged with L3/n_0/myinputd_reg[14]
merged         L3/n_7/myinputd_reg[14] merged with L3/n_0/myinputd_reg[14]
merged         L3/n_8/myinputd_reg[14] merged with L3/n_0/myinputd_reg[14]
merged         L3/n_9/myinputd_reg[14] merged with L3/n_0/myinputd_reg[14]
merged         L3/n_1/weight_valid_reg merged with L3/n_0/weight_valid_reg
merged         L3/n_2/weight_valid_reg merged with L3/n_0/weight_valid_reg
merged         L3/n_3/weight_valid_reg merged with L3/n_0/weight_valid_reg
merged         L3/n_4/weight_valid_reg merged with L3/n_0/weight_valid_reg
merged         L3/n_5/weight_valid_reg merged with L3/n_0/weight_valid_reg
merged         L3/n_6/weight_valid_reg merged with L3/n_0/weight_valid_reg
merged         L3/n_7/weight_valid_reg merged with L3/n_0/weight_valid_reg
merged         L3/n_8/weight_valid_reg merged with L3/n_0/weight_valid_reg
merged         L3/n_9/weight_valid_reg merged with L3/n_0/weight_valid_reg
merged         L3/n_1/mul_reg[31] merged with L3/n_1/mul_reg[30]
merged         L3/n_2/mul_reg[31] merged with L3/n_2/mul_reg[30]
merged         L3/n_3/mul_reg[31] merged with L3/n_3/mul_reg[30]
merged         L3/n_4/mul_reg[31] merged with L3/n_4/mul_reg[30]
merged         L3/n_5/mul_reg[31] merged with L3/n_5/mul_reg[30]
merged         L3/n_6/mul_reg[31] merged with L3/n_6/mul_reg[30]
merged         L3/n_7/mul_reg[31] merged with L3/n_7/mul_reg[30]
merged         L3/n_8/mul_reg[31] merged with L3/n_8/mul_reg[30]
merged         L3/n_9/mul_reg[31] merged with L3/n_9/mul_reg[30]
merged         L3/n_1/mult_valid_reg merged with L3/n_0/mult_valid_reg
merged         L3/n_2/mult_valid_reg merged with L3/n_0/mult_valid_reg
merged         L3/n_3/mult_valid_reg merged with L3/n_0/mult_valid_reg
merged         L3/n_4/mult_valid_reg merged with L3/n_0/mult_valid_reg
merged         L3/n_5/mult_valid_reg merged with L3/n_0/mult_valid_reg
merged         L3/n_6/mult_valid_reg merged with L3/n_0/mult_valid_reg
merged         L3/n_7/mult_valid_reg merged with L3/n_0/mult_valid_reg
merged         L3/n_8/mult_valid_reg merged with L3/n_0/mult_valid_reg
merged         L3/n_9/mult_valid_reg merged with L3/n_0/mult_valid_reg
merged         L3/n_1/muxValid_d_reg merged with L3/n_0/muxValid_d_reg
merged         L3/n_2/muxValid_d_reg merged with L3/n_0/muxValid_d_reg
merged         L3/n_3/muxValid_d_reg merged with L3/n_0/muxValid_d_reg
merged         L3/n_4/muxValid_d_reg merged with L3/n_0/muxValid_d_reg
merged         L3/n_5/muxValid_d_reg merged with L3/n_0/muxValid_d_reg
merged         L3/n_6/muxValid_d_reg merged with L3/n_0/muxValid_d_reg
merged         L3/n_7/muxValid_d_reg merged with L3/n_0/muxValid_d_reg
merged         L3/n_8/muxValid_d_reg merged with L3/n_0/muxValid_d_reg
merged         L3/n_9/muxValid_d_reg merged with L3/n_0/muxValid_d_reg
merged         L3/n_1/muxValid_f_reg merged with L3/n_0/muxValid_f_reg
merged         L3/n_2/muxValid_f_reg merged with L3/n_0/muxValid_f_reg
merged         L3/n_3/muxValid_f_reg merged with L3/n_0/muxValid_f_reg
merged         L3/n_4/muxValid_f_reg merged with L3/n_0/muxValid_f_reg
merged         L3/n_5/muxValid_f_reg merged with L3/n_0/muxValid_f_reg
merged         L3/n_6/muxValid_f_reg merged with L3/n_0/muxValid_f_reg
merged         L3/n_7/muxValid_f_reg merged with L3/n_0/muxValid_f_reg
merged         L3/n_8/muxValid_f_reg merged with L3/n_0/muxValid_f_reg
merged         L3/n_9/muxValid_f_reg merged with L3/n_0/muxValid_f_reg
merged         L4/n_1/myinputd_reg[0] merged with L4/n_0/myinputd_reg[0]
merged         L4/n_2/myinputd_reg[0] merged with L4/n_0/myinputd_reg[0]
merged         L4/n_3/myinputd_reg[0] merged with L4/n_0/myinputd_reg[0]
merged         L4/n_4/myinputd_reg[0] merged with L4/n_0/myinputd_reg[0]
merged         L4/n_5/myinputd_reg[0] merged with L4/n_0/myinputd_reg[0]
merged         L4/n_6/myinputd_reg[0] merged with L4/n_0/myinputd_reg[0]
merged         L4/n_7/myinputd_reg[0] merged with L4/n_0/myinputd_reg[0]
merged         L4/n_8/myinputd_reg[0] merged with L4/n_0/myinputd_reg[0]
merged         L4/n_9/myinputd_reg[0] merged with L4/n_0/myinputd_reg[0]
merged         L4/n_1/myinputd_reg[1] merged with L4/n_0/myinputd_reg[1]
merged         L4/n_2/myinputd_reg[1] merged with L4/n_0/myinputd_reg[1]
merged         L4/n_3/myinputd_reg[1] merged with L4/n_0/myinputd_reg[1]
merged         L4/n_4/myinputd_reg[1] merged with L4/n_0/myinputd_reg[1]
merged         L4/n_5/myinputd_reg[1] merged with L4/n_0/myinputd_reg[1]
merged         L4/n_6/myinputd_reg[1] merged with L4/n_0/myinputd_reg[1]
merged         L4/n_7/myinputd_reg[1] merged with L4/n_0/myinputd_reg[1]
merged         L4/n_8/myinputd_reg[1] merged with L4/n_0/myinputd_reg[1]
merged         L4/n_9/myinputd_reg[1] merged with L4/n_0/myinputd_reg[1]
merged         L4/n_1/myinputd_reg[2] merged with L4/n_0/myinputd_reg[2]
merged         L4/n_2/myinputd_reg[2] merged with L4/n_0/myinputd_reg[2]
merged         L4/n_3/myinputd_reg[2] merged with L4/n_0/myinputd_reg[2]
merged         L4/n_4/myinputd_reg[2] merged with L4/n_0/myinputd_reg[2]
merged         L4/n_5/myinputd_reg[2] merged with L4/n_0/myinputd_reg[2]
merged         L4/n_6/myinputd_reg[2] merged with L4/n_0/myinputd_reg[2]
merged         L4/n_7/myinputd_reg[2] merged with L4/n_0/myinputd_reg[2]
merged         L4/n_8/myinputd_reg[2] merged with L4/n_0/myinputd_reg[2]
merged         L4/n_9/myinputd_reg[2] merged with L4/n_0/myinputd_reg[2]
merged         L4/n_1/myinputd_reg[3] merged with L4/n_0/myinputd_reg[3]
merged         L4/n_2/myinputd_reg[3] merged with L4/n_0/myinputd_reg[3]
merged         L4/n_3/myinputd_reg[3] merged with L4/n_0/myinputd_reg[3]
merged         L4/n_4/myinputd_reg[3] merged with L4/n_0/myinputd_reg[3]
merged         L4/n_5/myinputd_reg[3] merged with L4/n_0/myinputd_reg[3]
merged         L4/n_6/myinputd_reg[3] merged with L4/n_0/myinputd_reg[3]
merged         L4/n_7/myinputd_reg[3] merged with L4/n_0/myinputd_reg[3]
merged         L4/n_8/myinputd_reg[3] merged with L4/n_0/myinputd_reg[3]
merged         L4/n_9/myinputd_reg[3] merged with L4/n_0/myinputd_reg[3]
merged         L4/n_1/myinputd_reg[4] merged with L4/n_0/myinputd_reg[4]
merged         L4/n_2/myinputd_reg[4] merged with L4/n_0/myinputd_reg[4]
merged         L4/n_3/myinputd_reg[4] merged with L4/n_0/myinputd_reg[4]
merged         L4/n_4/myinputd_reg[4] merged with L4/n_0/myinputd_reg[4]
merged         L4/n_5/myinputd_reg[4] merged with L4/n_0/myinputd_reg[4]
merged         L4/n_6/myinputd_reg[4] merged with L4/n_0/myinputd_reg[4]
merged         L4/n_7/myinputd_reg[4] merged with L4/n_0/myinputd_reg[4]
merged         L4/n_8/myinputd_reg[4] merged with L4/n_0/myinputd_reg[4]
merged         L4/n_9/myinputd_reg[4] merged with L4/n_0/myinputd_reg[4]
merged         L4/n_1/myinputd_reg[5] merged with L4/n_0/myinputd_reg[5]
merged         L4/n_2/myinputd_reg[5] merged with L4/n_0/myinputd_reg[5]
merged         L4/n_3/myinputd_reg[5] merged with L4/n_0/myinputd_reg[5]
merged         L4/n_4/myinputd_reg[5] merged with L4/n_0/myinputd_reg[5]
merged         L4/n_5/myinputd_reg[5] merged with L4/n_0/myinputd_reg[5]
merged         L4/n_6/myinputd_reg[5] merged with L4/n_0/myinputd_reg[5]
merged         L4/n_7/myinputd_reg[5] merged with L4/n_0/myinputd_reg[5]
merged         L4/n_8/myinputd_reg[5] merged with L4/n_0/myinputd_reg[5]
merged         L4/n_9/myinputd_reg[5] merged with L4/n_0/myinputd_reg[5]
merged         L4/n_1/myinputd_reg[6] merged with L4/n_0/myinputd_reg[6]
merged         L4/n_2/myinputd_reg[6] merged with L4/n_0/myinputd_reg[6]
merged         L4/n_3/myinputd_reg[6] merged with L4/n_0/myinputd_reg[6]
merged         L4/n_4/myinputd_reg[6] merged with L4/n_0/myinputd_reg[6]
merged         L4/n_5/myinputd_reg[6] merged with L4/n_0/myinputd_reg[6]
merged         L4/n_6/myinputd_reg[6] merged with L4/n_0/myinputd_reg[6]
merged         L4/n_7/myinputd_reg[6] merged with L4/n_0/myinputd_reg[6]
merged         L4/n_8/myinputd_reg[6] merged with L4/n_0/myinputd_reg[6]
merged         L4/n_9/myinputd_reg[6] merged with L4/n_0/myinputd_reg[6]
merged         L4/n_1/myinputd_reg[7] merged with L4/n_0/myinputd_reg[7]
merged         L4/n_2/myinputd_reg[7] merged with L4/n_0/myinputd_reg[7]
merged         L4/n_3/myinputd_reg[7] merged with L4/n_0/myinputd_reg[7]
merged         L4/n_4/myinputd_reg[7] merged with L4/n_0/myinputd_reg[7]
merged         L4/n_5/myinputd_reg[7] merged with L4/n_0/myinputd_reg[7]
merged         L4/n_6/myinputd_reg[7] merged with L4/n_0/myinputd_reg[7]
merged         L4/n_7/myinputd_reg[7] merged with L4/n_0/myinputd_reg[7]
merged         L4/n_8/myinputd_reg[7] merged with L4/n_0/myinputd_reg[7]
merged         L4/n_9/myinputd_reg[7] merged with L4/n_0/myinputd_reg[7]
merged         L4/n_1/myinputd_reg[8] merged with L4/n_0/myinputd_reg[8]
merged         L4/n_2/myinputd_reg[8] merged with L4/n_0/myinputd_reg[8]
merged         L4/n_3/myinputd_reg[8] merged with L4/n_0/myinputd_reg[8]
merged         L4/n_4/myinputd_reg[8] merged with L4/n_0/myinputd_reg[8]
merged         L4/n_5/myinputd_reg[8] merged with L4/n_0/myinputd_reg[8]
merged         L4/n_6/myinputd_reg[8] merged with L4/n_0/myinputd_reg[8]
merged         L4/n_7/myinputd_reg[8] merged with L4/n_0/myinputd_reg[8]
merged         L4/n_8/myinputd_reg[8] merged with L4/n_0/myinputd_reg[8]
merged         L4/n_9/myinputd_reg[8] merged with L4/n_0/myinputd_reg[8]
merged         L4/n_1/myinputd_reg[9] merged with L4/n_0/myinputd_reg[9]
merged         L4/n_2/myinputd_reg[9] merged with L4/n_0/myinputd_reg[9]
merged         L4/n_3/myinputd_reg[9] merged with L4/n_0/myinputd_reg[9]
merged         L4/n_4/myinputd_reg[9] merged with L4/n_0/myinputd_reg[9]
merged         L4/n_5/myinputd_reg[9] merged with L4/n_0/myinputd_reg[9]
merged         L4/n_6/myinputd_reg[9] merged with L4/n_0/myinputd_reg[9]
merged         L4/n_7/myinputd_reg[9] merged with L4/n_0/myinputd_reg[9]
merged         L4/n_8/myinputd_reg[9] merged with L4/n_0/myinputd_reg[9]
merged         L4/n_9/myinputd_reg[9] merged with L4/n_0/myinputd_reg[9]
merged         L4/n_1/myinputd_reg[10] merged with L4/n_0/myinputd_reg[10]
merged         L4/n_2/myinputd_reg[10] merged with L4/n_0/myinputd_reg[10]
merged         L4/n_3/myinputd_reg[10] merged with L4/n_0/myinputd_reg[10]
merged         L4/n_4/myinputd_reg[10] merged with L4/n_0/myinputd_reg[10]
merged         L4/n_5/myinputd_reg[10] merged with L4/n_0/myinputd_reg[10]
merged         L4/n_6/myinputd_reg[10] merged with L4/n_0/myinputd_reg[10]
merged         L4/n_7/myinputd_reg[10] merged with L4/n_0/myinputd_reg[10]
merged         L4/n_8/myinputd_reg[10] merged with L4/n_0/myinputd_reg[10]
merged         L4/n_9/myinputd_reg[10] merged with L4/n_0/myinputd_reg[10]
merged         L4/n_1/myinputd_reg[11] merged with L4/n_0/myinputd_reg[11]
merged         L4/n_2/myinputd_reg[11] merged with L4/n_0/myinputd_reg[11]
merged         L4/n_3/myinputd_reg[11] merged with L4/n_0/myinputd_reg[11]
merged         L4/n_4/myinputd_reg[11] merged with L4/n_0/myinputd_reg[11]
merged         L4/n_5/myinputd_reg[11] merged with L4/n_0/myinputd_reg[11]
merged         L4/n_6/myinputd_reg[11] merged with L4/n_0/myinputd_reg[11]
merged         L4/n_7/myinputd_reg[11] merged with L4/n_0/myinputd_reg[11]
merged         L4/n_8/myinputd_reg[11] merged with L4/n_0/myinputd_reg[11]
merged         L4/n_9/myinputd_reg[11] merged with L4/n_0/myinputd_reg[11]
merged         L4/n_1/myinputd_reg[12] merged with L4/n_0/myinputd_reg[12]
merged         L4/n_2/myinputd_reg[12] merged with L4/n_0/myinputd_reg[12]
merged         L4/n_3/myinputd_reg[12] merged with L4/n_0/myinputd_reg[12]
merged         L4/n_4/myinputd_reg[12] merged with L4/n_0/myinputd_reg[12]
merged         L4/n_5/myinputd_reg[12] merged with L4/n_0/myinputd_reg[12]
merged         L4/n_6/myinputd_reg[12] merged with L4/n_0/myinputd_reg[12]
merged         L4/n_7/myinputd_reg[12] merged with L4/n_0/myinputd_reg[12]
merged         L4/n_8/myinputd_reg[12] merged with L4/n_0/myinputd_reg[12]
merged         L4/n_9/myinputd_reg[12] merged with L4/n_0/myinputd_reg[12]
merged         L4/n_1/myinputd_reg[13] merged with L4/n_0/myinputd_reg[13]
merged         L4/n_2/myinputd_reg[13] merged with L4/n_0/myinputd_reg[13]
merged         L4/n_3/myinputd_reg[13] merged with L4/n_0/myinputd_reg[13]
merged         L4/n_4/myinputd_reg[13] merged with L4/n_0/myinputd_reg[13]
merged         L4/n_5/myinputd_reg[13] merged with L4/n_0/myinputd_reg[13]
merged         L4/n_6/myinputd_reg[13] merged with L4/n_0/myinputd_reg[13]
merged         L4/n_7/myinputd_reg[13] merged with L4/n_0/myinputd_reg[13]
merged         L4/n_8/myinputd_reg[13] merged with L4/n_0/myinputd_reg[13]
merged         L4/n_9/myinputd_reg[13] merged with L4/n_0/myinputd_reg[13]
merged         L4/n_1/myinputd_reg[14] merged with L4/n_0/myinputd_reg[14]
merged         L4/n_2/myinputd_reg[14] merged with L4/n_0/myinputd_reg[14]
merged         L4/n_3/myinputd_reg[14] merged with L4/n_0/myinputd_reg[14]
merged         L4/n_4/myinputd_reg[14] merged with L4/n_0/myinputd_reg[14]
merged         L4/n_5/myinputd_reg[14] merged with L4/n_0/myinputd_reg[14]
merged         L4/n_6/myinputd_reg[14] merged with L4/n_0/myinputd_reg[14]
merged         L4/n_7/myinputd_reg[14] merged with L4/n_0/myinputd_reg[14]
merged         L4/n_8/myinputd_reg[14] merged with L4/n_0/myinputd_reg[14]
merged         L4/n_9/myinputd_reg[14] merged with L4/n_0/myinputd_reg[14]
merged         L4/n_1/weight_valid_reg merged with L4/n_0/weight_valid_reg
merged         L4/n_2/weight_valid_reg merged with L4/n_0/weight_valid_reg
merged         L4/n_3/weight_valid_reg merged with L4/n_0/weight_valid_reg
merged         L4/n_4/weight_valid_reg merged with L4/n_0/weight_valid_reg
merged         L4/n_5/weight_valid_reg merged with L4/n_0/weight_valid_reg
merged         L4/n_6/weight_valid_reg merged with L4/n_0/weight_valid_reg
merged         L4/n_7/weight_valid_reg merged with L4/n_0/weight_valid_reg
merged         L4/n_8/weight_valid_reg merged with L4/n_0/weight_valid_reg
merged         L4/n_9/weight_valid_reg merged with L4/n_0/weight_valid_reg
merged         L4/n_1/mul_reg[31] merged with L4/n_1/mul_reg[30]
merged         L4/n_1/mult_valid_reg merged with L4/n_0/mult_valid_reg
merged         L4/n_2/mult_valid_reg merged with L4/n_0/mult_valid_reg
merged         L4/n_3/mult_valid_reg merged with L4/n_0/mult_valid_reg
merged         L4/n_4/mult_valid_reg merged with L4/n_0/mult_valid_reg
merged         L4/n_5/mult_valid_reg merged with L4/n_0/mult_valid_reg
merged         L4/n_6/mult_valid_reg merged with L4/n_0/mult_valid_reg
merged         L4/n_7/mult_valid_reg merged with L4/n_0/mult_valid_reg
merged         L4/n_8/mult_valid_reg merged with L4/n_0/mult_valid_reg
merged         L4/n_9/mult_valid_reg merged with L4/n_0/mult_valid_reg
merged         L4/n_1/muxValid_d_reg merged with L4/n_0/muxValid_d_reg
merged         L4/n_2/muxValid_d_reg merged with L4/n_0/muxValid_d_reg
merged         L4/n_3/muxValid_d_reg merged with L4/n_0/muxValid_d_reg
merged         L4/n_4/muxValid_d_reg merged with L4/n_0/muxValid_d_reg
merged         L4/n_5/muxValid_d_reg merged with L4/n_0/muxValid_d_reg
merged         L4/n_6/muxValid_d_reg merged with L4/n_0/muxValid_d_reg
merged         L4/n_7/muxValid_d_reg merged with L4/n_0/muxValid_d_reg
merged         L4/n_8/muxValid_d_reg merged with L4/n_0/muxValid_d_reg
merged         L4/n_9/muxValid_d_reg merged with L4/n_0/muxValid_d_reg
merged         L4/n_1/muxValid_f_reg merged with L4/n_0/muxValid_f_reg
merged         L4/n_2/muxValid_f_reg merged with L4/n_0/muxValid_f_reg
merged         L4/n_3/muxValid_f_reg merged with L4/n_0/muxValid_f_reg
merged         L4/n_4/muxValid_f_reg merged with L4/n_0/muxValid_f_reg
merged         L4/n_5/muxValid_f_reg merged with L4/n_0/muxValid_f_reg
merged         L4/n_6/muxValid_f_reg merged with L4/n_0/muxValid_f_reg
merged         L4/n_7/muxValid_f_reg merged with L4/n_0/muxValid_f_reg
merged         L4/n_8/muxValid_f_reg merged with L4/n_0/muxValid_f_reg
merged         L4/n_9/muxValid_f_reg merged with L4/n_0/muxValid_f_reg
merged         L3/n_1/outvalid_i_reg merged with L3/n_0/outvalid_i_reg
merged         L3/n_2/outvalid_i_reg merged with L3/n_0/outvalid_i_reg
merged         L3/n_3/outvalid_i_reg merged with L3/n_0/outvalid_i_reg
merged         L3/n_4/outvalid_i_reg merged with L3/n_0/outvalid_i_reg
merged         L3/n_5/outvalid_i_reg merged with L3/n_0/outvalid_i_reg
merged         L3/n_6/outvalid_i_reg merged with L3/n_0/outvalid_i_reg
merged         L3/n_7/outvalid_i_reg merged with L3/n_0/outvalid_i_reg
merged         L3/n_8/outvalid_i_reg merged with L3/n_0/outvalid_i_reg
merged         L3/n_9/outvalid_i_reg merged with L3/n_0/outvalid_i_reg
merged         L3/n_1/r_addr_reg[0] merged with L3/n_0/r_addr_reg[0]
merged         L3/n_2/r_addr_reg[0] merged with L3/n_0/r_addr_reg[0]
merged         L3/n_3/r_addr_reg[0] merged with L3/n_0/r_addr_reg[0]
merged         L3/n_4/r_addr_reg[0] merged with L3/n_0/r_addr_reg[0]
merged         L3/n_5/r_addr_reg[0] merged with L3/n_0/r_addr_reg[0]
merged         L3/n_6/r_addr_reg[0] merged with L3/n_0/r_addr_reg[0]
merged         L3/n_7/r_addr_reg[0] merged with L3/n_0/r_addr_reg[0]
merged         L3/n_8/r_addr_reg[0] merged with L3/n_0/r_addr_reg[0]
merged         L3/n_9/r_addr_reg[0] merged with L3/n_0/r_addr_reg[0]
merged         L3/n_1/r_addr_reg[1] merged with L3/n_0/r_addr_reg[1]
merged         L3/n_2/r_addr_reg[1] merged with L3/n_0/r_addr_reg[1]
merged         L3/n_3/r_addr_reg[1] merged with L3/n_0/r_addr_reg[1]
merged         L3/n_4/r_addr_reg[1] merged with L3/n_0/r_addr_reg[1]
merged         L3/n_5/r_addr_reg[1] merged with L3/n_0/r_addr_reg[1]
merged         L3/n_6/r_addr_reg[1] merged with L3/n_0/r_addr_reg[1]
merged         L3/n_7/r_addr_reg[1] merged with L3/n_0/r_addr_reg[1]
merged         L3/n_8/r_addr_reg[1] merged with L3/n_0/r_addr_reg[1]
merged         L3/n_9/r_addr_reg[1] merged with L3/n_0/r_addr_reg[1]
merged         L3/n_1/r_addr_reg[3] merged with L3/n_0/r_addr_reg[3]
merged         L3/n_2/r_addr_reg[3] merged with L3/n_0/r_addr_reg[3]
merged         L3/n_3/r_addr_reg[3] merged with L3/n_0/r_addr_reg[3]
merged         L3/n_4/r_addr_reg[3] merged with L3/n_0/r_addr_reg[3]
merged         L3/n_5/r_addr_reg[3] merged with L3/n_0/r_addr_reg[3]
merged         L3/n_6/r_addr_reg[3] merged with L3/n_0/r_addr_reg[3]
merged         L3/n_7/r_addr_reg[3] merged with L3/n_0/r_addr_reg[3]
merged         L3/n_8/r_addr_reg[3] merged with L3/n_0/r_addr_reg[3]
merged         L3/n_9/r_addr_reg[3] merged with L3/n_0/r_addr_reg[3]
merged         L3/n_1/r_addr_reg[4] merged with L3/n_0/r_addr_reg[4]
merged         L3/n_2/r_addr_reg[4] merged with L3/n_0/r_addr_reg[4]
merged         L3/n_3/r_addr_reg[4] merged with L3/n_0/r_addr_reg[4]
merged         L3/n_4/r_addr_reg[4] merged with L3/n_0/r_addr_reg[4]
merged         L3/n_5/r_addr_reg[4] merged with L3/n_0/r_addr_reg[4]
merged         L3/n_6/r_addr_reg[4] merged with L3/n_0/r_addr_reg[4]
merged         L3/n_7/r_addr_reg[4] merged with L3/n_0/r_addr_reg[4]
merged         L3/n_8/r_addr_reg[4] merged with L3/n_0/r_addr_reg[4]
merged         L3/n_9/r_addr_reg[4] merged with L3/n_0/r_addr_reg[4]
merged         L3/n_1/r_addr_reg[5] merged with L3/n_0/r_addr_reg[5]
merged         L3/n_2/r_addr_reg[5] merged with L3/n_0/r_addr_reg[5]
merged         L3/n_3/r_addr_reg[5] merged with L3/n_0/r_addr_reg[5]
merged         L3/n_4/r_addr_reg[5] merged with L3/n_0/r_addr_reg[5]
merged         L3/n_5/r_addr_reg[5] merged with L3/n_0/r_addr_reg[5]
merged         L3/n_6/r_addr_reg[5] merged with L3/n_0/r_addr_reg[5]
merged         L3/n_7/r_addr_reg[5] merged with L3/n_0/r_addr_reg[5]
merged         L3/n_8/r_addr_reg[5] merged with L3/n_0/r_addr_reg[5]
merged         L3/n_9/r_addr_reg[5] merged with L3/n_0/r_addr_reg[5]
merged         L3/n_1/r_addr_reg[2] merged with L3/n_0/r_addr_reg[2]
merged         L3/n_2/r_addr_reg[2] merged with L3/n_0/r_addr_reg[2]
merged         L3/n_3/r_addr_reg[2] merged with L3/n_0/r_addr_reg[2]
merged         L3/n_4/r_addr_reg[2] merged with L3/n_0/r_addr_reg[2]
merged         L3/n_5/r_addr_reg[2] merged with L3/n_0/r_addr_reg[2]
merged         L3/n_6/r_addr_reg[2] merged with L3/n_0/r_addr_reg[2]
merged         L3/n_7/r_addr_reg[2] merged with L3/n_0/r_addr_reg[2]
merged         L3/n_8/r_addr_reg[2] merged with L3/n_0/r_addr_reg[2]
merged         L3/n_9/r_addr_reg[2] merged with L3/n_0/r_addr_reg[2]
merged         L3/n_1/sigValid_reg merged with L3/n_0/sigValid_reg
merged         L3/n_2/sigValid_reg merged with L3/n_0/sigValid_reg
merged         L3/n_3/sigValid_reg merged with L3/n_0/sigValid_reg
merged         L3/n_4/sigValid_reg merged with L3/n_0/sigValid_reg
merged         L3/n_5/sigValid_reg merged with L3/n_0/sigValid_reg
merged         L3/n_6/sigValid_reg merged with L3/n_0/sigValid_reg
merged         L3/n_7/sigValid_reg merged with L3/n_0/sigValid_reg
merged         L3/n_8/sigValid_reg merged with L3/n_0/sigValid_reg
merged         L3/n_9/sigValid_reg merged with L3/n_0/sigValid_reg
merged         L4/n_1/outvalid_i_reg merged with L4/n_0/outvalid_i_reg
merged         L4/n_2/outvalid_i_reg merged with L4/n_0/outvalid_i_reg
merged         L4/n_3/outvalid_i_reg merged with L4/n_0/outvalid_i_reg
merged         L4/n_4/outvalid_i_reg merged with L4/n_0/outvalid_i_reg
merged         L4/n_5/outvalid_i_reg merged with L4/n_0/outvalid_i_reg
merged         L4/n_6/outvalid_i_reg merged with L4/n_0/outvalid_i_reg
merged         L4/n_7/outvalid_i_reg merged with L4/n_0/outvalid_i_reg
merged         L4/n_8/outvalid_i_reg merged with L4/n_0/outvalid_i_reg
merged         L4/n_9/outvalid_i_reg merged with L4/n_0/outvalid_i_reg
merged         L4/n_5/WM/wout_reg[0] merged with L4/n_1/WM/wout_reg[9]
merged         L4/n_8/WM/wout_reg[8] merged with L4/n_6/WM/wout_reg[2]
merged         L4/n_4/WM/wout_reg[8] merged with L4/n_0/WM/wout_reg[14]
merged         L4/n_1/r_addr_reg[0] merged with L4/n_0/r_addr_reg[0]
merged         L4/n_2/r_addr_reg[0] merged with L4/n_0/r_addr_reg[0]
merged         L4/n_3/r_addr_reg[0] merged with L4/n_0/r_addr_reg[0]
merged         L4/n_4/r_addr_reg[0] merged with L4/n_0/r_addr_reg[0]
merged         L4/n_5/r_addr_reg[0] merged with L4/n_0/r_addr_reg[0]
merged         L4/n_6/r_addr_reg[0] merged with L4/n_0/r_addr_reg[0]
merged         L4/n_7/r_addr_reg[0] merged with L4/n_0/r_addr_reg[0]
merged         L4/n_8/r_addr_reg[0] merged with L4/n_0/r_addr_reg[0]
merged         L4/n_9/r_addr_reg[0] merged with L4/n_0/r_addr_reg[0]
merged         L4/n_1/r_addr_reg[1] merged with L4/n_0/r_addr_reg[1]
merged         L4/n_2/r_addr_reg[1] merged with L4/n_0/r_addr_reg[1]
merged         L4/n_3/r_addr_reg[1] merged with L4/n_0/r_addr_reg[1]
merged         L4/n_4/r_addr_reg[1] merged with L4/n_0/r_addr_reg[1]
merged         L4/n_5/r_addr_reg[1] merged with L4/n_0/r_addr_reg[1]
merged         L4/n_6/r_addr_reg[1] merged with L4/n_0/r_addr_reg[1]
merged         L4/n_7/r_addr_reg[1] merged with L4/n_0/r_addr_reg[1]
merged         L4/n_8/r_addr_reg[1] merged with L4/n_0/r_addr_reg[1]
merged         L4/n_9/r_addr_reg[1] merged with L4/n_0/r_addr_reg[1]
merged         L4/n_1/r_addr_reg[2] merged with L4/n_0/r_addr_reg[2]
merged         L4/n_2/r_addr_reg[2] merged with L4/n_0/r_addr_reg[2]
merged         L4/n_3/r_addr_reg[2] merged with L4/n_0/r_addr_reg[2]
merged         L4/n_4/r_addr_reg[2] merged with L4/n_0/r_addr_reg[2]
merged         L4/n_5/r_addr_reg[2] merged with L4/n_0/r_addr_reg[2]
merged         L4/n_6/r_addr_reg[2] merged with L4/n_0/r_addr_reg[2]
merged         L4/n_7/r_addr_reg[2] merged with L4/n_0/r_addr_reg[2]
merged         L4/n_8/r_addr_reg[2] merged with L4/n_0/r_addr_reg[2]
merged         L4/n_9/r_addr_reg[2] merged with L4/n_0/r_addr_reg[2]
merged         L4/n_8/r_addr_reg[3] merged with L4/n_9/r_addr_reg[3]
merged         L4/n_7/r_addr_reg[3] merged with L4/n_9/r_addr_reg[3]
merged         L4/n_6/r_addr_reg[3] merged with L4/n_9/r_addr_reg[3]
merged         L4/n_5/r_addr_reg[3] merged with L4/n_9/r_addr_reg[3]
merged         L4/n_4/r_addr_reg[3] merged with L4/n_9/r_addr_reg[3]
merged         L4/n_3/r_addr_reg[3] merged with L4/n_9/r_addr_reg[3]
merged         L4/n_2/r_addr_reg[3] merged with L4/n_9/r_addr_reg[3]
merged         L4/n_1/r_addr_reg[3] merged with L4/n_9/r_addr_reg[3]
merged         L4/n_0/r_addr_reg[3] merged with L4/n_9/r_addr_reg[3]
merged         L4/n_1/r_addr_reg[4] merged with L4/n_0/r_addr_reg[4]
merged         L4/n_2/r_addr_reg[4] merged with L4/n_0/r_addr_reg[4]
merged         L4/n_3/r_addr_reg[4] merged with L4/n_0/r_addr_reg[4]
merged         L4/n_4/r_addr_reg[4] merged with L4/n_0/r_addr_reg[4]
merged         L4/n_5/r_addr_reg[4] merged with L4/n_0/r_addr_reg[4]
merged         L4/n_6/r_addr_reg[4] merged with L4/n_0/r_addr_reg[4]
merged         L4/n_7/r_addr_reg[4] merged with L4/n_0/r_addr_reg[4]
merged         L4/n_8/r_addr_reg[4] merged with L4/n_0/r_addr_reg[4]
merged         L4/n_9/r_addr_reg[4] merged with L4/n_0/r_addr_reg[4]
merged         L4/n_1/sigValid_reg merged with L4/n_0/sigValid_reg
merged         L4/n_2/sigValid_reg merged with L4/n_0/sigValid_reg
merged         L4/n_3/sigValid_reg merged with L4/n_0/sigValid_reg
merged         L4/n_4/sigValid_reg merged with L4/n_0/sigValid_reg
merged         L4/n_5/sigValid_reg merged with L4/n_0/sigValid_reg
merged         L4/n_6/sigValid_reg merged with L4/n_0/sigValid_reg
merged         L4/n_7/sigValid_reg merged with L4/n_0/sigValid_reg
merged         L4/n_8/sigValid_reg merged with L4/n_0/sigValid_reg
merged         L4/n_9/sigValid_reg merged with L4/n_0/sigValid_reg
merged         L4/n_8/WM/wout_reg[3] merged with L4/n_3/WM/wout_reg[2]
merged         L4/n_8/WM/wout_reg[0] merged with L4/n_5/WM/wout_reg[5]
merged         L4/n_7/WM/wout_reg[3] merged with L4/n_1/WM/wout_reg[13]
merged         L4/n_3/WM/wout_reg[9] merged with L4/n_2/WM/wout_reg[13]
merged         L4/n_9/WM/wout_reg[6] merged with L4/n_7/WM/wout_reg[14]
merged         L4/n_9/WM/wout_reg[10] merged with L4/n_8/WM/wout_reg[5]
merged         L4/n_5/WM/wout_reg[2] merged with L4/n_3/WM/wout_reg[0]
merged         L4/n_3/WM/wout_reg[7] merged with L4/n_1/WM/wout_reg[8]
unloaded       mFind/inDataBuffer_reg[0]
unloaded       mFind/inDataBuffer_reg[1]
unloaded       mFind/inDataBuffer_reg[2]
unloaded       mFind/inDataBuffer_reg[3]
unloaded       mFind/inDataBuffer_reg[4]
unloaded       mFind/inDataBuffer_reg[5]
unloaded       mFind/inDataBuffer_reg[6]
unloaded       mFind/inDataBuffer_reg[7]
unloaded       mFind/inDataBuffer_reg[8]
unloaded       mFind/inDataBuffer_reg[9]
unloaded       mFind/inDataBuffer_reg[10]
unloaded       mFind/inDataBuffer_reg[11]
unloaded       mFind/inDataBuffer_reg[12]
unloaded       mFind/inDataBuffer_reg[13]
unloaded       mFind/inDataBuffer_reg[14]
constant 0     L2/n_1_myinputd_reg[15]
constant 0     L2/n_0_myinputd_reg[15]
================================================================================

Info    : Done synthesizing. [SYNTH-2]
        : Done synthesizing 'DNN' to generic gates.
     flow.cputime  flow.realtime  timing.setup.tns  timing.setup.wns  snapshot
UM:           973            246                                      syn_generic
@genus:design:DNN 18> syn_map
Current PLE settings:

Aspect ratio        : 1.00
Shrink factor       : 1.00
Scale of res/length : 1.00
Scale of cap/length : 1.00
Net derating factor : 1.00
Thermal factor      : 1.00
Via Resistance      : 0.00 ohm (from default)
Site size           : 1.59 um (from lef [tech+cell])

                                   Capacitance  
  Layer                             / Length         Data source:
Name        Direction Utilization  (pF/micron)       lef_library
------------------------------------------------
metal1          H         0.00        0.000060  
metal2          V         1.00        0.000053  
metal3          H         1.00        0.000052  
metal4          V         1.00        0.000065  
metal5          H         1.00        0.000007  
metal6          V         1.00        0.000049  
metal7          H         1.00        0.000068  
metal8          V         1.00        0.000050  
metal9          H         1.00        0.000065  
metal10         V         1.00        0.000049  

                                    Resistance   
  Layer                              / Length         Data source:
Name        Direction Utilization  (ohm/micron)       lef_library
-------------------------------------------------
metal1          H         0.00         5.428571  
metal2          V         1.00         3.571429  
metal3          H         1.00         3.571429  
metal4          V         1.00         1.500000  
metal5          H         1.00         1.500000  
metal6          V         1.00         1.500000  
metal7          H         1.00         0.187500  
metal8          V         1.00         0.187500  
metal9          H         1.00         0.037500  
metal10         V         1.00         0.037500  

                                        Area     
  Layer                               / Length        Data source:
Name        Direction Utilization     (micron)        lef_library
-------------------------------------------------
metal1          H         0.00         0.070000  
metal2          V         1.00         0.070000  
metal3          H         1.00         0.070000  
metal4          V         1.00         0.140000  
metal5          H         1.00         0.140000  
metal6          V         1.00         0.140000  
metal7          H         1.00         0.400000  
metal8          V         1.00         0.400000  
metal9          H         1.00         0.800000  
metal10         V         1.00         0.800000  

Info    : Mapping. [SYNTH-4]
        : Mapping 'DNN' using 'high' effort.
Mapper: Libraries have:
	domain _default_: 96 combo usable cells and 20 sequential usable cells
PBS_TechMap-Start - Elapsed_Time 0, CPU_Time 0.0
stamp 'PBS_TechMap-Start' being created for table 'pbs_debug'

  Total Time (Wall) |  Stage Time (Wall)  |   % (Wall)   |    Date - Time     |  Memory   | Stage
--------------------+---------------------+--------------+--------------------+-----------+----------------------
 00:00:57(00:01:11) |  00:00:00(00:00:00) |   0.0(  0.0) |   20:00:55 (Nov12) |  721.0 MB | PBS_Generic-Start
--------------------+---------------------+--------------+--------------------+-----------+----------------------
 00:04:19(00:04:35) |  00:03:22(00:03:24) |  86.4( 86.1) |   20:04:19 (Nov12) |   1.13 GB | PBS_Generic_Opt-Post
--------------------+---------------------+--------------+--------------------+-----------+----------------------
 00:04:23(00:04:40) |  00:00:04(00:00:05) |   1.7(  2.1) |   20:04:24 (Nov12) |  944.4 MB | PBS_Generic-Postgen HBO Optimizations
--------------------+---------------------+--------------+--------------------+-----------+----------------------
 00:04:51(00:05:08) |  00:00:28(00:00:28) |  11.9( 11.8) |   20:04:52 (Nov12) |  980.7 MB | PBS_TechMap-Start
--------------------+---------------------+--------------+--------------------+-----------+----------------------
Number of threads: 8 * 1   (id: pbs_debug, time_info v1.57)
Info: (*N*) indicates data that was populated from previously saved time_info database
Info: CPU time includes time of parent + longest thread
PBS_TechMap-Premap HBO Optimizations - Elapsed_Time 4, CPU_Time 4.0
stamp 'PBS_TechMap-Premap HBO Optimizations' being created for table 'pbs_debug'

  Total Time (Wall) |  Stage Time (Wall)  |   % (Wall)   |    Date - Time     |  Memory   | Stage
--------------------+---------------------+--------------+--------------------+-----------+----------------------
 00:00:57(00:01:11) |  00:00:00(00:00:00) |   0.0(  0.0) |   20:00:55 (Nov12) |  721.0 MB | PBS_Generic-Start
--------------------+---------------------+--------------+--------------------+-----------+----------------------
 00:04:19(00:04:35) |  00:03:22(00:03:24) |  84.9( 84.6) |   20:04:19 (Nov12) |   1.13 GB | PBS_Generic_Opt-Post
--------------------+---------------------+--------------+--------------------+-----------+----------------------
 00:04:23(00:04:40) |  00:00:04(00:00:05) |   1.7(  2.1) |   20:04:24 (Nov12) |  944.4 MB | PBS_Generic-Postgen HBO Optimizations
--------------------+---------------------+--------------+--------------------+-----------+----------------------
 00:04:51(00:05:08) |  00:00:28(00:00:28) |  11.7( 11.6) |   20:04:52 (Nov12) |  980.7 MB | PBS_TechMap-Start
--------------------+---------------------+--------------+--------------------+-----------+----------------------
 00:04:55(00:05:12) |  00:00:04(00:00:04) |   1.7(  1.7) |   20:04:56 (Nov12) |  980.7 MB | PBS_TechMap-Premap HBO Optimizations
--------------------+---------------------+--------------+--------------------+-----------+----------------------
Number of threads: 8 * 1   (id: pbs_debug, time_info v1.57)
Info: (*N*) indicates data that was populated from previously saved time_info database
Info: CPU time includes time of parent + longest thread
Info    : Enabling Partition Based Synthesis. [PBS-1]
        : Starting distributed mapping.
Updating ST server settings
     Generating lib_script file: /home/kpb1466/Neuron_refine4/Synthesis/.pbs_joker.ece.northwestern.edu_2324662/lib_script
  Resetting attribute of root '/': 'hide_timing_condition_clones' = 
Start partitioning.  Summary: MEM {curr: 1.7G, peak: 2.0G, phys curr: 1.0G, phys peak: 2.0G}
Design 'DNN' is partitioned using gs_apart partitioner
Start timing analysis.  Summary: MEM {curr: 1.7G, peak: 2.0G, phys curr: 1.0G, phys peak: 2.0G}
Done timing analysis.  Summary: RT {elapsed: 5s, ST: 5s}, MEM {curr: 1.7G, peak: 2.0G, phys curr: 1.1G, phys peak: 2.0G}
Start partitioning design DNN
Gathering design stats...
design has 490016 leaf instances and 160 data path operators
Partition size: 100000 and number of partitions 5
Partition Number 0, number of instances 203043, tns 0
Partition Number 1, number of instances 44561, tns 0
Partition Number 2, number of instances 86588, tns 0
Partition Number 3, number of instances 100949, tns 0
Partition Number 4, number of instances 54875, tns 0
Partition measurements: total insts: 490016, number of partitions: 5, max size: 203043, min size: 44561
Partition measurements take CPU time 0.24 secs
Done partitioning.  Summary: RT {elapsed: 11s, ST: 11s}, MEM {curr: 1.7G, peak: 2.0G, phys curr: 1.1G, phys peak: 2.0G}
Start creating partition netlists.  Summary: MEM {curr: 1.7G, peak: 2.0G, phys curr: 1.1G, phys peak: 2.0G}
Done creating partition netlists.  Summary: RT {elapsed: 3s, ST: 3s}, MEM {curr: 1.7G, peak: 2.0G, phys curr: 1.1G, phys peak: 2.0G}
Start budgeting timing for partitions.  Summary: MEM {curr: 1.7G, peak: 2.0G, phys curr: 1.1G, phys peak: 2.0G}
Done budgeting timing for partitions.  Summary: RT {elapsed: 14s, ST: 14s}, MEM {curr: 1.9G, peak: 2.0G, phys curr: 1.7G, phys peak: 2.0G}
Start deriving partition netlists.  Summary: MEM {curr: 1.9G, peak: 2.0G, phys curr: 1.7G, phys peak: 2.0G}
The inst 'pbs_map_1' is selected as pbs candidate. The instance cnt is: '42093'.
The inst 'pbs_map_4' is selected as pbs candidate. The instance cnt is: '133574'.
The inst 'pbs_map_3' is selected as pbs candidate. The instance cnt is: '127913'.
The inst 'pbs_map_5' is selected as pbs candidate. The instance cnt is: '109250'.
The inst 'pbs_map_2' is selected as pbs candidate. The instance cnt is: '77186'.
Done deriving partition netlists.  Summary: RT {elapsed: 5s, ST: 5s}, MEM {curr: 1.9G, peak: 2.0G, phys curr: 1.7G, phys peak: 2.0G}
Wait for super-thread servers to finish loading libraries.
Start super thread servers forking.  Summary: MEM {curr: 1.8G, peak: 2.0G, phys curr: 1.7G, phys peak: 2.0G}
Info    : Connection established with super-threading server. [ST-110]
        : The server 'localhost_1_8' is forked process '2331150' on this host.
Info    : Connection established with super-threading server. [ST-110]
        : The server 'localhost_1_9' is forked process '2331152' on this host.
Info    : Connection established with super-threading server. [ST-110]
        : The server 'localhost_1_10' is forked process '2331154' on this host.
Info    : Connection established with super-threading server. [ST-110]
        : The server 'localhost_1_11' is forked process '2331156' on this host.
Info    : Connection established with super-threading server. [ST-110]
        : The server 'localhost_1_12' is forked process '2331159' on this host.
Info    : Connection established with super-threading server. [ST-110]
        : The server 'localhost_1_13' is forked process '2331161' on this host.
Info    : Connection established with super-threading server. [ST-110]
        : The server 'localhost_1_14' is forked process '2331164' on this host.
Done super thread servers forking.  Summary: RT {elapsed: 1s, ST: 0s}, MEM {curr: 1.8G, peak: 2.0G, phys curr: 1.7G, phys peak: 2.0G}
        Distributing super-thread jobs: {pbs_map_4 ./.pbs_joker.ece.northwestern.edu_2324662/pbs_map_4.etf} {pbs_map_3 ./.pbs_joker.ece.northwestern.edu_2324662/pbs_map_3.etf} {pbs_map_5 ./.pbs_joker.ece.northwestern.edu_2324662/pbs_map_5.etf} {pbs_map_2 ./.pbs_joker.ece.northwestern.edu_2324662/pbs_map_2.etf} {pbs_map_1 ./.pbs_joker.ece.northwestern.edu_2324662/pbs_map_1.etf}
          Sending 'pbs_map_4 ./.pbs_joker.ece.northwestern.edu_2324662/pbs_map_4.etf' to server 'localhost_1_11'...
            Sent 'pbs_map_4 ./.pbs_joker.ece.northwestern.edu_2324662/pbs_map_4.etf' to server 'localhost_1_11'.
          Sending 'pbs_map_3 ./.pbs_joker.ece.northwestern.edu_2324662/pbs_map_3.etf' to server 'localhost_1_0'...
            Sent 'pbs_map_3 ./.pbs_joker.ece.northwestern.edu_2324662/pbs_map_3.etf' to server 'localhost_1_0'.
          Sending 'pbs_map_5 ./.pbs_joker.ece.northwestern.edu_2324662/pbs_map_5.etf' to server 'localhost_1_9'...
            Sent 'pbs_map_5 ./.pbs_joker.ece.northwestern.edu_2324662/pbs_map_5.etf' to server 'localhost_1_9'.
          Sending 'pbs_map_2 ./.pbs_joker.ece.northwestern.edu_2324662/pbs_map_2.etf' to server 'localhost_1_10'...
            Sent 'pbs_map_2 ./.pbs_joker.ece.northwestern.edu_2324662/pbs_map_2.etf' to server 'localhost_1_10'.
          Sending 'pbs_map_1 ./.pbs_joker.ece.northwestern.edu_2324662/pbs_map_1.etf' to server 'localhost_1_14'...
            Sent 'pbs_map_1 ./.pbs_joker.ece.northwestern.edu_2324662/pbs_map_1.etf' to server 'localhost_1_14'.
          Received 'pbs_map_1 ./.pbs_joker.ece.northwestern.edu_2324662/pbs_map_1.etf' from server 'localhost_1_14'. (158634 ms elapsed)
       Partition:  pbs_map_1 - PBS_Map-Distributed_Read_DB - Elapsed_Time 0.00, CPU_Time 0.00
       Partition:  pbs_map_1 - PBS_Map-Distributed_Map - Elapsed_Time 157.00, CPU_Time 154.82
       Partition:  pbs_map_1 - PBS_Map-Distributed_TNS - Elapsed_Time 0.00, CPU_Time 0.00
       Partition: pbs_map_1:  Partitioning - Elapsed_Time 1.36, CPU_Time 1.35 
       Partition: pbs_map_1:  Constant-Propagation - Elapsed_Time 0.26, CPU_Time 0.26 
       Partition: pbs_map_1:  Logic Structuring - Elapsed_Time 85.71, CPU_Time 84.07 
       Partition: pbs_map_1:  Virtual Mapping - Elapsed_Time 10.51, CPU_Time 23.22 
       Partition: pbs_map_1:  Technology Mapping - Elapsed_Time 20.27, CPU_Time 35.55 
       Partition: pbs_map_1:  Core Map - Elapsed_Time 17.51, CPU_Time 17.32 
       Partition: pbs_map_1:  Global Incremental - Elapsed_Time 16.52, CPU_Time 16.41 
       Partition: pbs_map_1:  Mapper - Elapsed_Time 3.71, CPU_Time 4.02 
       Start - Partition: pbs_map_1  Slack: 99.7  TNS: 0.0  Cell-Count: 42093  Cell-Area: 73998  Init-Memory: 808.95
       Done  - Partition: pbs_map_1  Slack: 99.7  TNS: 0.0  Cell-Count: 18489  Cell-Area: 29698  Peak-Memory: 884.92  Elapsed: 157
       Partition:  pbs_map_1 - PBS_Map-Distributed_Report - Elapsed_Time 0.00, CPU_Time 1.00
       Partition:  pbs_map_1 - PBS_Map-Distributed_Write_DB - Elapsed_Time 1.00, CPU_Time 1.00
       pbs_map_1 - PBS_Map-Assembly - Elapsed_Time 1, CPU_Time 1.0
       Partition:  pbs_map_1 - Runtime taken by the partition - Elapsed_Time 158.00, CPU_Time 156.82
          Received 'pbs_map_2 ./.pbs_joker.ece.northwestern.edu_2324662/pbs_map_2.etf' from server 'localhost_1_10'. (277697 ms elapsed)
       Partition:  pbs_map_2 - PBS_Map-Distributed_Read_DB - Elapsed_Time 0.00, CPU_Time 0.00
       Partition:  pbs_map_2 - PBS_Map-Distributed_Map - Elapsed_Time 275.00, CPU_Time 271.78
       Partition:  pbs_map_2 - PBS_Map-Distributed_TNS - Elapsed_Time 0.00, CPU_Time 0.00
       Partition: pbs_map_2:  Partitioning - Elapsed_Time 1.85, CPU_Time 1.83 
       Partition: pbs_map_2:  Constant-Propagation - Elapsed_Time 0.39, CPU_Time 0.39 
       Partition: pbs_map_2:  Logic Structuring - Elapsed_Time 146.32, CPU_Time 144.07 
       Partition: pbs_map_2:  Virtual Mapping - Elapsed_Time 21.73, CPU_Time 46.40 
       Partition: pbs_map_2:  Technology Mapping - Elapsed_Time 42.93, CPU_Time 78.25 
       Partition: pbs_map_2:  Core Map - Elapsed_Time 32.29, CPU_Time 31.37 
       Partition: pbs_map_2:  Global Incremental - Elapsed_Time 24.11, CPU_Time 23.45 
       Partition: pbs_map_2:  Mapper - Elapsed_Time 4.33, CPU_Time 4.31 
       Start - Partition: pbs_map_2  Slack: 98.4  TNS: 0.0  Cell-Count: 77186  Cell-Area: 129001  Init-Memory: 808.95
       Done  - Partition: pbs_map_2  Slack: 98.3  TNS: 0.0  Cell-Count: 29313  Cell-Area: 46644  Peak-Memory: 875.18  Elapsed: 276
       Partition:  pbs_map_2 - PBS_Map-Distributed_Report - Elapsed_Time 1.00, CPU_Time 1.00
       Partition:  pbs_map_2 - PBS_Map-Distributed_Write_DB - Elapsed_Time 1.00, CPU_Time 0.00
       pbs_map_2 - PBS_Map-Assembly - Elapsed_Time 1, CPU_Time 1.0
       Partition:  pbs_map_2 - Runtime taken by the partition - Elapsed_Time 277.00, CPU_Time 272.78
          Received 'pbs_map_5 ./.pbs_joker.ece.northwestern.edu_2324662/pbs_map_5.etf' from server 'localhost_1_9'. (363531 ms elapsed)
       Partition:  pbs_map_5 - PBS_Map-Distributed_Read_DB - Elapsed_Time 0.00, CPU_Time 0.00
       Partition:  pbs_map_5 - PBS_Map-Distributed_Map - Elapsed_Time 361.00, CPU_Time 356.33
       Partition:  pbs_map_5 - PBS_Map-Distributed_TNS - Elapsed_Time 0.00, CPU_Time 0.00
       Partition: pbs_map_5:  Partitioning - Elapsed_Time 2.68, CPU_Time 2.64 
       Partition: pbs_map_5:  Constant-Propagation - Elapsed_Time 0.60, CPU_Time 0.60 
       Partition: pbs_map_5:  Logic Structuring - Elapsed_Time 200.30, CPU_Time 197.10 
       Partition: pbs_map_5:  Virtual Mapping - Elapsed_Time 26.39, CPU_Time 56.23 
       Partition: pbs_map_5:  Technology Mapping - Elapsed_Time 47.14, CPU_Time 96.65 
       Partition: pbs_map_5:  Core Map - Elapsed_Time 40.24, CPU_Time 40.05 
       Partition: pbs_map_5:  Global Incremental - Elapsed_Time 34.75, CPU_Time 34.43 
       Partition: pbs_map_5:  Mapper - Elapsed_Time 6.28, CPU_Time 6.27 
       Start - Partition: pbs_map_5  Slack: 154.5  TNS: 0.0  Cell-Count: 109250  Cell-Area: 182311  Init-Memory: 808.95
       Done  - Partition: pbs_map_5  Slack: 152.4  TNS: 0.0  Cell-Count: 44174  Cell-Area: 66298  Peak-Memory: 873.01  Elapsed: 361
       Partition:  pbs_map_5 - PBS_Map-Distributed_Report - Elapsed_Time 1.00, CPU_Time 2.00
       Partition:  pbs_map_5 - PBS_Map-Distributed_Write_DB - Elapsed_Time 1.00, CPU_Time 1.00
       pbs_map_5 - PBS_Map-Assembly - Elapsed_Time 2, CPU_Time 2.0
       Partition:  pbs_map_5 - Runtime taken by the partition - Elapsed_Time 363.00, CPU_Time 359.33
          Received 'pbs_map_3 ./.pbs_joker.ece.northwestern.edu_2324662/pbs_map_3.etf' from server 'localhost_1_0'. (438297 ms elapsed)
       Partition:  pbs_map_3 - PBS_Map-Distributed_Read_DB - Elapsed_Time 0.00, CPU_Time 1.00
       Partition:  pbs_map_3 - PBS_Map-Distributed_Map - Elapsed_Time 434.00, CPU_Time 431.23
       Partition:  pbs_map_3 - PBS_Map-Distributed_TNS - Elapsed_Time 0.00, CPU_Time 0.00
       Partition: pbs_map_3:  Partitioning - Elapsed_Time 4.19, CPU_Time 4.18 
       Partition: pbs_map_3:  Constant-Propagation - Elapsed_Time 0.82, CPU_Time 0.82 
       Partition: pbs_map_3:  Logic Structuring - Elapsed_Time 264.57, CPU_Time 261.54 
       Partition: pbs_map_3:  Virtual Mapping - Elapsed_Time 21.71, CPU_Time 58.55 
       Partition: pbs_map_3:  Technology Mapping - Elapsed_Time 39.97, CPU_Time 91.83 
       Partition: pbs_map_3:  Core Map - Elapsed_Time 42.79, CPU_Time 43.10 
       Partition: pbs_map_3:  Global Incremental - Elapsed_Time 48.18, CPU_Time 48.19 
       Partition: pbs_map_3:  Mapper - Elapsed_Time 9.18, CPU_Time 9.32 
       Start - Partition: pbs_map_3  Slack: 72.8  TNS: 0.0  Cell-Count: 127913  Cell-Area: 210699  Init-Memory: 808.95
       Done  - Partition: pbs_map_3  Slack: 78.6  TNS: 0.0  Cell-Count: 55438  Cell-Area: 75224  Peak-Memory: 1019.89  Elapsed: 435
       Partition:  pbs_map_3 - PBS_Map-Distributed_Report - Elapsed_Time 2.00, CPU_Time 1.00
       Partition:  pbs_map_3 - PBS_Map-Distributed_Write_DB - Elapsed_Time 2.00, CPU_Time 2.00
       pbs_map_3 - PBS_Map-Assembly - Elapsed_Time 2, CPU_Time 2.0
       Partition:  pbs_map_3 - Runtime taken by the partition - Elapsed_Time 438.00, CPU_Time 435.23
          Received 'pbs_map_4 ./.pbs_joker.ece.northwestern.edu_2324662/pbs_map_4.etf' from server 'localhost_1_11'. (540133 ms elapsed)
       Partition:  pbs_map_4 - PBS_Map-Distributed_Read_DB - Elapsed_Time 0.00, CPU_Time 1.00
       Partition:  pbs_map_4 - PBS_Map-Distributed_Map - Elapsed_Time 536.00, CPU_Time 533.59
       Partition:  pbs_map_4 - PBS_Map-Distributed_TNS - Elapsed_Time 0.00, CPU_Time 0.00
       Partition: pbs_map_4:  Partitioning - Elapsed_Time 5.06, CPU_Time 5.05 
       Partition: pbs_map_4:  Constant-Propagation - Elapsed_Time 0.96, CPU_Time 0.96 
       Partition: pbs_map_4:  Logic Structuring - Elapsed_Time 358.46, CPU_Time 357.22 
       Partition: pbs_map_4:  Virtual Mapping - Elapsed_Time 18.74, CPU_Time 62.75 
       Partition: pbs_map_4:  Technology Mapping - Elapsed_Time 40.41, CPU_Time 96.45 
       Partition: pbs_map_4:  Core Map - Elapsed_Time 43.62, CPU_Time 44.88 
       Partition: pbs_map_4:  Global Incremental - Elapsed_Time 55.57, CPU_Time 55.48 
       Partition: pbs_map_4:  Mapper - Elapsed_Time 10.07, CPU_Time 10.24 
       Start - Partition: pbs_map_4  Slack: 84.0  TNS: 0.0  Cell-Count: 133574  Cell-Area: 218394  Init-Memory: 810.45
       Done  - Partition: pbs_map_4  Slack: 86.3  TNS: 0.0  Cell-Count: 59384  Cell-Area: 77471  Peak-Memory: 1102.40  Elapsed: 536
       Partition:  pbs_map_4 - PBS_Map-Distributed_Report - Elapsed_Time 2.00, CPU_Time 2.00
       Partition:  pbs_map_4 - PBS_Map-Distributed_Write_DB - Elapsed_Time 1.00, CPU_Time 2.00
       pbs_map_4 - PBS_Map-Assembly - Elapsed_Time 2, CPU_Time 3.0
       Partition:  pbs_map_4 - Runtime taken by the partition - Elapsed_Time 539.00, CPU_Time 538.59
Assembled design in-time

+-----------+----------------------------+-----+----------------------+---------------------------+
|   Host    |          Machine           | CPU | Physical Memory (MB) | Peak Physical Memory (MB) |
+-----------+----------------------------+-----+----------------------+---------------------------+
| localhost | joker.ece.northwestern.edu |  8  |        1530.2        |          2193.7           |
+-----------+----------------------------+-----+----------------------+---------------------------+

+----------------+----------------------+---------------------------+
|     Server     | Physical Memory (MB) | Peak Physical Memory (MB) |
+----------------+----------------------+---------------------------+
| localhost_1_0  |      745.3 [1]       |        1425.0 [1]         |
| localhost_1_11 |      127.3 [2]       |          [2] [3]          |
| localhost_1_8  |       49.5 [2]       |          [2] [3]          |
| localhost_1_12 |       49.5 [2]       |          [2] [3]          |
| localhost_1_13 |       49.5 [2]       |          [2] [3]          |
| localhost_1_14 |      103.2 [2]       |          [2] [3]          |
| localhost_1_9  |      113.1 [2]       |          [2] [3]          |
| localhost_1_10 |      110.1 [2]       |          [2] [3]          |
+----------------+----------------------+---------------------------+
[1] Memory of child processes is included.
[2] Memory is included in parent localhost_1_0.
[3] Peak physical memory is not available for forked background servers.

PBS_Techmap-Global Mapping - Elapsed_Time 587, CPU_Time 583.453058
stamp 'PBS_Techmap-Global Mapping' being created for table 'pbs_debug'

  Total Time (Wall) |  Stage Time (Wall)  |   % (Wall)   |    Date - Time     |  Memory   | Stage
--------------------+---------------------+--------------+--------------------+-----------+----------------------
 00:00:57(00:01:11) |  00:00:00(00:00:00) |   0.0(  0.0) |   20:00:55 (Nov12) |  721.0 MB | PBS_Generic-Start
--------------------+---------------------+--------------+--------------------+-----------+----------------------
 00:04:19(00:04:35) |  00:03:22(00:03:24) |  24.7( 24.6) |   20:04:19 (Nov12) |   1.13 GB | PBS_Generic_Opt-Post
--------------------+---------------------+--------------+--------------------+-----------+----------------------
 00:04:23(00:04:40) |  00:00:04(00:00:05) |   0.5(  0.6) |   20:04:24 (Nov12) |  944.4 MB | PBS_Generic-Postgen HBO Optimizations
--------------------+---------------------+--------------+--------------------+-----------+----------------------
 00:04:51(00:05:08) |  00:00:28(00:00:28) |   3.4(  3.4) |   20:04:52 (Nov12) |  980.7 MB | PBS_TechMap-Start
--------------------+---------------------+--------------+--------------------+-----------+----------------------
 00:04:55(00:05:12) |  00:00:04(00:00:04) |   0.5(  0.5) |   20:04:56 (Nov12) |  980.7 MB | PBS_TechMap-Premap HBO Optimizations
--------------------+---------------------+--------------+--------------------+-----------+----------------------
 00:14:39(00:14:59) |  00:09:43(00:09:47) |  71.0( 70.9) |   20:14:43 (Nov12) |   1.08 GB | PBS_Techmap-Global Mapping
--------------------+---------------------+--------------+--------------------+-----------+----------------------
Number of threads: 8 * 1   (id: pbs_debug, time_info v1.57)
Info: (*N*) indicates data that was populated from previously saved time_info database
Info: CPU time includes time of parent + longest thread
Info    : Wrote formal verification information. [CFM-5]
        : Wrote 'fv/DNN/fv_map.fv.json' for netlist 'fv/DNN/fv_map.v.gz'.
Info    : Wrote dofile. [CFM-1]
        : Dofile is 'fv/DNN/rtl_to_fv_map.do'.
PBS_TechMap-Datapath Postmap Operations - Elapsed_Time 15, CPU_Time 16.0
stamp 'PBS_TechMap-Datapath Postmap Operations' being created for table 'pbs_debug'

  Total Time (Wall) |  Stage Time (Wall)  |   % (Wall)   |    Date - Time     |  Memory   | Stage
--------------------+---------------------+--------------+--------------------+-----------+----------------------
 00:00:57(00:01:11) |  00:00:00(00:00:00) |   0.0(  0.0) |   20:00:55 (Nov12) |  721.0 MB | PBS_Generic-Start
--------------------+---------------------+--------------+--------------------+-----------+----------------------
 00:04:19(00:04:35) |  00:03:22(00:03:24) |  24.2( 24.2) |   20:04:19 (Nov12) |   1.13 GB | PBS_Generic_Opt-Post
--------------------+---------------------+--------------+--------------------+-----------+----------------------
 00:04:23(00:04:40) |  00:00:04(00:00:05) |   0.5(  0.6) |   20:04:24 (Nov12) |  944.4 MB | PBS_Generic-Postgen HBO Optimizations
--------------------+---------------------+--------------+--------------------+-----------+----------------------
 00:04:51(00:05:08) |  00:00:28(00:00:28) |   3.3(  3.3) |   20:04:52 (Nov12) |  980.7 MB | PBS_TechMap-Start
--------------------+---------------------+--------------+--------------------+-----------+----------------------
 00:04:55(00:05:12) |  00:00:04(00:00:04) |   0.5(  0.5) |   20:04:56 (Nov12) |  980.7 MB | PBS_TechMap-Premap HBO Optimizations
--------------------+---------------------+--------------+--------------------+-----------+----------------------
 00:14:39(00:14:59) |  00:09:43(00:09:47) |  69.6( 69.6) |   20:14:43 (Nov12) |   1.08 GB | PBS_Techmap-Global Mapping
--------------------+---------------------+--------------+--------------------+-----------+----------------------
 00:14:55(00:15:14) |  00:00:16(00:00:15) |   1.9(  1.8) |   20:14:58 (Nov12) |   1.03 GB | PBS_TechMap-Datapath Postmap Operations
--------------------+---------------------+--------------+--------------------+-----------+----------------------
Number of threads: 8 * 1   (id: pbs_debug, time_info v1.57)
Info: (*N*) indicates data that was populated from previously saved time_info database
Info: CPU time includes time of parent + longest thread
PBS_TechMap-Postmap HBO Optimizations - Elapsed_Time 3, CPU_Time 3.0
stamp 'PBS_TechMap-Postmap HBO Optimizations' being created for table 'pbs_debug'

  Total Time (Wall) |  Stage Time (Wall)  |   % (Wall)   |    Date - Time     |  Memory   | Stage
--------------------+---------------------+--------------+--------------------+-----------+----------------------
 00:00:57(00:01:11) |  00:00:00(00:00:00) |   0.0(  0.0) |   20:00:55 (Nov12) |  721.0 MB | PBS_Generic-Start
--------------------+---------------------+--------------+--------------------+-----------+----------------------
 00:04:19(00:04:35) |  00:03:22(00:03:24) |  24.1( 24.1) |   20:04:19 (Nov12) |   1.13 GB | PBS_Generic_Opt-Post
--------------------+---------------------+--------------+--------------------+-----------+----------------------
 00:04:23(00:04:40) |  00:00:04(00:00:05) |   0.5(  0.6) |   20:04:24 (Nov12) |  944.4 MB | PBS_Generic-Postgen HBO Optimizations
--------------------+---------------------+--------------+--------------------+-----------+----------------------
 00:04:51(00:05:08) |  00:00:28(00:00:28) |   3.3(  3.3) |   20:04:52 (Nov12) |  980.7 MB | PBS_TechMap-Start
--------------------+---------------------+--------------+--------------------+-----------+----------------------
 00:04:55(00:05:12) |  00:00:04(00:00:04) |   0.5(  0.5) |   20:04:56 (Nov12) |  980.7 MB | PBS_TechMap-Premap HBO Optimizations
--------------------+---------------------+--------------+--------------------+-----------+----------------------
 00:14:39(00:14:59) |  00:09:43(00:09:47) |  69.4( 69.4) |   20:14:43 (Nov12) |   1.08 GB | PBS_Techmap-Global Mapping
--------------------+---------------------+--------------+--------------------+-----------+----------------------
 00:14:55(00:15:14) |  00:00:16(00:00:15) |   1.9(  1.8) |   20:14:58 (Nov12) |   1.03 GB | PBS_TechMap-Datapath Postmap Operations
--------------------+---------------------+--------------+--------------------+-----------+----------------------
 00:14:58(00:15:17) |  00:00:03(00:00:03) |   0.4(  0.4) |   20:15:01 (Nov12) |   1.03 GB | PBS_TechMap-Postmap HBO Optimizations
--------------------+---------------------+--------------+--------------------+-----------+----------------------
Number of threads: 8 * 1   (id: pbs_debug, time_info v1.57)
Info: (*N*) indicates data that was populated from previously saved time_info database
Info: CPU time includes time of parent + longest thread
 Doing ConstProp on design:DNN ... 

PBS_TechMap-Postmap Clock Gating - Elapsed_Time 17, CPU_Time 17.0
stamp 'PBS_TechMap-Postmap Clock Gating' being created for table 'pbs_debug'

  Total Time (Wall) |  Stage Time (Wall)  |   % (Wall)   |    Date - Time     |  Memory   | Stage
--------------------+---------------------+--------------+--------------------+-----------+----------------------
 00:00:57(00:01:11) |  00:00:00(00:00:00) |   0.0(  0.0) |   20:00:55 (Nov12) |  721.0 MB | PBS_Generic-Start
--------------------+---------------------+--------------+--------------------+-----------+----------------------
 00:04:19(00:04:35) |  00:03:22(00:03:24) |  23.6( 23.6) |   20:04:19 (Nov12) |   1.13 GB | PBS_Generic_Opt-Post
--------------------+---------------------+--------------+--------------------+-----------+----------------------
 00:04:23(00:04:40) |  00:00:04(00:00:05) |   0.5(  0.6) |   20:04:24 (Nov12) |  944.4 MB | PBS_Generic-Postgen HBO Optimizations
--------------------+---------------------+--------------+--------------------+-----------+----------------------
 00:04:51(00:05:08) |  00:00:28(00:00:28) |   3.3(  3.2) |   20:04:52 (Nov12) |  980.7 MB | PBS_TechMap-Start
--------------------+---------------------+--------------+--------------------+-----------+----------------------
 00:04:55(00:05:12) |  00:00:04(00:00:04) |   0.5(  0.5) |   20:04:56 (Nov12) |  980.7 MB | PBS_TechMap-Premap HBO Optimizations
--------------------+---------------------+--------------+--------------------+-----------+----------------------
 00:14:39(00:14:59) |  00:09:43(00:09:47) |  68.0( 68.0) |   20:14:43 (Nov12) |   1.08 GB | PBS_Techmap-Global Mapping
--------------------+---------------------+--------------+--------------------+-----------+----------------------
 00:14:55(00:15:14) |  00:00:16(00:00:15) |   1.9(  1.7) |   20:14:58 (Nov12) |   1.03 GB | PBS_TechMap-Datapath Postmap Operations
--------------------+---------------------+--------------+--------------------+-----------+----------------------
 00:14:58(00:15:17) |  00:00:03(00:00:03) |   0.3(  0.3) |   20:15:01 (Nov12) |   1.03 GB | PBS_TechMap-Postmap HBO Optimizations
--------------------+---------------------+--------------+--------------------+-----------+----------------------
 00:15:15(00:15:34) |  00:00:17(00:00:17) |   2.0(  2.0) |   20:15:18 (Nov12) |  936.5 MB | PBS_TechMap-Postmap Clock Gating
--------------------+---------------------+--------------+--------------------+-----------+----------------------
Number of threads: 8 * 1   (id: pbs_debug, time_info v1.57)
Info: (*N*) indicates data that was populated from previously saved time_info database
Info: CPU time includes time of parent + longest thread
 hi_fo_buf                611918        0         0    488390      291    11158

           Trick     Calls     Accepts   Attempts    Time(secs) 
-----------------------------------------------------------
       hi_fo_buf         0  (        0 /        0 )  0.00

 
Incremental optimization status
===============================
                                   Group   
                                  Tot Wrst     Total - - - - DRC Totals - - - -
                           Total  Weighted      Neg      Max       Max     Max  
Operation                   Area   Slacks      Slack    Trans      Cap   Fanout 
-------------------------------------------------------------------------------
 init_delay               611918        0         0    488390      291    11158

           Trick     Calls     Accepts   Attempts    Time(secs) 
-----------------------------------------------------------
       crit_upsz         0  (        0 /        0 )  0.00
    plc_bal_star         0  (        0 /        0 )  0.00
     drc_buftimb         0  (        0 /        0 )  0.00
          plc_st         0  (        0 /        0 )  0.00
    plc_st_fence         0  (        0 /        0 )  0.00
        plc_star         0  (        0 /        0 )  0.00
      plc_laf_st         0  (        0 /        0 )  0.00
 plc_laf_st_fence         0  (        0 /        0 )  0.00
     drc_buftims         0  (        0 /        0 )  0.00
            fopt         0  (        0 /        0 )  0.00
   plc_laf_lo_st         0  (        0 /        0 )  0.00
       plc_lo_st         0  (        0 /        0 )  0.00

 
Local TNS optimization status
=============================
                                   Group   
                                  Tot Wrst     Total - - - - DRC Totals - - - -
                           Total  Weighted      Neg      Max       Max     Max  
Operation                   Area   Slacks      Slack    Trans      Cap   Fanout 
-------------------------------------------------------------------------------
 init_tns                 611918        0         0    488390      291    11158

           Trick     Calls     Accepts   Attempts    Time(secs) 
-----------------------------------------------------------
    plc_bal_star         0  (        0 /        0 )  0.00
     drc_buftimb         0  (        0 /        0 )  0.00
     drc_buftims         0  (        0 /        0 )  0.00
       crit_upsz         0  (        0 /        0 )  0.00
   plc_laf_lo_st         0  (        0 /        0 )  0.00
       plc_lo_st         0  (        0 /        0 )  0.00
            fopt         0  (        0 /        0 )  0.00
       crit_dnsz         0  (        0 /        0 )  0.00
             dup         0  (        0 /        0 )  0.00
        setup_dn         0  (        0 /        0 )  0.00

PBS_TechMap-Postmap Cleanup - Elapsed_Time 5, CPU_Time 4.0
stamp 'PBS_TechMap-Postmap Cleanup' being created for table 'pbs_debug'

  Total Time (Wall) |  Stage Time (Wall)  |   % (Wall)   |    Date - Time     |  Memory   | Stage
--------------------+---------------------+--------------+--------------------+-----------+----------------------
 00:00:57(00:01:11) |  00:00:00(00:00:00) |   0.0(  0.0) |   20:00:55 (Nov12) |  721.0 MB | PBS_Generic-Start
--------------------+---------------------+--------------+--------------------+-----------+----------------------
 00:04:19(00:04:35) |  00:03:22(00:03:24) |  23.5( 23.5) |   20:04:19 (Nov12) |   1.13 GB | PBS_Generic_Opt-Post
--------------------+---------------------+--------------+--------------------+-----------+----------------------
 00:04:23(00:04:40) |  00:00:04(00:00:05) |   0.5(  0.6) |   20:04:24 (Nov12) |  944.4 MB | PBS_Generic-Postgen HBO Optimizations
--------------------+---------------------+--------------+--------------------+-----------+----------------------
 00:04:51(00:05:08) |  00:00:28(00:00:28) |   3.2(  3.2) |   20:04:52 (Nov12) |  980.7 MB | PBS_TechMap-Start
--------------------+---------------------+--------------+--------------------+-----------+----------------------
 00:04:55(00:05:12) |  00:00:04(00:00:04) |   0.5(  0.5) |   20:04:56 (Nov12) |  980.7 MB | PBS_TechMap-Premap HBO Optimizations
--------------------+---------------------+--------------+--------------------+-----------+----------------------
 00:14:39(00:14:59) |  00:09:43(00:09:47) |  67.7( 67.6) |   20:14:43 (Nov12) |   1.08 GB | PBS_Techmap-Global Mapping
--------------------+---------------------+--------------+--------------------+-----------+----------------------
 00:14:55(00:15:14) |  00:00:16(00:00:15) |   1.9(  1.7) |   20:14:58 (Nov12) |   1.03 GB | PBS_TechMap-Datapath Postmap Operations
--------------------+---------------------+--------------+--------------------+-----------+----------------------
 00:14:58(00:15:17) |  00:00:03(00:00:03) |   0.3(  0.3) |   20:15:01 (Nov12) |   1.03 GB | PBS_TechMap-Postmap HBO Optimizations
--------------------+---------------------+--------------+--------------------+-----------+----------------------
 00:15:15(00:15:34) |  00:00:17(00:00:17) |   2.0(  2.0) |   20:15:18 (Nov12) |  936.5 MB | PBS_TechMap-Postmap Clock Gating
--------------------+---------------------+--------------+--------------------+-----------+----------------------
 00:15:19(00:15:39) |  00:00:04(00:00:05) |   0.5(  0.6) |   20:15:23 (Nov12) |   1.05 GB | PBS_TechMap-Postmap Cleanup
--------------------+---------------------+--------------+--------------------+-----------+----------------------
Number of threads: 8 * 1   (id: pbs_debug, time_info v1.57)
Info: (*N*) indicates data that was populated from previously saved time_info database
Info: CPU time includes time of parent + longest thread
PBS_Techmap-Post_MBCI - Elapsed_Time 0, CPU_Time 0.0
stamp 'PBS_Techmap-Post_MBCI' being created for table 'pbs_debug'

  Total Time (Wall) |  Stage Time (Wall)  |   % (Wall)   |    Date - Time     |  Memory   | Stage
--------------------+---------------------+--------------+--------------------+-----------+----------------------
 00:00:57(00:01:11) |  00:00:00(00:00:00) |   0.0(  0.0) |   20:00:55 (Nov12) |  721.0 MB | PBS_Generic-Start
--------------------+---------------------+--------------+--------------------+-----------+----------------------
 00:04:19(00:04:35) |  00:03:22(00:03:24) |  23.5( 23.5) |   20:04:19 (Nov12) |   1.13 GB | PBS_Generic_Opt-Post
--------------------+---------------------+--------------+--------------------+-----------+----------------------
 00:04:23(00:04:40) |  00:00:04(00:00:05) |   0.5(  0.6) |   20:04:24 (Nov12) |  944.4 MB | PBS_Generic-Postgen HBO Optimizations
--------------------+---------------------+--------------+--------------------+-----------+----------------------
 00:04:51(00:05:08) |  00:00:28(00:00:28) |   3.2(  3.2) |   20:04:52 (Nov12) |  980.7 MB | PBS_TechMap-Start
--------------------+---------------------+--------------+--------------------+-----------+----------------------
 00:04:55(00:05:12) |  00:00:04(00:00:04) |   0.5(  0.5) |   20:04:56 (Nov12) |  980.7 MB | PBS_TechMap-Premap HBO Optimizations
--------------------+---------------------+--------------+--------------------+-----------+----------------------
 00:14:39(00:14:59) |  00:09:43(00:09:47) |  67.7( 67.6) |   20:14:43 (Nov12) |   1.08 GB | PBS_Techmap-Global Mapping
--------------------+---------------------+--------------+--------------------+-----------+----------------------
 00:14:55(00:15:14) |  00:00:16(00:00:15) |   1.9(  1.7) |   20:14:58 (Nov12) |   1.03 GB | PBS_TechMap-Datapath Postmap Operations
--------------------+---------------------+--------------+--------------------+-----------+----------------------
 00:14:58(00:15:17) |  00:00:03(00:00:03) |   0.3(  0.3) |   20:15:01 (Nov12) |   1.03 GB | PBS_TechMap-Postmap HBO Optimizations
--------------------+---------------------+--------------+--------------------+-----------+----------------------
 00:15:15(00:15:34) |  00:00:17(00:00:17) |   2.0(  2.0) |   20:15:18 (Nov12) |  936.5 MB | PBS_TechMap-Postmap Clock Gating
--------------------+---------------------+--------------+--------------------+-----------+----------------------
 00:15:19(00:15:39) |  00:00:04(00:00:05) |   0.5(  0.6) |   20:15:23 (Nov12) |   1.05 GB | PBS_TechMap-Postmap Cleanup
--------------------+---------------------+--------------+--------------------+-----------+----------------------
 00:15:19(00:15:39) |  00:00:00(00:00:00) |   0.0(  0.0) |   20:15:23 (Nov12) |   1.05 GB | PBS_Techmap-Post_MBCI
--------------------+---------------------+--------------+--------------------+-----------+----------------------
Number of threads: 8 * 1   (id: pbs_debug, time_info v1.57)
Info: (*N*) indicates data that was populated from previously saved time_info database
Info: CPU time includes time of parent + longest thread

======================= Sequential Deletion Report =============================
   Reason      Instance Name
-----------------------------
================================================================================

##>============= Cadence Confidential (Mapping-Logical) =============
##>ST Summary (5 partitions in total):
##>------------------------------------------------------------------
##>PARTITION                4         3         5         2         1
##>------------------------------------------------------------------
##>PRE_WNS                 84        72       154        98        99
##>PRE_TNS                  0         0         0         0         0
##>PRE_CNT             133574    127913    109250     77186     42093
##>PRE_PORT_CNT          7245      7131       943       795      4137
##>PRE_AREA            218394    210699    182311    129001     73998
##>------------------------------------------------------------------
##>POST_WNS                86        78       152        98        99
##>POST_TNS                 0         0         0         0         0
##>POST_CNT             59384     55438     44174     29313     18489
##>POST_PORT_CNT         7245      7131       943       795      4137
##>POST_AREA            77471     75224     66298     46644     29698
##>------------------------------------------------------------------
##>M:Read DB                0         0         0         0         0
##>M:Logic Reduce           0         0         0         0         0
##>M:Partition              5         4         2         1         1
##>M:Const Prop             0         0         0         0         0
##>M:Structuring          358       264       200       146        85
##>M:Virtual Map           18        21        26        21        10
##>M:Tech Map              40        39        47        42        20
##>M:Global Incr           56        48        35        24        16
##>M:TNS(D)                 0         0         0         0         0
##>M:Const Prop(D)          0         0         0         0         0
##>M:Write DB               1         2         1         1         1
##>M:Misc                  61        60        52        42        25
##>Total Elapsed          539       438       363       277       158
##>==================================================================
##>Main Thread Summary:
##>----------------------------------------------------------------------------------------
##>STEP                           Elapsed       WNS       TNS     Insts      Area    Memory
##>----------------------------------------------------------------------------------------
##>M:Initial                            3         -         -    490016    814404       980
##>M:Pre Cleanup                        1         -         -    490016    814404       980
##>M:Setup                              2         -         -         -         -      2060
##>M:Launch ST                          0         -         -         -         -      2060
##>M:Design Partition                  11      6388         0         -         -      2060
##>M:Create Partition Netlists          3         -         -         -         -      2060
##>M:Init Power                         0         -         -         -         -      2060
##>M:Budgeting                          9         -         -         -         -      2060
##>M:Derenv-DB                          5         -         -         -         -      2060
##>M:Debug Outputs                      0         -         -         -         -         -
##>M:ST loading                         1         -         -         -         -      2060
##>M:Distributed                      540         -         -         -         -      2060
##>M:Timer                             10         -         -         -         -      2060
##>M:Assembly                           2         -         -         -         -      2060
##>M:DFT                                1         -         -         -         -      2060
##>M:DP Operations                     15         -         -    206798    295336      1034
##>M:Const Prop                         0      6209         0    206798    295336      1034
##>M:Cleanup                            5      6209         0    206567    294721      1046
##>M:MBCI                               0         -         -    206567    294721      1046
##>M:Misc                              25
##>----------------------------------------------------------------------------------------
##>Total Elapsed                      633
##>========================================================================================
##PBS-Mapping-Logical  Partitions:5   Stage Total:633    Longest:539    Average:355    PBS Index:0.66
##>============================================================================================

+-----------+----------------------------+-----+----------------------+---------------------------+
|   Host    |          Machine           | CPU | Physical Memory (MB) | Peak Physical Memory (MB) |
+-----------+----------------------------+-----+----------------------+---------------------------+
| localhost | joker.ece.northwestern.edu |  1  |        1046.6        |          2193.7           |
+-----------+----------------------------+-----+----------------------+---------------------------+

+---------------+----------------------+---------------------------+
|    Server     | Physical Memory (MB) | Peak Physical Memory (MB) |
+---------------+----------------------+---------------------------+
| localhost_1_0 |        288.5         |          1425.0           |
+---------------+----------------------+---------------------------+

Info    : Done mapping. [SYNTH-5]
        : Done mapping 'DNN'.
     flow.cputime  flow.realtime  timing.setup.tns  timing.setup.wns  snapshot
UM:          2248            649                                      syn_map
@genus:design:DNN 19> syn_opt
Current PLE settings:

Aspect ratio        : 1.00
Shrink factor       : 1.00
Scale of res/length : 1.00
Scale of cap/length : 1.00
Net derating factor : 1.00
Thermal factor      : 1.00
Via Resistance      : 0.00 ohm (from default)
Site size           : 1.59 um (from lef [tech+cell])

                                   Capacitance  
  Layer                             / Length         Data source:
Name        Direction Utilization  (pF/micron)       lef_library
------------------------------------------------
metal1          H         0.00        0.000060  
metal2          V         1.00        0.000053  
metal3          H         1.00        0.000052  
metal4          V         1.00        0.000065  
metal5          H         1.00        0.000007  
metal6          V         1.00        0.000049  
metal7          H         1.00        0.000068  
metal8          V         1.00        0.000050  
metal9          H         1.00        0.000065  
metal10         V         1.00        0.000049  

                                    Resistance   
  Layer                              / Length         Data source:
Name        Direction Utilization  (ohm/micron)       lef_library
-------------------------------------------------
metal1          H         0.00         5.428571  
metal2          V         1.00         3.571429  
metal3          H         1.00         3.571429  
metal4          V         1.00         1.500000  
metal5          H         1.00         1.500000  
metal6          V         1.00         1.500000  
metal7          H         1.00         0.187500  
metal8          V         1.00         0.187500  
metal9          H         1.00         0.037500  
metal10         V         1.00         0.037500  

                                        Area     
  Layer                               / Length        Data source:
Name        Direction Utilization     (micron)        lef_library
-------------------------------------------------
metal1          H         0.00         0.070000  
metal2          V         1.00         0.070000  
metal3          H         1.00         0.070000  
metal4          V         1.00         0.140000  
metal5          H         1.00         0.140000  
metal6          V         1.00         0.140000  
metal7          H         1.00         0.400000  
metal8          V         1.00         0.400000  
metal9          H         1.00         0.800000  
metal10         V         1.00         0.800000  

Info    : Incrementally optimizing. [SYNTH-7]
        : Incrementally optimizing 'DNN' using 'high' effort.
PBS_Incr_Opt-Start - Elapsed_Time 0, CPU_Time 0.0
stamp 'PBS_Incr_Opt-Start' being created for table 'pbs_debug'

  Total Time (Wall) |  Stage Time (Wall)  |   % (Wall)   |    Date - Time     |  Memory   | Stage
--------------------+---------------------+--------------+--------------------+-----------+----------------------
 00:00:57(00:01:11) |  00:00:00(00:00:00) |   0.0(  0.0) |   20:00:55 (Nov12) |  721.0 MB | PBS_Generic-Start
--------------------+---------------------+--------------+--------------------+-----------+----------------------
 00:04:19(00:04:35) |  00:03:22(00:03:24) |  23.0( 23.0) |   20:04:19 (Nov12) |   1.13 GB | PBS_Generic_Opt-Post
--------------------+---------------------+--------------+--------------------+-----------+----------------------
 00:04:23(00:04:40) |  00:00:04(00:00:05) |   0.5(  0.6) |   20:04:24 (Nov12) |  944.4 MB | PBS_Generic-Postgen HBO Optimizations
--------------------+---------------------+--------------+--------------------+-----------+----------------------
 00:04:51(00:05:08) |  00:00:28(00:00:28) |   3.2(  3.2) |   20:04:52 (Nov12) |  980.7 MB | PBS_TechMap-Start
--------------------+---------------------+--------------+--------------------+-----------+----------------------
 00:04:55(00:05:12) |  00:00:04(00:00:04) |   0.5(  0.5) |   20:04:56 (Nov12) |  980.7 MB | PBS_TechMap-Premap HBO Optimizations
--------------------+---------------------+--------------+--------------------+-----------+----------------------
 00:14:39(00:14:59) |  00:09:43(00:09:47) |  66.2( 66.3) |   20:14:43 (Nov12) |   1.08 GB | PBS_Techmap-Global Mapping
--------------------+---------------------+--------------+--------------------+-----------+----------------------
 00:14:55(00:15:14) |  00:00:16(00:00:15) |   1.8(  1.7) |   20:14:58 (Nov12) |   1.03 GB | PBS_TechMap-Datapath Postmap Operations
--------------------+---------------------+--------------+--------------------+-----------+----------------------
 00:14:58(00:15:17) |  00:00:03(00:00:03) |   0.3(  0.3) |   20:15:01 (Nov12) |   1.03 GB | PBS_TechMap-Postmap HBO Optimizations
--------------------+---------------------+--------------+--------------------+-----------+----------------------
 00:15:15(00:15:34) |  00:00:17(00:00:17) |   1.9(  1.9) |   20:15:18 (Nov12) |  936.5 MB | PBS_TechMap-Postmap Clock Gating
--------------------+---------------------+--------------+--------------------+-----------+----------------------
 00:15:19(00:15:39) |  00:00:04(00:00:05) |   0.5(  0.6) |   20:15:23 (Nov12) |   1.05 GB | PBS_TechMap-Postmap Cleanup
--------------------+---------------------+--------------+--------------------+-----------+----------------------
 00:15:19(00:15:39) |  00:00:00(00:00:00) |   0.0(  0.0) |   20:15:23 (Nov12) |   1.05 GB | PBS_Techmap-Post_MBCI
--------------------+---------------------+--------------+--------------------+-----------+----------------------
 00:15:38(00:15:57) |  00:00:19(00:00:18) |   2.2(  2.0) |   20:15:41 (Nov12) |   1.04 GB | PBS_Incr_Opt-Start
--------------------+---------------------+--------------+--------------------+-----------+----------------------
Number of threads: 8 * 1   (id: pbs_debug, time_info v1.57)
Info: (*N*) indicates data that was populated from previously saved time_info database
Info: CPU time includes time of parent + longest thread
Info    : The given (sub)design is already uniquified. [TUI-296]
        : design:DNN.
        : Try running the 'edit_netlist uniquify' command on the parent hierarchy of this (sub)design, if there exists any.
PBS_Incr_Opt-Uniquify_Netlist - Elapsed_Time 0, CPU_Time 1.0
stamp 'PBS_Incr_Opt-Uniquify_Netlist' being created for table 'pbs_debug'

  Total Time (Wall) |  Stage Time (Wall)  |   % (Wall)   |    Date - Time     |  Memory   | Stage
--------------------+---------------------+--------------+--------------------+-----------+----------------------
 00:00:57(00:01:11) |  00:00:00(00:00:00) |   0.0(  0.0) |   20:00:55 (Nov12) |  721.0 MB | PBS_Generic-Start
--------------------+---------------------+--------------+--------------------+-----------+----------------------
 00:04:19(00:04:35) |  00:03:22(00:03:24) |  23.0( 23.0) |   20:04:19 (Nov12) |   1.13 GB | PBS_Generic_Opt-Post
--------------------+---------------------+--------------+--------------------+-----------+----------------------
 00:04:23(00:04:40) |  00:00:04(00:00:05) |   0.5(  0.6) |   20:04:24 (Nov12) |  944.4 MB | PBS_Generic-Postgen HBO Optimizations
--------------------+---------------------+--------------+--------------------+-----------+----------------------
 00:04:51(00:05:08) |  00:00:28(00:00:28) |   3.2(  3.2) |   20:04:52 (Nov12) |  980.7 MB | PBS_TechMap-Start
--------------------+---------------------+--------------+--------------------+-----------+----------------------
 00:04:55(00:05:12) |  00:00:04(00:00:04) |   0.5(  0.5) |   20:04:56 (Nov12) |  980.7 MB | PBS_TechMap-Premap HBO Optimizations
--------------------+---------------------+--------------+--------------------+-----------+----------------------
 00:14:39(00:14:59) |  00:09:43(00:09:47) |  66.1( 66.3) |   20:14:43 (Nov12) |   1.08 GB | PBS_Techmap-Global Mapping
--------------------+---------------------+--------------+--------------------+-----------+----------------------
 00:14:55(00:15:14) |  00:00:16(00:00:15) |   1.8(  1.7) |   20:14:58 (Nov12) |   1.03 GB | PBS_TechMap-Datapath Postmap Operations
--------------------+---------------------+--------------+--------------------+-----------+----------------------
 00:14:58(00:15:17) |  00:00:03(00:00:03) |   0.3(  0.3) |   20:15:01 (Nov12) |   1.03 GB | PBS_TechMap-Postmap HBO Optimizations
--------------------+---------------------+--------------+--------------------+-----------+----------------------
 00:15:15(00:15:34) |  00:00:17(00:00:17) |   1.9(  1.9) |   20:15:18 (Nov12) |  936.5 MB | PBS_TechMap-Postmap Clock Gating
--------------------+---------------------+--------------+--------------------+-----------+----------------------
 00:15:19(00:15:39) |  00:00:04(00:00:05) |   0.5(  0.6) |   20:15:23 (Nov12) |   1.05 GB | PBS_TechMap-Postmap Cleanup
--------------------+---------------------+--------------+--------------------+-----------+----------------------
 00:15:19(00:15:39) |  00:00:00(00:00:00) |   0.0(  0.0) |   20:15:23 (Nov12) |   1.05 GB | PBS_Techmap-Post_MBCI
--------------------+---------------------+--------------+--------------------+-----------+----------------------
 00:15:38(00:15:57) |  00:00:19(00:00:18) |   2.2(  2.0) |   20:15:41 (Nov12) |   1.04 GB | PBS_Incr_Opt-Start
--------------------+---------------------+--------------+--------------------+-----------+----------------------
 00:15:39(00:15:57) |  00:00:01(00:00:00) |   0.1(  0.0) |   20:15:41 (Nov12) |   1.04 GB | PBS_Incr_Opt-Uniquify_Netlist
--------------------+---------------------+--------------+--------------------+-----------+----------------------
Number of threads: 8 * 1   (id: pbs_debug, time_info v1.57)
Info: (*N*) indicates data that was populated from previously saved time_info database
Info: CPU time includes time of parent + longest thread
 Uniquify netlist ...
 Swap or remap avoided cells ...
 hi_fo_buf                611983        0         0    488390      291    11057

           Trick     Calls     Accepts   Attempts    Time(secs) 
-----------------------------------------------------------
       hi_fo_buf         1  (        1 /        1 )  0.01

 


                                   Group   
                                  Tot Wrst     Total - - - - DRC Totals - - - -
                           Total  Weighted      Neg      Max       Max     Max  
Operation                   Area   Slacks      Slack    Trans      Cap   Fanout 
-------------------------------------------------------------------------------
 init_delay               611983        0         0    488390      291    11057

           Trick     Calls     Accepts   Attempts    Time(secs) 
-----------------------------------------------------------

 init_tns                 611983        0         0    488390      291    11057

           Trick     Calls     Accepts   Attempts    Time(secs) 
-----------------------------------------------------------

INIT_CLEAN_UP - Elapsed_Time 5, CPU_Time 4.0
stamp 'INIT_CLEAN_UP' being created for table 'pbs_debug'

  Total Time (Wall) |  Stage Time (Wall)  |   % (Wall)   |    Date - Time     |  Memory   | Stage
--------------------+---------------------+--------------+--------------------+-----------+----------------------
 00:00:57(00:01:11) |  00:00:00(00:00:00) |   0.0(  0.0) |   20:00:55 (Nov12) |  721.0 MB | PBS_Generic-Start
--------------------+---------------------+--------------+--------------------+-----------+----------------------
 00:04:19(00:04:35) |  00:03:22(00:03:24) |  22.9( 22.9) |   20:04:19 (Nov12) |   1.13 GB | PBS_Generic_Opt-Post
--------------------+---------------------+--------------+--------------------+-----------+----------------------
 00:04:23(00:04:40) |  00:00:04(00:00:05) |   0.5(  0.6) |   20:04:24 (Nov12) |  944.4 MB | PBS_Generic-Postgen HBO Optimizations
--------------------+---------------------+--------------+--------------------+-----------+----------------------
 00:04:51(00:05:08) |  00:00:28(00:00:28) |   3.2(  3.1) |   20:04:52 (Nov12) |  980.7 MB | PBS_TechMap-Start
--------------------+---------------------+--------------+--------------------+-----------+----------------------
 00:04:55(00:05:12) |  00:00:04(00:00:04) |   0.5(  0.4) |   20:04:56 (Nov12) |  980.7 MB | PBS_TechMap-Premap HBO Optimizations
--------------------+---------------------+--------------+--------------------+-----------+----------------------
 00:14:39(00:14:59) |  00:09:43(00:09:47) |  65.8( 65.9) |   20:14:43 (Nov12) |   1.08 GB | PBS_Techmap-Global Mapping
--------------------+---------------------+--------------+--------------------+-----------+----------------------
 00:14:55(00:15:14) |  00:00:16(00:00:15) |   1.8(  1.7) |   20:14:58 (Nov12) |   1.03 GB | PBS_TechMap-Datapath Postmap Operations
--------------------+---------------------+--------------+--------------------+-----------+----------------------
 00:14:58(00:15:17) |  00:00:03(00:00:03) |   0.3(  0.3) |   20:15:01 (Nov12) |   1.03 GB | PBS_TechMap-Postmap HBO Optimizations
--------------------+---------------------+--------------+--------------------+-----------+----------------------
 00:15:15(00:15:34) |  00:00:17(00:00:17) |   1.9(  1.9) |   20:15:18 (Nov12) |  936.5 MB | PBS_TechMap-Postmap Clock Gating
--------------------+---------------------+--------------+--------------------+-----------+----------------------
 00:15:19(00:15:39) |  00:00:04(00:00:05) |   0.5(  0.6) |   20:15:23 (Nov12) |   1.05 GB | PBS_TechMap-Postmap Cleanup
--------------------+---------------------+--------------+--------------------+-----------+----------------------
 00:15:19(00:15:39) |  00:00:00(00:00:00) |   0.0(  0.0) |   20:15:23 (Nov12) |   1.05 GB | PBS_Techmap-Post_MBCI
--------------------+---------------------+--------------+--------------------+-----------+----------------------
 00:15:38(00:15:57) |  00:00:19(00:00:18) |   2.1(  2.0) |   20:15:41 (Nov12) |   1.04 GB | PBS_Incr_Opt-Start
--------------------+---------------------+--------------+--------------------+-----------+----------------------
 00:15:39(00:15:57) |  00:00:01(00:00:00) |   0.1(  0.0) |   20:15:41 (Nov12) |   1.04 GB | PBS_Incr_Opt-Uniquify_Netlist
--------------------+---------------------+--------------+--------------------+-----------+----------------------
 00:15:43(00:16:02) |  00:00:04(00:00:05) |   0.5(  0.6) |   20:15:46 (Nov12) |   1.05 GB | INIT_CLEAN_UP
--------------------+---------------------+--------------+--------------------+-----------+----------------------
Number of threads: 8 * 1   (id: pbs_debug, time_info v1.57)
Info: (*N*) indicates data that was populated from previously saved time_info database
Info: CPU time includes time of parent + longest thread
Updating ST server settings
     Generating lib_script file: /home/kpb1466/Neuron_refine4/Synthesis/.pbs_joker.ece.northwestern.edu_2324662/lib_script
  Resetting attribute of root '/': 'hide_timing_condition_clones' = 
Start partitioning.  Summary: MEM {curr: 1.8G, peak: 2.0G, phys curr: 1.0G, phys peak: 2.1G}
Start timing analysis.  Summary: MEM {curr: 1.8G, peak: 2.0G, phys curr: 1.0G, phys peak: 2.1G}
Done timing analysis.  Summary: RT {elapsed: 4s, ST: 4s}, MEM {curr: 1.8G, peak: 2.0G, phys curr: 1.0G, phys peak: 2.1G}
Design DNN is partitioned using GPS apart partitioner
Done partitioning.  Summary: RT {elapsed: 4s, ST: 5s}, MEM {curr: 1.8G, peak: 2.0G, phys curr: 1.0G, phys peak: 2.1G}
Start creating partition netlists.  Summary: MEM {curr: 1.8G, peak: 2.0G, phys curr: 1.0G, phys peak: 2.1G}
Done creating partition netlists.  Summary: RT {elapsed: 2s, ST: 1s}, MEM {curr: 1.8G, peak: 2.0G, phys curr: 1.0G, phys peak: 2.1G}
Start budgeting timing for partitions.  Summary: MEM {curr: 1.8G, peak: 2.0G, phys curr: 1.0G, phys peak: 2.1G}
Done budgeting timing for partitions.  Summary: RT {elapsed: 9s, ST: 9s}, MEM {curr: 1.8G, peak: 2.0G, phys curr: 1.2G, phys peak: 2.1G}
Start deriving partition netlists.  Summary: MEM {curr: 1.8G, peak: 2.0G, phys curr: 1.2G, phys peak: 2.1G}
The inst 'pbs_iopt_1' is selected as pbs candidate. The instance cnt is: '55212'.
The inst 'pbs_iopt_0' is selected as pbs candidate. The instance cnt is: '41248'.
The inst 'pbs_iopt_2' is selected as pbs candidate. The instance cnt is: '49930'.
The inst 'pbs_iopt_3' is selected as pbs candidate. The instance cnt is: '60220'.
Done deriving partition netlists.  Summary: RT {elapsed: 3s, ST: 3s}, MEM {curr: 1.8G, peak: 2.0G, phys curr: 1.2G, phys peak: 2.1G}
Wait for super-thread servers to finish loading libraries.
Start super thread servers forking.  Summary: MEM {curr: 1.8G, peak: 2.0G, phys curr: 1.2G, phys peak: 2.1G}
Info    : Connection established with super-threading server. [ST-110]
        : The server 'localhost_1_15' is forked process '2337408' on this host.
Info    : Connection established with super-threading server. [ST-110]
        : The server 'localhost_1_16' is forked process '2337410' on this host.
Info    : Connection established with super-threading server. [ST-110]
        : The server 'localhost_1_17' is forked process '2337412' on this host.
Info    : Connection established with super-threading server. [ST-110]
        : The server 'localhost_1_18' is forked process '2337414' on this host.
Info    : Connection established with super-threading server. [ST-110]
        : The server 'localhost_1_19' is forked process '2337416' on this host.
Info    : Connection established with super-threading server. [ST-110]
        : The server 'localhost_1_20' is forked process '2337418' on this host.
Info    : Connection established with super-threading server. [ST-110]
        : The server 'localhost_1_21' is forked process '2337420' on this host.
Done super thread servers forking.  Summary: RT {elapsed: 0s, ST: 0s}, MEM {curr: 1.8G, peak: 2.0G, phys curr: 1.2G, phys peak: 2.1G}
        Distributing super-thread jobs: {pbs_iopt_3 ./.pbs_joker.ece.northwestern.edu_2324662/pbs_iopt_3.etf} {pbs_iopt_1 ./.pbs_joker.ece.northwestern.edu_2324662/pbs_iopt_1.etf} {pbs_iopt_2 ./.pbs_joker.ece.northwestern.edu_2324662/pbs_iopt_2.etf} {pbs_iopt_0 ./.pbs_joker.ece.northwestern.edu_2324662/pbs_iopt_0.etf}
          Sending 'pbs_iopt_3 ./.pbs_joker.ece.northwestern.edu_2324662/pbs_iopt_3.etf' to server 'localhost_1_18'...
            Sent 'pbs_iopt_3 ./.pbs_joker.ece.northwestern.edu_2324662/pbs_iopt_3.etf' to server 'localhost_1_18'.
          Sending 'pbs_iopt_1 ./.pbs_joker.ece.northwestern.edu_2324662/pbs_iopt_1.etf' to server 'localhost_1_0'...
            Sent 'pbs_iopt_1 ./.pbs_joker.ece.northwestern.edu_2324662/pbs_iopt_1.etf' to server 'localhost_1_0'.
          Sending 'pbs_iopt_2 ./.pbs_joker.ece.northwestern.edu_2324662/pbs_iopt_2.etf' to server 'localhost_1_20'...
            Sent 'pbs_iopt_2 ./.pbs_joker.ece.northwestern.edu_2324662/pbs_iopt_2.etf' to server 'localhost_1_20'.
          Sending 'pbs_iopt_0 ./.pbs_joker.ece.northwestern.edu_2324662/pbs_iopt_0.etf' to server 'localhost_1_19'...
            Sent 'pbs_iopt_0 ./.pbs_joker.ece.northwestern.edu_2324662/pbs_iopt_0.etf' to server 'localhost_1_19'.
          Received 'pbs_iopt_0 ./.pbs_joker.ece.northwestern.edu_2324662/pbs_iopt_0.etf' from server 'localhost_1_19'. (28147 ms elapsed)
       Partition:  pbs_iopt_0 - PBS_Iopt-Distributed_Read_DB - Elapsed_Time 1.00, CPU_Time 0.00
       Partition:  pbs_iopt_0 - PBS_Iopt-Distributed_Iopt - Elapsed_Time 25.00, CPU_Time 25.00
       Start - Partition: pbs_iopt_0  Slack: 250.8  TNS: 0.0  Cell-Count: 41248  Cell-Area: 66078  Init-Memory: 928.30
       Done  - Partition: pbs_iopt_0  Slack: 249.4  TNS: 0.0  Cell-Count: 40790  Cell-Area: 65800  Peak-Memory: 928.30  Elapsed: 27
       Partition:  pbs_iopt_0 - PBS_Iopt-Distributed_Report - Elapsed_Time 1.00, CPU_Time 1.00
       Partition:  pbs_iopt_0 - PBS_Iopt-Distributed_Write_DB - Elapsed_Time 1.00, CPU_Time 2.00
       pbs_iopt_0 - PBS_Iopt-Assembly - Elapsed_Time 2, CPU_Time 2.0
       Partition:  pbs_iopt_0 - Runtime taken by the partition - Elapsed_Time 28.00, CPU_Time 28.00
          Received 'pbs_iopt_1 ./.pbs_joker.ece.northwestern.edu_2324662/pbs_iopt_1.etf' from server 'localhost_1_0'. (33882 ms elapsed)
          Received 'pbs_iopt_2 ./.pbs_joker.ece.northwestern.edu_2324662/pbs_iopt_2.etf' from server 'localhost_1_20'. (51062 ms elapsed)
       Partition:  pbs_iopt_2 - PBS_Iopt-Distributed_Read_DB - Elapsed_Time 1.00, CPU_Time 0.00
       Partition:  pbs_iopt_2 - PBS_Iopt-Distributed_Iopt - Elapsed_Time 48.00, CPU_Time 48.00
       Start - Partition: pbs_iopt_2  Slack: 113.2  TNS: 0.0  Cell-Count: 49930  Cell-Area: 67911  Init-Memory: 928.30
       Done  - Partition: pbs_iopt_2  Slack: 113.2  TNS: 0.0  Cell-Count: 48815  Cell-Area: 67128  Peak-Memory: 928.30  Elapsed: 50
       Partition:  pbs_iopt_2 - PBS_Iopt-Distributed_Report - Elapsed_Time 1.00, CPU_Time 1.00
       Partition:  pbs_iopt_2 - PBS_Iopt-Distributed_Write_DB - Elapsed_Time 1.00, CPU_Time 1.00
       pbs_iopt_2 - PBS_Iopt-Assembly - Elapsed_Time 2, CPU_Time 1.0
       Partition:  pbs_iopt_2 - Runtime taken by the partition - Elapsed_Time 51.00, CPU_Time 50.00
       Partition:  pbs_iopt_1 - PBS_Iopt-Distributed_Read_DB - Elapsed_Time 1.00, CPU_Time 0.00
       Partition:  pbs_iopt_1 - PBS_Iopt-Distributed_Iopt - Elapsed_Time 30.00, CPU_Time 30.00
       Start - Partition: pbs_iopt_1  Slack: 129.9  TNS: 0.0  Cell-Count: 55212  Cell-Area: 84196  Init-Memory: 928.30
       Done  - Partition: pbs_iopt_1  Slack: 129.5  TNS: 0.0  Cell-Count: 54584  Cell-Area: 83754  Peak-Memory: 1019.89  Elapsed: 32
       Partition:  pbs_iopt_1 - PBS_Iopt-Distributed_Report - Elapsed_Time 1.00, CPU_Time 2.00
       Partition:  pbs_iopt_1 - PBS_Iopt-Distributed_Write_DB - Elapsed_Time 2.00, CPU_Time 1.00
       pbs_iopt_1 - PBS_Iopt-Assembly - Elapsed_Time 2, CPU_Time 2.0
       Partition:  pbs_iopt_1 - Runtime taken by the partition - Elapsed_Time 34.00, CPU_Time 33.00
          Received 'pbs_iopt_3 ./.pbs_joker.ece.northwestern.edu_2324662/pbs_iopt_3.etf' from server 'localhost_1_18'. (57807 ms elapsed)
       Partition:  pbs_iopt_3 - PBS_Iopt-Distributed_Read_DB - Elapsed_Time 1.00, CPU_Time 0.00
       Partition:  pbs_iopt_3 - PBS_Iopt-Distributed_Iopt - Elapsed_Time 54.00, CPU_Time 54.00
       Start - Partition: pbs_iopt_3  Slack: 105.5  TNS: 0.0  Cell-Count: 60220  Cell-Area: 76565  Init-Memory: 928.30
       Done  - Partition: pbs_iopt_3  Slack: 105.5  TNS: 0.0  Cell-Count: 59071  Cell-Area: 75727  Peak-Memory: 928.30  Elapsed: 56
       Partition:  pbs_iopt_3 - PBS_Iopt-Distributed_Report - Elapsed_Time 1.00, CPU_Time 1.00
       Partition:  pbs_iopt_3 - PBS_Iopt-Distributed_Write_DB - Elapsed_Time 2.00, CPU_Time 2.00
       pbs_iopt_3 - PBS_Iopt-Assembly - Elapsed_Time 2, CPU_Time 2.0
       Partition:  pbs_iopt_3 - Runtime taken by the partition - Elapsed_Time 58.00, CPU_Time 57.00
Assembled design in-time

+-----------+----------------------------+-----+----------------------+---------------------------+
|   Host    |          Machine           | CPU | Physical Memory (MB) | Peak Physical Memory (MB) |
+-----------+----------------------------+-----+----------------------+---------------------------+
| localhost | joker.ece.northwestern.edu |  8  |        1248.9        |          2193.7           |
+-----------+----------------------------+-----+----------------------+---------------------------+

+----------------+----------------------+---------------------------+
|     Server     | Physical Memory (MB) | Peak Physical Memory (MB) |
+----------------+----------------------+---------------------------+
| localhost_1_0  |      548.0 [1]       |        1425.0 [1]         |
| localhost_1_16 |       44.5 [2]       |          [2] [3]          |
| localhost_1_17 |       44.5 [2]       |          [2] [3]          |
| localhost_1_15 |       44.5 [2]       |          [2] [3]          |
| localhost_1_20 |       91.1 [2]       |          [2] [3]          |
| localhost_1_18 |       87.7 [2]       |          [2] [3]          |
| localhost_1_21 |       44.5 [2]       |          [2] [3]          |
| localhost_1_19 |       89.6 [2]       |          [2] [3]          |
+----------------+----------------------+---------------------------+
[1] Memory of child processes is included.
[2] Memory is included in parent localhost_1_0.
[3] Peak physical memory is not available for forked background servers.

1ST_ST - Elapsed_Time 88, CPU_Time 83.88369599999987
stamp '1ST_ST' being created for table 'pbs_debug'

  Total Time (Wall) |  Stage Time (Wall)  |   % (Wall)   |    Date - Time     |  Memory   | Stage
--------------------+---------------------+--------------+--------------------+-----------+----------------------
 00:00:57(00:01:11) |  00:00:00(00:00:00) |   0.0(  0.0) |   20:00:55 (Nov12) |  721.0 MB | PBS_Generic-Start
--------------------+---------------------+--------------+--------------------+-----------+----------------------
 00:04:19(00:04:35) |  00:03:22(00:03:24) |  20.9( 20.8) |   20:04:19 (Nov12) |   1.13 GB | PBS_Generic_Opt-Post
--------------------+---------------------+--------------+--------------------+-----------+----------------------
 00:04:23(00:04:40) |  00:00:04(00:00:05) |   0.4(  0.5) |   20:04:24 (Nov12) |  944.4 MB | PBS_Generic-Postgen HBO Optimizations
--------------------+---------------------+--------------+--------------------+-----------+----------------------
 00:04:51(00:05:08) |  00:00:28(00:00:28) |   2.9(  2.9) |   20:04:52 (Nov12) |  980.7 MB | PBS_TechMap-Start
--------------------+---------------------+--------------+--------------------+-----------+----------------------
 00:04:55(00:05:12) |  00:00:04(00:00:04) |   0.4(  0.4) |   20:04:56 (Nov12) |  980.7 MB | PBS_TechMap-Premap HBO Optimizations
--------------------+---------------------+--------------+--------------------+-----------+----------------------
 00:14:39(00:14:59) |  00:09:43(00:09:47) |  60.1( 60.0) |   20:14:43 (Nov12) |   1.08 GB | PBS_Techmap-Global Mapping
--------------------+---------------------+--------------+--------------------+-----------+----------------------
 00:14:55(00:15:14) |  00:00:16(00:00:15) |   1.6(  1.5) |   20:14:58 (Nov12) |   1.03 GB | PBS_TechMap-Datapath Postmap Operations
--------------------+---------------------+--------------+--------------------+-----------+----------------------
 00:14:58(00:15:17) |  00:00:03(00:00:03) |   0.3(  0.3) |   20:15:01 (Nov12) |   1.03 GB | PBS_TechMap-Postmap HBO Optimizations
--------------------+---------------------+--------------+--------------------+-----------+----------------------
 00:15:15(00:15:34) |  00:00:17(00:00:17) |   1.8(  1.7) |   20:15:18 (Nov12) |  936.5 MB | PBS_TechMap-Postmap Clock Gating
--------------------+---------------------+--------------+--------------------+-----------+----------------------
 00:15:19(00:15:39) |  00:00:04(00:00:05) |   0.4(  0.5) |   20:15:23 (Nov12) |   1.05 GB | PBS_TechMap-Postmap Cleanup
--------------------+---------------------+--------------+--------------------+-----------+----------------------
 00:15:19(00:15:39) |  00:00:00(00:00:00) |   0.0(  0.0) |   20:15:23 (Nov12) |   1.05 GB | PBS_Techmap-Post_MBCI
--------------------+---------------------+--------------+--------------------+-----------+----------------------
 00:15:38(00:15:57) |  00:00:19(00:00:18) |   2.0(  1.8) |   20:15:41 (Nov12) |   1.04 GB | PBS_Incr_Opt-Start
--------------------+---------------------+--------------+--------------------+-----------+----------------------
 00:15:39(00:15:57) |  00:00:01(00:00:00) |   0.1(  0.0) |   20:15:41 (Nov12) |   1.04 GB | PBS_Incr_Opt-Uniquify_Netlist
--------------------+---------------------+--------------+--------------------+-----------+----------------------
 00:15:43(00:16:02) |  00:00:04(00:00:05) |   0.4(  0.5) |   20:15:46 (Nov12) |   1.05 GB | INIT_CLEAN_UP
--------------------+---------------------+--------------+--------------------+-----------+----------------------
 00:17:07(00:17:30) |  00:01:23(00:01:28) |   8.6(  9.0) |   20:17:14 (Nov12) |  954.7 MB | 1ST_ST
--------------------+---------------------+--------------+--------------------+-----------+----------------------
Number of threads: 8 * 1   (id: pbs_debug, time_info v1.57)
Info: (*N*) indicates data that was populated from previously saved time_info database
Info: CPU time includes time of parent + longest thread
 hi_fo_buf                607062        0         0    315314      173    12158

           Trick     Calls     Accepts   Attempts    Time(secs) 
-----------------------------------------------------------

 


                                   Group   
                                  Tot Wrst     Total - - - - DRC Totals - - - -
                           Total  Weighted      Neg      Max       Max     Max  
Operation                   Area   Slacks      Slack    Trans      Cap   Fanout 
-------------------------------------------------------------------------------
 init_delay               607062        0         0    315314      173    12158

           Trick     Calls     Accepts   Attempts    Time(secs) 
-----------------------------------------------------------

 init_tns                 607062        0         0    315314      173    12158

           Trick     Calls     Accepts   Attempts    Time(secs) 
-----------------------------------------------------------

INTRMD_CLEAN_UP - Elapsed_Time 5, CPU_Time 5.0
stamp 'INTRMD_CLEAN_UP' being created for table 'pbs_debug'

  Total Time (Wall) |  Stage Time (Wall)  |   % (Wall)   |    Date - Time     |  Memory   | Stage
--------------------+---------------------+--------------+--------------------+-----------+----------------------
 00:00:57(00:01:11) |  00:00:00(00:00:00) |   0.0(  0.0) |   20:00:55 (Nov12) |  721.0 MB | PBS_Generic-Start
--------------------+---------------------+--------------+--------------------+-----------+----------------------
 00:04:19(00:04:35) |  00:03:22(00:03:24) |  20.8( 20.7) |   20:04:19 (Nov12) |   1.13 GB | PBS_Generic_Opt-Post
--------------------+---------------------+--------------+--------------------+-----------+----------------------
 00:04:23(00:04:40) |  00:00:04(00:00:05) |   0.4(  0.5) |   20:04:24 (Nov12) |  944.4 MB | PBS_Generic-Postgen HBO Optimizations
--------------------+---------------------+--------------+--------------------+-----------+----------------------
 00:04:51(00:05:08) |  00:00:28(00:00:28) |   2.9(  2.8) |   20:04:52 (Nov12) |  980.7 MB | PBS_TechMap-Start
--------------------+---------------------+--------------+--------------------+-----------+----------------------
 00:04:55(00:05:12) |  00:00:04(00:00:04) |   0.4(  0.4) |   20:04:56 (Nov12) |  980.7 MB | PBS_TechMap-Premap HBO Optimizations
--------------------+---------------------+--------------+--------------------+-----------+----------------------
 00:14:39(00:14:59) |  00:09:43(00:09:47) |  59.8( 59.7) |   20:14:43 (Nov12) |   1.08 GB | PBS_Techmap-Global Mapping
--------------------+---------------------+--------------+--------------------+-----------+----------------------
 00:14:55(00:15:14) |  00:00:16(00:00:15) |   1.6(  1.5) |   20:14:58 (Nov12) |   1.03 GB | PBS_TechMap-Datapath Postmap Operations
--------------------+---------------------+--------------+--------------------+-----------+----------------------
 00:14:58(00:15:17) |  00:00:03(00:00:03) |   0.3(  0.3) |   20:15:01 (Nov12) |   1.03 GB | PBS_TechMap-Postmap HBO Optimizations
--------------------+---------------------+--------------+--------------------+-----------+----------------------
 00:15:15(00:15:34) |  00:00:17(00:00:17) |   1.7(  1.7) |   20:15:18 (Nov12) |  936.5 MB | PBS_TechMap-Postmap Clock Gating
--------------------+---------------------+--------------+--------------------+-----------+----------------------
 00:15:19(00:15:39) |  00:00:04(00:00:05) |   0.4(  0.5) |   20:15:23 (Nov12) |   1.05 GB | PBS_TechMap-Postmap Cleanup
--------------------+---------------------+--------------+--------------------+-----------+----------------------
 00:15:19(00:15:39) |  00:00:00(00:00:00) |   0.0(  0.0) |   20:15:23 (Nov12) |   1.05 GB | PBS_Techmap-Post_MBCI
--------------------+---------------------+--------------+--------------------+-----------+----------------------
 00:15:38(00:15:57) |  00:00:19(00:00:18) |   1.9(  1.8) |   20:15:41 (Nov12) |   1.04 GB | PBS_Incr_Opt-Start
--------------------+---------------------+--------------+--------------------+-----------+----------------------
 00:15:39(00:15:57) |  00:00:01(00:00:00) |   0.1(  0.0) |   20:15:41 (Nov12) |   1.04 GB | PBS_Incr_Opt-Uniquify_Netlist
--------------------+---------------------+--------------+--------------------+-----------+----------------------
 00:15:43(00:16:02) |  00:00:04(00:00:05) |   0.4(  0.5) |   20:15:46 (Nov12) |   1.05 GB | INIT_CLEAN_UP
--------------------+---------------------+--------------+--------------------+-----------+----------------------
 00:17:07(00:17:30) |  00:01:23(00:01:28) |   8.6(  8.9) |   20:17:14 (Nov12) |  954.7 MB | 1ST_ST
--------------------+---------------------+--------------+--------------------+-----------+----------------------
 00:17:12(00:17:35) |  00:00:05(00:00:05) |   0.5(  0.5) |   20:17:19 (Nov12) |   1.03 GB | INTRMD_CLEAN_UP
--------------------+---------------------+--------------+--------------------+-----------+----------------------
Number of threads: 8 * 1   (id: pbs_debug, time_info v1.57)
Info: (*N*) indicates data that was populated from previously saved time_info database
Info: CPU time includes time of parent + longest thread
CRB_ST - Elapsed_Time 0, CPU_Time 0.0
stamp 'CRB_ST' being created for table 'pbs_debug'

  Total Time (Wall) |  Stage Time (Wall)  |   % (Wall)   |    Date - Time     |  Memory   | Stage
--------------------+---------------------+--------------+--------------------+-----------+----------------------
 00:00:57(00:01:11) |  00:00:00(00:00:00) |   0.0(  0.0) |   20:00:55 (Nov12) |  721.0 MB | PBS_Generic-Start
--------------------+---------------------+--------------+--------------------+-----------+----------------------
 00:04:19(00:04:35) |  00:03:22(00:03:24) |  20.8( 20.7) |   20:04:19 (Nov12) |   1.13 GB | PBS_Generic_Opt-Post
--------------------+---------------------+--------------+--------------------+-----------+----------------------
 00:04:23(00:04:40) |  00:00:04(00:00:05) |   0.4(  0.5) |   20:04:24 (Nov12) |  944.4 MB | PBS_Generic-Postgen HBO Optimizations
--------------------+---------------------+--------------+--------------------+-----------+----------------------
 00:04:51(00:05:08) |  00:00:28(00:00:28) |   2.9(  2.8) |   20:04:52 (Nov12) |  980.7 MB | PBS_TechMap-Start
--------------------+---------------------+--------------+--------------------+-----------+----------------------
 00:04:55(00:05:12) |  00:00:04(00:00:04) |   0.4(  0.4) |   20:04:56 (Nov12) |  980.7 MB | PBS_TechMap-Premap HBO Optimizations
--------------------+---------------------+--------------+--------------------+-----------+----------------------
 00:14:39(00:14:59) |  00:09:43(00:09:47) |  59.8( 59.7) |   20:14:43 (Nov12) |   1.08 GB | PBS_Techmap-Global Mapping
--------------------+---------------------+--------------+--------------------+-----------+----------------------
 00:14:55(00:15:14) |  00:00:16(00:00:15) |   1.6(  1.5) |   20:14:58 (Nov12) |   1.03 GB | PBS_TechMap-Datapath Postmap Operations
--------------------+---------------------+--------------+--------------------+-----------+----------------------
 00:14:58(00:15:17) |  00:00:03(00:00:03) |   0.3(  0.3) |   20:15:01 (Nov12) |   1.03 GB | PBS_TechMap-Postmap HBO Optimizations
--------------------+---------------------+--------------+--------------------+-----------+----------------------
 00:15:15(00:15:34) |  00:00:17(00:00:17) |   1.7(  1.7) |   20:15:18 (Nov12) |  936.5 MB | PBS_TechMap-Postmap Clock Gating
--------------------+---------------------+--------------+--------------------+-----------+----------------------
 00:15:19(00:15:39) |  00:00:04(00:00:05) |   0.4(  0.5) |   20:15:23 (Nov12) |   1.05 GB | PBS_TechMap-Postmap Cleanup
--------------------+---------------------+--------------+--------------------+-----------+----------------------
 00:15:19(00:15:39) |  00:00:00(00:00:00) |   0.0(  0.0) |   20:15:23 (Nov12) |   1.05 GB | PBS_Techmap-Post_MBCI
--------------------+---------------------+--------------+--------------------+-----------+----------------------
 00:15:38(00:15:57) |  00:00:19(00:00:18) |   1.9(  1.8) |   20:15:41 (Nov12) |   1.04 GB | PBS_Incr_Opt-Start
--------------------+---------------------+--------------+--------------------+-----------+----------------------
 00:15:39(00:15:57) |  00:00:01(00:00:00) |   0.1(  0.0) |   20:15:41 (Nov12) |   1.04 GB | PBS_Incr_Opt-Uniquify_Netlist
--------------------+---------------------+--------------+--------------------+-----------+----------------------
 00:15:43(00:16:02) |  00:00:04(00:00:05) |   0.4(  0.5) |   20:15:46 (Nov12) |   1.05 GB | INIT_CLEAN_UP
--------------------+---------------------+--------------+--------------------+-----------+----------------------
 00:17:07(00:17:30) |  00:01:23(00:01:28) |   8.6(  8.9) |   20:17:14 (Nov12) |  954.7 MB | 1ST_ST
--------------------+---------------------+--------------+--------------------+-----------+----------------------
 00:17:12(00:17:35) |  00:00:05(00:00:05) |   0.5(  0.5) |   20:17:19 (Nov12) |   1.03 GB | INTRMD_CLEAN_UP
--------------------+---------------------+--------------+--------------------+-----------+----------------------
 00:17:12(00:17:35) |  00:00:00(00:00:00) |   0.0(  0.0) |   20:17:19 (Nov12) |   1.03 GB | CRB_ST
--------------------+---------------------+--------------+--------------------+-----------+----------------------
Number of threads: 8 * 1   (id: pbs_debug, time_info v1.57)
Info: (*N*) indicates data that was populated from previously saved time_info database
Info: CPU time includes time of parent + longest thread
 


                                   Group   
                                  Tot Wrst     Total - - - - DRC Totals - - - -
                           Total  Weighted      Neg      Max       Max     Max  
Operation                   Area   Slacks      Slack    Trans      Cap   Fanout 
-------------------------------------------------------------------------------
 init_delay               607062        0         0    315314      173    12158

           Trick     Calls     Accepts   Attempts    Time(secs) 
-----------------------------------------------------------

 init_tns                 607062        0         0    315314      173    12158

           Trick     Calls     Accepts   Attempts    Time(secs) 
-----------------------------------------------------------

 init_delay               607062        0         0    315314      173    12158

           Trick     Calls     Accepts   Attempts    Time(secs) 
-----------------------------------------------------------
 init_drc                 607062        0         0    315314      173    12158
 incr_max_trans           609388        0         0         0       88     8521

           Trick     Calls     Accepts   Attempts    Time(secs) 
-----------------------------------------------------------
        drc_bufs       998  (      499 /      499 )  2.60

 incr_max_cap             609422        0         0         0       42     8521
 incr_max_cap             609422        0         0         0       24     8521
 incr_max_cap             609424        0         0         0       20     8521
 incr_max_cap             609423        0         0         0       20     8521

           Trick     Calls     Accepts   Attempts    Time(secs) 
-----------------------------------------------------------
      drc_buf_sp       144  (       19 /       72 )  0.08
        drc_bufs       106  (        1 /       53 )  0.05
       crit_dnsz        35  (       35 /       35 )  0.02

 incr_max_fo              614591        0         0         0       20        0

           Trick     Calls     Accepts   Attempts    Time(secs) 
-----------------------------------------------------------
      drc_buf_sp      1082  (      541 /      541 )  5.29


# Incremental Optimization Runtime Summary: 
                     Step   Elapsed Time(s)   Runtime(s)        WNS(ps)           TNS(ps)           CELL AREA         NET AREA          Leakage Power  
*****************************************************************************************************************************************************
                     INIT         0 (0.0 %)         0 (0.0 %)   NOT_TIMED         NOT_TIMED         294721            317196            NA             
         HIGH_FANOUT_OPTO         4 (3.8 %)         3 (5.7 %)   0.0               0                 294751            317230            NA             
               SCORE_INIT         0 (0.0 %)         0 (0.0 %)   0.0               0                 294751            317230            NA             
                 WNS_OPTO         0 (0.0 %)         0 (0.0 %)   0.0               0                 294751            317230            NA             
                 TNS_OPTO         0 (0.0 %)         0 (0.0 %)   0.0               0                 294751            317230            NA             
                 FIRST_ST        87 (82.1%)        35 (66.0%)   NOT_TIMED         NOT_TIMED         292411            314650            NA             
                     INIT         3 (2.8 %)         3 (5.7 %)   0.0               0                 292411            314650            NA             
         HIGH_FANOUT_OPTO         1 (0.9 %)         0 (0.0 %)   0.0               0                 292411            314650            NA             
               SCORE_INIT         0 (0.0 %)         0 (0.0 %)   0.0               0                 292411            314650            NA             
                 WNS_OPTO         0 (0.0 %)         0 (0.0 %)   0.0               0                 292411            314650            NA             
                 TNS_OPTO         0 (0.0 %)         0 (0.0 %)   0.0               0                 292411            314650            NA             
                     INIT         0 (0.0 %)         0 (0.0 %)   0.0               0                 292411            314650            NA             
               LATCH_OPTO         0 (0.0 %)         0 (0.0 %)   0.0               0                 292411            314650            NA             
               SCORE_INIT         0 (0.0 %)         0 (0.0 %)   0.0               0                 292411            314650            NA             
                 WNS_OPTO         0 (0.0 %)         0 (0.0 %)   0.0               0                 292411            314650            NA             
                 TNS_OPTO         0 (0.0 %)         0 (0.0 %)   0.0               0                 292411            314650            NA             
             WNS_CRR_OPTO         0 (0.0 %)         0 (0.0 %)   0.0               0                 292411            314650            NA             
                 DRC_OPTO         9 (8.5 %)         8 (15.1%)   0.0               0                 297201            317389            NA             
*****************************************************************************************************************************************************
                               106                53 

Done incrementally optimizing.
FINAL_CLEAN_UP - Elapsed_Time 9, CPU_Time 10.0
stamp 'FINAL_CLEAN_UP' being created for table 'pbs_debug'

  Total Time (Wall) |  Stage Time (Wall)  |   % (Wall)   |    Date - Time     |  Memory   | Stage
--------------------+---------------------+--------------+--------------------+-----------+----------------------
 00:00:57(00:01:11) |  00:00:00(00:00:00) |   0.0(  0.0) |   20:00:55 (Nov12) |  721.0 MB | PBS_Generic-Start
--------------------+---------------------+--------------+--------------------+-----------+----------------------
 00:04:19(00:04:35) |  00:03:22(00:03:24) |  20.6( 20.5) |   20:04:19 (Nov12) |   1.13 GB | PBS_Generic_Opt-Post
--------------------+---------------------+--------------+--------------------+-----------+----------------------
 00:04:23(00:04:40) |  00:00:04(00:00:05) |   0.4(  0.5) |   20:04:24 (Nov12) |  944.4 MB | PBS_Generic-Postgen HBO Optimizations
--------------------+---------------------+--------------+--------------------+-----------+----------------------
 00:04:51(00:05:08) |  00:00:28(00:00:28) |   2.8(  2.8) |   20:04:52 (Nov12) |  980.7 MB | PBS_TechMap-Start
--------------------+---------------------+--------------+--------------------+-----------+----------------------
 00:04:55(00:05:12) |  00:00:04(00:00:04) |   0.4(  0.4) |   20:04:56 (Nov12) |  980.7 MB | PBS_TechMap-Premap HBO Optimizations
--------------------+---------------------+--------------+--------------------+-----------+----------------------
 00:14:39(00:14:59) |  00:09:43(00:09:47) |  59.2( 59.1) |   20:14:43 (Nov12) |   1.08 GB | PBS_Techmap-Global Mapping
--------------------+---------------------+--------------+--------------------+-----------+----------------------
 00:14:55(00:15:14) |  00:00:16(00:00:15) |   1.6(  1.5) |   20:14:58 (Nov12) |   1.03 GB | PBS_TechMap-Datapath Postmap Operations
--------------------+---------------------+--------------+--------------------+-----------+----------------------
 00:14:58(00:15:17) |  00:00:03(00:00:03) |   0.3(  0.3) |   20:15:01 (Nov12) |   1.03 GB | PBS_TechMap-Postmap HBO Optimizations
--------------------+---------------------+--------------+--------------------+-----------+----------------------
 00:15:15(00:15:34) |  00:00:17(00:00:17) |   1.7(  1.7) |   20:15:18 (Nov12) |  936.5 MB | PBS_TechMap-Postmap Clock Gating
--------------------+---------------------+--------------+--------------------+-----------+----------------------
 00:15:19(00:15:39) |  00:00:04(00:00:05) |   0.4(  0.5) |   20:15:23 (Nov12) |   1.05 GB | PBS_TechMap-Postmap Cleanup
--------------------+---------------------+--------------+--------------------+-----------+----------------------
 00:15:19(00:15:39) |  00:00:00(00:00:00) |   0.0(  0.0) |   20:15:23 (Nov12) |   1.05 GB | PBS_Techmap-Post_MBCI
--------------------+---------------------+--------------+--------------------+-----------+----------------------
 00:15:38(00:15:57) |  00:00:19(00:00:18) |   1.9(  1.8) |   20:15:41 (Nov12) |   1.04 GB | PBS_Incr_Opt-Start
--------------------+---------------------+--------------+--------------------+-----------+----------------------
 00:15:39(00:15:57) |  00:00:01(00:00:00) |   0.1(  0.0) |   20:15:41 (Nov12) |   1.04 GB | PBS_Incr_Opt-Uniquify_Netlist
--------------------+---------------------+--------------+--------------------+-----------+----------------------
 00:15:43(00:16:02) |  00:00:04(00:00:05) |   0.4(  0.5) |   20:15:46 (Nov12) |   1.05 GB | INIT_CLEAN_UP
--------------------+---------------------+--------------+--------------------+-----------+----------------------
 00:17:07(00:17:30) |  00:01:23(00:01:28) |   8.5(  8.9) |   20:17:14 (Nov12) |  954.7 MB | 1ST_ST
--------------------+---------------------+--------------+--------------------+-----------+----------------------
 00:17:12(00:17:35) |  00:00:05(00:00:05) |   0.5(  0.5) |   20:17:19 (Nov12) |   1.03 GB | INTRMD_CLEAN_UP
--------------------+---------------------+--------------+--------------------+-----------+----------------------
 00:17:12(00:17:35) |  00:00:00(00:00:00) |   0.0(  0.0) |   20:17:19 (Nov12) |   1.03 GB | CRB_ST
--------------------+---------------------+--------------+--------------------+-----------+----------------------
 00:17:22(00:17:44) |  00:00:10(00:00:09) |   1.0(  0.9) |   20:17:28 (Nov12) |   1.04 GB | FINAL_CLEAN_UP
--------------------+---------------------+--------------+--------------------+-----------+----------------------
Number of threads: 8 * 1   (id: pbs_debug, time_info v1.57)
Info: (*N*) indicates data that was populated from previously saved time_info database
Info: CPU time includes time of parent + longest thread

======================= Sequential Deletion Report =============================
   Reason      Instance Name
-----------------------------
================================================================================

Info    : Done incrementally optimizing. [SYNTH-8]
        : Done incrementally optimizing 'DNN'.
     flow.cputime  flow.realtime  timing.setup.tns  timing.setup.wns  snapshot
UM:           242            125                                      syn_opt
@genus:design:DNN 20> report_timing > timing.rpt
Warning : Possible timing problems have been detected in this design. [TIM-11]
        : The design is 'DNN'.
        : Use 'report timing -lint' for more information.
@genus:design:DNN 21> report_area > area.rpt
@genus:design:DNN 22> write_hdl > DNN_syn.v
@genus:design:DNN 23> quit
=================================================================
PBS_gen Index: 0.87  PBS_map Index: 0.66  PBS_overall Index: 0.70
=================================================================
Normal exit.