Timing Analyzer report for ps2
Fri Nov 21 15:45:32 2025
Quartus Prime Version 22.1std.0 Build 915 10/25/2022 SC Lite Edition


---------------------
; Table of Contents ;
---------------------
  1. Legal Notice
  2. Timing Analyzer Summary
  3. Parallel Compilation
  4. Clocks
  5. Slow 1200mV 85C Model Fmax Summary
  6. Timing Closure Recommendations
  7. Slow 1200mV 85C Model Setup Summary
  8. Slow 1200mV 85C Model Hold Summary
  9. Slow 1200mV 85C Model Recovery Summary
 10. Slow 1200mV 85C Model Removal Summary
 11. Slow 1200mV 85C Model Minimum Pulse Width Summary
 12. Slow 1200mV 85C Model Setup: 'CLOCK_50'
 13. Slow 1200mV 85C Model Setup: 'ps2:u_ps2|keyboard:u1|keyboard_clk_filtered'
 14. Slow 1200mV 85C Model Setup: 'ps2:u_ps2|keyboard:u1|scan_ready'
 15. Slow 1200mV 85C Model Hold: 'CLOCK_50'
 16. Slow 1200mV 85C Model Hold: 'ps2:u_ps2|keyboard:u1|keyboard_clk_filtered'
 17. Slow 1200mV 85C Model Hold: 'ps2:u_ps2|keyboard:u1|scan_ready'
 18. Slow 1200mV 85C Model Recovery: 'ps2:u_ps2|keyboard:u1|ready_set'
 19. Slow 1200mV 85C Model Removal: 'ps2:u_ps2|keyboard:u1|ready_set'
 20. Slow 1200mV 85C Model Metastability Summary
 21. Slow 1200mV 0C Model Fmax Summary
 22. Slow 1200mV 0C Model Setup Summary
 23. Slow 1200mV 0C Model Hold Summary
 24. Slow 1200mV 0C Model Recovery Summary
 25. Slow 1200mV 0C Model Removal Summary
 26. Slow 1200mV 0C Model Minimum Pulse Width Summary
 27. Slow 1200mV 0C Model Setup: 'CLOCK_50'
 28. Slow 1200mV 0C Model Setup: 'ps2:u_ps2|keyboard:u1|keyboard_clk_filtered'
 29. Slow 1200mV 0C Model Setup: 'ps2:u_ps2|keyboard:u1|scan_ready'
 30. Slow 1200mV 0C Model Hold: 'CLOCK_50'
 31. Slow 1200mV 0C Model Hold: 'ps2:u_ps2|keyboard:u1|keyboard_clk_filtered'
 32. Slow 1200mV 0C Model Hold: 'ps2:u_ps2|keyboard:u1|scan_ready'
 33. Slow 1200mV 0C Model Recovery: 'ps2:u_ps2|keyboard:u1|ready_set'
 34. Slow 1200mV 0C Model Removal: 'ps2:u_ps2|keyboard:u1|ready_set'
 35. Slow 1200mV 0C Model Metastability Summary
 36. Fast 1200mV 0C Model Setup Summary
 37. Fast 1200mV 0C Model Hold Summary
 38. Fast 1200mV 0C Model Recovery Summary
 39. Fast 1200mV 0C Model Removal Summary
 40. Fast 1200mV 0C Model Minimum Pulse Width Summary
 41. Fast 1200mV 0C Model Setup: 'CLOCK_50'
 42. Fast 1200mV 0C Model Setup: 'ps2:u_ps2|keyboard:u1|keyboard_clk_filtered'
 43. Fast 1200mV 0C Model Setup: 'ps2:u_ps2|keyboard:u1|scan_ready'
 44. Fast 1200mV 0C Model Hold: 'CLOCK_50'
 45. Fast 1200mV 0C Model Hold: 'ps2:u_ps2|keyboard:u1|keyboard_clk_filtered'
 46. Fast 1200mV 0C Model Hold: 'ps2:u_ps2|keyboard:u1|scan_ready'
 47. Fast 1200mV 0C Model Recovery: 'ps2:u_ps2|keyboard:u1|ready_set'
 48. Fast 1200mV 0C Model Removal: 'ps2:u_ps2|keyboard:u1|ready_set'
 49. Fast 1200mV 0C Model Metastability Summary
 50. Multicorner Timing Analysis Summary
 51. Board Trace Model Assignments
 52. Input Transition Times
 53. Signal Integrity Metrics (Slow 1200mv 0c Model)
 54. Signal Integrity Metrics (Slow 1200mv 85c Model)
 55. Signal Integrity Metrics (Fast 1200mv 0c Model)
 56. Setup Transfers
 57. Hold Transfers
 58. Recovery Transfers
 59. Removal Transfers
 60. Report TCCS
 61. Report RSKM
 62. Unconstrained Paths Summary
 63. Clock Status Summary
 64. Unconstrained Input Ports
 65. Unconstrained Output Ports
 66. Unconstrained Input Ports
 67. Unconstrained Output Ports
 68. Timing Analyzer Messages



----------------
; Legal Notice ;
----------------
Copyright (C) 2022  Intel Corporation. All rights reserved.
Your use of Intel Corporation's design tools, logic functions 
and other software and tools, and any partner logic 
functions, and any output files from any of the foregoing 
(including device programming or simulation files), and any 
associated documentation or information are expressly subject 
to the terms and conditions of the Intel Program License 
Subscription Agreement, the Intel Quartus Prime License Agreement,
the Intel FPGA IP License Agreement, or other applicable license
agreement, including, without limitation, that your use is for
the sole purpose of programming logic devices manufactured by
Intel and sold by Intel or its authorized distributors.  Please
refer to the applicable agreement for further details, at
https://fpgasoftware.intel.com/eula.



+--------------------------------------------------------------------------------+
; Timing Analyzer Summary                                                        ;
+-----------------------+--------------------------------------------------------+
; Quartus Prime Version ; Version 22.1std.0 Build 915 10/25/2022 SC Lite Edition ;
; Timing Analyzer       ; Legacy Timing Analyzer                                 ;
; Revision Name         ; ps2                                                    ;
; Device Family         ; Cyclone IV E                                           ;
; Device Name           ; EP4CE115F29C7                                          ;
; Timing Models         ; Final                                                  ;
; Delay Model           ; Combined                                               ;
; Rise/Fall Delays      ; Enabled                                                ;
+-----------------------+--------------------------------------------------------+


+------------------------------------------+
; Parallel Compilation                     ;
+----------------------------+-------------+
; Processors                 ; Number      ;
+----------------------------+-------------+
; Number detected on machine ; 4           ;
; Maximum allowed            ; 4           ;
;                            ;             ;
; Average used               ; 1.01        ;
; Maximum used               ; 4           ;
;                            ;             ;
; Usage by Processor         ; % Time Used ;
;     Processor 1            ; 100.0%      ;
;     Processor 2            ;   0.5%      ;
;     Processor 3            ;   0.4%      ;
;     Processor 4            ;   0.4%      ;
+----------------------------+-------------+


+----------------------------------------------------------------------------------------------------------------------------------------------------------------------------------------------------------------------------------------------------------+
; Clocks                                                                                                                                                                                                                                                   ;
+---------------------------------------------+------+--------+------------+-------+-------+------------+-----------+-------------+-------+--------+-----------+------------+----------+--------+--------+-------------------------------------------------+
; Clock Name                                  ; Type ; Period ; Frequency  ; Rise  ; Fall  ; Duty Cycle ; Divide by ; Multiply by ; Phase ; Offset ; Edge List ; Edge Shift ; Inverted ; Master ; Source ; Targets                                         ;
+---------------------------------------------+------+--------+------------+-------+-------+------------+-----------+-------------+-------+--------+-----------+------------+----------+--------+--------+-------------------------------------------------+
; CLOCK_50                                    ; Base ; 1.000  ; 1000.0 MHz ; 0.000 ; 0.500 ;            ;           ;             ;       ;        ;           ;            ;          ;        ;        ; { CLOCK_50 }                                    ;
; ps2:u_ps2|keyboard:u1|keyboard_clk_filtered ; Base ; 1.000  ; 1000.0 MHz ; 0.000 ; 0.500 ;            ;           ;             ;       ;        ;           ;            ;          ;        ;        ; { ps2:u_ps2|keyboard:u1|keyboard_clk_filtered } ;
; ps2:u_ps2|keyboard:u1|ready_set             ; Base ; 1.000  ; 1000.0 MHz ; 0.000 ; 0.500 ;            ;           ;             ;       ;        ;           ;            ;          ;        ;        ; { ps2:u_ps2|keyboard:u1|ready_set }             ;
; ps2:u_ps2|keyboard:u1|scan_ready            ; Base ; 1.000  ; 1000.0 MHz ; 0.000 ; 0.500 ;            ;           ;             ;       ;        ;           ;            ;          ;        ;        ; { ps2:u_ps2|keyboard:u1|scan_ready }            ;
+---------------------------------------------+------+--------+------------+-------+-------+------------+-----------+-------------+-------+--------+-----------+------------+----------+--------+--------+-------------------------------------------------+


+--------------------------------------------------------------------------------------------------------------------------------------------+
; Slow 1200mV 85C Model Fmax Summary                                                                                                         ;
+------------+-----------------+---------------------------------------------+---------------------------------------------------------------+
; Fmax       ; Restricted Fmax ; Clock Name                                  ; Note                                                          ;
+------------+-----------------+---------------------------------------------+---------------------------------------------------------------+
; 294.64 MHz ; 250.0 MHz       ; CLOCK_50                                    ; limit due to minimum period restriction (max I/O toggle rate) ;
; 315.86 MHz ; 315.86 MHz      ; ps2:u_ps2|keyboard:u1|keyboard_clk_filtered ;                                                               ;
; 929.37 MHz ; 437.64 MHz      ; ps2:u_ps2|keyboard:u1|scan_ready            ; limit due to minimum period restriction (tmin)                ;
+------------+-----------------+---------------------------------------------+---------------------------------------------------------------+
This panel reports FMAX for every clock in the design, regardless of the user-specified clock periods.  FMAX is only computed for paths where the source and destination registers or ports are driven by the same clock.  Paths of different clocks, including generated clocks, are ignored.  For paths between a clock and its inversion, FMAX is computed as if the rising and falling edges are scaled along with FMAX, such that the duty cycle (in terms of a percentage) is maintained. Altera recommends that you always use clock constraints and other slack reports for sign-off analysis.


----------------------------------
; Timing Closure Recommendations ;
----------------------------------
HTML report is unavailable in plain text report export.


+----------------------------------------------------------------------+
; Slow 1200mV 85C Model Setup Summary                                  ;
+---------------------------------------------+--------+---------------+
; Clock                                       ; Slack  ; End Point TNS ;
+---------------------------------------------+--------+---------------+
; CLOCK_50                                    ; -2.394 ; -11.013       ;
; ps2:u_ps2|keyboard:u1|keyboard_clk_filtered ; -2.166 ; -36.638       ;
; ps2:u_ps2|keyboard:u1|scan_ready            ; -0.554 ; -2.969        ;
+---------------------------------------------+--------+---------------+


+---------------------------------------------------------------------+
; Slow 1200mV 85C Model Hold Summary                                  ;
+---------------------------------------------+-------+---------------+
; Clock                                       ; Slack ; End Point TNS ;
+---------------------------------------------+-------+---------------+
; CLOCK_50                                    ; 0.391 ; 0.000         ;
; ps2:u_ps2|keyboard:u1|keyboard_clk_filtered ; 0.402 ; 0.000         ;
; ps2:u_ps2|keyboard:u1|scan_ready            ; 0.452 ; 0.000         ;
+---------------------------------------------+-------+---------------+


+----------------------------------------------------------+
; Slow 1200mV 85C Model Recovery Summary                   ;
+---------------------------------+--------+---------------+
; Clock                           ; Slack  ; End Point TNS ;
+---------------------------------+--------+---------------+
; ps2:u_ps2|keyboard:u1|ready_set ; -1.754 ; -1.754        ;
+---------------------------------+--------+---------------+


+---------------------------------------------------------+
; Slow 1200mV 85C Model Removal Summary                   ;
+---------------------------------+-------+---------------+
; Clock                           ; Slack ; End Point TNS ;
+---------------------------------+-------+---------------+
; ps2:u_ps2|keyboard:u1|ready_set ; 2.205 ; 0.000         ;
+---------------------------------+-------+---------------+


+----------------------------------------------------------------------+
; Slow 1200mV 85C Model Minimum Pulse Width Summary                    ;
+---------------------------------------------+--------+---------------+
; Clock                                       ; Slack  ; End Point TNS ;
+---------------------------------------------+--------+---------------+
; CLOCK_50                                    ; -3.000 ; -18.420       ;
; ps2:u_ps2|keyboard:u1|keyboard_clk_filtered ; -1.285 ; -29.555       ;
; ps2:u_ps2|keyboard:u1|scan_ready            ; -1.285 ; -20.560       ;
; ps2:u_ps2|keyboard:u1|ready_set             ; -1.285 ; -1.285        ;
+---------------------------------------------+--------+---------------+


+---------------------------------------------------------------------------------------------------------------------------------------------------------------------------------------------------------+
; Slow 1200mV 85C Model Setup: 'CLOCK_50'                                                                                                                                                                 ;
+--------+---------------------------------------------+---------------------------------------------+---------------------------------------------+-------------+--------------+------------+------------+
; Slack  ; From Node                                   ; To Node                                     ; Launch Clock                                ; Latch Clock ; Relationship ; Clock Skew ; Data Delay ;
+--------+---------------------------------------------+---------------------------------------------+---------------------------------------------+-------------+--------------+------------+------------+
; -2.394 ; ps2:u_ps2|keyboard:u1|filter[3]             ; ps2:u_ps2|keyboard:u1|keyboard_clk_filtered ; CLOCK_50                                    ; CLOCK_50    ; 1.000        ; -0.081     ; 3.311      ;
; -2.390 ; ps2:u_ps2|keyboard:u1|filter[2]             ; ps2:u_ps2|keyboard:u1|keyboard_clk_filtered ; CLOCK_50                                    ; CLOCK_50    ; 1.000        ; -0.081     ; 3.307      ;
; -2.230 ; ps2:u_ps2|keyboard:u1|filter[5]             ; ps2:u_ps2|keyboard:u1|keyboard_clk_filtered ; CLOCK_50                                    ; CLOCK_50    ; 1.000        ; -0.081     ; 3.147      ;
; -2.202 ; ps2:u_ps2|keyboard:u1|filter[6]             ; ps2:u_ps2|keyboard:u1|keyboard_clk_filtered ; CLOCK_50                                    ; CLOCK_50    ; 1.000        ; -0.081     ; 3.119      ;
; -1.872 ; ps2:u_ps2|keyboard:u1|filter[1]             ; ps2:u_ps2|keyboard:u1|keyboard_clk_filtered ; CLOCK_50                                    ; CLOCK_50    ; 1.000        ; -0.081     ; 2.789      ;
; -1.828 ; ps2:u_ps2|keyboard:u1|filter[0]             ; ps2:u_ps2|keyboard:u1|keyboard_clk_filtered ; CLOCK_50                                    ; CLOCK_50    ; 1.000        ; -0.081     ; 2.745      ;
; -1.724 ; ps2:u_ps2|keyboard:u1|filter[4]             ; ps2:u_ps2|keyboard:u1|keyboard_clk_filtered ; CLOCK_50                                    ; CLOCK_50    ; 1.000        ; -0.081     ; 2.641      ;
; -1.587 ; ps2:u_ps2|keyboard:u1|keyboard_clk_filtered ; ps2:u_ps2|keyboard:u1|keyboard_clk_filtered ; ps2:u_ps2|keyboard:u1|keyboard_clk_filtered ; CLOCK_50    ; 0.500        ; 2.941      ; 5.248      ;
; -1.538 ; ps2:u_ps2|keyboard:u1|filter[7]             ; ps2:u_ps2|keyboard:u1|keyboard_clk_filtered ; CLOCK_50                                    ; CLOCK_50    ; 1.000        ; -0.081     ; 2.455      ;
; -1.447 ; ps2:u_ps2|oneshot:pulser|delay              ; ps2:u_ps2|oneshot:pulser|pulse_out          ; CLOCK_50                                    ; CLOCK_50    ; 1.000        ; -0.081     ; 2.364      ;
; -1.394 ; ps2:u_ps2|keyboard:u1|scan_ready            ; ps2:u_ps2|oneshot:pulser|pulse_out          ; ps2:u_ps2|keyboard:u1|scan_ready            ; CLOCK_50    ; 0.500        ; 2.936      ; 5.050      ;
; -1.388 ; ps2:u_ps2|oneshot:pulser|delay              ; ps2:u_ps2|oneshot:pulser|delay              ; CLOCK_50                                    ; CLOCK_50    ; 1.000        ; -0.081     ; 2.305      ;
; -1.305 ; ps2:u_ps2|keyboard:u1|scan_ready            ; ps2:u_ps2|oneshot:pulser|delay              ; ps2:u_ps2|keyboard:u1|scan_ready            ; CLOCK_50    ; 0.500        ; 2.936      ; 4.961      ;
; -1.102 ; ps2:u_ps2|keyboard:u1|keyboard_clk_filtered ; ps2:u_ps2|keyboard:u1|keyboard_clk_filtered ; ps2:u_ps2|keyboard:u1|keyboard_clk_filtered ; CLOCK_50    ; 1.000        ; 2.941      ; 5.263      ;
; -0.872 ; ps2:u_ps2|keyboard:u1|scan_ready            ; ps2:u_ps2|oneshot:pulser|pulse_out          ; ps2:u_ps2|keyboard:u1|scan_ready            ; CLOCK_50    ; 1.000        ; 2.936      ; 5.028      ;
; -0.785 ; ps2:u_ps2|keyboard:u1|scan_ready            ; ps2:u_ps2|oneshot:pulser|delay              ; ps2:u_ps2|keyboard:u1|scan_ready            ; CLOCK_50    ; 1.000        ; 2.936      ; 4.941      ;
; -0.723 ; ps2:u_ps2|keyboard:u1|clock_enable          ; ps2:u_ps2|keyboard:u1|keyboard_clk_filtered ; CLOCK_50                                    ; CLOCK_50    ; 1.000        ; -0.477     ; 1.244      ;
; -0.723 ; ps2:u_ps2|keyboard:u1|clock_enable          ; ps2:u_ps2|keyboard:u1|filter[0]             ; CLOCK_50                                    ; CLOCK_50    ; 1.000        ; -0.477     ; 1.244      ;
; -0.723 ; ps2:u_ps2|keyboard:u1|clock_enable          ; ps2:u_ps2|keyboard:u1|filter[1]             ; CLOCK_50                                    ; CLOCK_50    ; 1.000        ; -0.477     ; 1.244      ;
; -0.723 ; ps2:u_ps2|keyboard:u1|clock_enable          ; ps2:u_ps2|keyboard:u1|filter[2]             ; CLOCK_50                                    ; CLOCK_50    ; 1.000        ; -0.477     ; 1.244      ;
; -0.723 ; ps2:u_ps2|keyboard:u1|clock_enable          ; ps2:u_ps2|keyboard:u1|filter[3]             ; CLOCK_50                                    ; CLOCK_50    ; 1.000        ; -0.477     ; 1.244      ;
; -0.723 ; ps2:u_ps2|keyboard:u1|clock_enable          ; ps2:u_ps2|keyboard:u1|filter[4]             ; CLOCK_50                                    ; CLOCK_50    ; 1.000        ; -0.477     ; 1.244      ;
; -0.723 ; ps2:u_ps2|keyboard:u1|clock_enable          ; ps2:u_ps2|keyboard:u1|filter[5]             ; CLOCK_50                                    ; CLOCK_50    ; 1.000        ; -0.477     ; 1.244      ;
; -0.723 ; ps2:u_ps2|keyboard:u1|clock_enable          ; ps2:u_ps2|keyboard:u1|filter[6]             ; CLOCK_50                                    ; CLOCK_50    ; 1.000        ; -0.477     ; 1.244      ;
; -0.723 ; ps2:u_ps2|keyboard:u1|clock_enable          ; ps2:u_ps2|keyboard:u1|filter[7]             ; CLOCK_50                                    ; CLOCK_50    ; 1.000        ; -0.477     ; 1.244      ;
; -0.216 ; ps2:u_ps2|keyboard:u1|filter[1]             ; ps2:u_ps2|keyboard:u1|filter[0]             ; CLOCK_50                                    ; CLOCK_50    ; 1.000        ; -0.081     ; 1.133      ;
; -0.198 ; ps2:u_ps2|keyboard:u1|filter[2]             ; ps2:u_ps2|keyboard:u1|filter[1]             ; CLOCK_50                                    ; CLOCK_50    ; 1.000        ; -0.081     ; 1.115      ;
; -0.048 ; ps2:u_ps2|keyboard:u1|filter[7]             ; ps2:u_ps2|keyboard:u1|filter[6]             ; CLOCK_50                                    ; CLOCK_50    ; 1.000        ; -0.081     ; 0.965      ;
; -0.040 ; ps2:u_ps2|keyboard:u1|filter[5]             ; ps2:u_ps2|keyboard:u1|filter[4]             ; CLOCK_50                                    ; CLOCK_50    ; 1.000        ; -0.081     ; 0.957      ;
; -0.039 ; ps2:u_ps2|keyboard:u1|filter[3]             ; ps2:u_ps2|keyboard:u1|filter[2]             ; CLOCK_50                                    ; CLOCK_50    ; 1.000        ; -0.081     ; 0.956      ;
; -0.038 ; ps2:u_ps2|keyboard:u1|filter[4]             ; ps2:u_ps2|keyboard:u1|filter[3]             ; CLOCK_50                                    ; CLOCK_50    ; 1.000        ; -0.081     ; 0.955      ;
; 0.115  ; ps2:u_ps2|keyboard:u1|filter[6]             ; ps2:u_ps2|keyboard:u1|filter[5]             ; CLOCK_50                                    ; CLOCK_50    ; 1.000        ; -0.081     ; 0.802      ;
; 0.136  ; ps2:u_ps2|keyboard:u1|clock_enable          ; ps2:u_ps2|keyboard:u1|clock_enable          ; CLOCK_50                                    ; CLOCK_50    ; 1.000        ; -0.097     ; 0.765      ;
+--------+---------------------------------------------+---------------------------------------------+---------------------------------------------+-------------+--------------+------------+------------+


+--------------------------------------------------------------------------------------------------------------------------------------------------------------------------------------------------------------------+
; Slow 1200mV 85C Model Setup: 'ps2:u_ps2|keyboard:u1|keyboard_clk_filtered'                                                                                                                                         ;
+--------+---------------------------------+------------------------------------+---------------------------------------------+---------------------------------------------+--------------+------------+------------+
; Slack  ; From Node                       ; To Node                            ; Launch Clock                                ; Latch Clock                                 ; Relationship ; Clock Skew ; Data Delay ;
+--------+---------------------------------+------------------------------------+---------------------------------------------+---------------------------------------------+--------------+------------+------------+
; -2.166 ; ps2:u_ps2|keyboard:u1|READ_CHAR ; ps2:u_ps2|keyboard:u1|ready_set    ; ps2:u_ps2|keyboard:u1|keyboard_clk_filtered ; ps2:u_ps2|keyboard:u1|keyboard_clk_filtered ; 1.000        ; -0.081     ; 3.083      ;
; -2.139 ; ps2:u_ps2|keyboard:u1|INCNT[0]  ; ps2:u_ps2|keyboard:u1|scan_code[0] ; ps2:u_ps2|keyboard:u1|keyboard_clk_filtered ; ps2:u_ps2|keyboard:u1|keyboard_clk_filtered ; 1.000        ; -0.082     ; 3.055      ;
; -2.139 ; ps2:u_ps2|keyboard:u1|INCNT[0]  ; ps2:u_ps2|keyboard:u1|scan_code[1] ; ps2:u_ps2|keyboard:u1|keyboard_clk_filtered ; ps2:u_ps2|keyboard:u1|keyboard_clk_filtered ; 1.000        ; -0.082     ; 3.055      ;
; -2.139 ; ps2:u_ps2|keyboard:u1|INCNT[0]  ; ps2:u_ps2|keyboard:u1|scan_code[2] ; ps2:u_ps2|keyboard:u1|keyboard_clk_filtered ; ps2:u_ps2|keyboard:u1|keyboard_clk_filtered ; 1.000        ; -0.082     ; 3.055      ;
; -2.139 ; ps2:u_ps2|keyboard:u1|INCNT[0]  ; ps2:u_ps2|keyboard:u1|scan_code[3] ; ps2:u_ps2|keyboard:u1|keyboard_clk_filtered ; ps2:u_ps2|keyboard:u1|keyboard_clk_filtered ; 1.000        ; -0.082     ; 3.055      ;
; -2.122 ; ps2:u_ps2|keyboard:u1|INCNT[1]  ; ps2:u_ps2|keyboard:u1|scan_code[0] ; ps2:u_ps2|keyboard:u1|keyboard_clk_filtered ; ps2:u_ps2|keyboard:u1|keyboard_clk_filtered ; 1.000        ; -0.082     ; 3.038      ;
; -2.122 ; ps2:u_ps2|keyboard:u1|INCNT[1]  ; ps2:u_ps2|keyboard:u1|scan_code[1] ; ps2:u_ps2|keyboard:u1|keyboard_clk_filtered ; ps2:u_ps2|keyboard:u1|keyboard_clk_filtered ; 1.000        ; -0.082     ; 3.038      ;
; -2.122 ; ps2:u_ps2|keyboard:u1|INCNT[1]  ; ps2:u_ps2|keyboard:u1|scan_code[2] ; ps2:u_ps2|keyboard:u1|keyboard_clk_filtered ; ps2:u_ps2|keyboard:u1|keyboard_clk_filtered ; 1.000        ; -0.082     ; 3.038      ;
; -2.122 ; ps2:u_ps2|keyboard:u1|INCNT[1]  ; ps2:u_ps2|keyboard:u1|scan_code[3] ; ps2:u_ps2|keyboard:u1|keyboard_clk_filtered ; ps2:u_ps2|keyboard:u1|keyboard_clk_filtered ; 1.000        ; -0.082     ; 3.038      ;
; -1.958 ; ps2:u_ps2|keyboard:u1|INCNT[3]  ; ps2:u_ps2|keyboard:u1|scan_code[0] ; ps2:u_ps2|keyboard:u1|keyboard_clk_filtered ; ps2:u_ps2|keyboard:u1|keyboard_clk_filtered ; 1.000        ; -0.082     ; 2.874      ;
; -1.958 ; ps2:u_ps2|keyboard:u1|INCNT[3]  ; ps2:u_ps2|keyboard:u1|scan_code[1] ; ps2:u_ps2|keyboard:u1|keyboard_clk_filtered ; ps2:u_ps2|keyboard:u1|keyboard_clk_filtered ; 1.000        ; -0.082     ; 2.874      ;
; -1.958 ; ps2:u_ps2|keyboard:u1|INCNT[3]  ; ps2:u_ps2|keyboard:u1|scan_code[2] ; ps2:u_ps2|keyboard:u1|keyboard_clk_filtered ; ps2:u_ps2|keyboard:u1|keyboard_clk_filtered ; 1.000        ; -0.082     ; 2.874      ;
; -1.958 ; ps2:u_ps2|keyboard:u1|INCNT[3]  ; ps2:u_ps2|keyboard:u1|scan_code[3] ; ps2:u_ps2|keyboard:u1|keyboard_clk_filtered ; ps2:u_ps2|keyboard:u1|keyboard_clk_filtered ; 1.000        ; -0.082     ; 2.874      ;
; -1.886 ; ps2:u_ps2|keyboard:u1|INCNT[0]  ; ps2:u_ps2|keyboard:u1|scan_code[4] ; ps2:u_ps2|keyboard:u1|keyboard_clk_filtered ; ps2:u_ps2|keyboard:u1|keyboard_clk_filtered ; 1.000        ; -0.079     ; 2.805      ;
; -1.886 ; ps2:u_ps2|keyboard:u1|INCNT[0]  ; ps2:u_ps2|keyboard:u1|scan_code[5] ; ps2:u_ps2|keyboard:u1|keyboard_clk_filtered ; ps2:u_ps2|keyboard:u1|keyboard_clk_filtered ; 1.000        ; -0.079     ; 2.805      ;
; -1.886 ; ps2:u_ps2|keyboard:u1|INCNT[0]  ; ps2:u_ps2|keyboard:u1|scan_code[7] ; ps2:u_ps2|keyboard:u1|keyboard_clk_filtered ; ps2:u_ps2|keyboard:u1|keyboard_clk_filtered ; 1.000        ; -0.079     ; 2.805      ;
; -1.869 ; ps2:u_ps2|keyboard:u1|INCNT[1]  ; ps2:u_ps2|keyboard:u1|scan_code[4] ; ps2:u_ps2|keyboard:u1|keyboard_clk_filtered ; ps2:u_ps2|keyboard:u1|keyboard_clk_filtered ; 1.000        ; -0.079     ; 2.788      ;
; -1.869 ; ps2:u_ps2|keyboard:u1|INCNT[1]  ; ps2:u_ps2|keyboard:u1|scan_code[5] ; ps2:u_ps2|keyboard:u1|keyboard_clk_filtered ; ps2:u_ps2|keyboard:u1|keyboard_clk_filtered ; 1.000        ; -0.079     ; 2.788      ;
; -1.869 ; ps2:u_ps2|keyboard:u1|INCNT[1]  ; ps2:u_ps2|keyboard:u1|scan_code[7] ; ps2:u_ps2|keyboard:u1|keyboard_clk_filtered ; ps2:u_ps2|keyboard:u1|keyboard_clk_filtered ; 1.000        ; -0.079     ; 2.788      ;
; -1.840 ; ps2:u_ps2|keyboard:u1|INCNT[2]  ; ps2:u_ps2|keyboard:u1|scan_code[0] ; ps2:u_ps2|keyboard:u1|keyboard_clk_filtered ; ps2:u_ps2|keyboard:u1|keyboard_clk_filtered ; 1.000        ; -0.082     ; 2.756      ;
; -1.840 ; ps2:u_ps2|keyboard:u1|INCNT[2]  ; ps2:u_ps2|keyboard:u1|scan_code[1] ; ps2:u_ps2|keyboard:u1|keyboard_clk_filtered ; ps2:u_ps2|keyboard:u1|keyboard_clk_filtered ; 1.000        ; -0.082     ; 2.756      ;
; -1.840 ; ps2:u_ps2|keyboard:u1|INCNT[2]  ; ps2:u_ps2|keyboard:u1|scan_code[2] ; ps2:u_ps2|keyboard:u1|keyboard_clk_filtered ; ps2:u_ps2|keyboard:u1|keyboard_clk_filtered ; 1.000        ; -0.082     ; 2.756      ;
; -1.840 ; ps2:u_ps2|keyboard:u1|INCNT[2]  ; ps2:u_ps2|keyboard:u1|scan_code[3] ; ps2:u_ps2|keyboard:u1|keyboard_clk_filtered ; ps2:u_ps2|keyboard:u1|keyboard_clk_filtered ; 1.000        ; -0.082     ; 2.756      ;
; -1.720 ; ps2:u_ps2|keyboard:u1|READ_CHAR ; ps2:u_ps2|keyboard:u1|scan_code[0] ; ps2:u_ps2|keyboard:u1|keyboard_clk_filtered ; ps2:u_ps2|keyboard:u1|keyboard_clk_filtered ; 1.000        ; -0.082     ; 2.636      ;
; -1.720 ; ps2:u_ps2|keyboard:u1|READ_CHAR ; ps2:u_ps2|keyboard:u1|scan_code[1] ; ps2:u_ps2|keyboard:u1|keyboard_clk_filtered ; ps2:u_ps2|keyboard:u1|keyboard_clk_filtered ; 1.000        ; -0.082     ; 2.636      ;
; -1.720 ; ps2:u_ps2|keyboard:u1|READ_CHAR ; ps2:u_ps2|keyboard:u1|scan_code[2] ; ps2:u_ps2|keyboard:u1|keyboard_clk_filtered ; ps2:u_ps2|keyboard:u1|keyboard_clk_filtered ; 1.000        ; -0.082     ; 2.636      ;
; -1.720 ; ps2:u_ps2|keyboard:u1|READ_CHAR ; ps2:u_ps2|keyboard:u1|scan_code[3] ; ps2:u_ps2|keyboard:u1|keyboard_clk_filtered ; ps2:u_ps2|keyboard:u1|keyboard_clk_filtered ; 1.000        ; -0.082     ; 2.636      ;
; -1.705 ; ps2:u_ps2|keyboard:u1|INCNT[3]  ; ps2:u_ps2|keyboard:u1|scan_code[4] ; ps2:u_ps2|keyboard:u1|keyboard_clk_filtered ; ps2:u_ps2|keyboard:u1|keyboard_clk_filtered ; 1.000        ; -0.079     ; 2.624      ;
; -1.705 ; ps2:u_ps2|keyboard:u1|INCNT[3]  ; ps2:u_ps2|keyboard:u1|scan_code[5] ; ps2:u_ps2|keyboard:u1|keyboard_clk_filtered ; ps2:u_ps2|keyboard:u1|keyboard_clk_filtered ; 1.000        ; -0.079     ; 2.624      ;
; -1.705 ; ps2:u_ps2|keyboard:u1|INCNT[3]  ; ps2:u_ps2|keyboard:u1|scan_code[7] ; ps2:u_ps2|keyboard:u1|keyboard_clk_filtered ; ps2:u_ps2|keyboard:u1|keyboard_clk_filtered ; 1.000        ; -0.079     ; 2.624      ;
; -1.688 ; ps2:u_ps2|keyboard:u1|READ_CHAR ; ps2:u_ps2|keyboard:u1|INCNT[3]     ; ps2:u_ps2|keyboard:u1|keyboard_clk_filtered ; ps2:u_ps2|keyboard:u1|keyboard_clk_filtered ; 1.000        ; -0.081     ; 2.605      ;
; -1.688 ; ps2:u_ps2|keyboard:u1|READ_CHAR ; ps2:u_ps2|keyboard:u1|INCNT[0]     ; ps2:u_ps2|keyboard:u1|keyboard_clk_filtered ; ps2:u_ps2|keyboard:u1|keyboard_clk_filtered ; 1.000        ; -0.081     ; 2.605      ;
; -1.688 ; ps2:u_ps2|keyboard:u1|READ_CHAR ; ps2:u_ps2|keyboard:u1|INCNT[1]     ; ps2:u_ps2|keyboard:u1|keyboard_clk_filtered ; ps2:u_ps2|keyboard:u1|keyboard_clk_filtered ; 1.000        ; -0.081     ; 2.605      ;
; -1.688 ; ps2:u_ps2|keyboard:u1|READ_CHAR ; ps2:u_ps2|keyboard:u1|INCNT[2]     ; ps2:u_ps2|keyboard:u1|keyboard_clk_filtered ; ps2:u_ps2|keyboard:u1|keyboard_clk_filtered ; 1.000        ; -0.081     ; 2.605      ;
; -1.625 ; ps2:u_ps2|keyboard:u1|INCNT[0]  ; ps2:u_ps2|keyboard:u1|scan_code[6] ; ps2:u_ps2|keyboard:u1|keyboard_clk_filtered ; ps2:u_ps2|keyboard:u1|keyboard_clk_filtered ; 1.000        ; -0.080     ; 2.543      ;
; -1.608 ; ps2:u_ps2|keyboard:u1|INCNT[1]  ; ps2:u_ps2|keyboard:u1|scan_code[6] ; ps2:u_ps2|keyboard:u1|keyboard_clk_filtered ; ps2:u_ps2|keyboard:u1|keyboard_clk_filtered ; 1.000        ; -0.080     ; 2.526      ;
; -1.587 ; ps2:u_ps2|keyboard:u1|INCNT[2]  ; ps2:u_ps2|keyboard:u1|scan_code[4] ; ps2:u_ps2|keyboard:u1|keyboard_clk_filtered ; ps2:u_ps2|keyboard:u1|keyboard_clk_filtered ; 1.000        ; -0.079     ; 2.506      ;
; -1.587 ; ps2:u_ps2|keyboard:u1|INCNT[2]  ; ps2:u_ps2|keyboard:u1|scan_code[5] ; ps2:u_ps2|keyboard:u1|keyboard_clk_filtered ; ps2:u_ps2|keyboard:u1|keyboard_clk_filtered ; 1.000        ; -0.079     ; 2.506      ;
; -1.587 ; ps2:u_ps2|keyboard:u1|INCNT[2]  ; ps2:u_ps2|keyboard:u1|scan_code[7] ; ps2:u_ps2|keyboard:u1|keyboard_clk_filtered ; ps2:u_ps2|keyboard:u1|keyboard_clk_filtered ; 1.000        ; -0.079     ; 2.506      ;
; -1.474 ; ps2:u_ps2|keyboard:u1|READ_CHAR ; ps2:u_ps2|keyboard:u1|scan_code[4] ; ps2:u_ps2|keyboard:u1|keyboard_clk_filtered ; ps2:u_ps2|keyboard:u1|keyboard_clk_filtered ; 1.000        ; -0.079     ; 2.393      ;
; -1.474 ; ps2:u_ps2|keyboard:u1|READ_CHAR ; ps2:u_ps2|keyboard:u1|scan_code[5] ; ps2:u_ps2|keyboard:u1|keyboard_clk_filtered ; ps2:u_ps2|keyboard:u1|keyboard_clk_filtered ; 1.000        ; -0.079     ; 2.393      ;
; -1.474 ; ps2:u_ps2|keyboard:u1|READ_CHAR ; ps2:u_ps2|keyboard:u1|scan_code[7] ; ps2:u_ps2|keyboard:u1|keyboard_clk_filtered ; ps2:u_ps2|keyboard:u1|keyboard_clk_filtered ; 1.000        ; -0.079     ; 2.393      ;
; -1.444 ; ps2:u_ps2|keyboard:u1|INCNT[3]  ; ps2:u_ps2|keyboard:u1|scan_code[6] ; ps2:u_ps2|keyboard:u1|keyboard_clk_filtered ; ps2:u_ps2|keyboard:u1|keyboard_clk_filtered ; 1.000        ; -0.080     ; 2.362      ;
; -1.326 ; ps2:u_ps2|keyboard:u1|INCNT[2]  ; ps2:u_ps2|keyboard:u1|scan_code[6] ; ps2:u_ps2|keyboard:u1|keyboard_clk_filtered ; ps2:u_ps2|keyboard:u1|keyboard_clk_filtered ; 1.000        ; -0.080     ; 2.244      ;
; -1.224 ; ps2:u_ps2|keyboard:u1|INCNT[0]  ; ps2:u_ps2|keyboard:u1|SHIFTIN[0]   ; ps2:u_ps2|keyboard:u1|keyboard_clk_filtered ; ps2:u_ps2|keyboard:u1|keyboard_clk_filtered ; 1.000        ; 0.328      ; 2.550      ;
; -1.224 ; ps2:u_ps2|keyboard:u1|INCNT[0]  ; ps2:u_ps2|keyboard:u1|SHIFTIN[1]   ; ps2:u_ps2|keyboard:u1|keyboard_clk_filtered ; ps2:u_ps2|keyboard:u1|keyboard_clk_filtered ; 1.000        ; 0.328      ; 2.550      ;
; -1.224 ; ps2:u_ps2|keyboard:u1|INCNT[0]  ; ps2:u_ps2|keyboard:u1|SHIFTIN[2]   ; ps2:u_ps2|keyboard:u1|keyboard_clk_filtered ; ps2:u_ps2|keyboard:u1|keyboard_clk_filtered ; 1.000        ; 0.328      ; 2.550      ;
; -1.224 ; ps2:u_ps2|keyboard:u1|INCNT[0]  ; ps2:u_ps2|keyboard:u1|SHIFTIN[3]   ; ps2:u_ps2|keyboard:u1|keyboard_clk_filtered ; ps2:u_ps2|keyboard:u1|keyboard_clk_filtered ; 1.000        ; 0.328      ; 2.550      ;
; -1.224 ; ps2:u_ps2|keyboard:u1|INCNT[0]  ; ps2:u_ps2|keyboard:u1|SHIFTIN[4]   ; ps2:u_ps2|keyboard:u1|keyboard_clk_filtered ; ps2:u_ps2|keyboard:u1|keyboard_clk_filtered ; 1.000        ; 0.328      ; 2.550      ;
; -1.224 ; ps2:u_ps2|keyboard:u1|INCNT[0]  ; ps2:u_ps2|keyboard:u1|SHIFTIN[5]   ; ps2:u_ps2|keyboard:u1|keyboard_clk_filtered ; ps2:u_ps2|keyboard:u1|keyboard_clk_filtered ; 1.000        ; 0.328      ; 2.550      ;
; -1.224 ; ps2:u_ps2|keyboard:u1|INCNT[0]  ; ps2:u_ps2|keyboard:u1|SHIFTIN[6]   ; ps2:u_ps2|keyboard:u1|keyboard_clk_filtered ; ps2:u_ps2|keyboard:u1|keyboard_clk_filtered ; 1.000        ; 0.328      ; 2.550      ;
; -1.224 ; ps2:u_ps2|keyboard:u1|INCNT[0]  ; ps2:u_ps2|keyboard:u1|SHIFTIN[7]   ; ps2:u_ps2|keyboard:u1|keyboard_clk_filtered ; ps2:u_ps2|keyboard:u1|keyboard_clk_filtered ; 1.000        ; 0.328      ; 2.550      ;
; -1.224 ; ps2:u_ps2|keyboard:u1|INCNT[0]  ; ps2:u_ps2|keyboard:u1|SHIFTIN[8]   ; ps2:u_ps2|keyboard:u1|keyboard_clk_filtered ; ps2:u_ps2|keyboard:u1|keyboard_clk_filtered ; 1.000        ; 0.328      ; 2.550      ;
; -1.222 ; ps2:u_ps2|keyboard:u1|INCNT[1]  ; ps2:u_ps2|keyboard:u1|SHIFTIN[0]   ; ps2:u_ps2|keyboard:u1|keyboard_clk_filtered ; ps2:u_ps2|keyboard:u1|keyboard_clk_filtered ; 1.000        ; 0.328      ; 2.548      ;
; -1.222 ; ps2:u_ps2|keyboard:u1|INCNT[1]  ; ps2:u_ps2|keyboard:u1|SHIFTIN[1]   ; ps2:u_ps2|keyboard:u1|keyboard_clk_filtered ; ps2:u_ps2|keyboard:u1|keyboard_clk_filtered ; 1.000        ; 0.328      ; 2.548      ;
; -1.222 ; ps2:u_ps2|keyboard:u1|INCNT[1]  ; ps2:u_ps2|keyboard:u1|SHIFTIN[2]   ; ps2:u_ps2|keyboard:u1|keyboard_clk_filtered ; ps2:u_ps2|keyboard:u1|keyboard_clk_filtered ; 1.000        ; 0.328      ; 2.548      ;
; -1.222 ; ps2:u_ps2|keyboard:u1|INCNT[1]  ; ps2:u_ps2|keyboard:u1|SHIFTIN[3]   ; ps2:u_ps2|keyboard:u1|keyboard_clk_filtered ; ps2:u_ps2|keyboard:u1|keyboard_clk_filtered ; 1.000        ; 0.328      ; 2.548      ;
; -1.222 ; ps2:u_ps2|keyboard:u1|INCNT[1]  ; ps2:u_ps2|keyboard:u1|SHIFTIN[4]   ; ps2:u_ps2|keyboard:u1|keyboard_clk_filtered ; ps2:u_ps2|keyboard:u1|keyboard_clk_filtered ; 1.000        ; 0.328      ; 2.548      ;
; -1.222 ; ps2:u_ps2|keyboard:u1|INCNT[1]  ; ps2:u_ps2|keyboard:u1|SHIFTIN[5]   ; ps2:u_ps2|keyboard:u1|keyboard_clk_filtered ; ps2:u_ps2|keyboard:u1|keyboard_clk_filtered ; 1.000        ; 0.328      ; 2.548      ;
; -1.222 ; ps2:u_ps2|keyboard:u1|INCNT[1]  ; ps2:u_ps2|keyboard:u1|SHIFTIN[6]   ; ps2:u_ps2|keyboard:u1|keyboard_clk_filtered ; ps2:u_ps2|keyboard:u1|keyboard_clk_filtered ; 1.000        ; 0.328      ; 2.548      ;
; -1.222 ; ps2:u_ps2|keyboard:u1|INCNT[1]  ; ps2:u_ps2|keyboard:u1|SHIFTIN[7]   ; ps2:u_ps2|keyboard:u1|keyboard_clk_filtered ; ps2:u_ps2|keyboard:u1|keyboard_clk_filtered ; 1.000        ; 0.328      ; 2.548      ;
; -1.222 ; ps2:u_ps2|keyboard:u1|INCNT[1]  ; ps2:u_ps2|keyboard:u1|SHIFTIN[8]   ; ps2:u_ps2|keyboard:u1|keyboard_clk_filtered ; ps2:u_ps2|keyboard:u1|keyboard_clk_filtered ; 1.000        ; 0.328      ; 2.548      ;
; -1.218 ; ps2:u_ps2|keyboard:u1|READ_CHAR ; ps2:u_ps2|keyboard:u1|scan_code[6] ; ps2:u_ps2|keyboard:u1|keyboard_clk_filtered ; ps2:u_ps2|keyboard:u1|keyboard_clk_filtered ; 1.000        ; -0.080     ; 2.136      ;
; -1.194 ; ps2:u_ps2|keyboard:u1|ready_set ; ps2:u_ps2|keyboard:u1|ready_set    ; ps2:u_ps2|keyboard:u1|ready_set             ; ps2:u_ps2|keyboard:u1|keyboard_clk_filtered ; 0.500        ; 3.206      ; 5.140      ;
; -1.044 ; ps2:u_ps2|keyboard:u1|INCNT[3]  ; ps2:u_ps2|keyboard:u1|SHIFTIN[0]   ; ps2:u_ps2|keyboard:u1|keyboard_clk_filtered ; ps2:u_ps2|keyboard:u1|keyboard_clk_filtered ; 1.000        ; 0.328      ; 2.370      ;
; -1.044 ; ps2:u_ps2|keyboard:u1|INCNT[3]  ; ps2:u_ps2|keyboard:u1|SHIFTIN[1]   ; ps2:u_ps2|keyboard:u1|keyboard_clk_filtered ; ps2:u_ps2|keyboard:u1|keyboard_clk_filtered ; 1.000        ; 0.328      ; 2.370      ;
; -1.044 ; ps2:u_ps2|keyboard:u1|INCNT[3]  ; ps2:u_ps2|keyboard:u1|SHIFTIN[2]   ; ps2:u_ps2|keyboard:u1|keyboard_clk_filtered ; ps2:u_ps2|keyboard:u1|keyboard_clk_filtered ; 1.000        ; 0.328      ; 2.370      ;
; -1.044 ; ps2:u_ps2|keyboard:u1|INCNT[3]  ; ps2:u_ps2|keyboard:u1|SHIFTIN[3]   ; ps2:u_ps2|keyboard:u1|keyboard_clk_filtered ; ps2:u_ps2|keyboard:u1|keyboard_clk_filtered ; 1.000        ; 0.328      ; 2.370      ;
; -1.044 ; ps2:u_ps2|keyboard:u1|INCNT[3]  ; ps2:u_ps2|keyboard:u1|SHIFTIN[4]   ; ps2:u_ps2|keyboard:u1|keyboard_clk_filtered ; ps2:u_ps2|keyboard:u1|keyboard_clk_filtered ; 1.000        ; 0.328      ; 2.370      ;
; -1.044 ; ps2:u_ps2|keyboard:u1|INCNT[3]  ; ps2:u_ps2|keyboard:u1|SHIFTIN[5]   ; ps2:u_ps2|keyboard:u1|keyboard_clk_filtered ; ps2:u_ps2|keyboard:u1|keyboard_clk_filtered ; 1.000        ; 0.328      ; 2.370      ;
; -1.044 ; ps2:u_ps2|keyboard:u1|INCNT[3]  ; ps2:u_ps2|keyboard:u1|SHIFTIN[6]   ; ps2:u_ps2|keyboard:u1|keyboard_clk_filtered ; ps2:u_ps2|keyboard:u1|keyboard_clk_filtered ; 1.000        ; 0.328      ; 2.370      ;
; -1.044 ; ps2:u_ps2|keyboard:u1|INCNT[3]  ; ps2:u_ps2|keyboard:u1|SHIFTIN[7]   ; ps2:u_ps2|keyboard:u1|keyboard_clk_filtered ; ps2:u_ps2|keyboard:u1|keyboard_clk_filtered ; 1.000        ; 0.328      ; 2.370      ;
; -1.044 ; ps2:u_ps2|keyboard:u1|INCNT[3]  ; ps2:u_ps2|keyboard:u1|SHIFTIN[8]   ; ps2:u_ps2|keyboard:u1|keyboard_clk_filtered ; ps2:u_ps2|keyboard:u1|keyboard_clk_filtered ; 1.000        ; 0.328      ; 2.370      ;
; -0.955 ; ps2:u_ps2|keyboard:u1|INCNT[0]  ; ps2:u_ps2|keyboard:u1|ready_set    ; ps2:u_ps2|keyboard:u1|keyboard_clk_filtered ; ps2:u_ps2|keyboard:u1|keyboard_clk_filtered ; 1.000        ; -0.081     ; 1.872      ;
; -0.953 ; ps2:u_ps2|keyboard:u1|INCNT[1]  ; ps2:u_ps2|keyboard:u1|ready_set    ; ps2:u_ps2|keyboard:u1|keyboard_clk_filtered ; ps2:u_ps2|keyboard:u1|keyboard_clk_filtered ; 1.000        ; -0.081     ; 1.870      ;
; -0.950 ; ps2:u_ps2|keyboard:u1|INCNT[0]  ; ps2:u_ps2|keyboard:u1|INCNT[3]     ; ps2:u_ps2|keyboard:u1|keyboard_clk_filtered ; ps2:u_ps2|keyboard:u1|keyboard_clk_filtered ; 1.000        ; -0.081     ; 1.867      ;
; -0.944 ; ps2:u_ps2|keyboard:u1|INCNT[2]  ; ps2:u_ps2|keyboard:u1|SHIFTIN[0]   ; ps2:u_ps2|keyboard:u1|keyboard_clk_filtered ; ps2:u_ps2|keyboard:u1|keyboard_clk_filtered ; 1.000        ; 0.328      ; 2.270      ;
; -0.944 ; ps2:u_ps2|keyboard:u1|INCNT[2]  ; ps2:u_ps2|keyboard:u1|SHIFTIN[1]   ; ps2:u_ps2|keyboard:u1|keyboard_clk_filtered ; ps2:u_ps2|keyboard:u1|keyboard_clk_filtered ; 1.000        ; 0.328      ; 2.270      ;
; -0.944 ; ps2:u_ps2|keyboard:u1|INCNT[2]  ; ps2:u_ps2|keyboard:u1|SHIFTIN[2]   ; ps2:u_ps2|keyboard:u1|keyboard_clk_filtered ; ps2:u_ps2|keyboard:u1|keyboard_clk_filtered ; 1.000        ; 0.328      ; 2.270      ;
; -0.944 ; ps2:u_ps2|keyboard:u1|INCNT[2]  ; ps2:u_ps2|keyboard:u1|SHIFTIN[3]   ; ps2:u_ps2|keyboard:u1|keyboard_clk_filtered ; ps2:u_ps2|keyboard:u1|keyboard_clk_filtered ; 1.000        ; 0.328      ; 2.270      ;
; -0.944 ; ps2:u_ps2|keyboard:u1|INCNT[2]  ; ps2:u_ps2|keyboard:u1|SHIFTIN[4]   ; ps2:u_ps2|keyboard:u1|keyboard_clk_filtered ; ps2:u_ps2|keyboard:u1|keyboard_clk_filtered ; 1.000        ; 0.328      ; 2.270      ;
; -0.944 ; ps2:u_ps2|keyboard:u1|INCNT[2]  ; ps2:u_ps2|keyboard:u1|SHIFTIN[5]   ; ps2:u_ps2|keyboard:u1|keyboard_clk_filtered ; ps2:u_ps2|keyboard:u1|keyboard_clk_filtered ; 1.000        ; 0.328      ; 2.270      ;
; -0.944 ; ps2:u_ps2|keyboard:u1|INCNT[2]  ; ps2:u_ps2|keyboard:u1|SHIFTIN[6]   ; ps2:u_ps2|keyboard:u1|keyboard_clk_filtered ; ps2:u_ps2|keyboard:u1|keyboard_clk_filtered ; 1.000        ; 0.328      ; 2.270      ;
; -0.944 ; ps2:u_ps2|keyboard:u1|INCNT[2]  ; ps2:u_ps2|keyboard:u1|SHIFTIN[7]   ; ps2:u_ps2|keyboard:u1|keyboard_clk_filtered ; ps2:u_ps2|keyboard:u1|keyboard_clk_filtered ; 1.000        ; 0.328      ; 2.270      ;
; -0.944 ; ps2:u_ps2|keyboard:u1|INCNT[2]  ; ps2:u_ps2|keyboard:u1|SHIFTIN[8]   ; ps2:u_ps2|keyboard:u1|keyboard_clk_filtered ; ps2:u_ps2|keyboard:u1|keyboard_clk_filtered ; 1.000        ; 0.328      ; 2.270      ;
; -0.909 ; ps2:u_ps2|keyboard:u1|INCNT[0]  ; ps2:u_ps2|keyboard:u1|INCNT[1]     ; ps2:u_ps2|keyboard:u1|keyboard_clk_filtered ; ps2:u_ps2|keyboard:u1|keyboard_clk_filtered ; 1.000        ; -0.081     ; 1.826      ;
; -0.895 ; ps2:u_ps2|keyboard:u1|INCNT[1]  ; ps2:u_ps2|keyboard:u1|INCNT[1]     ; ps2:u_ps2|keyboard:u1|keyboard_clk_filtered ; ps2:u_ps2|keyboard:u1|keyboard_clk_filtered ; 1.000        ; -0.081     ; 1.812      ;
; -0.869 ; ps2:u_ps2|keyboard:u1|INCNT[0]  ; ps2:u_ps2|keyboard:u1|INCNT[2]     ; ps2:u_ps2|keyboard:u1|keyboard_clk_filtered ; ps2:u_ps2|keyboard:u1|keyboard_clk_filtered ; 1.000        ; -0.081     ; 1.786      ;
; -0.867 ; ps2:u_ps2|keyboard:u1|INCNT[1]  ; ps2:u_ps2|keyboard:u1|INCNT[2]     ; ps2:u_ps2|keyboard:u1|keyboard_clk_filtered ; ps2:u_ps2|keyboard:u1|keyboard_clk_filtered ; 1.000        ; -0.081     ; 1.784      ;
; -0.865 ; ps2:u_ps2|keyboard:u1|INCNT[0]  ; ps2:u_ps2|keyboard:u1|READ_CHAR    ; ps2:u_ps2|keyboard:u1|keyboard_clk_filtered ; ps2:u_ps2|keyboard:u1|keyboard_clk_filtered ; 1.000        ; -0.081     ; 1.782      ;
; -0.863 ; ps2:u_ps2|keyboard:u1|INCNT[1]  ; ps2:u_ps2|keyboard:u1|READ_CHAR    ; ps2:u_ps2|keyboard:u1|keyboard_clk_filtered ; ps2:u_ps2|keyboard:u1|keyboard_clk_filtered ; 1.000        ; -0.081     ; 1.780      ;
; -0.862 ; ps2:u_ps2|keyboard:u1|INCNT[1]  ; ps2:u_ps2|keyboard:u1|INCNT[3]     ; ps2:u_ps2|keyboard:u1|keyboard_clk_filtered ; ps2:u_ps2|keyboard:u1|keyboard_clk_filtered ; 1.000        ; -0.081     ; 1.779      ;
; -0.802 ; ps2:u_ps2|keyboard:u1|ready_set ; ps2:u_ps2|keyboard:u1|ready_set    ; ps2:u_ps2|keyboard:u1|ready_set             ; ps2:u_ps2|keyboard:u1|keyboard_clk_filtered ; 1.000        ; 3.206      ; 5.248      ;
; -0.791 ; ps2:u_ps2|keyboard:u1|READ_CHAR ; ps2:u_ps2|keyboard:u1|SHIFTIN[0]   ; ps2:u_ps2|keyboard:u1|keyboard_clk_filtered ; ps2:u_ps2|keyboard:u1|keyboard_clk_filtered ; 1.000        ; 0.328      ; 2.117      ;
; -0.791 ; ps2:u_ps2|keyboard:u1|READ_CHAR ; ps2:u_ps2|keyboard:u1|SHIFTIN[1]   ; ps2:u_ps2|keyboard:u1|keyboard_clk_filtered ; ps2:u_ps2|keyboard:u1|keyboard_clk_filtered ; 1.000        ; 0.328      ; 2.117      ;
; -0.791 ; ps2:u_ps2|keyboard:u1|READ_CHAR ; ps2:u_ps2|keyboard:u1|SHIFTIN[2]   ; ps2:u_ps2|keyboard:u1|keyboard_clk_filtered ; ps2:u_ps2|keyboard:u1|keyboard_clk_filtered ; 1.000        ; 0.328      ; 2.117      ;
; -0.791 ; ps2:u_ps2|keyboard:u1|READ_CHAR ; ps2:u_ps2|keyboard:u1|SHIFTIN[3]   ; ps2:u_ps2|keyboard:u1|keyboard_clk_filtered ; ps2:u_ps2|keyboard:u1|keyboard_clk_filtered ; 1.000        ; 0.328      ; 2.117      ;
; -0.791 ; ps2:u_ps2|keyboard:u1|READ_CHAR ; ps2:u_ps2|keyboard:u1|SHIFTIN[4]   ; ps2:u_ps2|keyboard:u1|keyboard_clk_filtered ; ps2:u_ps2|keyboard:u1|keyboard_clk_filtered ; 1.000        ; 0.328      ; 2.117      ;
; -0.791 ; ps2:u_ps2|keyboard:u1|READ_CHAR ; ps2:u_ps2|keyboard:u1|SHIFTIN[5]   ; ps2:u_ps2|keyboard:u1|keyboard_clk_filtered ; ps2:u_ps2|keyboard:u1|keyboard_clk_filtered ; 1.000        ; 0.328      ; 2.117      ;
; -0.791 ; ps2:u_ps2|keyboard:u1|READ_CHAR ; ps2:u_ps2|keyboard:u1|SHIFTIN[6]   ; ps2:u_ps2|keyboard:u1|keyboard_clk_filtered ; ps2:u_ps2|keyboard:u1|keyboard_clk_filtered ; 1.000        ; 0.328      ; 2.117      ;
+--------+---------------------------------+------------------------------------+---------------------------------------------+---------------------------------------------+--------------+------------+------------+


+-----------------------------------------------------------------------------------------------------------------------------------------------------------------------------------------------+
; Slow 1200mV 85C Model Setup: 'ps2:u_ps2|keyboard:u1|scan_ready'                                                                                                                               ;
+--------+------------------------------------+-----------------------+---------------------------------------------+----------------------------------+--------------+------------+------------+
; Slack  ; From Node                          ; To Node               ; Launch Clock                                ; Latch Clock                      ; Relationship ; Clock Skew ; Data Delay ;
+--------+------------------------------------+-----------------------+---------------------------------------------+----------------------------------+--------------+------------+------------+
; -0.554 ; ps2:u_ps2|keyboard:u1|scan_code[6] ; ps2:u_ps2|history0[6] ; ps2:u_ps2|keyboard:u1|keyboard_clk_filtered ; ps2:u_ps2|keyboard:u1|scan_ready ; 1.000        ; -0.443     ; 1.109      ;
; -0.415 ; ps2:u_ps2|keyboard:u1|scan_code[7] ; ps2:u_ps2|history0[7] ; ps2:u_ps2|keyboard:u1|keyboard_clk_filtered ; ps2:u_ps2|keyboard:u1|scan_ready ; 1.000        ; -0.444     ; 0.969      ;
; -0.415 ; ps2:u_ps2|keyboard:u1|scan_code[5] ; ps2:u_ps2|history0[5] ; ps2:u_ps2|keyboard:u1|keyboard_clk_filtered ; ps2:u_ps2|keyboard:u1|scan_ready ; 1.000        ; -0.444     ; 0.969      ;
; -0.413 ; ps2:u_ps2|keyboard:u1|scan_code[4] ; ps2:u_ps2|history0[4] ; ps2:u_ps2|keyboard:u1|keyboard_clk_filtered ; ps2:u_ps2|keyboard:u1|scan_ready ; 1.000        ; -0.444     ; 0.967      ;
; -0.237 ; ps2:u_ps2|keyboard:u1|scan_code[3] ; ps2:u_ps2|history0[3] ; ps2:u_ps2|keyboard:u1|keyboard_clk_filtered ; ps2:u_ps2|keyboard:u1|scan_ready ; 1.000        ; -0.445     ; 0.790      ;
; -0.237 ; ps2:u_ps2|keyboard:u1|scan_code[0] ; ps2:u_ps2|history0[0] ; ps2:u_ps2|keyboard:u1|keyboard_clk_filtered ; ps2:u_ps2|keyboard:u1|scan_ready ; 1.000        ; -0.445     ; 0.790      ;
; -0.236 ; ps2:u_ps2|keyboard:u1|scan_code[1] ; ps2:u_ps2|history0[1] ; ps2:u_ps2|keyboard:u1|keyboard_clk_filtered ; ps2:u_ps2|keyboard:u1|scan_ready ; 1.000        ; -0.445     ; 0.789      ;
; -0.235 ; ps2:u_ps2|keyboard:u1|scan_code[2] ; ps2:u_ps2|history0[2] ; ps2:u_ps2|keyboard:u1|keyboard_clk_filtered ; ps2:u_ps2|keyboard:u1|scan_ready ; 1.000        ; -0.445     ; 0.788      ;
; -0.076 ; ps2:u_ps2|history0[3]              ; ps2:u_ps2|history1[3] ; ps2:u_ps2|keyboard:u1|scan_ready            ; ps2:u_ps2|keyboard:u1|scan_ready ; 1.000        ; -0.081     ; 0.993      ;
; -0.076 ; ps2:u_ps2|history0[1]              ; ps2:u_ps2|history1[1] ; ps2:u_ps2|keyboard:u1|scan_ready            ; ps2:u_ps2|keyboard:u1|scan_ready ; 1.000        ; -0.081     ; 0.993      ;
; -0.075 ; ps2:u_ps2|history0[0]              ; ps2:u_ps2|history1[0] ; ps2:u_ps2|keyboard:u1|scan_ready            ; ps2:u_ps2|keyboard:u1|scan_ready ; 1.000        ; -0.081     ; 0.992      ;
; 0.102  ; ps2:u_ps2|history0[2]              ; ps2:u_ps2|history1[2] ; ps2:u_ps2|keyboard:u1|scan_ready            ; ps2:u_ps2|keyboard:u1|scan_ready ; 1.000        ; -0.081     ; 0.815      ;
; 0.104  ; ps2:u_ps2|history0[4]              ; ps2:u_ps2|history1[4] ; ps2:u_ps2|keyboard:u1|scan_ready            ; ps2:u_ps2|keyboard:u1|scan_ready ; 1.000        ; -0.080     ; 0.814      ;
; 0.105  ; ps2:u_ps2|history0[5]              ; ps2:u_ps2|history1[5] ; ps2:u_ps2|keyboard:u1|scan_ready            ; ps2:u_ps2|keyboard:u1|scan_ready ; 1.000        ; -0.080     ; 0.813      ;
; 0.106  ; ps2:u_ps2|history0[7]              ; ps2:u_ps2|history1[7] ; ps2:u_ps2|keyboard:u1|scan_ready            ; ps2:u_ps2|keyboard:u1|scan_ready ; 1.000        ; -0.080     ; 0.812      ;
; 0.106  ; ps2:u_ps2|history0[6]              ; ps2:u_ps2|history1[6] ; ps2:u_ps2|keyboard:u1|scan_ready            ; ps2:u_ps2|keyboard:u1|scan_ready ; 1.000        ; -0.080     ; 0.812      ;
+--------+------------------------------------+-----------------------+---------------------------------------------+----------------------------------+--------------+------------+------------+


+--------------------------------------------------------------------------------------------------------------------------------------------------------------------------------------------------------+
; Slow 1200mV 85C Model Hold: 'CLOCK_50'                                                                                                                                                                 ;
+-------+---------------------------------------------+---------------------------------------------+---------------------------------------------+-------------+--------------+------------+------------+
; Slack ; From Node                                   ; To Node                                     ; Launch Clock                                ; Latch Clock ; Relationship ; Clock Skew ; Data Delay ;
+-------+---------------------------------------------+---------------------------------------------+---------------------------------------------+-------------+--------------+------------+------------+
; 0.391 ; ps2:u_ps2|keyboard:u1|clock_enable          ; ps2:u_ps2|keyboard:u1|clock_enable          ; CLOCK_50                                    ; CLOCK_50    ; 0.000        ; 0.097      ; 0.674      ;
; 0.436 ; ps2:u_ps2|keyboard:u1|filter[6]             ; ps2:u_ps2|keyboard:u1|filter[5]             ; CLOCK_50                                    ; CLOCK_50    ; 0.000        ; 0.081      ; 0.703      ;
; 0.611 ; ps2:u_ps2|keyboard:u1|filter[4]             ; ps2:u_ps2|keyboard:u1|filter[3]             ; CLOCK_50                                    ; CLOCK_50    ; 0.000        ; 0.081      ; 0.878      ;
; 0.613 ; ps2:u_ps2|keyboard:u1|filter[3]             ; ps2:u_ps2|keyboard:u1|filter[2]             ; CLOCK_50                                    ; CLOCK_50    ; 0.000        ; 0.081      ; 0.880      ;
; 0.618 ; ps2:u_ps2|keyboard:u1|filter[7]             ; ps2:u_ps2|keyboard:u1|filter[6]             ; CLOCK_50                                    ; CLOCK_50    ; 0.000        ; 0.081      ; 0.885      ;
; 0.621 ; ps2:u_ps2|keyboard:u1|filter[5]             ; ps2:u_ps2|keyboard:u1|filter[4]             ; CLOCK_50                                    ; CLOCK_50    ; 0.000        ; 0.081      ; 0.888      ;
; 0.740 ; ps2:u_ps2|keyboard:u1|filter[2]             ; ps2:u_ps2|keyboard:u1|filter[1]             ; CLOCK_50                                    ; CLOCK_50    ; 0.000        ; 0.081      ; 1.007      ;
; 0.789 ; ps2:u_ps2|keyboard:u1|filter[1]             ; ps2:u_ps2|keyboard:u1|filter[0]             ; CLOCK_50                                    ; CLOCK_50    ; 0.000        ; 0.081      ; 1.056      ;
; 1.221 ; ps2:u_ps2|keyboard:u1|scan_ready            ; ps2:u_ps2|oneshot:pulser|delay              ; ps2:u_ps2|keyboard:u1|scan_ready            ; CLOCK_50    ; 0.000        ; 3.049      ; 4.718      ;
; 1.294 ; ps2:u_ps2|keyboard:u1|scan_ready            ; ps2:u_ps2|oneshot:pulser|pulse_out          ; ps2:u_ps2|keyboard:u1|scan_ready            ; CLOCK_50    ; 0.000        ; 3.049      ; 4.791      ;
; 1.319 ; ps2:u_ps2|keyboard:u1|keyboard_clk_filtered ; ps2:u_ps2|keyboard:u1|keyboard_clk_filtered ; ps2:u_ps2|keyboard:u1|keyboard_clk_filtered ; CLOCK_50    ; 0.000        ; 3.054      ; 4.821      ;
; 1.407 ; ps2:u_ps2|keyboard:u1|clock_enable          ; ps2:u_ps2|keyboard:u1|keyboard_clk_filtered ; CLOCK_50                                    ; CLOCK_50    ; 0.000        ; -0.299     ; 1.294      ;
; 1.407 ; ps2:u_ps2|keyboard:u1|clock_enable          ; ps2:u_ps2|keyboard:u1|filter[0]             ; CLOCK_50                                    ; CLOCK_50    ; 0.000        ; -0.299     ; 1.294      ;
; 1.407 ; ps2:u_ps2|keyboard:u1|clock_enable          ; ps2:u_ps2|keyboard:u1|filter[1]             ; CLOCK_50                                    ; CLOCK_50    ; 0.000        ; -0.299     ; 1.294      ;
; 1.407 ; ps2:u_ps2|keyboard:u1|clock_enable          ; ps2:u_ps2|keyboard:u1|filter[2]             ; CLOCK_50                                    ; CLOCK_50    ; 0.000        ; -0.299     ; 1.294      ;
; 1.407 ; ps2:u_ps2|keyboard:u1|clock_enable          ; ps2:u_ps2|keyboard:u1|filter[3]             ; CLOCK_50                                    ; CLOCK_50    ; 0.000        ; -0.299     ; 1.294      ;
; 1.407 ; ps2:u_ps2|keyboard:u1|clock_enable          ; ps2:u_ps2|keyboard:u1|filter[4]             ; CLOCK_50                                    ; CLOCK_50    ; 0.000        ; -0.299     ; 1.294      ;
; 1.407 ; ps2:u_ps2|keyboard:u1|clock_enable          ; ps2:u_ps2|keyboard:u1|filter[5]             ; CLOCK_50                                    ; CLOCK_50    ; 0.000        ; -0.299     ; 1.294      ;
; 1.407 ; ps2:u_ps2|keyboard:u1|clock_enable          ; ps2:u_ps2|keyboard:u1|filter[6]             ; CLOCK_50                                    ; CLOCK_50    ; 0.000        ; -0.299     ; 1.294      ;
; 1.407 ; ps2:u_ps2|keyboard:u1|clock_enable          ; ps2:u_ps2|keyboard:u1|filter[7]             ; CLOCK_50                                    ; CLOCK_50    ; 0.000        ; -0.299     ; 1.294      ;
; 1.720 ; ps2:u_ps2|keyboard:u1|scan_ready            ; ps2:u_ps2|oneshot:pulser|delay              ; ps2:u_ps2|keyboard:u1|scan_ready            ; CLOCK_50    ; -0.500       ; 3.049      ; 4.717      ;
; 1.735 ; ps2:u_ps2|keyboard:u1|keyboard_clk_filtered ; ps2:u_ps2|keyboard:u1|keyboard_clk_filtered ; ps2:u_ps2|keyboard:u1|keyboard_clk_filtered ; CLOCK_50    ; -0.500       ; 3.054      ; 4.737      ;
; 1.774 ; ps2:u_ps2|keyboard:u1|filter[2]             ; ps2:u_ps2|keyboard:u1|keyboard_clk_filtered ; CLOCK_50                                    ; CLOCK_50    ; 0.000        ; 0.081      ; 2.041      ;
; 1.782 ; ps2:u_ps2|keyboard:u1|scan_ready            ; ps2:u_ps2|oneshot:pulser|pulse_out          ; ps2:u_ps2|keyboard:u1|scan_ready            ; CLOCK_50    ; -0.500       ; 3.049      ; 4.779      ;
; 1.888 ; ps2:u_ps2|oneshot:pulser|delay              ; ps2:u_ps2|oneshot:pulser|pulse_out          ; CLOCK_50                                    ; CLOCK_50    ; 0.000        ; 0.081      ; 2.155      ;
; 1.903 ; ps2:u_ps2|oneshot:pulser|delay              ; ps2:u_ps2|oneshot:pulser|delay              ; CLOCK_50                                    ; CLOCK_50    ; 0.000        ; 0.081      ; 2.170      ;
; 1.942 ; ps2:u_ps2|keyboard:u1|filter[7]             ; ps2:u_ps2|keyboard:u1|keyboard_clk_filtered ; CLOCK_50                                    ; CLOCK_50    ; 0.000        ; 0.081      ; 2.209      ;
; 2.026 ; ps2:u_ps2|keyboard:u1|filter[4]             ; ps2:u_ps2|keyboard:u1|keyboard_clk_filtered ; CLOCK_50                                    ; CLOCK_50    ; 0.000        ; 0.081      ; 2.293      ;
; 2.203 ; ps2:u_ps2|keyboard:u1|filter[0]             ; ps2:u_ps2|keyboard:u1|keyboard_clk_filtered ; CLOCK_50                                    ; CLOCK_50    ; 0.000        ; 0.081      ; 2.470      ;
; 2.298 ; ps2:u_ps2|keyboard:u1|filter[1]             ; ps2:u_ps2|keyboard:u1|keyboard_clk_filtered ; CLOCK_50                                    ; CLOCK_50    ; 0.000        ; 0.081      ; 2.565      ;
; 2.518 ; ps2:u_ps2|keyboard:u1|filter[6]             ; ps2:u_ps2|keyboard:u1|keyboard_clk_filtered ; CLOCK_50                                    ; CLOCK_50    ; 0.000        ; 0.081      ; 2.785      ;
; 2.545 ; ps2:u_ps2|keyboard:u1|filter[5]             ; ps2:u_ps2|keyboard:u1|keyboard_clk_filtered ; CLOCK_50                                    ; CLOCK_50    ; 0.000        ; 0.081      ; 2.812      ;
; 2.637 ; ps2:u_ps2|keyboard:u1|filter[3]             ; ps2:u_ps2|keyboard:u1|keyboard_clk_filtered ; CLOCK_50                                    ; CLOCK_50    ; 0.000        ; 0.081      ; 2.904      ;
+-------+---------------------------------------------+---------------------------------------------+---------------------------------------------+-------------+--------------+------------+------------+


+--------------------------------------------------------------------------------------------------------------------------------------------------------------------------------------------------------------------+
; Slow 1200mV 85C Model Hold: 'ps2:u_ps2|keyboard:u1|keyboard_clk_filtered'                                                                                                                                          ;
+-------+----------------------------------+------------------------------------+---------------------------------------------+---------------------------------------------+--------------+------------+------------+
; Slack ; From Node                        ; To Node                            ; Launch Clock                                ; Latch Clock                                 ; Relationship ; Clock Skew ; Data Delay ;
+-------+----------------------------------+------------------------------------+---------------------------------------------+---------------------------------------------+--------------+------------+------------+
; 0.402 ; ps2:u_ps2|keyboard:u1|READ_CHAR  ; ps2:u_ps2|keyboard:u1|READ_CHAR    ; ps2:u_ps2|keyboard:u1|keyboard_clk_filtered ; ps2:u_ps2|keyboard:u1|keyboard_clk_filtered ; 0.000        ; 0.081      ; 0.669      ;
; 0.402 ; ps2:u_ps2|keyboard:u1|INCNT[1]   ; ps2:u_ps2|keyboard:u1|INCNT[1]     ; ps2:u_ps2|keyboard:u1|keyboard_clk_filtered ; ps2:u_ps2|keyboard:u1|keyboard_clk_filtered ; 0.000        ; 0.081      ; 0.669      ;
; 0.407 ; ps2:u_ps2|keyboard:u1|INCNT[0]   ; ps2:u_ps2|keyboard:u1|INCNT[0]     ; ps2:u_ps2|keyboard:u1|keyboard_clk_filtered ; ps2:u_ps2|keyboard:u1|keyboard_clk_filtered ; 0.000        ; 0.081      ; 0.674      ;
; 0.421 ; ps2:u_ps2|keyboard:u1|SHIFTIN[6] ; ps2:u_ps2|keyboard:u1|SHIFTIN[5]   ; ps2:u_ps2|keyboard:u1|keyboard_clk_filtered ; ps2:u_ps2|keyboard:u1|keyboard_clk_filtered ; 0.000        ; 0.097      ; 0.704      ;
; 0.434 ; ps2:u_ps2|keyboard:u1|SHIFTIN[4] ; ps2:u_ps2|keyboard:u1|SHIFTIN[3]   ; ps2:u_ps2|keyboard:u1|keyboard_clk_filtered ; ps2:u_ps2|keyboard:u1|keyboard_clk_filtered ; 0.000        ; 0.097      ; 0.717      ;
; 0.436 ; ps2:u_ps2|keyboard:u1|SHIFTIN[5] ; ps2:u_ps2|keyboard:u1|SHIFTIN[4]   ; ps2:u_ps2|keyboard:u1|keyboard_clk_filtered ; ps2:u_ps2|keyboard:u1|keyboard_clk_filtered ; 0.000        ; 0.097      ; 0.719      ;
; 0.537 ; ps2:u_ps2|keyboard:u1|SHIFTIN[8] ; ps2:u_ps2|keyboard:u1|SHIFTIN[7]   ; ps2:u_ps2|keyboard:u1|keyboard_clk_filtered ; ps2:u_ps2|keyboard:u1|keyboard_clk_filtered ; 0.000        ; 0.097      ; 0.820      ;
; 0.558 ; ps2:u_ps2|keyboard:u1|SHIFTIN[1] ; ps2:u_ps2|keyboard:u1|SHIFTIN[0]   ; ps2:u_ps2|keyboard:u1|keyboard_clk_filtered ; ps2:u_ps2|keyboard:u1|keyboard_clk_filtered ; 0.000        ; 0.097      ; 0.841      ;
; 0.559 ; ps2:u_ps2|keyboard:u1|SHIFTIN[7] ; ps2:u_ps2|keyboard:u1|SHIFTIN[6]   ; ps2:u_ps2|keyboard:u1|keyboard_clk_filtered ; ps2:u_ps2|keyboard:u1|keyboard_clk_filtered ; 0.000        ; 0.097      ; 0.842      ;
; 0.605 ; ps2:u_ps2|keyboard:u1|SHIFTIN[3] ; ps2:u_ps2|keyboard:u1|SHIFTIN[2]   ; ps2:u_ps2|keyboard:u1|keyboard_clk_filtered ; ps2:u_ps2|keyboard:u1|keyboard_clk_filtered ; 0.000        ; 0.097      ; 0.888      ;
; 0.786 ; ps2:u_ps2|keyboard:u1|READ_CHAR  ; ps2:u_ps2|keyboard:u1|ready_set    ; ps2:u_ps2|keyboard:u1|keyboard_clk_filtered ; ps2:u_ps2|keyboard:u1|keyboard_clk_filtered ; 0.000        ; 0.081      ; 1.053      ;
; 0.790 ; ps2:u_ps2|keyboard:u1|INCNT[0]   ; ps2:u_ps2|keyboard:u1|INCNT[2]     ; ps2:u_ps2|keyboard:u1|keyboard_clk_filtered ; ps2:u_ps2|keyboard:u1|keyboard_clk_filtered ; 0.000        ; 0.081      ; 1.057      ;
; 0.816 ; ps2:u_ps2|keyboard:u1|SHIFTIN[2] ; ps2:u_ps2|keyboard:u1|SHIFTIN[1]   ; ps2:u_ps2|keyboard:u1|keyboard_clk_filtered ; ps2:u_ps2|keyboard:u1|keyboard_clk_filtered ; 0.000        ; 0.097      ; 1.099      ;
; 0.847 ; ps2:u_ps2|keyboard:u1|SHIFTIN[6] ; ps2:u_ps2|keyboard:u1|scan_code[6] ; ps2:u_ps2|keyboard:u1|keyboard_clk_filtered ; ps2:u_ps2|keyboard:u1|keyboard_clk_filtered ; 0.000        ; -0.328     ; 0.705      ;
; 0.882 ; ps2:u_ps2|keyboard:u1|INCNT[2]   ; ps2:u_ps2|keyboard:u1|INCNT[0]     ; ps2:u_ps2|keyboard:u1|keyboard_clk_filtered ; ps2:u_ps2|keyboard:u1|keyboard_clk_filtered ; 0.000        ; 0.081      ; 1.149      ;
; 0.942 ; ps2:u_ps2|keyboard:u1|INCNT[3]   ; ps2:u_ps2|keyboard:u1|INCNT[3]     ; ps2:u_ps2|keyboard:u1|keyboard_clk_filtered ; ps2:u_ps2|keyboard:u1|keyboard_clk_filtered ; 0.000        ; 0.081      ; 1.209      ;
; 0.994 ; ps2:u_ps2|keyboard:u1|INCNT[3]   ; ps2:u_ps2|keyboard:u1|INCNT[0]     ; ps2:u_ps2|keyboard:u1|keyboard_clk_filtered ; ps2:u_ps2|keyboard:u1|keyboard_clk_filtered ; 0.000        ; 0.081      ; 1.261      ;
; 1.012 ; ps2:u_ps2|keyboard:u1|INCNT[2]   ; ps2:u_ps2|keyboard:u1|INCNT[2]     ; ps2:u_ps2|keyboard:u1|keyboard_clk_filtered ; ps2:u_ps2|keyboard:u1|keyboard_clk_filtered ; 0.000        ; 0.081      ; 1.279      ;
; 1.019 ; ps2:u_ps2|keyboard:u1|SHIFTIN[7] ; ps2:u_ps2|keyboard:u1|scan_code[7] ; ps2:u_ps2|keyboard:u1|keyboard_clk_filtered ; ps2:u_ps2|keyboard:u1|keyboard_clk_filtered ; 0.000        ; -0.327     ; 0.878      ;
; 1.038 ; ps2:u_ps2|keyboard:u1|SHIFTIN[5] ; ps2:u_ps2|keyboard:u1|scan_code[5] ; ps2:u_ps2|keyboard:u1|keyboard_clk_filtered ; ps2:u_ps2|keyboard:u1|keyboard_clk_filtered ; 0.000        ; -0.327     ; 0.897      ;
; 1.039 ; ps2:u_ps2|keyboard:u1|SHIFTIN[4] ; ps2:u_ps2|keyboard:u1|scan_code[4] ; ps2:u_ps2|keyboard:u1|keyboard_clk_filtered ; ps2:u_ps2|keyboard:u1|keyboard_clk_filtered ; 0.000        ; -0.327     ; 0.898      ;
; 1.044 ; ps2:u_ps2|keyboard:u1|INCNT[0]   ; ps2:u_ps2|keyboard:u1|INCNT[1]     ; ps2:u_ps2|keyboard:u1|keyboard_clk_filtered ; ps2:u_ps2|keyboard:u1|keyboard_clk_filtered ; 0.000        ; 0.081      ; 1.311      ;
; 1.070 ; ps2:u_ps2|keyboard:u1|INCNT[2]   ; ps2:u_ps2|keyboard:u1|INCNT[3]     ; ps2:u_ps2|keyboard:u1|keyboard_clk_filtered ; ps2:u_ps2|keyboard:u1|keyboard_clk_filtered ; 0.000        ; 0.081      ; 1.337      ;
; 1.084 ; ps2:u_ps2|keyboard:u1|INCNT[1]   ; ps2:u_ps2|keyboard:u1|INCNT[2]     ; ps2:u_ps2|keyboard:u1|keyboard_clk_filtered ; ps2:u_ps2|keyboard:u1|keyboard_clk_filtered ; 0.000        ; 0.081      ; 1.351      ;
; 1.112 ; ps2:u_ps2|keyboard:u1|INCNT[2]   ; ps2:u_ps2|keyboard:u1|READ_CHAR    ; ps2:u_ps2|keyboard:u1|keyboard_clk_filtered ; ps2:u_ps2|keyboard:u1|keyboard_clk_filtered ; 0.000        ; 0.081      ; 1.379      ;
; 1.148 ; ps2:u_ps2|keyboard:u1|INCNT[2]   ; ps2:u_ps2|keyboard:u1|INCNT[1]     ; ps2:u_ps2|keyboard:u1|keyboard_clk_filtered ; ps2:u_ps2|keyboard:u1|keyboard_clk_filtered ; 0.000        ; 0.081      ; 1.415      ;
; 1.153 ; ps2:u_ps2|keyboard:u1|INCNT[1]   ; ps2:u_ps2|keyboard:u1|INCNT[0]     ; ps2:u_ps2|keyboard:u1|keyboard_clk_filtered ; ps2:u_ps2|keyboard:u1|keyboard_clk_filtered ; 0.000        ; 0.081      ; 1.420      ;
; 1.187 ; ps2:u_ps2|keyboard:u1|ready_set  ; ps2:u_ps2|keyboard:u1|ready_set    ; ps2:u_ps2|keyboard:u1|ready_set             ; ps2:u_ps2|keyboard:u1|keyboard_clk_filtered ; 0.000        ; 3.361      ; 4.976      ;
; 1.199 ; ps2:u_ps2|keyboard:u1|INCNT[2]   ; ps2:u_ps2|keyboard:u1|ready_set    ; ps2:u_ps2|keyboard:u1|keyboard_clk_filtered ; ps2:u_ps2|keyboard:u1|keyboard_clk_filtered ; 0.000        ; 0.081      ; 1.466      ;
; 1.217 ; ps2:u_ps2|keyboard:u1|SHIFTIN[2] ; ps2:u_ps2|keyboard:u1|scan_code[2] ; ps2:u_ps2|keyboard:u1|keyboard_clk_filtered ; ps2:u_ps2|keyboard:u1|keyboard_clk_filtered ; 0.000        ; -0.329     ; 1.074      ;
; 1.224 ; ps2:u_ps2|keyboard:u1|INCNT[3]   ; ps2:u_ps2|keyboard:u1|READ_CHAR    ; ps2:u_ps2|keyboard:u1|keyboard_clk_filtered ; ps2:u_ps2|keyboard:u1|keyboard_clk_filtered ; 0.000        ; 0.081      ; 1.491      ;
; 1.227 ; ps2:u_ps2|keyboard:u1|INCNT[1]   ; ps2:u_ps2|keyboard:u1|INCNT[3]     ; ps2:u_ps2|keyboard:u1|keyboard_clk_filtered ; ps2:u_ps2|keyboard:u1|keyboard_clk_filtered ; 0.000        ; 0.081      ; 1.494      ;
; 1.229 ; ps2:u_ps2|keyboard:u1|INCNT[3]   ; ps2:u_ps2|keyboard:u1|INCNT[2]     ; ps2:u_ps2|keyboard:u1|keyboard_clk_filtered ; ps2:u_ps2|keyboard:u1|keyboard_clk_filtered ; 0.000        ; 0.081      ; 1.496      ;
; 1.246 ; ps2:u_ps2|keyboard:u1|SHIFTIN[0] ; ps2:u_ps2|keyboard:u1|scan_code[0] ; ps2:u_ps2|keyboard:u1|keyboard_clk_filtered ; ps2:u_ps2|keyboard:u1|keyboard_clk_filtered ; 0.000        ; -0.329     ; 1.103      ;
; 1.251 ; ps2:u_ps2|keyboard:u1|INCNT[3]   ; ps2:u_ps2|keyboard:u1|INCNT[1]     ; ps2:u_ps2|keyboard:u1|keyboard_clk_filtered ; ps2:u_ps2|keyboard:u1|keyboard_clk_filtered ; 0.000        ; 0.081      ; 1.518      ;
; 1.253 ; ps2:u_ps2|keyboard:u1|SHIFTIN[3] ; ps2:u_ps2|keyboard:u1|scan_code[3] ; ps2:u_ps2|keyboard:u1|keyboard_clk_filtered ; ps2:u_ps2|keyboard:u1|keyboard_clk_filtered ; 0.000        ; -0.329     ; 1.110      ;
; 1.289 ; ps2:u_ps2|keyboard:u1|SHIFTIN[1] ; ps2:u_ps2|keyboard:u1|scan_code[1] ; ps2:u_ps2|keyboard:u1|keyboard_clk_filtered ; ps2:u_ps2|keyboard:u1|keyboard_clk_filtered ; 0.000        ; -0.329     ; 1.146      ;
; 1.311 ; ps2:u_ps2|keyboard:u1|INCNT[3]   ; ps2:u_ps2|keyboard:u1|ready_set    ; ps2:u_ps2|keyboard:u1|keyboard_clk_filtered ; ps2:u_ps2|keyboard:u1|keyboard_clk_filtered ; 0.000        ; 0.081      ; 1.578      ;
; 1.383 ; ps2:u_ps2|keyboard:u1|INCNT[1]   ; ps2:u_ps2|keyboard:u1|READ_CHAR    ; ps2:u_ps2|keyboard:u1|keyboard_clk_filtered ; ps2:u_ps2|keyboard:u1|keyboard_clk_filtered ; 0.000        ; 0.081      ; 1.650      ;
; 1.399 ; ps2:u_ps2|keyboard:u1|INCNT[0]   ; ps2:u_ps2|keyboard:u1|INCNT[3]     ; ps2:u_ps2|keyboard:u1|keyboard_clk_filtered ; ps2:u_ps2|keyboard:u1|keyboard_clk_filtered ; 0.000        ; 0.081      ; 1.666      ;
; 1.400 ; ps2:u_ps2|keyboard:u1|INCNT[0]   ; ps2:u_ps2|keyboard:u1|READ_CHAR    ; ps2:u_ps2|keyboard:u1|keyboard_clk_filtered ; ps2:u_ps2|keyboard:u1|keyboard_clk_filtered ; 0.000        ; 0.081      ; 1.667      ;
; 1.428 ; ps2:u_ps2|keyboard:u1|READ_CHAR  ; ps2:u_ps2|keyboard:u1|SHIFTIN[0]   ; ps2:u_ps2|keyboard:u1|keyboard_clk_filtered ; ps2:u_ps2|keyboard:u1|keyboard_clk_filtered ; 0.000        ; 0.506      ; 2.120      ;
; 1.428 ; ps2:u_ps2|keyboard:u1|READ_CHAR  ; ps2:u_ps2|keyboard:u1|SHIFTIN[1]   ; ps2:u_ps2|keyboard:u1|keyboard_clk_filtered ; ps2:u_ps2|keyboard:u1|keyboard_clk_filtered ; 0.000        ; 0.506      ; 2.120      ;
; 1.428 ; ps2:u_ps2|keyboard:u1|READ_CHAR  ; ps2:u_ps2|keyboard:u1|SHIFTIN[2]   ; ps2:u_ps2|keyboard:u1|keyboard_clk_filtered ; ps2:u_ps2|keyboard:u1|keyboard_clk_filtered ; 0.000        ; 0.506      ; 2.120      ;
; 1.428 ; ps2:u_ps2|keyboard:u1|READ_CHAR  ; ps2:u_ps2|keyboard:u1|SHIFTIN[3]   ; ps2:u_ps2|keyboard:u1|keyboard_clk_filtered ; ps2:u_ps2|keyboard:u1|keyboard_clk_filtered ; 0.000        ; 0.506      ; 2.120      ;
; 1.428 ; ps2:u_ps2|keyboard:u1|READ_CHAR  ; ps2:u_ps2|keyboard:u1|SHIFTIN[4]   ; ps2:u_ps2|keyboard:u1|keyboard_clk_filtered ; ps2:u_ps2|keyboard:u1|keyboard_clk_filtered ; 0.000        ; 0.506      ; 2.120      ;
; 1.428 ; ps2:u_ps2|keyboard:u1|READ_CHAR  ; ps2:u_ps2|keyboard:u1|SHIFTIN[5]   ; ps2:u_ps2|keyboard:u1|keyboard_clk_filtered ; ps2:u_ps2|keyboard:u1|keyboard_clk_filtered ; 0.000        ; 0.506      ; 2.120      ;
; 1.428 ; ps2:u_ps2|keyboard:u1|READ_CHAR  ; ps2:u_ps2|keyboard:u1|SHIFTIN[6]   ; ps2:u_ps2|keyboard:u1|keyboard_clk_filtered ; ps2:u_ps2|keyboard:u1|keyboard_clk_filtered ; 0.000        ; 0.506      ; 2.120      ;
; 1.428 ; ps2:u_ps2|keyboard:u1|READ_CHAR  ; ps2:u_ps2|keyboard:u1|SHIFTIN[7]   ; ps2:u_ps2|keyboard:u1|keyboard_clk_filtered ; ps2:u_ps2|keyboard:u1|keyboard_clk_filtered ; 0.000        ; 0.506      ; 2.120      ;
; 1.428 ; ps2:u_ps2|keyboard:u1|READ_CHAR  ; ps2:u_ps2|keyboard:u1|SHIFTIN[8]   ; ps2:u_ps2|keyboard:u1|keyboard_clk_filtered ; ps2:u_ps2|keyboard:u1|keyboard_clk_filtered ; 0.000        ; 0.506      ; 2.120      ;
; 1.470 ; ps2:u_ps2|keyboard:u1|INCNT[1]   ; ps2:u_ps2|keyboard:u1|ready_set    ; ps2:u_ps2|keyboard:u1|keyboard_clk_filtered ; ps2:u_ps2|keyboard:u1|keyboard_clk_filtered ; 0.000        ; 0.081      ; 1.737      ;
; 1.487 ; ps2:u_ps2|keyboard:u1|INCNT[0]   ; ps2:u_ps2|keyboard:u1|ready_set    ; ps2:u_ps2|keyboard:u1|keyboard_clk_filtered ; ps2:u_ps2|keyboard:u1|keyboard_clk_filtered ; 0.000        ; 0.081      ; 1.754      ;
; 1.506 ; ps2:u_ps2|keyboard:u1|INCNT[2]   ; ps2:u_ps2|keyboard:u1|SHIFTIN[0]   ; ps2:u_ps2|keyboard:u1|keyboard_clk_filtered ; ps2:u_ps2|keyboard:u1|keyboard_clk_filtered ; 0.000        ; 0.506      ; 2.198      ;
; 1.506 ; ps2:u_ps2|keyboard:u1|INCNT[2]   ; ps2:u_ps2|keyboard:u1|SHIFTIN[1]   ; ps2:u_ps2|keyboard:u1|keyboard_clk_filtered ; ps2:u_ps2|keyboard:u1|keyboard_clk_filtered ; 0.000        ; 0.506      ; 2.198      ;
; 1.506 ; ps2:u_ps2|keyboard:u1|INCNT[2]   ; ps2:u_ps2|keyboard:u1|SHIFTIN[2]   ; ps2:u_ps2|keyboard:u1|keyboard_clk_filtered ; ps2:u_ps2|keyboard:u1|keyboard_clk_filtered ; 0.000        ; 0.506      ; 2.198      ;
; 1.506 ; ps2:u_ps2|keyboard:u1|INCNT[2]   ; ps2:u_ps2|keyboard:u1|SHIFTIN[3]   ; ps2:u_ps2|keyboard:u1|keyboard_clk_filtered ; ps2:u_ps2|keyboard:u1|keyboard_clk_filtered ; 0.000        ; 0.506      ; 2.198      ;
; 1.506 ; ps2:u_ps2|keyboard:u1|INCNT[2]   ; ps2:u_ps2|keyboard:u1|SHIFTIN[4]   ; ps2:u_ps2|keyboard:u1|keyboard_clk_filtered ; ps2:u_ps2|keyboard:u1|keyboard_clk_filtered ; 0.000        ; 0.506      ; 2.198      ;
; 1.506 ; ps2:u_ps2|keyboard:u1|INCNT[2]   ; ps2:u_ps2|keyboard:u1|SHIFTIN[5]   ; ps2:u_ps2|keyboard:u1|keyboard_clk_filtered ; ps2:u_ps2|keyboard:u1|keyboard_clk_filtered ; 0.000        ; 0.506      ; 2.198      ;
; 1.506 ; ps2:u_ps2|keyboard:u1|INCNT[2]   ; ps2:u_ps2|keyboard:u1|SHIFTIN[6]   ; ps2:u_ps2|keyboard:u1|keyboard_clk_filtered ; ps2:u_ps2|keyboard:u1|keyboard_clk_filtered ; 0.000        ; 0.506      ; 2.198      ;
; 1.506 ; ps2:u_ps2|keyboard:u1|INCNT[2]   ; ps2:u_ps2|keyboard:u1|SHIFTIN[7]   ; ps2:u_ps2|keyboard:u1|keyboard_clk_filtered ; ps2:u_ps2|keyboard:u1|keyboard_clk_filtered ; 0.000        ; 0.506      ; 2.198      ;
; 1.506 ; ps2:u_ps2|keyboard:u1|INCNT[2]   ; ps2:u_ps2|keyboard:u1|SHIFTIN[8]   ; ps2:u_ps2|keyboard:u1|keyboard_clk_filtered ; ps2:u_ps2|keyboard:u1|keyboard_clk_filtered ; 0.000        ; 0.506      ; 2.198      ;
; 1.554 ; ps2:u_ps2|keyboard:u1|ready_set  ; ps2:u_ps2|keyboard:u1|ready_set    ; ps2:u_ps2|keyboard:u1|ready_set             ; ps2:u_ps2|keyboard:u1|keyboard_clk_filtered ; -0.500       ; 3.361      ; 4.843      ;
; 1.618 ; ps2:u_ps2|keyboard:u1|INCNT[3]   ; ps2:u_ps2|keyboard:u1|SHIFTIN[0]   ; ps2:u_ps2|keyboard:u1|keyboard_clk_filtered ; ps2:u_ps2|keyboard:u1|keyboard_clk_filtered ; 0.000        ; 0.506      ; 2.310      ;
; 1.618 ; ps2:u_ps2|keyboard:u1|INCNT[3]   ; ps2:u_ps2|keyboard:u1|SHIFTIN[1]   ; ps2:u_ps2|keyboard:u1|keyboard_clk_filtered ; ps2:u_ps2|keyboard:u1|keyboard_clk_filtered ; 0.000        ; 0.506      ; 2.310      ;
; 1.618 ; ps2:u_ps2|keyboard:u1|INCNT[3]   ; ps2:u_ps2|keyboard:u1|SHIFTIN[2]   ; ps2:u_ps2|keyboard:u1|keyboard_clk_filtered ; ps2:u_ps2|keyboard:u1|keyboard_clk_filtered ; 0.000        ; 0.506      ; 2.310      ;
; 1.618 ; ps2:u_ps2|keyboard:u1|INCNT[3]   ; ps2:u_ps2|keyboard:u1|SHIFTIN[3]   ; ps2:u_ps2|keyboard:u1|keyboard_clk_filtered ; ps2:u_ps2|keyboard:u1|keyboard_clk_filtered ; 0.000        ; 0.506      ; 2.310      ;
; 1.618 ; ps2:u_ps2|keyboard:u1|INCNT[3]   ; ps2:u_ps2|keyboard:u1|SHIFTIN[4]   ; ps2:u_ps2|keyboard:u1|keyboard_clk_filtered ; ps2:u_ps2|keyboard:u1|keyboard_clk_filtered ; 0.000        ; 0.506      ; 2.310      ;
; 1.618 ; ps2:u_ps2|keyboard:u1|INCNT[3]   ; ps2:u_ps2|keyboard:u1|SHIFTIN[5]   ; ps2:u_ps2|keyboard:u1|keyboard_clk_filtered ; ps2:u_ps2|keyboard:u1|keyboard_clk_filtered ; 0.000        ; 0.506      ; 2.310      ;
; 1.618 ; ps2:u_ps2|keyboard:u1|INCNT[3]   ; ps2:u_ps2|keyboard:u1|SHIFTIN[6]   ; ps2:u_ps2|keyboard:u1|keyboard_clk_filtered ; ps2:u_ps2|keyboard:u1|keyboard_clk_filtered ; 0.000        ; 0.506      ; 2.310      ;
; 1.618 ; ps2:u_ps2|keyboard:u1|INCNT[3]   ; ps2:u_ps2|keyboard:u1|SHIFTIN[7]   ; ps2:u_ps2|keyboard:u1|keyboard_clk_filtered ; ps2:u_ps2|keyboard:u1|keyboard_clk_filtered ; 0.000        ; 0.506      ; 2.310      ;
; 1.618 ; ps2:u_ps2|keyboard:u1|INCNT[3]   ; ps2:u_ps2|keyboard:u1|SHIFTIN[8]   ; ps2:u_ps2|keyboard:u1|keyboard_clk_filtered ; ps2:u_ps2|keyboard:u1|keyboard_clk_filtered ; 0.000        ; 0.506      ; 2.310      ;
; 1.777 ; ps2:u_ps2|keyboard:u1|INCNT[1]   ; ps2:u_ps2|keyboard:u1|SHIFTIN[0]   ; ps2:u_ps2|keyboard:u1|keyboard_clk_filtered ; ps2:u_ps2|keyboard:u1|keyboard_clk_filtered ; 0.000        ; 0.506      ; 2.469      ;
; 1.777 ; ps2:u_ps2|keyboard:u1|INCNT[1]   ; ps2:u_ps2|keyboard:u1|SHIFTIN[1]   ; ps2:u_ps2|keyboard:u1|keyboard_clk_filtered ; ps2:u_ps2|keyboard:u1|keyboard_clk_filtered ; 0.000        ; 0.506      ; 2.469      ;
; 1.777 ; ps2:u_ps2|keyboard:u1|INCNT[1]   ; ps2:u_ps2|keyboard:u1|SHIFTIN[2]   ; ps2:u_ps2|keyboard:u1|keyboard_clk_filtered ; ps2:u_ps2|keyboard:u1|keyboard_clk_filtered ; 0.000        ; 0.506      ; 2.469      ;
; 1.777 ; ps2:u_ps2|keyboard:u1|INCNT[1]   ; ps2:u_ps2|keyboard:u1|SHIFTIN[3]   ; ps2:u_ps2|keyboard:u1|keyboard_clk_filtered ; ps2:u_ps2|keyboard:u1|keyboard_clk_filtered ; 0.000        ; 0.506      ; 2.469      ;
; 1.777 ; ps2:u_ps2|keyboard:u1|INCNT[1]   ; ps2:u_ps2|keyboard:u1|SHIFTIN[4]   ; ps2:u_ps2|keyboard:u1|keyboard_clk_filtered ; ps2:u_ps2|keyboard:u1|keyboard_clk_filtered ; 0.000        ; 0.506      ; 2.469      ;
; 1.777 ; ps2:u_ps2|keyboard:u1|INCNT[1]   ; ps2:u_ps2|keyboard:u1|SHIFTIN[5]   ; ps2:u_ps2|keyboard:u1|keyboard_clk_filtered ; ps2:u_ps2|keyboard:u1|keyboard_clk_filtered ; 0.000        ; 0.506      ; 2.469      ;
; 1.777 ; ps2:u_ps2|keyboard:u1|INCNT[1]   ; ps2:u_ps2|keyboard:u1|SHIFTIN[6]   ; ps2:u_ps2|keyboard:u1|keyboard_clk_filtered ; ps2:u_ps2|keyboard:u1|keyboard_clk_filtered ; 0.000        ; 0.506      ; 2.469      ;
; 1.777 ; ps2:u_ps2|keyboard:u1|INCNT[1]   ; ps2:u_ps2|keyboard:u1|SHIFTIN[7]   ; ps2:u_ps2|keyboard:u1|keyboard_clk_filtered ; ps2:u_ps2|keyboard:u1|keyboard_clk_filtered ; 0.000        ; 0.506      ; 2.469      ;
; 1.777 ; ps2:u_ps2|keyboard:u1|INCNT[1]   ; ps2:u_ps2|keyboard:u1|SHIFTIN[8]   ; ps2:u_ps2|keyboard:u1|keyboard_clk_filtered ; ps2:u_ps2|keyboard:u1|keyboard_clk_filtered ; 0.000        ; 0.506      ; 2.469      ;
; 1.794 ; ps2:u_ps2|keyboard:u1|INCNT[0]   ; ps2:u_ps2|keyboard:u1|SHIFTIN[0]   ; ps2:u_ps2|keyboard:u1|keyboard_clk_filtered ; ps2:u_ps2|keyboard:u1|keyboard_clk_filtered ; 0.000        ; 0.506      ; 2.486      ;
; 1.794 ; ps2:u_ps2|keyboard:u1|INCNT[0]   ; ps2:u_ps2|keyboard:u1|SHIFTIN[1]   ; ps2:u_ps2|keyboard:u1|keyboard_clk_filtered ; ps2:u_ps2|keyboard:u1|keyboard_clk_filtered ; 0.000        ; 0.506      ; 2.486      ;
; 1.794 ; ps2:u_ps2|keyboard:u1|INCNT[0]   ; ps2:u_ps2|keyboard:u1|SHIFTIN[2]   ; ps2:u_ps2|keyboard:u1|keyboard_clk_filtered ; ps2:u_ps2|keyboard:u1|keyboard_clk_filtered ; 0.000        ; 0.506      ; 2.486      ;
; 1.794 ; ps2:u_ps2|keyboard:u1|INCNT[0]   ; ps2:u_ps2|keyboard:u1|SHIFTIN[3]   ; ps2:u_ps2|keyboard:u1|keyboard_clk_filtered ; ps2:u_ps2|keyboard:u1|keyboard_clk_filtered ; 0.000        ; 0.506      ; 2.486      ;
; 1.794 ; ps2:u_ps2|keyboard:u1|INCNT[0]   ; ps2:u_ps2|keyboard:u1|SHIFTIN[4]   ; ps2:u_ps2|keyboard:u1|keyboard_clk_filtered ; ps2:u_ps2|keyboard:u1|keyboard_clk_filtered ; 0.000        ; 0.506      ; 2.486      ;
; 1.794 ; ps2:u_ps2|keyboard:u1|INCNT[0]   ; ps2:u_ps2|keyboard:u1|SHIFTIN[5]   ; ps2:u_ps2|keyboard:u1|keyboard_clk_filtered ; ps2:u_ps2|keyboard:u1|keyboard_clk_filtered ; 0.000        ; 0.506      ; 2.486      ;
; 1.794 ; ps2:u_ps2|keyboard:u1|INCNT[0]   ; ps2:u_ps2|keyboard:u1|SHIFTIN[6]   ; ps2:u_ps2|keyboard:u1|keyboard_clk_filtered ; ps2:u_ps2|keyboard:u1|keyboard_clk_filtered ; 0.000        ; 0.506      ; 2.486      ;
; 1.794 ; ps2:u_ps2|keyboard:u1|INCNT[0]   ; ps2:u_ps2|keyboard:u1|SHIFTIN[7]   ; ps2:u_ps2|keyboard:u1|keyboard_clk_filtered ; ps2:u_ps2|keyboard:u1|keyboard_clk_filtered ; 0.000        ; 0.506      ; 2.486      ;
; 1.794 ; ps2:u_ps2|keyboard:u1|INCNT[0]   ; ps2:u_ps2|keyboard:u1|SHIFTIN[8]   ; ps2:u_ps2|keyboard:u1|keyboard_clk_filtered ; ps2:u_ps2|keyboard:u1|keyboard_clk_filtered ; 0.000        ; 0.506      ; 2.486      ;
; 1.909 ; ps2:u_ps2|keyboard:u1|READ_CHAR  ; ps2:u_ps2|keyboard:u1|scan_code[6] ; ps2:u_ps2|keyboard:u1|keyboard_clk_filtered ; ps2:u_ps2|keyboard:u1|keyboard_clk_filtered ; 0.000        ; 0.081      ; 2.176      ;
; 2.013 ; ps2:u_ps2|keyboard:u1|INCNT[2]   ; ps2:u_ps2|keyboard:u1|scan_code[6] ; ps2:u_ps2|keyboard:u1|keyboard_clk_filtered ; ps2:u_ps2|keyboard:u1|keyboard_clk_filtered ; 0.000        ; 0.081      ; 2.280      ;
; 2.109 ; ps2:u_ps2|keyboard:u1|INCNT[3]   ; ps2:u_ps2|keyboard:u1|scan_code[6] ; ps2:u_ps2|keyboard:u1|keyboard_clk_filtered ; ps2:u_ps2|keyboard:u1|keyboard_clk_filtered ; 0.000        ; 0.081      ; 2.376      ;
; 2.160 ; ps2:u_ps2|keyboard:u1|READ_CHAR  ; ps2:u_ps2|keyboard:u1|scan_code[4] ; ps2:u_ps2|keyboard:u1|keyboard_clk_filtered ; ps2:u_ps2|keyboard:u1|keyboard_clk_filtered ; 0.000        ; 0.082      ; 2.428      ;
; 2.160 ; ps2:u_ps2|keyboard:u1|READ_CHAR  ; ps2:u_ps2|keyboard:u1|scan_code[5] ; ps2:u_ps2|keyboard:u1|keyboard_clk_filtered ; ps2:u_ps2|keyboard:u1|keyboard_clk_filtered ; 0.000        ; 0.082      ; 2.428      ;
; 2.160 ; ps2:u_ps2|keyboard:u1|READ_CHAR  ; ps2:u_ps2|keyboard:u1|scan_code[7] ; ps2:u_ps2|keyboard:u1|keyboard_clk_filtered ; ps2:u_ps2|keyboard:u1|keyboard_clk_filtered ; 0.000        ; 0.082      ; 2.428      ;
; 2.259 ; ps2:u_ps2|keyboard:u1|INCNT[2]   ; ps2:u_ps2|keyboard:u1|scan_code[4] ; ps2:u_ps2|keyboard:u1|keyboard_clk_filtered ; ps2:u_ps2|keyboard:u1|keyboard_clk_filtered ; 0.000        ; 0.082      ; 2.527      ;
; 2.259 ; ps2:u_ps2|keyboard:u1|INCNT[2]   ; ps2:u_ps2|keyboard:u1|scan_code[5] ; ps2:u_ps2|keyboard:u1|keyboard_clk_filtered ; ps2:u_ps2|keyboard:u1|keyboard_clk_filtered ; 0.000        ; 0.082      ; 2.527      ;
; 2.259 ; ps2:u_ps2|keyboard:u1|INCNT[2]   ; ps2:u_ps2|keyboard:u1|scan_code[7] ; ps2:u_ps2|keyboard:u1|keyboard_clk_filtered ; ps2:u_ps2|keyboard:u1|keyboard_clk_filtered ; 0.000        ; 0.082      ; 2.527      ;
; 2.281 ; ps2:u_ps2|keyboard:u1|INCNT[1]   ; ps2:u_ps2|keyboard:u1|scan_code[6] ; ps2:u_ps2|keyboard:u1|keyboard_clk_filtered ; ps2:u_ps2|keyboard:u1|keyboard_clk_filtered ; 0.000        ; 0.081      ; 2.548      ;
; 2.282 ; ps2:u_ps2|keyboard:u1|INCNT[0]   ; ps2:u_ps2|keyboard:u1|scan_code[6] ; ps2:u_ps2|keyboard:u1|keyboard_clk_filtered ; ps2:u_ps2|keyboard:u1|keyboard_clk_filtered ; 0.000        ; 0.081      ; 2.549      ;
+-------+----------------------------------+------------------------------------+---------------------------------------------+---------------------------------------------+--------------+------------+------------+


+----------------------------------------------------------------------------------------------------------------------------------------------------------------------------------------------+
; Slow 1200mV 85C Model Hold: 'ps2:u_ps2|keyboard:u1|scan_ready'                                                                                                                               ;
+-------+------------------------------------+-----------------------+---------------------------------------------+----------------------------------+--------------+------------+------------+
; Slack ; From Node                          ; To Node               ; Launch Clock                                ; Latch Clock                      ; Relationship ; Clock Skew ; Data Delay ;
+-------+------------------------------------+-----------------------+---------------------------------------------+----------------------------------+--------------+------------+------------+
; 0.452 ; ps2:u_ps2|history0[7]              ; ps2:u_ps2|history1[7] ; ps2:u_ps2|keyboard:u1|scan_ready            ; ps2:u_ps2|keyboard:u1|scan_ready ; 0.000        ; 0.080      ; 0.718      ;
; 0.452 ; ps2:u_ps2|history0[5]              ; ps2:u_ps2|history1[5] ; ps2:u_ps2|keyboard:u1|scan_ready            ; ps2:u_ps2|keyboard:u1|scan_ready ; 0.000        ; 0.080      ; 0.718      ;
; 0.452 ; ps2:u_ps2|history0[6]              ; ps2:u_ps2|history1[6] ; ps2:u_ps2|keyboard:u1|scan_ready            ; ps2:u_ps2|keyboard:u1|scan_ready ; 0.000        ; 0.080      ; 0.718      ;
; 0.453 ; ps2:u_ps2|history0[4]              ; ps2:u_ps2|history1[4] ; ps2:u_ps2|keyboard:u1|scan_ready            ; ps2:u_ps2|keyboard:u1|scan_ready ; 0.000        ; 0.080      ; 0.719      ;
; 0.453 ; ps2:u_ps2|history0[2]              ; ps2:u_ps2|history1[2] ; ps2:u_ps2|keyboard:u1|scan_ready            ; ps2:u_ps2|keyboard:u1|scan_ready ; 0.000        ; 0.081      ; 0.720      ;
; 0.622 ; ps2:u_ps2|history0[0]              ; ps2:u_ps2|history1[0] ; ps2:u_ps2|keyboard:u1|scan_ready            ; ps2:u_ps2|keyboard:u1|scan_ready ; 0.000        ; 0.081      ; 0.889      ;
; 0.622 ; ps2:u_ps2|history0[1]              ; ps2:u_ps2|history1[1] ; ps2:u_ps2|keyboard:u1|scan_ready            ; ps2:u_ps2|keyboard:u1|scan_ready ; 0.000        ; 0.081      ; 0.889      ;
; 0.623 ; ps2:u_ps2|history0[3]              ; ps2:u_ps2|history1[3] ; ps2:u_ps2|keyboard:u1|scan_ready            ; ps2:u_ps2|keyboard:u1|scan_ready ; 0.000        ; 0.081      ; 0.890      ;
; 0.638 ; ps2:u_ps2|keyboard:u1|scan_code[1] ; ps2:u_ps2|history0[1] ; ps2:u_ps2|keyboard:u1|keyboard_clk_filtered ; ps2:u_ps2|keyboard:u1|scan_ready ; 0.000        ; -0.148     ; 0.696      ;
; 0.638 ; ps2:u_ps2|keyboard:u1|scan_code[2] ; ps2:u_ps2|history0[2] ; ps2:u_ps2|keyboard:u1|keyboard_clk_filtered ; ps2:u_ps2|keyboard:u1|scan_ready ; 0.000        ; -0.148     ; 0.696      ;
; 0.639 ; ps2:u_ps2|keyboard:u1|scan_code[3] ; ps2:u_ps2|history0[3] ; ps2:u_ps2|keyboard:u1|keyboard_clk_filtered ; ps2:u_ps2|keyboard:u1|scan_ready ; 0.000        ; -0.148     ; 0.697      ;
; 0.639 ; ps2:u_ps2|keyboard:u1|scan_code[0] ; ps2:u_ps2|history0[0] ; ps2:u_ps2|keyboard:u1|keyboard_clk_filtered ; ps2:u_ps2|keyboard:u1|scan_ready ; 0.000        ; -0.148     ; 0.697      ;
; 0.809 ; ps2:u_ps2|keyboard:u1|scan_code[4] ; ps2:u_ps2|history0[4] ; ps2:u_ps2|keyboard:u1|keyboard_clk_filtered ; ps2:u_ps2|keyboard:u1|scan_ready ; 0.000        ; -0.149     ; 0.866      ;
; 0.810 ; ps2:u_ps2|keyboard:u1|scan_code[7] ; ps2:u_ps2|history0[7] ; ps2:u_ps2|keyboard:u1|keyboard_clk_filtered ; ps2:u_ps2|keyboard:u1|scan_ready ; 0.000        ; -0.149     ; 0.867      ;
; 0.810 ; ps2:u_ps2|keyboard:u1|scan_code[5] ; ps2:u_ps2|history0[5] ; ps2:u_ps2|keyboard:u1|keyboard_clk_filtered ; ps2:u_ps2|keyboard:u1|scan_ready ; 0.000        ; -0.149     ; 0.867      ;
; 0.974 ; ps2:u_ps2|keyboard:u1|scan_code[6] ; ps2:u_ps2|history0[6] ; ps2:u_ps2|keyboard:u1|keyboard_clk_filtered ; ps2:u_ps2|keyboard:u1|scan_ready ; 0.000        ; -0.148     ; 1.032      ;
+-------+------------------------------------+-----------------------+---------------------------------------------+----------------------------------+--------------+------------+------------+


+--------------------------------------------------------------------------------------------------------------------------------------------------------------------------+
; Slow 1200mV 85C Model Recovery: 'ps2:u_ps2|keyboard:u1|ready_set'                                                                                                        ;
+--------+------------------------------------+----------------------------------+--------------+---------------------------------+--------------+------------+------------+
; Slack  ; From Node                          ; To Node                          ; Launch Clock ; Latch Clock                     ; Relationship ; Clock Skew ; Data Delay ;
+--------+------------------------------------+----------------------------------+--------------+---------------------------------+--------------+------------+------------+
; -1.754 ; ps2:u_ps2|oneshot:pulser|pulse_out ; ps2:u_ps2|keyboard:u1|scan_ready ; CLOCK_50     ; ps2:u_ps2|keyboard:u1|ready_set ; 1.000        ; -1.369     ; 1.383      ;
+--------+------------------------------------+----------------------------------+--------------+---------------------------------+--------------+------------+------------+


+-------------------------------------------------------------------------------------------------------------------------------------------------------------------------+
; Slow 1200mV 85C Model Removal: 'ps2:u_ps2|keyboard:u1|ready_set'                                                                                                        ;
+-------+------------------------------------+----------------------------------+--------------+---------------------------------+--------------+------------+------------+
; Slack ; From Node                          ; To Node                          ; Launch Clock ; Latch Clock                     ; Relationship ; Clock Skew ; Data Delay ;
+-------+------------------------------------+----------------------------------+--------------+---------------------------------+--------------+------------+------------+
; 2.205 ; ps2:u_ps2|oneshot:pulser|pulse_out ; ps2:u_ps2|keyboard:u1|scan_ready ; CLOCK_50     ; ps2:u_ps2|keyboard:u1|ready_set ; 0.000        ; -1.166     ; 1.245      ;
+-------+------------------------------------+----------------------------------+--------------+---------------------------------+--------------+------------+------------+


-----------------------------------------------
; Slow 1200mV 85C Model Metastability Summary ;
-----------------------------------------------
No synchronizer chains to report.


+---------------------------------------------------------------------------------------------------------------------------------------------+
; Slow 1200mV 0C Model Fmax Summary                                                                                                           ;
+-------------+-----------------+---------------------------------------------+---------------------------------------------------------------+
; Fmax        ; Restricted Fmax ; Clock Name                                  ; Note                                                          ;
+-------------+-----------------+---------------------------------------------+---------------------------------------------------------------+
; 327.44 MHz  ; 250.0 MHz       ; CLOCK_50                                    ; limit due to minimum period restriction (max I/O toggle rate) ;
; 340.83 MHz  ; 340.83 MHz      ; ps2:u_ps2|keyboard:u1|keyboard_clk_filtered ;                                                               ;
; 1020.41 MHz ; 437.64 MHz      ; ps2:u_ps2|keyboard:u1|scan_ready            ; limit due to minimum period restriction (tmin)                ;
+-------------+-----------------+---------------------------------------------+---------------------------------------------------------------+
This panel reports FMAX for every clock in the design, regardless of the user-specified clock periods.  FMAX is only computed for paths where the source and destination registers or ports are driven by the same clock.  Paths of different clocks, including generated clocks, are ignored.  For paths between a clock and its inversion, FMAX is computed as if the rising and falling edges are scaled along with FMAX, such that the duty cycle (in terms of a percentage) is maintained. Altera recommends that you always use clock constraints and other slack reports for sign-off analysis.


+----------------------------------------------------------------------+
; Slow 1200mV 0C Model Setup Summary                                   ;
+---------------------------------------------+--------+---------------+
; Clock                                       ; Slack  ; End Point TNS ;
+---------------------------------------------+--------+---------------+
; CLOCK_50                                    ; -2.054 ; -9.132        ;
; ps2:u_ps2|keyboard:u1|keyboard_clk_filtered ; -1.934 ; -32.024       ;
; ps2:u_ps2|keyboard:u1|scan_ready            ; -0.412 ; -1.758        ;
+---------------------------------------------+--------+---------------+


+---------------------------------------------------------------------+
; Slow 1200mV 0C Model Hold Summary                                   ;
+---------------------------------------------+-------+---------------+
; Clock                                       ; Slack ; End Point TNS ;
+---------------------------------------------+-------+---------------+
; CLOCK_50                                    ; 0.350 ; 0.000         ;
; ps2:u_ps2|keyboard:u1|keyboard_clk_filtered ; 0.353 ; 0.000         ;
; ps2:u_ps2|keyboard:u1|scan_ready            ; 0.416 ; 0.000         ;
+---------------------------------------------+-------+---------------+


+----------------------------------------------------------+
; Slow 1200mV 0C Model Recovery Summary                    ;
+---------------------------------+--------+---------------+
; Clock                           ; Slack  ; End Point TNS ;
+---------------------------------+--------+---------------+
; ps2:u_ps2|keyboard:u1|ready_set ; -1.455 ; -1.455        ;
+---------------------------------+--------+---------------+


+---------------------------------------------------------+
; Slow 1200mV 0C Model Removal Summary                    ;
+---------------------------------+-------+---------------+
; Clock                           ; Slack ; End Point TNS ;
+---------------------------------+-------+---------------+
; ps2:u_ps2|keyboard:u1|ready_set ; 1.958 ; 0.000         ;
+---------------------------------+-------+---------------+


+----------------------------------------------------------------------+
; Slow 1200mV 0C Model Minimum Pulse Width Summary                     ;
+---------------------------------------------+--------+---------------+
; Clock                                       ; Slack  ; End Point TNS ;
+---------------------------------------------+--------+---------------+
; CLOCK_50                                    ; -3.000 ; -18.420       ;
; ps2:u_ps2|keyboard:u1|keyboard_clk_filtered ; -1.285 ; -29.555       ;
; ps2:u_ps2|keyboard:u1|scan_ready            ; -1.285 ; -20.560       ;
; ps2:u_ps2|keyboard:u1|ready_set             ; -1.285 ; -1.285        ;
+---------------------------------------------+--------+---------------+


+---------------------------------------------------------------------------------------------------------------------------------------------------------------------------------------------------------+
; Slow 1200mV 0C Model Setup: 'CLOCK_50'                                                                                                                                                                  ;
+--------+---------------------------------------------+---------------------------------------------+---------------------------------------------+-------------+--------------+------------+------------+
; Slack  ; From Node                                   ; To Node                                     ; Launch Clock                                ; Latch Clock ; Relationship ; Clock Skew ; Data Delay ;
+--------+---------------------------------------------+---------------------------------------------+---------------------------------------------+-------------+--------------+------------+------------+
; -2.054 ; ps2:u_ps2|keyboard:u1|filter[2]             ; ps2:u_ps2|keyboard:u1|keyboard_clk_filtered ; CLOCK_50                                    ; CLOCK_50    ; 1.000        ; -0.072     ; 2.981      ;
; -2.045 ; ps2:u_ps2|keyboard:u1|filter[3]             ; ps2:u_ps2|keyboard:u1|keyboard_clk_filtered ; CLOCK_50                                    ; CLOCK_50    ; 1.000        ; -0.072     ; 2.972      ;
; -1.928 ; ps2:u_ps2|keyboard:u1|filter[5]             ; ps2:u_ps2|keyboard:u1|keyboard_clk_filtered ; CLOCK_50                                    ; CLOCK_50    ; 1.000        ; -0.072     ; 2.855      ;
; -1.891 ; ps2:u_ps2|keyboard:u1|filter[6]             ; ps2:u_ps2|keyboard:u1|keyboard_clk_filtered ; CLOCK_50                                    ; CLOCK_50    ; 1.000        ; -0.072     ; 2.818      ;
; -1.655 ; ps2:u_ps2|keyboard:u1|filter[1]             ; ps2:u_ps2|keyboard:u1|keyboard_clk_filtered ; CLOCK_50                                    ; CLOCK_50    ; 1.000        ; -0.072     ; 2.582      ;
; -1.622 ; ps2:u_ps2|keyboard:u1|filter[0]             ; ps2:u_ps2|keyboard:u1|keyboard_clk_filtered ; CLOCK_50                                    ; CLOCK_50    ; 1.000        ; -0.072     ; 2.549      ;
; -1.433 ; ps2:u_ps2|keyboard:u1|filter[4]             ; ps2:u_ps2|keyboard:u1|keyboard_clk_filtered ; CLOCK_50                                    ; CLOCK_50    ; 1.000        ; -0.072     ; 2.360      ;
; -1.319 ; ps2:u_ps2|keyboard:u1|keyboard_clk_filtered ; ps2:u_ps2|keyboard:u1|keyboard_clk_filtered ; ps2:u_ps2|keyboard:u1|keyboard_clk_filtered ; CLOCK_50    ; 0.500        ; 2.668      ; 4.689      ;
; -1.280 ; ps2:u_ps2|keyboard:u1|filter[7]             ; ps2:u_ps2|keyboard:u1|keyboard_clk_filtered ; CLOCK_50                                    ; CLOCK_50    ; 1.000        ; -0.072     ; 2.207      ;
; -1.266 ; ps2:u_ps2|oneshot:pulser|delay              ; ps2:u_ps2|oneshot:pulser|pulse_out          ; CLOCK_50                                    ; CLOCK_50    ; 1.000        ; -0.072     ; 2.193      ;
; -1.188 ; ps2:u_ps2|oneshot:pulser|delay              ; ps2:u_ps2|oneshot:pulser|delay              ; CLOCK_50                                    ; CLOCK_50    ; 1.000        ; -0.072     ; 2.115      ;
; -1.161 ; ps2:u_ps2|keyboard:u1|scan_ready            ; ps2:u_ps2|oneshot:pulser|pulse_out          ; ps2:u_ps2|keyboard:u1|scan_ready            ; CLOCK_50    ; 0.500        ; 2.663      ; 4.526      ;
; -1.077 ; ps2:u_ps2|keyboard:u1|scan_ready            ; ps2:u_ps2|oneshot:pulser|delay              ; ps2:u_ps2|keyboard:u1|scan_ready            ; CLOCK_50    ; 0.500        ; 2.663      ; 4.442      ;
; -1.049 ; ps2:u_ps2|keyboard:u1|keyboard_clk_filtered ; ps2:u_ps2|keyboard:u1|keyboard_clk_filtered ; ps2:u_ps2|keyboard:u1|keyboard_clk_filtered ; CLOCK_50    ; 1.000        ; 2.668      ; 4.919      ;
; -0.829 ; ps2:u_ps2|keyboard:u1|scan_ready            ; ps2:u_ps2|oneshot:pulser|pulse_out          ; ps2:u_ps2|keyboard:u1|scan_ready            ; CLOCK_50    ; 1.000        ; 2.663      ; 4.694      ;
; -0.752 ; ps2:u_ps2|keyboard:u1|scan_ready            ; ps2:u_ps2|oneshot:pulser|delay              ; ps2:u_ps2|keyboard:u1|scan_ready            ; CLOCK_50    ; 1.000        ; 2.663      ; 4.617      ;
; -0.578 ; ps2:u_ps2|keyboard:u1|clock_enable          ; ps2:u_ps2|keyboard:u1|keyboard_clk_filtered ; CLOCK_50                                    ; CLOCK_50    ; 1.000        ; -0.434     ; 1.143      ;
; -0.578 ; ps2:u_ps2|keyboard:u1|clock_enable          ; ps2:u_ps2|keyboard:u1|filter[0]             ; CLOCK_50                                    ; CLOCK_50    ; 1.000        ; -0.434     ; 1.143      ;
; -0.578 ; ps2:u_ps2|keyboard:u1|clock_enable          ; ps2:u_ps2|keyboard:u1|filter[1]             ; CLOCK_50                                    ; CLOCK_50    ; 1.000        ; -0.434     ; 1.143      ;
; -0.578 ; ps2:u_ps2|keyboard:u1|clock_enable          ; ps2:u_ps2|keyboard:u1|filter[2]             ; CLOCK_50                                    ; CLOCK_50    ; 1.000        ; -0.434     ; 1.143      ;
; -0.578 ; ps2:u_ps2|keyboard:u1|clock_enable          ; ps2:u_ps2|keyboard:u1|filter[3]             ; CLOCK_50                                    ; CLOCK_50    ; 1.000        ; -0.434     ; 1.143      ;
; -0.578 ; ps2:u_ps2|keyboard:u1|clock_enable          ; ps2:u_ps2|keyboard:u1|filter[4]             ; CLOCK_50                                    ; CLOCK_50    ; 1.000        ; -0.434     ; 1.143      ;
; -0.578 ; ps2:u_ps2|keyboard:u1|clock_enable          ; ps2:u_ps2|keyboard:u1|filter[5]             ; CLOCK_50                                    ; CLOCK_50    ; 1.000        ; -0.434     ; 1.143      ;
; -0.578 ; ps2:u_ps2|keyboard:u1|clock_enable          ; ps2:u_ps2|keyboard:u1|filter[6]             ; CLOCK_50                                    ; CLOCK_50    ; 1.000        ; -0.434     ; 1.143      ;
; -0.578 ; ps2:u_ps2|keyboard:u1|clock_enable          ; ps2:u_ps2|keyboard:u1|filter[7]             ; CLOCK_50                                    ; CLOCK_50    ; 1.000        ; -0.434     ; 1.143      ;
; -0.101 ; ps2:u_ps2|keyboard:u1|filter[1]             ; ps2:u_ps2|keyboard:u1|filter[0]             ; CLOCK_50                                    ; CLOCK_50    ; 1.000        ; -0.072     ; 1.028      ;
; -0.074 ; ps2:u_ps2|keyboard:u1|filter[2]             ; ps2:u_ps2|keyboard:u1|filter[1]             ; CLOCK_50                                    ; CLOCK_50    ; 1.000        ; -0.072     ; 1.001      ;
; 0.061  ; ps2:u_ps2|keyboard:u1|filter[5]             ; ps2:u_ps2|keyboard:u1|filter[4]             ; CLOCK_50                                    ; CLOCK_50    ; 1.000        ; -0.072     ; 0.866      ;
; 0.063  ; ps2:u_ps2|keyboard:u1|filter[7]             ; ps2:u_ps2|keyboard:u1|filter[6]             ; CLOCK_50                                    ; CLOCK_50    ; 1.000        ; -0.072     ; 0.864      ;
; 0.067  ; ps2:u_ps2|keyboard:u1|filter[3]             ; ps2:u_ps2|keyboard:u1|filter[2]             ; CLOCK_50                                    ; CLOCK_50    ; 1.000        ; -0.072     ; 0.860      ;
; 0.073  ; ps2:u_ps2|keyboard:u1|filter[4]             ; ps2:u_ps2|keyboard:u1|filter[3]             ; CLOCK_50                                    ; CLOCK_50    ; 1.000        ; -0.072     ; 0.854      ;
; 0.206  ; ps2:u_ps2|keyboard:u1|filter[6]             ; ps2:u_ps2|keyboard:u1|filter[5]             ; CLOCK_50                                    ; CLOCK_50    ; 1.000        ; -0.072     ; 0.721      ;
; 0.229  ; ps2:u_ps2|keyboard:u1|clock_enable          ; ps2:u_ps2|keyboard:u1|clock_enable          ; CLOCK_50                                    ; CLOCK_50    ; 1.000        ; -0.087     ; 0.683      ;
+--------+---------------------------------------------+---------------------------------------------+---------------------------------------------+-------------+--------------+------------+------------+


+--------------------------------------------------------------------------------------------------------------------------------------------------------------------------------------------------------------------+
; Slow 1200mV 0C Model Setup: 'ps2:u_ps2|keyboard:u1|keyboard_clk_filtered'                                                                                                                                          ;
+--------+---------------------------------+------------------------------------+---------------------------------------------+---------------------------------------------+--------------+------------+------------+
; Slack  ; From Node                       ; To Node                            ; Launch Clock                                ; Latch Clock                                 ; Relationship ; Clock Skew ; Data Delay ;
+--------+---------------------------------+------------------------------------+---------------------------------------------+---------------------------------------------+--------------+------------+------------+
; -1.934 ; ps2:u_ps2|keyboard:u1|READ_CHAR ; ps2:u_ps2|keyboard:u1|ready_set    ; ps2:u_ps2|keyboard:u1|keyboard_clk_filtered ; ps2:u_ps2|keyboard:u1|keyboard_clk_filtered ; 1.000        ; -0.073     ; 2.860      ;
; -1.902 ; ps2:u_ps2|keyboard:u1|INCNT[0]  ; ps2:u_ps2|keyboard:u1|scan_code[0] ; ps2:u_ps2|keyboard:u1|keyboard_clk_filtered ; ps2:u_ps2|keyboard:u1|keyboard_clk_filtered ; 1.000        ; -0.073     ; 2.828      ;
; -1.902 ; ps2:u_ps2|keyboard:u1|INCNT[0]  ; ps2:u_ps2|keyboard:u1|scan_code[1] ; ps2:u_ps2|keyboard:u1|keyboard_clk_filtered ; ps2:u_ps2|keyboard:u1|keyboard_clk_filtered ; 1.000        ; -0.073     ; 2.828      ;
; -1.902 ; ps2:u_ps2|keyboard:u1|INCNT[0]  ; ps2:u_ps2|keyboard:u1|scan_code[2] ; ps2:u_ps2|keyboard:u1|keyboard_clk_filtered ; ps2:u_ps2|keyboard:u1|keyboard_clk_filtered ; 1.000        ; -0.073     ; 2.828      ;
; -1.902 ; ps2:u_ps2|keyboard:u1|INCNT[0]  ; ps2:u_ps2|keyboard:u1|scan_code[3] ; ps2:u_ps2|keyboard:u1|keyboard_clk_filtered ; ps2:u_ps2|keyboard:u1|keyboard_clk_filtered ; 1.000        ; -0.073     ; 2.828      ;
; -1.889 ; ps2:u_ps2|keyboard:u1|INCNT[1]  ; ps2:u_ps2|keyboard:u1|scan_code[0] ; ps2:u_ps2|keyboard:u1|keyboard_clk_filtered ; ps2:u_ps2|keyboard:u1|keyboard_clk_filtered ; 1.000        ; -0.073     ; 2.815      ;
; -1.889 ; ps2:u_ps2|keyboard:u1|INCNT[1]  ; ps2:u_ps2|keyboard:u1|scan_code[1] ; ps2:u_ps2|keyboard:u1|keyboard_clk_filtered ; ps2:u_ps2|keyboard:u1|keyboard_clk_filtered ; 1.000        ; -0.073     ; 2.815      ;
; -1.889 ; ps2:u_ps2|keyboard:u1|INCNT[1]  ; ps2:u_ps2|keyboard:u1|scan_code[2] ; ps2:u_ps2|keyboard:u1|keyboard_clk_filtered ; ps2:u_ps2|keyboard:u1|keyboard_clk_filtered ; 1.000        ; -0.073     ; 2.815      ;
; -1.889 ; ps2:u_ps2|keyboard:u1|INCNT[1]  ; ps2:u_ps2|keyboard:u1|scan_code[3] ; ps2:u_ps2|keyboard:u1|keyboard_clk_filtered ; ps2:u_ps2|keyboard:u1|keyboard_clk_filtered ; 1.000        ; -0.073     ; 2.815      ;
; -1.731 ; ps2:u_ps2|keyboard:u1|INCNT[3]  ; ps2:u_ps2|keyboard:u1|scan_code[0] ; ps2:u_ps2|keyboard:u1|keyboard_clk_filtered ; ps2:u_ps2|keyboard:u1|keyboard_clk_filtered ; 1.000        ; -0.073     ; 2.657      ;
; -1.731 ; ps2:u_ps2|keyboard:u1|INCNT[3]  ; ps2:u_ps2|keyboard:u1|scan_code[1] ; ps2:u_ps2|keyboard:u1|keyboard_clk_filtered ; ps2:u_ps2|keyboard:u1|keyboard_clk_filtered ; 1.000        ; -0.073     ; 2.657      ;
; -1.731 ; ps2:u_ps2|keyboard:u1|INCNT[3]  ; ps2:u_ps2|keyboard:u1|scan_code[2] ; ps2:u_ps2|keyboard:u1|keyboard_clk_filtered ; ps2:u_ps2|keyboard:u1|keyboard_clk_filtered ; 1.000        ; -0.073     ; 2.657      ;
; -1.731 ; ps2:u_ps2|keyboard:u1|INCNT[3]  ; ps2:u_ps2|keyboard:u1|scan_code[3] ; ps2:u_ps2|keyboard:u1|keyboard_clk_filtered ; ps2:u_ps2|keyboard:u1|keyboard_clk_filtered ; 1.000        ; -0.073     ; 2.657      ;
; -1.663 ; ps2:u_ps2|keyboard:u1|INCNT[0]  ; ps2:u_ps2|keyboard:u1|scan_code[4] ; ps2:u_ps2|keyboard:u1|keyboard_clk_filtered ; ps2:u_ps2|keyboard:u1|keyboard_clk_filtered ; 1.000        ; -0.071     ; 2.591      ;
; -1.663 ; ps2:u_ps2|keyboard:u1|INCNT[0]  ; ps2:u_ps2|keyboard:u1|scan_code[5] ; ps2:u_ps2|keyboard:u1|keyboard_clk_filtered ; ps2:u_ps2|keyboard:u1|keyboard_clk_filtered ; 1.000        ; -0.071     ; 2.591      ;
; -1.663 ; ps2:u_ps2|keyboard:u1|INCNT[0]  ; ps2:u_ps2|keyboard:u1|scan_code[7] ; ps2:u_ps2|keyboard:u1|keyboard_clk_filtered ; ps2:u_ps2|keyboard:u1|keyboard_clk_filtered ; 1.000        ; -0.071     ; 2.591      ;
; -1.650 ; ps2:u_ps2|keyboard:u1|INCNT[1]  ; ps2:u_ps2|keyboard:u1|scan_code[4] ; ps2:u_ps2|keyboard:u1|keyboard_clk_filtered ; ps2:u_ps2|keyboard:u1|keyboard_clk_filtered ; 1.000        ; -0.071     ; 2.578      ;
; -1.650 ; ps2:u_ps2|keyboard:u1|INCNT[1]  ; ps2:u_ps2|keyboard:u1|scan_code[5] ; ps2:u_ps2|keyboard:u1|keyboard_clk_filtered ; ps2:u_ps2|keyboard:u1|keyboard_clk_filtered ; 1.000        ; -0.071     ; 2.578      ;
; -1.650 ; ps2:u_ps2|keyboard:u1|INCNT[1]  ; ps2:u_ps2|keyboard:u1|scan_code[7] ; ps2:u_ps2|keyboard:u1|keyboard_clk_filtered ; ps2:u_ps2|keyboard:u1|keyboard_clk_filtered ; 1.000        ; -0.071     ; 2.578      ;
; -1.625 ; ps2:u_ps2|keyboard:u1|INCNT[2]  ; ps2:u_ps2|keyboard:u1|scan_code[0] ; ps2:u_ps2|keyboard:u1|keyboard_clk_filtered ; ps2:u_ps2|keyboard:u1|keyboard_clk_filtered ; 1.000        ; -0.073     ; 2.551      ;
; -1.625 ; ps2:u_ps2|keyboard:u1|INCNT[2]  ; ps2:u_ps2|keyboard:u1|scan_code[1] ; ps2:u_ps2|keyboard:u1|keyboard_clk_filtered ; ps2:u_ps2|keyboard:u1|keyboard_clk_filtered ; 1.000        ; -0.073     ; 2.551      ;
; -1.625 ; ps2:u_ps2|keyboard:u1|INCNT[2]  ; ps2:u_ps2|keyboard:u1|scan_code[2] ; ps2:u_ps2|keyboard:u1|keyboard_clk_filtered ; ps2:u_ps2|keyboard:u1|keyboard_clk_filtered ; 1.000        ; -0.073     ; 2.551      ;
; -1.625 ; ps2:u_ps2|keyboard:u1|INCNT[2]  ; ps2:u_ps2|keyboard:u1|scan_code[3] ; ps2:u_ps2|keyboard:u1|keyboard_clk_filtered ; ps2:u_ps2|keyboard:u1|keyboard_clk_filtered ; 1.000        ; -0.073     ; 2.551      ;
; -1.533 ; ps2:u_ps2|keyboard:u1|READ_CHAR ; ps2:u_ps2|keyboard:u1|scan_code[0] ; ps2:u_ps2|keyboard:u1|keyboard_clk_filtered ; ps2:u_ps2|keyboard:u1|keyboard_clk_filtered ; 1.000        ; -0.073     ; 2.459      ;
; -1.533 ; ps2:u_ps2|keyboard:u1|READ_CHAR ; ps2:u_ps2|keyboard:u1|scan_code[1] ; ps2:u_ps2|keyboard:u1|keyboard_clk_filtered ; ps2:u_ps2|keyboard:u1|keyboard_clk_filtered ; 1.000        ; -0.073     ; 2.459      ;
; -1.533 ; ps2:u_ps2|keyboard:u1|READ_CHAR ; ps2:u_ps2|keyboard:u1|scan_code[2] ; ps2:u_ps2|keyboard:u1|keyboard_clk_filtered ; ps2:u_ps2|keyboard:u1|keyboard_clk_filtered ; 1.000        ; -0.073     ; 2.459      ;
; -1.533 ; ps2:u_ps2|keyboard:u1|READ_CHAR ; ps2:u_ps2|keyboard:u1|scan_code[3] ; ps2:u_ps2|keyboard:u1|keyboard_clk_filtered ; ps2:u_ps2|keyboard:u1|keyboard_clk_filtered ; 1.000        ; -0.073     ; 2.459      ;
; -1.505 ; ps2:u_ps2|keyboard:u1|READ_CHAR ; ps2:u_ps2|keyboard:u1|INCNT[3]     ; ps2:u_ps2|keyboard:u1|keyboard_clk_filtered ; ps2:u_ps2|keyboard:u1|keyboard_clk_filtered ; 1.000        ; -0.073     ; 2.431      ;
; -1.505 ; ps2:u_ps2|keyboard:u1|READ_CHAR ; ps2:u_ps2|keyboard:u1|INCNT[0]     ; ps2:u_ps2|keyboard:u1|keyboard_clk_filtered ; ps2:u_ps2|keyboard:u1|keyboard_clk_filtered ; 1.000        ; -0.073     ; 2.431      ;
; -1.505 ; ps2:u_ps2|keyboard:u1|READ_CHAR ; ps2:u_ps2|keyboard:u1|INCNT[1]     ; ps2:u_ps2|keyboard:u1|keyboard_clk_filtered ; ps2:u_ps2|keyboard:u1|keyboard_clk_filtered ; 1.000        ; -0.073     ; 2.431      ;
; -1.505 ; ps2:u_ps2|keyboard:u1|READ_CHAR ; ps2:u_ps2|keyboard:u1|INCNT[2]     ; ps2:u_ps2|keyboard:u1|keyboard_clk_filtered ; ps2:u_ps2|keyboard:u1|keyboard_clk_filtered ; 1.000        ; -0.073     ; 2.431      ;
; -1.492 ; ps2:u_ps2|keyboard:u1|INCNT[3]  ; ps2:u_ps2|keyboard:u1|scan_code[4] ; ps2:u_ps2|keyboard:u1|keyboard_clk_filtered ; ps2:u_ps2|keyboard:u1|keyboard_clk_filtered ; 1.000        ; -0.071     ; 2.420      ;
; -1.492 ; ps2:u_ps2|keyboard:u1|INCNT[3]  ; ps2:u_ps2|keyboard:u1|scan_code[5] ; ps2:u_ps2|keyboard:u1|keyboard_clk_filtered ; ps2:u_ps2|keyboard:u1|keyboard_clk_filtered ; 1.000        ; -0.071     ; 2.420      ;
; -1.492 ; ps2:u_ps2|keyboard:u1|INCNT[3]  ; ps2:u_ps2|keyboard:u1|scan_code[7] ; ps2:u_ps2|keyboard:u1|keyboard_clk_filtered ; ps2:u_ps2|keyboard:u1|keyboard_clk_filtered ; 1.000        ; -0.071     ; 2.420      ;
; -1.410 ; ps2:u_ps2|keyboard:u1|INCNT[0]  ; ps2:u_ps2|keyboard:u1|scan_code[6] ; ps2:u_ps2|keyboard:u1|keyboard_clk_filtered ; ps2:u_ps2|keyboard:u1|keyboard_clk_filtered ; 1.000        ; -0.072     ; 2.337      ;
; -1.397 ; ps2:u_ps2|keyboard:u1|INCNT[1]  ; ps2:u_ps2|keyboard:u1|scan_code[6] ; ps2:u_ps2|keyboard:u1|keyboard_clk_filtered ; ps2:u_ps2|keyboard:u1|keyboard_clk_filtered ; 1.000        ; -0.072     ; 2.324      ;
; -1.386 ; ps2:u_ps2|keyboard:u1|INCNT[2]  ; ps2:u_ps2|keyboard:u1|scan_code[4] ; ps2:u_ps2|keyboard:u1|keyboard_clk_filtered ; ps2:u_ps2|keyboard:u1|keyboard_clk_filtered ; 1.000        ; -0.071     ; 2.314      ;
; -1.386 ; ps2:u_ps2|keyboard:u1|INCNT[2]  ; ps2:u_ps2|keyboard:u1|scan_code[5] ; ps2:u_ps2|keyboard:u1|keyboard_clk_filtered ; ps2:u_ps2|keyboard:u1|keyboard_clk_filtered ; 1.000        ; -0.071     ; 2.314      ;
; -1.386 ; ps2:u_ps2|keyboard:u1|INCNT[2]  ; ps2:u_ps2|keyboard:u1|scan_code[7] ; ps2:u_ps2|keyboard:u1|keyboard_clk_filtered ; ps2:u_ps2|keyboard:u1|keyboard_clk_filtered ; 1.000        ; -0.071     ; 2.314      ;
; -1.294 ; ps2:u_ps2|keyboard:u1|READ_CHAR ; ps2:u_ps2|keyboard:u1|scan_code[4] ; ps2:u_ps2|keyboard:u1|keyboard_clk_filtered ; ps2:u_ps2|keyboard:u1|keyboard_clk_filtered ; 1.000        ; -0.071     ; 2.222      ;
; -1.294 ; ps2:u_ps2|keyboard:u1|READ_CHAR ; ps2:u_ps2|keyboard:u1|scan_code[5] ; ps2:u_ps2|keyboard:u1|keyboard_clk_filtered ; ps2:u_ps2|keyboard:u1|keyboard_clk_filtered ; 1.000        ; -0.071     ; 2.222      ;
; -1.294 ; ps2:u_ps2|keyboard:u1|READ_CHAR ; ps2:u_ps2|keyboard:u1|scan_code[7] ; ps2:u_ps2|keyboard:u1|keyboard_clk_filtered ; ps2:u_ps2|keyboard:u1|keyboard_clk_filtered ; 1.000        ; -0.071     ; 2.222      ;
; -1.239 ; ps2:u_ps2|keyboard:u1|INCNT[3]  ; ps2:u_ps2|keyboard:u1|scan_code[6] ; ps2:u_ps2|keyboard:u1|keyboard_clk_filtered ; ps2:u_ps2|keyboard:u1|keyboard_clk_filtered ; 1.000        ; -0.072     ; 2.166      ;
; -1.133 ; ps2:u_ps2|keyboard:u1|INCNT[2]  ; ps2:u_ps2|keyboard:u1|scan_code[6] ; ps2:u_ps2|keyboard:u1|keyboard_clk_filtered ; ps2:u_ps2|keyboard:u1|keyboard_clk_filtered ; 1.000        ; -0.072     ; 2.060      ;
; -1.041 ; ps2:u_ps2|keyboard:u1|INCNT[0]  ; ps2:u_ps2|keyboard:u1|SHIFTIN[0]   ; ps2:u_ps2|keyboard:u1|keyboard_clk_filtered ; ps2:u_ps2|keyboard:u1|keyboard_clk_filtered ; 1.000        ; 0.302      ; 2.342      ;
; -1.041 ; ps2:u_ps2|keyboard:u1|INCNT[0]  ; ps2:u_ps2|keyboard:u1|SHIFTIN[1]   ; ps2:u_ps2|keyboard:u1|keyboard_clk_filtered ; ps2:u_ps2|keyboard:u1|keyboard_clk_filtered ; 1.000        ; 0.302      ; 2.342      ;
; -1.041 ; ps2:u_ps2|keyboard:u1|INCNT[0]  ; ps2:u_ps2|keyboard:u1|SHIFTIN[2]   ; ps2:u_ps2|keyboard:u1|keyboard_clk_filtered ; ps2:u_ps2|keyboard:u1|keyboard_clk_filtered ; 1.000        ; 0.302      ; 2.342      ;
; -1.041 ; ps2:u_ps2|keyboard:u1|INCNT[0]  ; ps2:u_ps2|keyboard:u1|SHIFTIN[3]   ; ps2:u_ps2|keyboard:u1|keyboard_clk_filtered ; ps2:u_ps2|keyboard:u1|keyboard_clk_filtered ; 1.000        ; 0.302      ; 2.342      ;
; -1.041 ; ps2:u_ps2|keyboard:u1|INCNT[0]  ; ps2:u_ps2|keyboard:u1|SHIFTIN[4]   ; ps2:u_ps2|keyboard:u1|keyboard_clk_filtered ; ps2:u_ps2|keyboard:u1|keyboard_clk_filtered ; 1.000        ; 0.302      ; 2.342      ;
; -1.041 ; ps2:u_ps2|keyboard:u1|INCNT[0]  ; ps2:u_ps2|keyboard:u1|SHIFTIN[5]   ; ps2:u_ps2|keyboard:u1|keyboard_clk_filtered ; ps2:u_ps2|keyboard:u1|keyboard_clk_filtered ; 1.000        ; 0.302      ; 2.342      ;
; -1.041 ; ps2:u_ps2|keyboard:u1|INCNT[0]  ; ps2:u_ps2|keyboard:u1|SHIFTIN[6]   ; ps2:u_ps2|keyboard:u1|keyboard_clk_filtered ; ps2:u_ps2|keyboard:u1|keyboard_clk_filtered ; 1.000        ; 0.302      ; 2.342      ;
; -1.041 ; ps2:u_ps2|keyboard:u1|INCNT[0]  ; ps2:u_ps2|keyboard:u1|SHIFTIN[7]   ; ps2:u_ps2|keyboard:u1|keyboard_clk_filtered ; ps2:u_ps2|keyboard:u1|keyboard_clk_filtered ; 1.000        ; 0.302      ; 2.342      ;
; -1.041 ; ps2:u_ps2|keyboard:u1|INCNT[0]  ; ps2:u_ps2|keyboard:u1|SHIFTIN[8]   ; ps2:u_ps2|keyboard:u1|keyboard_clk_filtered ; ps2:u_ps2|keyboard:u1|keyboard_clk_filtered ; 1.000        ; 0.302      ; 2.342      ;
; -1.041 ; ps2:u_ps2|keyboard:u1|READ_CHAR ; ps2:u_ps2|keyboard:u1|scan_code[6] ; ps2:u_ps2|keyboard:u1|keyboard_clk_filtered ; ps2:u_ps2|keyboard:u1|keyboard_clk_filtered ; 1.000        ; -0.072     ; 1.968      ;
; -1.039 ; ps2:u_ps2|keyboard:u1|INCNT[1]  ; ps2:u_ps2|keyboard:u1|SHIFTIN[0]   ; ps2:u_ps2|keyboard:u1|keyboard_clk_filtered ; ps2:u_ps2|keyboard:u1|keyboard_clk_filtered ; 1.000        ; 0.302      ; 2.340      ;
; -1.039 ; ps2:u_ps2|keyboard:u1|INCNT[1]  ; ps2:u_ps2|keyboard:u1|SHIFTIN[1]   ; ps2:u_ps2|keyboard:u1|keyboard_clk_filtered ; ps2:u_ps2|keyboard:u1|keyboard_clk_filtered ; 1.000        ; 0.302      ; 2.340      ;
; -1.039 ; ps2:u_ps2|keyboard:u1|INCNT[1]  ; ps2:u_ps2|keyboard:u1|SHIFTIN[2]   ; ps2:u_ps2|keyboard:u1|keyboard_clk_filtered ; ps2:u_ps2|keyboard:u1|keyboard_clk_filtered ; 1.000        ; 0.302      ; 2.340      ;
; -1.039 ; ps2:u_ps2|keyboard:u1|INCNT[1]  ; ps2:u_ps2|keyboard:u1|SHIFTIN[3]   ; ps2:u_ps2|keyboard:u1|keyboard_clk_filtered ; ps2:u_ps2|keyboard:u1|keyboard_clk_filtered ; 1.000        ; 0.302      ; 2.340      ;
; -1.039 ; ps2:u_ps2|keyboard:u1|INCNT[1]  ; ps2:u_ps2|keyboard:u1|SHIFTIN[4]   ; ps2:u_ps2|keyboard:u1|keyboard_clk_filtered ; ps2:u_ps2|keyboard:u1|keyboard_clk_filtered ; 1.000        ; 0.302      ; 2.340      ;
; -1.039 ; ps2:u_ps2|keyboard:u1|INCNT[1]  ; ps2:u_ps2|keyboard:u1|SHIFTIN[5]   ; ps2:u_ps2|keyboard:u1|keyboard_clk_filtered ; ps2:u_ps2|keyboard:u1|keyboard_clk_filtered ; 1.000        ; 0.302      ; 2.340      ;
; -1.039 ; ps2:u_ps2|keyboard:u1|INCNT[1]  ; ps2:u_ps2|keyboard:u1|SHIFTIN[6]   ; ps2:u_ps2|keyboard:u1|keyboard_clk_filtered ; ps2:u_ps2|keyboard:u1|keyboard_clk_filtered ; 1.000        ; 0.302      ; 2.340      ;
; -1.039 ; ps2:u_ps2|keyboard:u1|INCNT[1]  ; ps2:u_ps2|keyboard:u1|SHIFTIN[7]   ; ps2:u_ps2|keyboard:u1|keyboard_clk_filtered ; ps2:u_ps2|keyboard:u1|keyboard_clk_filtered ; 1.000        ; 0.302      ; 2.340      ;
; -1.039 ; ps2:u_ps2|keyboard:u1|INCNT[1]  ; ps2:u_ps2|keyboard:u1|SHIFTIN[8]   ; ps2:u_ps2|keyboard:u1|keyboard_clk_filtered ; ps2:u_ps2|keyboard:u1|keyboard_clk_filtered ; 1.000        ; 0.302      ; 2.340      ;
; -0.994 ; ps2:u_ps2|keyboard:u1|ready_set ; ps2:u_ps2|keyboard:u1|ready_set    ; ps2:u_ps2|keyboard:u1|ready_set             ; ps2:u_ps2|keyboard:u1|keyboard_clk_filtered ; 0.500        ; 2.888      ; 4.604      ;
; -0.886 ; ps2:u_ps2|keyboard:u1|INCNT[3]  ; ps2:u_ps2|keyboard:u1|SHIFTIN[0]   ; ps2:u_ps2|keyboard:u1|keyboard_clk_filtered ; ps2:u_ps2|keyboard:u1|keyboard_clk_filtered ; 1.000        ; 0.302      ; 2.187      ;
; -0.886 ; ps2:u_ps2|keyboard:u1|INCNT[3]  ; ps2:u_ps2|keyboard:u1|SHIFTIN[1]   ; ps2:u_ps2|keyboard:u1|keyboard_clk_filtered ; ps2:u_ps2|keyboard:u1|keyboard_clk_filtered ; 1.000        ; 0.302      ; 2.187      ;
; -0.886 ; ps2:u_ps2|keyboard:u1|INCNT[3]  ; ps2:u_ps2|keyboard:u1|SHIFTIN[2]   ; ps2:u_ps2|keyboard:u1|keyboard_clk_filtered ; ps2:u_ps2|keyboard:u1|keyboard_clk_filtered ; 1.000        ; 0.302      ; 2.187      ;
; -0.886 ; ps2:u_ps2|keyboard:u1|INCNT[3]  ; ps2:u_ps2|keyboard:u1|SHIFTIN[3]   ; ps2:u_ps2|keyboard:u1|keyboard_clk_filtered ; ps2:u_ps2|keyboard:u1|keyboard_clk_filtered ; 1.000        ; 0.302      ; 2.187      ;
; -0.886 ; ps2:u_ps2|keyboard:u1|INCNT[3]  ; ps2:u_ps2|keyboard:u1|SHIFTIN[4]   ; ps2:u_ps2|keyboard:u1|keyboard_clk_filtered ; ps2:u_ps2|keyboard:u1|keyboard_clk_filtered ; 1.000        ; 0.302      ; 2.187      ;
; -0.886 ; ps2:u_ps2|keyboard:u1|INCNT[3]  ; ps2:u_ps2|keyboard:u1|SHIFTIN[5]   ; ps2:u_ps2|keyboard:u1|keyboard_clk_filtered ; ps2:u_ps2|keyboard:u1|keyboard_clk_filtered ; 1.000        ; 0.302      ; 2.187      ;
; -0.886 ; ps2:u_ps2|keyboard:u1|INCNT[3]  ; ps2:u_ps2|keyboard:u1|SHIFTIN[6]   ; ps2:u_ps2|keyboard:u1|keyboard_clk_filtered ; ps2:u_ps2|keyboard:u1|keyboard_clk_filtered ; 1.000        ; 0.302      ; 2.187      ;
; -0.886 ; ps2:u_ps2|keyboard:u1|INCNT[3]  ; ps2:u_ps2|keyboard:u1|SHIFTIN[7]   ; ps2:u_ps2|keyboard:u1|keyboard_clk_filtered ; ps2:u_ps2|keyboard:u1|keyboard_clk_filtered ; 1.000        ; 0.302      ; 2.187      ;
; -0.886 ; ps2:u_ps2|keyboard:u1|INCNT[3]  ; ps2:u_ps2|keyboard:u1|SHIFTIN[8]   ; ps2:u_ps2|keyboard:u1|keyboard_clk_filtered ; ps2:u_ps2|keyboard:u1|keyboard_clk_filtered ; 1.000        ; 0.302      ; 2.187      ;
; -0.792 ; ps2:u_ps2|keyboard:u1|INCNT[2]  ; ps2:u_ps2|keyboard:u1|SHIFTIN[0]   ; ps2:u_ps2|keyboard:u1|keyboard_clk_filtered ; ps2:u_ps2|keyboard:u1|keyboard_clk_filtered ; 1.000        ; 0.302      ; 2.093      ;
; -0.792 ; ps2:u_ps2|keyboard:u1|INCNT[2]  ; ps2:u_ps2|keyboard:u1|SHIFTIN[1]   ; ps2:u_ps2|keyboard:u1|keyboard_clk_filtered ; ps2:u_ps2|keyboard:u1|keyboard_clk_filtered ; 1.000        ; 0.302      ; 2.093      ;
; -0.792 ; ps2:u_ps2|keyboard:u1|INCNT[2]  ; ps2:u_ps2|keyboard:u1|SHIFTIN[2]   ; ps2:u_ps2|keyboard:u1|keyboard_clk_filtered ; ps2:u_ps2|keyboard:u1|keyboard_clk_filtered ; 1.000        ; 0.302      ; 2.093      ;
; -0.792 ; ps2:u_ps2|keyboard:u1|INCNT[2]  ; ps2:u_ps2|keyboard:u1|SHIFTIN[3]   ; ps2:u_ps2|keyboard:u1|keyboard_clk_filtered ; ps2:u_ps2|keyboard:u1|keyboard_clk_filtered ; 1.000        ; 0.302      ; 2.093      ;
; -0.792 ; ps2:u_ps2|keyboard:u1|INCNT[2]  ; ps2:u_ps2|keyboard:u1|SHIFTIN[4]   ; ps2:u_ps2|keyboard:u1|keyboard_clk_filtered ; ps2:u_ps2|keyboard:u1|keyboard_clk_filtered ; 1.000        ; 0.302      ; 2.093      ;
; -0.792 ; ps2:u_ps2|keyboard:u1|INCNT[2]  ; ps2:u_ps2|keyboard:u1|SHIFTIN[5]   ; ps2:u_ps2|keyboard:u1|keyboard_clk_filtered ; ps2:u_ps2|keyboard:u1|keyboard_clk_filtered ; 1.000        ; 0.302      ; 2.093      ;
; -0.792 ; ps2:u_ps2|keyboard:u1|INCNT[2]  ; ps2:u_ps2|keyboard:u1|SHIFTIN[6]   ; ps2:u_ps2|keyboard:u1|keyboard_clk_filtered ; ps2:u_ps2|keyboard:u1|keyboard_clk_filtered ; 1.000        ; 0.302      ; 2.093      ;
; -0.792 ; ps2:u_ps2|keyboard:u1|INCNT[2]  ; ps2:u_ps2|keyboard:u1|SHIFTIN[7]   ; ps2:u_ps2|keyboard:u1|keyboard_clk_filtered ; ps2:u_ps2|keyboard:u1|keyboard_clk_filtered ; 1.000        ; 0.302      ; 2.093      ;
; -0.792 ; ps2:u_ps2|keyboard:u1|INCNT[2]  ; ps2:u_ps2|keyboard:u1|SHIFTIN[8]   ; ps2:u_ps2|keyboard:u1|keyboard_clk_filtered ; ps2:u_ps2|keyboard:u1|keyboard_clk_filtered ; 1.000        ; 0.302      ; 2.093      ;
; -0.788 ; ps2:u_ps2|keyboard:u1|ready_set ; ps2:u_ps2|keyboard:u1|ready_set    ; ps2:u_ps2|keyboard:u1|ready_set             ; ps2:u_ps2|keyboard:u1|keyboard_clk_filtered ; 1.000        ; 2.888      ; 4.898      ;
; -0.767 ; ps2:u_ps2|keyboard:u1|INCNT[0]  ; ps2:u_ps2|keyboard:u1|ready_set    ; ps2:u_ps2|keyboard:u1|keyboard_clk_filtered ; ps2:u_ps2|keyboard:u1|keyboard_clk_filtered ; 1.000        ; -0.073     ; 1.693      ;
; -0.765 ; ps2:u_ps2|keyboard:u1|INCNT[1]  ; ps2:u_ps2|keyboard:u1|ready_set    ; ps2:u_ps2|keyboard:u1|keyboard_clk_filtered ; ps2:u_ps2|keyboard:u1|keyboard_clk_filtered ; 1.000        ; -0.073     ; 1.691      ;
; -0.760 ; ps2:u_ps2|keyboard:u1|INCNT[0]  ; ps2:u_ps2|keyboard:u1|INCNT[3]     ; ps2:u_ps2|keyboard:u1|keyboard_clk_filtered ; ps2:u_ps2|keyboard:u1|keyboard_clk_filtered ; 1.000        ; -0.073     ; 1.686      ;
; -0.726 ; ps2:u_ps2|keyboard:u1|INCNT[0]  ; ps2:u_ps2|keyboard:u1|INCNT[1]     ; ps2:u_ps2|keyboard:u1|keyboard_clk_filtered ; ps2:u_ps2|keyboard:u1|keyboard_clk_filtered ; 1.000        ; -0.073     ; 1.652      ;
; -0.717 ; ps2:u_ps2|keyboard:u1|INCNT[1]  ; ps2:u_ps2|keyboard:u1|INCNT[1]     ; ps2:u_ps2|keyboard:u1|keyboard_clk_filtered ; ps2:u_ps2|keyboard:u1|keyboard_clk_filtered ; 1.000        ; -0.073     ; 1.643      ;
; -0.698 ; ps2:u_ps2|keyboard:u1|INCNT[0]  ; ps2:u_ps2|keyboard:u1|INCNT[2]     ; ps2:u_ps2|keyboard:u1|keyboard_clk_filtered ; ps2:u_ps2|keyboard:u1|keyboard_clk_filtered ; 1.000        ; -0.073     ; 1.624      ;
; -0.696 ; ps2:u_ps2|keyboard:u1|INCNT[1]  ; ps2:u_ps2|keyboard:u1|INCNT[2]     ; ps2:u_ps2|keyboard:u1|keyboard_clk_filtered ; ps2:u_ps2|keyboard:u1|keyboard_clk_filtered ; 1.000        ; -0.073     ; 1.622      ;
; -0.694 ; ps2:u_ps2|keyboard:u1|INCNT[0]  ; ps2:u_ps2|keyboard:u1|READ_CHAR    ; ps2:u_ps2|keyboard:u1|keyboard_clk_filtered ; ps2:u_ps2|keyboard:u1|keyboard_clk_filtered ; 1.000        ; -0.073     ; 1.620      ;
; -0.692 ; ps2:u_ps2|keyboard:u1|INCNT[1]  ; ps2:u_ps2|keyboard:u1|READ_CHAR    ; ps2:u_ps2|keyboard:u1|keyboard_clk_filtered ; ps2:u_ps2|keyboard:u1|keyboard_clk_filtered ; 1.000        ; -0.073     ; 1.618      ;
; -0.691 ; ps2:u_ps2|keyboard:u1|INCNT[1]  ; ps2:u_ps2|keyboard:u1|INCNT[3]     ; ps2:u_ps2|keyboard:u1|keyboard_clk_filtered ; ps2:u_ps2|keyboard:u1|keyboard_clk_filtered ; 1.000        ; -0.073     ; 1.617      ;
; -0.617 ; ps2:u_ps2|keyboard:u1|READ_CHAR ; ps2:u_ps2|keyboard:u1|SHIFTIN[0]   ; ps2:u_ps2|keyboard:u1|keyboard_clk_filtered ; ps2:u_ps2|keyboard:u1|keyboard_clk_filtered ; 1.000        ; 0.302      ; 1.918      ;
; -0.617 ; ps2:u_ps2|keyboard:u1|READ_CHAR ; ps2:u_ps2|keyboard:u1|SHIFTIN[1]   ; ps2:u_ps2|keyboard:u1|keyboard_clk_filtered ; ps2:u_ps2|keyboard:u1|keyboard_clk_filtered ; 1.000        ; 0.302      ; 1.918      ;
; -0.617 ; ps2:u_ps2|keyboard:u1|READ_CHAR ; ps2:u_ps2|keyboard:u1|SHIFTIN[2]   ; ps2:u_ps2|keyboard:u1|keyboard_clk_filtered ; ps2:u_ps2|keyboard:u1|keyboard_clk_filtered ; 1.000        ; 0.302      ; 1.918      ;
; -0.617 ; ps2:u_ps2|keyboard:u1|READ_CHAR ; ps2:u_ps2|keyboard:u1|SHIFTIN[3]   ; ps2:u_ps2|keyboard:u1|keyboard_clk_filtered ; ps2:u_ps2|keyboard:u1|keyboard_clk_filtered ; 1.000        ; 0.302      ; 1.918      ;
; -0.617 ; ps2:u_ps2|keyboard:u1|READ_CHAR ; ps2:u_ps2|keyboard:u1|SHIFTIN[4]   ; ps2:u_ps2|keyboard:u1|keyboard_clk_filtered ; ps2:u_ps2|keyboard:u1|keyboard_clk_filtered ; 1.000        ; 0.302      ; 1.918      ;
; -0.617 ; ps2:u_ps2|keyboard:u1|READ_CHAR ; ps2:u_ps2|keyboard:u1|SHIFTIN[5]   ; ps2:u_ps2|keyboard:u1|keyboard_clk_filtered ; ps2:u_ps2|keyboard:u1|keyboard_clk_filtered ; 1.000        ; 0.302      ; 1.918      ;
; -0.617 ; ps2:u_ps2|keyboard:u1|READ_CHAR ; ps2:u_ps2|keyboard:u1|SHIFTIN[6]   ; ps2:u_ps2|keyboard:u1|keyboard_clk_filtered ; ps2:u_ps2|keyboard:u1|keyboard_clk_filtered ; 1.000        ; 0.302      ; 1.918      ;
+--------+---------------------------------+------------------------------------+---------------------------------------------+---------------------------------------------+--------------+------------+------------+


+-----------------------------------------------------------------------------------------------------------------------------------------------------------------------------------------------+
; Slow 1200mV 0C Model Setup: 'ps2:u_ps2|keyboard:u1|scan_ready'                                                                                                                                ;
+--------+------------------------------------+-----------------------+---------------------------------------------+----------------------------------+--------------+------------+------------+
; Slack  ; From Node                          ; To Node               ; Launch Clock                                ; Latch Clock                      ; Relationship ; Clock Skew ; Data Delay ;
+--------+------------------------------------+-----------------------+---------------------------------------------+----------------------------------+--------------+------------+------------+
; -0.412 ; ps2:u_ps2|keyboard:u1|scan_code[6] ; ps2:u_ps2|history0[6] ; ps2:u_ps2|keyboard:u1|keyboard_clk_filtered ; ps2:u_ps2|keyboard:u1|scan_ready ; 1.000        ; -0.405     ; 1.006      ;
; -0.292 ; ps2:u_ps2|keyboard:u1|scan_code[7] ; ps2:u_ps2|history0[7] ; ps2:u_ps2|keyboard:u1|keyboard_clk_filtered ; ps2:u_ps2|keyboard:u1|scan_ready ; 1.000        ; -0.406     ; 0.885      ;
; -0.292 ; ps2:u_ps2|keyboard:u1|scan_code[5] ; ps2:u_ps2|history0[5] ; ps2:u_ps2|keyboard:u1|keyboard_clk_filtered ; ps2:u_ps2|keyboard:u1|scan_ready ; 1.000        ; -0.406     ; 0.885      ;
; -0.291 ; ps2:u_ps2|keyboard:u1|scan_code[4] ; ps2:u_ps2|history0[4] ; ps2:u_ps2|keyboard:u1|keyboard_clk_filtered ; ps2:u_ps2|keyboard:u1|scan_ready ; 1.000        ; -0.406     ; 0.884      ;
; -0.119 ; ps2:u_ps2|keyboard:u1|scan_code[3] ; ps2:u_ps2|history0[3] ; ps2:u_ps2|keyboard:u1|keyboard_clk_filtered ; ps2:u_ps2|keyboard:u1|scan_ready ; 1.000        ; -0.406     ; 0.712      ;
; -0.118 ; ps2:u_ps2|keyboard:u1|scan_code[0] ; ps2:u_ps2|history0[0] ; ps2:u_ps2|keyboard:u1|keyboard_clk_filtered ; ps2:u_ps2|keyboard:u1|scan_ready ; 1.000        ; -0.406     ; 0.711      ;
; -0.117 ; ps2:u_ps2|keyboard:u1|scan_code[1] ; ps2:u_ps2|history0[1] ; ps2:u_ps2|keyboard:u1|keyboard_clk_filtered ; ps2:u_ps2|keyboard:u1|scan_ready ; 1.000        ; -0.406     ; 0.710      ;
; -0.117 ; ps2:u_ps2|keyboard:u1|scan_code[2] ; ps2:u_ps2|history0[2] ; ps2:u_ps2|keyboard:u1|keyboard_clk_filtered ; ps2:u_ps2|keyboard:u1|scan_ready ; 1.000        ; -0.406     ; 0.710      ;
; 0.020  ; ps2:u_ps2|history0[3]              ; ps2:u_ps2|history1[3] ; ps2:u_ps2|keyboard:u1|scan_ready            ; ps2:u_ps2|keyboard:u1|scan_ready ; 1.000        ; -0.072     ; 0.907      ;
; 0.021  ; ps2:u_ps2|history0[0]              ; ps2:u_ps2|history1[0] ; ps2:u_ps2|keyboard:u1|scan_ready            ; ps2:u_ps2|keyboard:u1|scan_ready ; 1.000        ; -0.072     ; 0.906      ;
; 0.021  ; ps2:u_ps2|history0[1]              ; ps2:u_ps2|history1[1] ; ps2:u_ps2|keyboard:u1|scan_ready            ; ps2:u_ps2|keyboard:u1|scan_ready ; 1.000        ; -0.072     ; 0.906      ;
; 0.194  ; ps2:u_ps2|history0[4]              ; ps2:u_ps2|history1[4] ; ps2:u_ps2|keyboard:u1|scan_ready            ; ps2:u_ps2|keyboard:u1|scan_ready ; 1.000        ; -0.072     ; 0.733      ;
; 0.194  ; ps2:u_ps2|history0[2]              ; ps2:u_ps2|history1[2] ; ps2:u_ps2|keyboard:u1|scan_ready            ; ps2:u_ps2|keyboard:u1|scan_ready ; 1.000        ; -0.072     ; 0.733      ;
; 0.196  ; ps2:u_ps2|history0[7]              ; ps2:u_ps2|history1[7] ; ps2:u_ps2|keyboard:u1|scan_ready            ; ps2:u_ps2|keyboard:u1|scan_ready ; 1.000        ; -0.072     ; 0.731      ;
; 0.196  ; ps2:u_ps2|history0[5]              ; ps2:u_ps2|history1[5] ; ps2:u_ps2|keyboard:u1|scan_ready            ; ps2:u_ps2|keyboard:u1|scan_ready ; 1.000        ; -0.072     ; 0.731      ;
; 0.196  ; ps2:u_ps2|history0[6]              ; ps2:u_ps2|history1[6] ; ps2:u_ps2|keyboard:u1|scan_ready            ; ps2:u_ps2|keyboard:u1|scan_ready ; 1.000        ; -0.072     ; 0.731      ;
+--------+------------------------------------+-----------------------+---------------------------------------------+----------------------------------+--------------+------------+------------+


+--------------------------------------------------------------------------------------------------------------------------------------------------------------------------------------------------------+
; Slow 1200mV 0C Model Hold: 'CLOCK_50'                                                                                                                                                                  ;
+-------+---------------------------------------------+---------------------------------------------+---------------------------------------------+-------------+--------------+------------+------------+
; Slack ; From Node                                   ; To Node                                     ; Launch Clock                                ; Latch Clock ; Relationship ; Clock Skew ; Data Delay ;
+-------+---------------------------------------------+---------------------------------------------+---------------------------------------------+-------------+--------------+------------+------------+
; 0.350 ; ps2:u_ps2|keyboard:u1|clock_enable          ; ps2:u_ps2|keyboard:u1|clock_enable          ; CLOCK_50                                    ; CLOCK_50    ; 0.000        ; 0.087      ; 0.608      ;
; 0.403 ; ps2:u_ps2|keyboard:u1|filter[6]             ; ps2:u_ps2|keyboard:u1|filter[5]             ; CLOCK_50                                    ; CLOCK_50    ; 0.000        ; 0.072      ; 0.646      ;
; 0.563 ; ps2:u_ps2|keyboard:u1|filter[4]             ; ps2:u_ps2|keyboard:u1|filter[3]             ; CLOCK_50                                    ; CLOCK_50    ; 0.000        ; 0.072      ; 0.806      ;
; 0.565 ; ps2:u_ps2|keyboard:u1|filter[5]             ; ps2:u_ps2|keyboard:u1|filter[4]             ; CLOCK_50                                    ; CLOCK_50    ; 0.000        ; 0.072      ; 0.808      ;
; 0.566 ; ps2:u_ps2|keyboard:u1|filter[3]             ; ps2:u_ps2|keyboard:u1|filter[2]             ; CLOCK_50                                    ; CLOCK_50    ; 0.000        ; 0.072      ; 0.809      ;
; 0.573 ; ps2:u_ps2|keyboard:u1|filter[7]             ; ps2:u_ps2|keyboard:u1|filter[6]             ; CLOCK_50                                    ; CLOCK_50    ; 0.000        ; 0.072      ; 0.816      ;
; 0.690 ; ps2:u_ps2|keyboard:u1|filter[2]             ; ps2:u_ps2|keyboard:u1|filter[1]             ; CLOCK_50                                    ; CLOCK_50    ; 0.000        ; 0.072      ; 0.933      ;
; 0.732 ; ps2:u_ps2|keyboard:u1|filter[1]             ; ps2:u_ps2|keyboard:u1|filter[0]             ; CLOCK_50                                    ; CLOCK_50    ; 0.000        ; 0.072      ; 0.975      ;
; 1.227 ; ps2:u_ps2|keyboard:u1|scan_ready            ; ps2:u_ps2|oneshot:pulser|delay              ; ps2:u_ps2|keyboard:u1|scan_ready            ; CLOCK_50    ; 0.000        ; 2.763      ; 4.404      ;
; 1.290 ; ps2:u_ps2|keyboard:u1|clock_enable          ; ps2:u_ps2|keyboard:u1|keyboard_clk_filtered ; CLOCK_50                                    ; CLOCK_50    ; 0.000        ; -0.275     ; 1.186      ;
; 1.290 ; ps2:u_ps2|keyboard:u1|clock_enable          ; ps2:u_ps2|keyboard:u1|filter[0]             ; CLOCK_50                                    ; CLOCK_50    ; 0.000        ; -0.275     ; 1.186      ;
; 1.290 ; ps2:u_ps2|keyboard:u1|clock_enable          ; ps2:u_ps2|keyboard:u1|filter[1]             ; CLOCK_50                                    ; CLOCK_50    ; 0.000        ; -0.275     ; 1.186      ;
; 1.290 ; ps2:u_ps2|keyboard:u1|clock_enable          ; ps2:u_ps2|keyboard:u1|filter[2]             ; CLOCK_50                                    ; CLOCK_50    ; 0.000        ; -0.275     ; 1.186      ;
; 1.290 ; ps2:u_ps2|keyboard:u1|clock_enable          ; ps2:u_ps2|keyboard:u1|filter[3]             ; CLOCK_50                                    ; CLOCK_50    ; 0.000        ; -0.275     ; 1.186      ;
; 1.290 ; ps2:u_ps2|keyboard:u1|clock_enable          ; ps2:u_ps2|keyboard:u1|filter[4]             ; CLOCK_50                                    ; CLOCK_50    ; 0.000        ; -0.275     ; 1.186      ;
; 1.290 ; ps2:u_ps2|keyboard:u1|clock_enable          ; ps2:u_ps2|keyboard:u1|filter[5]             ; CLOCK_50                                    ; CLOCK_50    ; 0.000        ; -0.275     ; 1.186      ;
; 1.290 ; ps2:u_ps2|keyboard:u1|clock_enable          ; ps2:u_ps2|keyboard:u1|filter[6]             ; CLOCK_50                                    ; CLOCK_50    ; 0.000        ; -0.275     ; 1.186      ;
; 1.290 ; ps2:u_ps2|keyboard:u1|clock_enable          ; ps2:u_ps2|keyboard:u1|filter[7]             ; CLOCK_50                                    ; CLOCK_50    ; 0.000        ; -0.275     ; 1.186      ;
; 1.291 ; ps2:u_ps2|keyboard:u1|scan_ready            ; ps2:u_ps2|oneshot:pulser|pulse_out          ; ps2:u_ps2|keyboard:u1|scan_ready            ; CLOCK_50    ; 0.000        ; 2.763      ; 4.468      ;
; 1.307 ; ps2:u_ps2|keyboard:u1|keyboard_clk_filtered ; ps2:u_ps2|keyboard:u1|keyboard_clk_filtered ; ps2:u_ps2|keyboard:u1|keyboard_clk_filtered ; CLOCK_50    ; 0.000        ; 2.768      ; 4.489      ;
; 1.548 ; ps2:u_ps2|keyboard:u1|scan_ready            ; ps2:u_ps2|oneshot:pulser|delay              ; ps2:u_ps2|keyboard:u1|scan_ready            ; CLOCK_50    ; -0.500       ; 2.763      ; 4.225      ;
; 1.551 ; ps2:u_ps2|keyboard:u1|keyboard_clk_filtered ; ps2:u_ps2|keyboard:u1|keyboard_clk_filtered ; ps2:u_ps2|keyboard:u1|keyboard_clk_filtered ; CLOCK_50    ; -0.500       ; 2.768      ; 4.233      ;
; 1.585 ; ps2:u_ps2|keyboard:u1|filter[2]             ; ps2:u_ps2|keyboard:u1|keyboard_clk_filtered ; CLOCK_50                                    ; CLOCK_50    ; 0.000        ; 0.072      ; 1.828      ;
; 1.607 ; ps2:u_ps2|keyboard:u1|scan_ready            ; ps2:u_ps2|oneshot:pulser|pulse_out          ; ps2:u_ps2|keyboard:u1|scan_ready            ; CLOCK_50    ; -0.500       ; 2.763      ; 4.284      ;
; 1.696 ; ps2:u_ps2|oneshot:pulser|delay              ; ps2:u_ps2|oneshot:pulser|pulse_out          ; CLOCK_50                                    ; CLOCK_50    ; 0.000        ; 0.072      ; 1.939      ;
; 1.728 ; ps2:u_ps2|oneshot:pulser|delay              ; ps2:u_ps2|oneshot:pulser|delay              ; CLOCK_50                                    ; CLOCK_50    ; 0.000        ; 0.072      ; 1.971      ;
; 1.766 ; ps2:u_ps2|keyboard:u1|filter[7]             ; ps2:u_ps2|keyboard:u1|keyboard_clk_filtered ; CLOCK_50                                    ; CLOCK_50    ; 0.000        ; 0.072      ; 2.009      ;
; 1.836 ; ps2:u_ps2|keyboard:u1|filter[4]             ; ps2:u_ps2|keyboard:u1|keyboard_clk_filtered ; CLOCK_50                                    ; CLOCK_50    ; 0.000        ; 0.072      ; 2.079      ;
; 1.956 ; ps2:u_ps2|keyboard:u1|filter[0]             ; ps2:u_ps2|keyboard:u1|keyboard_clk_filtered ; CLOCK_50                                    ; CLOCK_50    ; 0.000        ; 0.072      ; 2.199      ;
; 2.047 ; ps2:u_ps2|keyboard:u1|filter[1]             ; ps2:u_ps2|keyboard:u1|keyboard_clk_filtered ; CLOCK_50                                    ; CLOCK_50    ; 0.000        ; 0.072      ; 2.290      ;
; 2.243 ; ps2:u_ps2|keyboard:u1|filter[6]             ; ps2:u_ps2|keyboard:u1|keyboard_clk_filtered ; CLOCK_50                                    ; CLOCK_50    ; 0.000        ; 0.072      ; 2.486      ;
; 2.266 ; ps2:u_ps2|keyboard:u1|filter[5]             ; ps2:u_ps2|keyboard:u1|keyboard_clk_filtered ; CLOCK_50                                    ; CLOCK_50    ; 0.000        ; 0.072      ; 2.509      ;
; 2.344 ; ps2:u_ps2|keyboard:u1|filter[3]             ; ps2:u_ps2|keyboard:u1|keyboard_clk_filtered ; CLOCK_50                                    ; CLOCK_50    ; 0.000        ; 0.072      ; 2.587      ;
+-------+---------------------------------------------+---------------------------------------------+---------------------------------------------+-------------+--------------+------------+------------+


+--------------------------------------------------------------------------------------------------------------------------------------------------------------------------------------------------------------------+
; Slow 1200mV 0C Model Hold: 'ps2:u_ps2|keyboard:u1|keyboard_clk_filtered'                                                                                                                                           ;
+-------+----------------------------------+------------------------------------+---------------------------------------------+---------------------------------------------+--------------+------------+------------+
; Slack ; From Node                        ; To Node                            ; Launch Clock                                ; Latch Clock                                 ; Relationship ; Clock Skew ; Data Delay ;
+-------+----------------------------------+------------------------------------+---------------------------------------------+---------------------------------------------+--------------+------------+------------+
; 0.353 ; ps2:u_ps2|keyboard:u1|READ_CHAR  ; ps2:u_ps2|keyboard:u1|READ_CHAR    ; ps2:u_ps2|keyboard:u1|keyboard_clk_filtered ; ps2:u_ps2|keyboard:u1|keyboard_clk_filtered ; 0.000        ; 0.073      ; 0.597      ;
; 0.353 ; ps2:u_ps2|keyboard:u1|INCNT[1]   ; ps2:u_ps2|keyboard:u1|INCNT[1]     ; ps2:u_ps2|keyboard:u1|keyboard_clk_filtered ; ps2:u_ps2|keyboard:u1|keyboard_clk_filtered ; 0.000        ; 0.073      ; 0.597      ;
; 0.364 ; ps2:u_ps2|keyboard:u1|INCNT[0]   ; ps2:u_ps2|keyboard:u1|INCNT[0]     ; ps2:u_ps2|keyboard:u1|keyboard_clk_filtered ; ps2:u_ps2|keyboard:u1|keyboard_clk_filtered ; 0.000        ; 0.073      ; 0.608      ;
; 0.388 ; ps2:u_ps2|keyboard:u1|SHIFTIN[6] ; ps2:u_ps2|keyboard:u1|SHIFTIN[5]   ; ps2:u_ps2|keyboard:u1|keyboard_clk_filtered ; ps2:u_ps2|keyboard:u1|keyboard_clk_filtered ; 0.000        ; 0.088      ; 0.647      ;
; 0.399 ; ps2:u_ps2|keyboard:u1|SHIFTIN[4] ; ps2:u_ps2|keyboard:u1|SHIFTIN[3]   ; ps2:u_ps2|keyboard:u1|keyboard_clk_filtered ; ps2:u_ps2|keyboard:u1|keyboard_clk_filtered ; 0.000        ; 0.088      ; 0.658      ;
; 0.402 ; ps2:u_ps2|keyboard:u1|SHIFTIN[5] ; ps2:u_ps2|keyboard:u1|SHIFTIN[4]   ; ps2:u_ps2|keyboard:u1|keyboard_clk_filtered ; ps2:u_ps2|keyboard:u1|keyboard_clk_filtered ; 0.000        ; 0.088      ; 0.661      ;
; 0.491 ; ps2:u_ps2|keyboard:u1|SHIFTIN[8] ; ps2:u_ps2|keyboard:u1|SHIFTIN[7]   ; ps2:u_ps2|keyboard:u1|keyboard_clk_filtered ; ps2:u_ps2|keyboard:u1|keyboard_clk_filtered ; 0.000        ; 0.088      ; 0.750      ;
; 0.511 ; ps2:u_ps2|keyboard:u1|SHIFTIN[1] ; ps2:u_ps2|keyboard:u1|SHIFTIN[0]   ; ps2:u_ps2|keyboard:u1|keyboard_clk_filtered ; ps2:u_ps2|keyboard:u1|keyboard_clk_filtered ; 0.000        ; 0.088      ; 0.770      ;
; 0.512 ; ps2:u_ps2|keyboard:u1|SHIFTIN[7] ; ps2:u_ps2|keyboard:u1|SHIFTIN[6]   ; ps2:u_ps2|keyboard:u1|keyboard_clk_filtered ; ps2:u_ps2|keyboard:u1|keyboard_clk_filtered ; 0.000        ; 0.088      ; 0.771      ;
; 0.552 ; ps2:u_ps2|keyboard:u1|SHIFTIN[3] ; ps2:u_ps2|keyboard:u1|SHIFTIN[2]   ; ps2:u_ps2|keyboard:u1|keyboard_clk_filtered ; ps2:u_ps2|keyboard:u1|keyboard_clk_filtered ; 0.000        ; 0.088      ; 0.811      ;
; 0.712 ; ps2:u_ps2|keyboard:u1|INCNT[0]   ; ps2:u_ps2|keyboard:u1|INCNT[2]     ; ps2:u_ps2|keyboard:u1|keyboard_clk_filtered ; ps2:u_ps2|keyboard:u1|keyboard_clk_filtered ; 0.000        ; 0.073      ; 0.956      ;
; 0.720 ; ps2:u_ps2|keyboard:u1|SHIFTIN[2] ; ps2:u_ps2|keyboard:u1|SHIFTIN[1]   ; ps2:u_ps2|keyboard:u1|keyboard_clk_filtered ; ps2:u_ps2|keyboard:u1|keyboard_clk_filtered ; 0.000        ; 0.088      ; 0.979      ;
; 0.728 ; ps2:u_ps2|keyboard:u1|READ_CHAR  ; ps2:u_ps2|keyboard:u1|ready_set    ; ps2:u_ps2|keyboard:u1|keyboard_clk_filtered ; ps2:u_ps2|keyboard:u1|keyboard_clk_filtered ; 0.000        ; 0.073      ; 0.972      ;
; 0.778 ; ps2:u_ps2|keyboard:u1|SHIFTIN[6] ; ps2:u_ps2|keyboard:u1|scan_code[6] ; ps2:u_ps2|keyboard:u1|keyboard_clk_filtered ; ps2:u_ps2|keyboard:u1|keyboard_clk_filtered ; 0.000        ; -0.301     ; 0.648      ;
; 0.794 ; ps2:u_ps2|keyboard:u1|INCNT[2]   ; ps2:u_ps2|keyboard:u1|INCNT[0]     ; ps2:u_ps2|keyboard:u1|keyboard_clk_filtered ; ps2:u_ps2|keyboard:u1|keyboard_clk_filtered ; 0.000        ; 0.073      ; 1.038      ;
; 0.860 ; ps2:u_ps2|keyboard:u1|INCNT[3]   ; ps2:u_ps2|keyboard:u1|INCNT[3]     ; ps2:u_ps2|keyboard:u1|keyboard_clk_filtered ; ps2:u_ps2|keyboard:u1|keyboard_clk_filtered ; 0.000        ; 0.073      ; 1.104      ;
; 0.895 ; ps2:u_ps2|keyboard:u1|INCNT[3]   ; ps2:u_ps2|keyboard:u1|INCNT[0]     ; ps2:u_ps2|keyboard:u1|keyboard_clk_filtered ; ps2:u_ps2|keyboard:u1|keyboard_clk_filtered ; 0.000        ; 0.073      ; 1.139      ;
; 0.924 ; ps2:u_ps2|keyboard:u1|INCNT[0]   ; ps2:u_ps2|keyboard:u1|INCNT[1]     ; ps2:u_ps2|keyboard:u1|keyboard_clk_filtered ; ps2:u_ps2|keyboard:u1|keyboard_clk_filtered ; 0.000        ; 0.073      ; 1.168      ;
; 0.928 ; ps2:u_ps2|keyboard:u1|INCNT[2]   ; ps2:u_ps2|keyboard:u1|INCNT[2]     ; ps2:u_ps2|keyboard:u1|keyboard_clk_filtered ; ps2:u_ps2|keyboard:u1|keyboard_clk_filtered ; 0.000        ; 0.073      ; 1.172      ;
; 0.938 ; ps2:u_ps2|keyboard:u1|SHIFTIN[7] ; ps2:u_ps2|keyboard:u1|scan_code[7] ; ps2:u_ps2|keyboard:u1|keyboard_clk_filtered ; ps2:u_ps2|keyboard:u1|keyboard_clk_filtered ; 0.000        ; -0.300     ; 0.809      ;
; 0.950 ; ps2:u_ps2|keyboard:u1|SHIFTIN[4] ; ps2:u_ps2|keyboard:u1|scan_code[4] ; ps2:u_ps2|keyboard:u1|keyboard_clk_filtered ; ps2:u_ps2|keyboard:u1|keyboard_clk_filtered ; 0.000        ; -0.300     ; 0.821      ;
; 0.951 ; ps2:u_ps2|keyboard:u1|SHIFTIN[5] ; ps2:u_ps2|keyboard:u1|scan_code[5] ; ps2:u_ps2|keyboard:u1|keyboard_clk_filtered ; ps2:u_ps2|keyboard:u1|keyboard_clk_filtered ; 0.000        ; -0.300     ; 0.822      ;
; 0.980 ; ps2:u_ps2|keyboard:u1|INCNT[2]   ; ps2:u_ps2|keyboard:u1|INCNT[3]     ; ps2:u_ps2|keyboard:u1|keyboard_clk_filtered ; ps2:u_ps2|keyboard:u1|keyboard_clk_filtered ; 0.000        ; 0.073      ; 1.224      ;
; 0.991 ; ps2:u_ps2|keyboard:u1|INCNT[1]   ; ps2:u_ps2|keyboard:u1|INCNT[2]     ; ps2:u_ps2|keyboard:u1|keyboard_clk_filtered ; ps2:u_ps2|keyboard:u1|keyboard_clk_filtered ; 0.000        ; 0.073      ; 1.235      ;
; 0.999 ; ps2:u_ps2|keyboard:u1|INCNT[2]   ; ps2:u_ps2|keyboard:u1|READ_CHAR    ; ps2:u_ps2|keyboard:u1|keyboard_clk_filtered ; ps2:u_ps2|keyboard:u1|keyboard_clk_filtered ; 0.000        ; 0.073      ; 1.243      ;
; 1.030 ; ps2:u_ps2|keyboard:u1|INCNT[2]   ; ps2:u_ps2|keyboard:u1|INCNT[1]     ; ps2:u_ps2|keyboard:u1|keyboard_clk_filtered ; ps2:u_ps2|keyboard:u1|keyboard_clk_filtered ; 0.000        ; 0.073      ; 1.274      ;
; 1.047 ; ps2:u_ps2|keyboard:u1|INCNT[1]   ; ps2:u_ps2|keyboard:u1|INCNT[0]     ; ps2:u_ps2|keyboard:u1|keyboard_clk_filtered ; ps2:u_ps2|keyboard:u1|keyboard_clk_filtered ; 0.000        ; 0.073      ; 1.291      ;
; 1.081 ; ps2:u_ps2|keyboard:u1|INCNT[2]   ; ps2:u_ps2|keyboard:u1|ready_set    ; ps2:u_ps2|keyboard:u1|keyboard_clk_filtered ; ps2:u_ps2|keyboard:u1|keyboard_clk_filtered ; 0.000        ; 0.073      ; 1.325      ;
; 1.099 ; ps2:u_ps2|keyboard:u1|SHIFTIN[2] ; ps2:u_ps2|keyboard:u1|scan_code[2] ; ps2:u_ps2|keyboard:u1|keyboard_clk_filtered ; ps2:u_ps2|keyboard:u1|keyboard_clk_filtered ; 0.000        ; -0.302     ; 0.968      ;
; 1.100 ; ps2:u_ps2|keyboard:u1|INCNT[3]   ; ps2:u_ps2|keyboard:u1|READ_CHAR    ; ps2:u_ps2|keyboard:u1|keyboard_clk_filtered ; ps2:u_ps2|keyboard:u1|keyboard_clk_filtered ; 0.000        ; 0.073      ; 1.344      ;
; 1.104 ; ps2:u_ps2|keyboard:u1|INCNT[3]   ; ps2:u_ps2|keyboard:u1|INCNT[2]     ; ps2:u_ps2|keyboard:u1|keyboard_clk_filtered ; ps2:u_ps2|keyboard:u1|keyboard_clk_filtered ; 0.000        ; 0.073      ; 1.348      ;
; 1.116 ; ps2:u_ps2|keyboard:u1|SHIFTIN[0] ; ps2:u_ps2|keyboard:u1|scan_code[0] ; ps2:u_ps2|keyboard:u1|keyboard_clk_filtered ; ps2:u_ps2|keyboard:u1|keyboard_clk_filtered ; 0.000        ; -0.302     ; 0.985      ;
; 1.122 ; ps2:u_ps2|keyboard:u1|INCNT[1]   ; ps2:u_ps2|keyboard:u1|INCNT[3]     ; ps2:u_ps2|keyboard:u1|keyboard_clk_filtered ; ps2:u_ps2|keyboard:u1|keyboard_clk_filtered ; 0.000        ; 0.073      ; 1.366      ;
; 1.128 ; ps2:u_ps2|keyboard:u1|SHIFTIN[3] ; ps2:u_ps2|keyboard:u1|scan_code[3] ; ps2:u_ps2|keyboard:u1|keyboard_clk_filtered ; ps2:u_ps2|keyboard:u1|keyboard_clk_filtered ; 0.000        ; -0.302     ; 0.997      ;
; 1.131 ; ps2:u_ps2|keyboard:u1|INCNT[3]   ; ps2:u_ps2|keyboard:u1|INCNT[1]     ; ps2:u_ps2|keyboard:u1|keyboard_clk_filtered ; ps2:u_ps2|keyboard:u1|keyboard_clk_filtered ; 0.000        ; 0.073      ; 1.375      ;
; 1.154 ; ps2:u_ps2|keyboard:u1|SHIFTIN[1] ; ps2:u_ps2|keyboard:u1|scan_code[1] ; ps2:u_ps2|keyboard:u1|keyboard_clk_filtered ; ps2:u_ps2|keyboard:u1|keyboard_clk_filtered ; 0.000        ; -0.302     ; 1.023      ;
; 1.182 ; ps2:u_ps2|keyboard:u1|INCNT[3]   ; ps2:u_ps2|keyboard:u1|ready_set    ; ps2:u_ps2|keyboard:u1|keyboard_clk_filtered ; ps2:u_ps2|keyboard:u1|keyboard_clk_filtered ; 0.000        ; 0.073      ; 1.426      ;
; 1.225 ; ps2:u_ps2|keyboard:u1|ready_set  ; ps2:u_ps2|keyboard:u1|ready_set    ; ps2:u_ps2|keyboard:u1|ready_set             ; ps2:u_ps2|keyboard:u1|keyboard_clk_filtered ; 0.000        ; 3.026      ; 4.645      ;
; 1.252 ; ps2:u_ps2|keyboard:u1|INCNT[1]   ; ps2:u_ps2|keyboard:u1|READ_CHAR    ; ps2:u_ps2|keyboard:u1|keyboard_clk_filtered ; ps2:u_ps2|keyboard:u1|keyboard_clk_filtered ; 0.000        ; 0.073      ; 1.496      ;
; 1.264 ; ps2:u_ps2|keyboard:u1|INCNT[0]   ; ps2:u_ps2|keyboard:u1|INCNT[3]     ; ps2:u_ps2|keyboard:u1|keyboard_clk_filtered ; ps2:u_ps2|keyboard:u1|keyboard_clk_filtered ; 0.000        ; 0.073      ; 1.508      ;
; 1.266 ; ps2:u_ps2|keyboard:u1|INCNT[0]   ; ps2:u_ps2|keyboard:u1|READ_CHAR    ; ps2:u_ps2|keyboard:u1|keyboard_clk_filtered ; ps2:u_ps2|keyboard:u1|keyboard_clk_filtered ; 0.000        ; 0.073      ; 1.510      ;
; 1.320 ; ps2:u_ps2|keyboard:u1|READ_CHAR  ; ps2:u_ps2|keyboard:u1|SHIFTIN[0]   ; ps2:u_ps2|keyboard:u1|keyboard_clk_filtered ; ps2:u_ps2|keyboard:u1|keyboard_clk_filtered ; 0.000        ; 0.463      ; 1.954      ;
; 1.320 ; ps2:u_ps2|keyboard:u1|READ_CHAR  ; ps2:u_ps2|keyboard:u1|SHIFTIN[1]   ; ps2:u_ps2|keyboard:u1|keyboard_clk_filtered ; ps2:u_ps2|keyboard:u1|keyboard_clk_filtered ; 0.000        ; 0.463      ; 1.954      ;
; 1.320 ; ps2:u_ps2|keyboard:u1|READ_CHAR  ; ps2:u_ps2|keyboard:u1|SHIFTIN[2]   ; ps2:u_ps2|keyboard:u1|keyboard_clk_filtered ; ps2:u_ps2|keyboard:u1|keyboard_clk_filtered ; 0.000        ; 0.463      ; 1.954      ;
; 1.320 ; ps2:u_ps2|keyboard:u1|READ_CHAR  ; ps2:u_ps2|keyboard:u1|SHIFTIN[3]   ; ps2:u_ps2|keyboard:u1|keyboard_clk_filtered ; ps2:u_ps2|keyboard:u1|keyboard_clk_filtered ; 0.000        ; 0.463      ; 1.954      ;
; 1.320 ; ps2:u_ps2|keyboard:u1|READ_CHAR  ; ps2:u_ps2|keyboard:u1|SHIFTIN[4]   ; ps2:u_ps2|keyboard:u1|keyboard_clk_filtered ; ps2:u_ps2|keyboard:u1|keyboard_clk_filtered ; 0.000        ; 0.463      ; 1.954      ;
; 1.320 ; ps2:u_ps2|keyboard:u1|READ_CHAR  ; ps2:u_ps2|keyboard:u1|SHIFTIN[5]   ; ps2:u_ps2|keyboard:u1|keyboard_clk_filtered ; ps2:u_ps2|keyboard:u1|keyboard_clk_filtered ; 0.000        ; 0.463      ; 1.954      ;
; 1.320 ; ps2:u_ps2|keyboard:u1|READ_CHAR  ; ps2:u_ps2|keyboard:u1|SHIFTIN[6]   ; ps2:u_ps2|keyboard:u1|keyboard_clk_filtered ; ps2:u_ps2|keyboard:u1|keyboard_clk_filtered ; 0.000        ; 0.463      ; 1.954      ;
; 1.320 ; ps2:u_ps2|keyboard:u1|READ_CHAR  ; ps2:u_ps2|keyboard:u1|SHIFTIN[7]   ; ps2:u_ps2|keyboard:u1|keyboard_clk_filtered ; ps2:u_ps2|keyboard:u1|keyboard_clk_filtered ; 0.000        ; 0.463      ; 1.954      ;
; 1.320 ; ps2:u_ps2|keyboard:u1|READ_CHAR  ; ps2:u_ps2|keyboard:u1|SHIFTIN[8]   ; ps2:u_ps2|keyboard:u1|keyboard_clk_filtered ; ps2:u_ps2|keyboard:u1|keyboard_clk_filtered ; 0.000        ; 0.463      ; 1.954      ;
; 1.334 ; ps2:u_ps2|keyboard:u1|INCNT[1]   ; ps2:u_ps2|keyboard:u1|ready_set    ; ps2:u_ps2|keyboard:u1|keyboard_clk_filtered ; ps2:u_ps2|keyboard:u1|keyboard_clk_filtered ; 0.000        ; 0.073      ; 1.578      ;
; 1.348 ; ps2:u_ps2|keyboard:u1|INCNT[0]   ; ps2:u_ps2|keyboard:u1|ready_set    ; ps2:u_ps2|keyboard:u1|keyboard_clk_filtered ; ps2:u_ps2|keyboard:u1|keyboard_clk_filtered ; 0.000        ; 0.073      ; 1.592      ;
; 1.367 ; ps2:u_ps2|keyboard:u1|INCNT[2]   ; ps2:u_ps2|keyboard:u1|SHIFTIN[0]   ; ps2:u_ps2|keyboard:u1|keyboard_clk_filtered ; ps2:u_ps2|keyboard:u1|keyboard_clk_filtered ; 0.000        ; 0.463      ; 2.001      ;
; 1.367 ; ps2:u_ps2|keyboard:u1|INCNT[2]   ; ps2:u_ps2|keyboard:u1|SHIFTIN[1]   ; ps2:u_ps2|keyboard:u1|keyboard_clk_filtered ; ps2:u_ps2|keyboard:u1|keyboard_clk_filtered ; 0.000        ; 0.463      ; 2.001      ;
; 1.367 ; ps2:u_ps2|keyboard:u1|INCNT[2]   ; ps2:u_ps2|keyboard:u1|SHIFTIN[2]   ; ps2:u_ps2|keyboard:u1|keyboard_clk_filtered ; ps2:u_ps2|keyboard:u1|keyboard_clk_filtered ; 0.000        ; 0.463      ; 2.001      ;
; 1.367 ; ps2:u_ps2|keyboard:u1|INCNT[2]   ; ps2:u_ps2|keyboard:u1|SHIFTIN[3]   ; ps2:u_ps2|keyboard:u1|keyboard_clk_filtered ; ps2:u_ps2|keyboard:u1|keyboard_clk_filtered ; 0.000        ; 0.463      ; 2.001      ;
; 1.367 ; ps2:u_ps2|keyboard:u1|INCNT[2]   ; ps2:u_ps2|keyboard:u1|SHIFTIN[4]   ; ps2:u_ps2|keyboard:u1|keyboard_clk_filtered ; ps2:u_ps2|keyboard:u1|keyboard_clk_filtered ; 0.000        ; 0.463      ; 2.001      ;
; 1.367 ; ps2:u_ps2|keyboard:u1|INCNT[2]   ; ps2:u_ps2|keyboard:u1|SHIFTIN[5]   ; ps2:u_ps2|keyboard:u1|keyboard_clk_filtered ; ps2:u_ps2|keyboard:u1|keyboard_clk_filtered ; 0.000        ; 0.463      ; 2.001      ;
; 1.367 ; ps2:u_ps2|keyboard:u1|INCNT[2]   ; ps2:u_ps2|keyboard:u1|SHIFTIN[6]   ; ps2:u_ps2|keyboard:u1|keyboard_clk_filtered ; ps2:u_ps2|keyboard:u1|keyboard_clk_filtered ; 0.000        ; 0.463      ; 2.001      ;
; 1.367 ; ps2:u_ps2|keyboard:u1|INCNT[2]   ; ps2:u_ps2|keyboard:u1|SHIFTIN[7]   ; ps2:u_ps2|keyboard:u1|keyboard_clk_filtered ; ps2:u_ps2|keyboard:u1|keyboard_clk_filtered ; 0.000        ; 0.463      ; 2.001      ;
; 1.367 ; ps2:u_ps2|keyboard:u1|INCNT[2]   ; ps2:u_ps2|keyboard:u1|SHIFTIN[8]   ; ps2:u_ps2|keyboard:u1|keyboard_clk_filtered ; ps2:u_ps2|keyboard:u1|keyboard_clk_filtered ; 0.000        ; 0.463      ; 2.001      ;
; 1.416 ; ps2:u_ps2|keyboard:u1|ready_set  ; ps2:u_ps2|keyboard:u1|ready_set    ; ps2:u_ps2|keyboard:u1|ready_set             ; ps2:u_ps2|keyboard:u1|keyboard_clk_filtered ; -0.500       ; 3.026      ; 4.336      ;
; 1.468 ; ps2:u_ps2|keyboard:u1|INCNT[3]   ; ps2:u_ps2|keyboard:u1|SHIFTIN[0]   ; ps2:u_ps2|keyboard:u1|keyboard_clk_filtered ; ps2:u_ps2|keyboard:u1|keyboard_clk_filtered ; 0.000        ; 0.463      ; 2.102      ;
; 1.468 ; ps2:u_ps2|keyboard:u1|INCNT[3]   ; ps2:u_ps2|keyboard:u1|SHIFTIN[1]   ; ps2:u_ps2|keyboard:u1|keyboard_clk_filtered ; ps2:u_ps2|keyboard:u1|keyboard_clk_filtered ; 0.000        ; 0.463      ; 2.102      ;
; 1.468 ; ps2:u_ps2|keyboard:u1|INCNT[3]   ; ps2:u_ps2|keyboard:u1|SHIFTIN[2]   ; ps2:u_ps2|keyboard:u1|keyboard_clk_filtered ; ps2:u_ps2|keyboard:u1|keyboard_clk_filtered ; 0.000        ; 0.463      ; 2.102      ;
; 1.468 ; ps2:u_ps2|keyboard:u1|INCNT[3]   ; ps2:u_ps2|keyboard:u1|SHIFTIN[3]   ; ps2:u_ps2|keyboard:u1|keyboard_clk_filtered ; ps2:u_ps2|keyboard:u1|keyboard_clk_filtered ; 0.000        ; 0.463      ; 2.102      ;
; 1.468 ; ps2:u_ps2|keyboard:u1|INCNT[3]   ; ps2:u_ps2|keyboard:u1|SHIFTIN[4]   ; ps2:u_ps2|keyboard:u1|keyboard_clk_filtered ; ps2:u_ps2|keyboard:u1|keyboard_clk_filtered ; 0.000        ; 0.463      ; 2.102      ;
; 1.468 ; ps2:u_ps2|keyboard:u1|INCNT[3]   ; ps2:u_ps2|keyboard:u1|SHIFTIN[5]   ; ps2:u_ps2|keyboard:u1|keyboard_clk_filtered ; ps2:u_ps2|keyboard:u1|keyboard_clk_filtered ; 0.000        ; 0.463      ; 2.102      ;
; 1.468 ; ps2:u_ps2|keyboard:u1|INCNT[3]   ; ps2:u_ps2|keyboard:u1|SHIFTIN[6]   ; ps2:u_ps2|keyboard:u1|keyboard_clk_filtered ; ps2:u_ps2|keyboard:u1|keyboard_clk_filtered ; 0.000        ; 0.463      ; 2.102      ;
; 1.468 ; ps2:u_ps2|keyboard:u1|INCNT[3]   ; ps2:u_ps2|keyboard:u1|SHIFTIN[7]   ; ps2:u_ps2|keyboard:u1|keyboard_clk_filtered ; ps2:u_ps2|keyboard:u1|keyboard_clk_filtered ; 0.000        ; 0.463      ; 2.102      ;
; 1.468 ; ps2:u_ps2|keyboard:u1|INCNT[3]   ; ps2:u_ps2|keyboard:u1|SHIFTIN[8]   ; ps2:u_ps2|keyboard:u1|keyboard_clk_filtered ; ps2:u_ps2|keyboard:u1|keyboard_clk_filtered ; 0.000        ; 0.463      ; 2.102      ;
; 1.620 ; ps2:u_ps2|keyboard:u1|INCNT[1]   ; ps2:u_ps2|keyboard:u1|SHIFTIN[0]   ; ps2:u_ps2|keyboard:u1|keyboard_clk_filtered ; ps2:u_ps2|keyboard:u1|keyboard_clk_filtered ; 0.000        ; 0.463      ; 2.254      ;
; 1.620 ; ps2:u_ps2|keyboard:u1|INCNT[1]   ; ps2:u_ps2|keyboard:u1|SHIFTIN[1]   ; ps2:u_ps2|keyboard:u1|keyboard_clk_filtered ; ps2:u_ps2|keyboard:u1|keyboard_clk_filtered ; 0.000        ; 0.463      ; 2.254      ;
; 1.620 ; ps2:u_ps2|keyboard:u1|INCNT[1]   ; ps2:u_ps2|keyboard:u1|SHIFTIN[2]   ; ps2:u_ps2|keyboard:u1|keyboard_clk_filtered ; ps2:u_ps2|keyboard:u1|keyboard_clk_filtered ; 0.000        ; 0.463      ; 2.254      ;
; 1.620 ; ps2:u_ps2|keyboard:u1|INCNT[1]   ; ps2:u_ps2|keyboard:u1|SHIFTIN[3]   ; ps2:u_ps2|keyboard:u1|keyboard_clk_filtered ; ps2:u_ps2|keyboard:u1|keyboard_clk_filtered ; 0.000        ; 0.463      ; 2.254      ;
; 1.620 ; ps2:u_ps2|keyboard:u1|INCNT[1]   ; ps2:u_ps2|keyboard:u1|SHIFTIN[4]   ; ps2:u_ps2|keyboard:u1|keyboard_clk_filtered ; ps2:u_ps2|keyboard:u1|keyboard_clk_filtered ; 0.000        ; 0.463      ; 2.254      ;
; 1.620 ; ps2:u_ps2|keyboard:u1|INCNT[1]   ; ps2:u_ps2|keyboard:u1|SHIFTIN[5]   ; ps2:u_ps2|keyboard:u1|keyboard_clk_filtered ; ps2:u_ps2|keyboard:u1|keyboard_clk_filtered ; 0.000        ; 0.463      ; 2.254      ;
; 1.620 ; ps2:u_ps2|keyboard:u1|INCNT[1]   ; ps2:u_ps2|keyboard:u1|SHIFTIN[6]   ; ps2:u_ps2|keyboard:u1|keyboard_clk_filtered ; ps2:u_ps2|keyboard:u1|keyboard_clk_filtered ; 0.000        ; 0.463      ; 2.254      ;
; 1.620 ; ps2:u_ps2|keyboard:u1|INCNT[1]   ; ps2:u_ps2|keyboard:u1|SHIFTIN[7]   ; ps2:u_ps2|keyboard:u1|keyboard_clk_filtered ; ps2:u_ps2|keyboard:u1|keyboard_clk_filtered ; 0.000        ; 0.463      ; 2.254      ;
; 1.620 ; ps2:u_ps2|keyboard:u1|INCNT[1]   ; ps2:u_ps2|keyboard:u1|SHIFTIN[8]   ; ps2:u_ps2|keyboard:u1|keyboard_clk_filtered ; ps2:u_ps2|keyboard:u1|keyboard_clk_filtered ; 0.000        ; 0.463      ; 2.254      ;
; 1.634 ; ps2:u_ps2|keyboard:u1|INCNT[0]   ; ps2:u_ps2|keyboard:u1|SHIFTIN[0]   ; ps2:u_ps2|keyboard:u1|keyboard_clk_filtered ; ps2:u_ps2|keyboard:u1|keyboard_clk_filtered ; 0.000        ; 0.463      ; 2.268      ;
; 1.634 ; ps2:u_ps2|keyboard:u1|INCNT[0]   ; ps2:u_ps2|keyboard:u1|SHIFTIN[1]   ; ps2:u_ps2|keyboard:u1|keyboard_clk_filtered ; ps2:u_ps2|keyboard:u1|keyboard_clk_filtered ; 0.000        ; 0.463      ; 2.268      ;
; 1.634 ; ps2:u_ps2|keyboard:u1|INCNT[0]   ; ps2:u_ps2|keyboard:u1|SHIFTIN[2]   ; ps2:u_ps2|keyboard:u1|keyboard_clk_filtered ; ps2:u_ps2|keyboard:u1|keyboard_clk_filtered ; 0.000        ; 0.463      ; 2.268      ;
; 1.634 ; ps2:u_ps2|keyboard:u1|INCNT[0]   ; ps2:u_ps2|keyboard:u1|SHIFTIN[3]   ; ps2:u_ps2|keyboard:u1|keyboard_clk_filtered ; ps2:u_ps2|keyboard:u1|keyboard_clk_filtered ; 0.000        ; 0.463      ; 2.268      ;
; 1.634 ; ps2:u_ps2|keyboard:u1|INCNT[0]   ; ps2:u_ps2|keyboard:u1|SHIFTIN[4]   ; ps2:u_ps2|keyboard:u1|keyboard_clk_filtered ; ps2:u_ps2|keyboard:u1|keyboard_clk_filtered ; 0.000        ; 0.463      ; 2.268      ;
; 1.634 ; ps2:u_ps2|keyboard:u1|INCNT[0]   ; ps2:u_ps2|keyboard:u1|SHIFTIN[5]   ; ps2:u_ps2|keyboard:u1|keyboard_clk_filtered ; ps2:u_ps2|keyboard:u1|keyboard_clk_filtered ; 0.000        ; 0.463      ; 2.268      ;
; 1.634 ; ps2:u_ps2|keyboard:u1|INCNT[0]   ; ps2:u_ps2|keyboard:u1|SHIFTIN[6]   ; ps2:u_ps2|keyboard:u1|keyboard_clk_filtered ; ps2:u_ps2|keyboard:u1|keyboard_clk_filtered ; 0.000        ; 0.463      ; 2.268      ;
; 1.634 ; ps2:u_ps2|keyboard:u1|INCNT[0]   ; ps2:u_ps2|keyboard:u1|SHIFTIN[7]   ; ps2:u_ps2|keyboard:u1|keyboard_clk_filtered ; ps2:u_ps2|keyboard:u1|keyboard_clk_filtered ; 0.000        ; 0.463      ; 2.268      ;
; 1.634 ; ps2:u_ps2|keyboard:u1|INCNT[0]   ; ps2:u_ps2|keyboard:u1|SHIFTIN[8]   ; ps2:u_ps2|keyboard:u1|keyboard_clk_filtered ; ps2:u_ps2|keyboard:u1|keyboard_clk_filtered ; 0.000        ; 0.463      ; 2.268      ;
; 1.735 ; ps2:u_ps2|keyboard:u1|READ_CHAR  ; ps2:u_ps2|keyboard:u1|scan_code[6] ; ps2:u_ps2|keyboard:u1|keyboard_clk_filtered ; ps2:u_ps2|keyboard:u1|keyboard_clk_filtered ; 0.000        ; 0.074      ; 1.980      ;
; 1.834 ; ps2:u_ps2|keyboard:u1|INCNT[2]   ; ps2:u_ps2|keyboard:u1|scan_code[6] ; ps2:u_ps2|keyboard:u1|keyboard_clk_filtered ; ps2:u_ps2|keyboard:u1|keyboard_clk_filtered ; 0.000        ; 0.074      ; 2.079      ;
; 1.923 ; ps2:u_ps2|keyboard:u1|INCNT[3]   ; ps2:u_ps2|keyboard:u1|scan_code[6] ; ps2:u_ps2|keyboard:u1|keyboard_clk_filtered ; ps2:u_ps2|keyboard:u1|keyboard_clk_filtered ; 0.000        ; 0.074      ; 2.168      ;
; 1.952 ; ps2:u_ps2|keyboard:u1|READ_CHAR  ; ps2:u_ps2|keyboard:u1|scan_code[4] ; ps2:u_ps2|keyboard:u1|keyboard_clk_filtered ; ps2:u_ps2|keyboard:u1|keyboard_clk_filtered ; 0.000        ; 0.075      ; 2.198      ;
; 1.952 ; ps2:u_ps2|keyboard:u1|READ_CHAR  ; ps2:u_ps2|keyboard:u1|scan_code[5] ; ps2:u_ps2|keyboard:u1|keyboard_clk_filtered ; ps2:u_ps2|keyboard:u1|keyboard_clk_filtered ; 0.000        ; 0.075      ; 2.198      ;
; 1.952 ; ps2:u_ps2|keyboard:u1|READ_CHAR  ; ps2:u_ps2|keyboard:u1|scan_code[7] ; ps2:u_ps2|keyboard:u1|keyboard_clk_filtered ; ps2:u_ps2|keyboard:u1|keyboard_clk_filtered ; 0.000        ; 0.075      ; 2.198      ;
; 2.051 ; ps2:u_ps2|keyboard:u1|INCNT[2]   ; ps2:u_ps2|keyboard:u1|scan_code[4] ; ps2:u_ps2|keyboard:u1|keyboard_clk_filtered ; ps2:u_ps2|keyboard:u1|keyboard_clk_filtered ; 0.000        ; 0.075      ; 2.297      ;
; 2.051 ; ps2:u_ps2|keyboard:u1|INCNT[2]   ; ps2:u_ps2|keyboard:u1|scan_code[5] ; ps2:u_ps2|keyboard:u1|keyboard_clk_filtered ; ps2:u_ps2|keyboard:u1|keyboard_clk_filtered ; 0.000        ; 0.075      ; 2.297      ;
; 2.051 ; ps2:u_ps2|keyboard:u1|INCNT[2]   ; ps2:u_ps2|keyboard:u1|scan_code[7] ; ps2:u_ps2|keyboard:u1|keyboard_clk_filtered ; ps2:u_ps2|keyboard:u1|keyboard_clk_filtered ; 0.000        ; 0.075      ; 2.297      ;
; 2.071 ; ps2:u_ps2|keyboard:u1|INCNT[1]   ; ps2:u_ps2|keyboard:u1|scan_code[6] ; ps2:u_ps2|keyboard:u1|keyboard_clk_filtered ; ps2:u_ps2|keyboard:u1|keyboard_clk_filtered ; 0.000        ; 0.074      ; 2.316      ;
; 2.073 ; ps2:u_ps2|keyboard:u1|INCNT[0]   ; ps2:u_ps2|keyboard:u1|scan_code[6] ; ps2:u_ps2|keyboard:u1|keyboard_clk_filtered ; ps2:u_ps2|keyboard:u1|keyboard_clk_filtered ; 0.000        ; 0.074      ; 2.318      ;
+-------+----------------------------------+------------------------------------+---------------------------------------------+---------------------------------------------+--------------+------------+------------+


+----------------------------------------------------------------------------------------------------------------------------------------------------------------------------------------------+
; Slow 1200mV 0C Model Hold: 'ps2:u_ps2|keyboard:u1|scan_ready'                                                                                                                                ;
+-------+------------------------------------+-----------------------+---------------------------------------------+----------------------------------+--------------+------------+------------+
; Slack ; From Node                          ; To Node               ; Launch Clock                                ; Latch Clock                      ; Relationship ; Clock Skew ; Data Delay ;
+-------+------------------------------------+-----------------------+---------------------------------------------+----------------------------------+--------------+------------+------------+
; 0.416 ; ps2:u_ps2|history0[7]              ; ps2:u_ps2|history1[7] ; ps2:u_ps2|keyboard:u1|scan_ready            ; ps2:u_ps2|keyboard:u1|scan_ready ; 0.000        ; 0.072      ; 0.659      ;
; 0.416 ; ps2:u_ps2|history0[5]              ; ps2:u_ps2|history1[5] ; ps2:u_ps2|keyboard:u1|scan_ready            ; ps2:u_ps2|keyboard:u1|scan_ready ; 0.000        ; 0.072      ; 0.659      ;
; 0.416 ; ps2:u_ps2|history0[6]              ; ps2:u_ps2|history1[6] ; ps2:u_ps2|keyboard:u1|scan_ready            ; ps2:u_ps2|keyboard:u1|scan_ready ; 0.000        ; 0.072      ; 0.659      ;
; 0.418 ; ps2:u_ps2|history0[4]              ; ps2:u_ps2|history1[4] ; ps2:u_ps2|keyboard:u1|scan_ready            ; ps2:u_ps2|keyboard:u1|scan_ready ; 0.000        ; 0.072      ; 0.661      ;
; 0.418 ; ps2:u_ps2|history0[2]              ; ps2:u_ps2|history1[2] ; ps2:u_ps2|keyboard:u1|scan_ready            ; ps2:u_ps2|keyboard:u1|scan_ready ; 0.000        ; 0.072      ; 0.661      ;
; 0.569 ; ps2:u_ps2|history0[3]              ; ps2:u_ps2|history1[3] ; ps2:u_ps2|keyboard:u1|scan_ready            ; ps2:u_ps2|keyboard:u1|scan_ready ; 0.000        ; 0.072      ; 0.812      ;
; 0.569 ; ps2:u_ps2|history0[0]              ; ps2:u_ps2|history1[0] ; ps2:u_ps2|keyboard:u1|scan_ready            ; ps2:u_ps2|keyboard:u1|scan_ready ; 0.000        ; 0.072      ; 0.812      ;
; 0.569 ; ps2:u_ps2|history0[1]              ; ps2:u_ps2|history1[1] ; ps2:u_ps2|keyboard:u1|scan_ready            ; ps2:u_ps2|keyboard:u1|scan_ready ; 0.000        ; 0.072      ; 0.812      ;
; 0.589 ; ps2:u_ps2|keyboard:u1|scan_code[2] ; ps2:u_ps2|history0[2] ; ps2:u_ps2|keyboard:u1|keyboard_clk_filtered ; ps2:u_ps2|keyboard:u1|scan_ready ; 0.000        ; -0.141     ; 0.639      ;
; 0.590 ; ps2:u_ps2|keyboard:u1|scan_code[0] ; ps2:u_ps2|history0[0] ; ps2:u_ps2|keyboard:u1|keyboard_clk_filtered ; ps2:u_ps2|keyboard:u1|scan_ready ; 0.000        ; -0.141     ; 0.640      ;
; 0.590 ; ps2:u_ps2|keyboard:u1|scan_code[1] ; ps2:u_ps2|history0[1] ; ps2:u_ps2|keyboard:u1|keyboard_clk_filtered ; ps2:u_ps2|keyboard:u1|scan_ready ; 0.000        ; -0.141     ; 0.640      ;
; 0.591 ; ps2:u_ps2|keyboard:u1|scan_code[3] ; ps2:u_ps2|history0[3] ; ps2:u_ps2|keyboard:u1|keyboard_clk_filtered ; ps2:u_ps2|keyboard:u1|scan_ready ; 0.000        ; -0.141     ; 0.641      ;
; 0.741 ; ps2:u_ps2|keyboard:u1|scan_code[4] ; ps2:u_ps2|history0[4] ; ps2:u_ps2|keyboard:u1|keyboard_clk_filtered ; ps2:u_ps2|keyboard:u1|scan_ready ; 0.000        ; -0.141     ; 0.791      ;
; 0.742 ; ps2:u_ps2|keyboard:u1|scan_code[7] ; ps2:u_ps2|history0[7] ; ps2:u_ps2|keyboard:u1|keyboard_clk_filtered ; ps2:u_ps2|keyboard:u1|scan_ready ; 0.000        ; -0.141     ; 0.792      ;
; 0.742 ; ps2:u_ps2|keyboard:u1|scan_code[5] ; ps2:u_ps2|history0[5] ; ps2:u_ps2|keyboard:u1|keyboard_clk_filtered ; ps2:u_ps2|keyboard:u1|scan_ready ; 0.000        ; -0.141     ; 0.792      ;
; 0.902 ; ps2:u_ps2|keyboard:u1|scan_code[6] ; ps2:u_ps2|history0[6] ; ps2:u_ps2|keyboard:u1|keyboard_clk_filtered ; ps2:u_ps2|keyboard:u1|scan_ready ; 0.000        ; -0.140     ; 0.953      ;
+-------+------------------------------------+-----------------------+---------------------------------------------+----------------------------------+--------------+------------+------------+


+--------------------------------------------------------------------------------------------------------------------------------------------------------------------------+
; Slow 1200mV 0C Model Recovery: 'ps2:u_ps2|keyboard:u1|ready_set'                                                                                                         ;
+--------+------------------------------------+----------------------------------+--------------+---------------------------------+--------------+------------+------------+
; Slack  ; From Node                          ; To Node                          ; Launch Clock ; Latch Clock                     ; Relationship ; Clock Skew ; Data Delay ;
+--------+------------------------------------+----------------------------------+--------------+---------------------------------+--------------+------------+------------+
; -1.455 ; ps2:u_ps2|oneshot:pulser|pulse_out ; ps2:u_ps2|keyboard:u1|scan_ready ; CLOCK_50     ; ps2:u_ps2|keyboard:u1|ready_set ; 1.000        ; -1.204     ; 1.250      ;
+--------+------------------------------------+----------------------------------+--------------+---------------------------------+--------------+------------+------------+


+-------------------------------------------------------------------------------------------------------------------------------------------------------------------------+
; Slow 1200mV 0C Model Removal: 'ps2:u_ps2|keyboard:u1|ready_set'                                                                                                         ;
+-------+------------------------------------+----------------------------------+--------------+---------------------------------+--------------+------------+------------+
; Slack ; From Node                          ; To Node                          ; Launch Clock ; Latch Clock                     ; Relationship ; Clock Skew ; Data Delay ;
+-------+------------------------------------+----------------------------------+--------------+---------------------------------+--------------+------------+------------+
; 1.958 ; ps2:u_ps2|oneshot:pulser|pulse_out ; ps2:u_ps2|keyboard:u1|scan_ready ; CLOCK_50     ; ps2:u_ps2|keyboard:u1|ready_set ; 0.000        ; -1.021     ; 1.128      ;
+-------+------------------------------------+----------------------------------+--------------+---------------------------------+--------------+------------+------------+


----------------------------------------------
; Slow 1200mV 0C Model Metastability Summary ;
----------------------------------------------
No synchronizer chains to report.


+----------------------------------------------------------------------+
; Fast 1200mV 0C Model Setup Summary                                   ;
+---------------------------------------------+--------+---------------+
; Clock                                       ; Slack  ; End Point TNS ;
+---------------------------------------------+--------+---------------+
; CLOCK_50                                    ; -0.696 ; -1.894        ;
; ps2:u_ps2|keyboard:u1|keyboard_clk_filtered ; -0.579 ; -5.895        ;
; ps2:u_ps2|keyboard:u1|scan_ready            ; 0.260  ; 0.000         ;
+---------------------------------------------+--------+---------------+


+---------------------------------------------------------------------+
; Fast 1200mV 0C Model Hold Summary                                   ;
+---------------------------------------------+-------+---------------+
; Clock                                       ; Slack ; End Point TNS ;
+---------------------------------------------+-------+---------------+
; CLOCK_50                                    ; 0.180 ; 0.000         ;
; ps2:u_ps2|keyboard:u1|keyboard_clk_filtered ; 0.181 ; 0.000         ;
; ps2:u_ps2|keyboard:u1|scan_ready            ; 0.199 ; 0.000         ;
+---------------------------------------------+-------+---------------+


+----------------------------------------------------------+
; Fast 1200mV 0C Model Recovery Summary                    ;
+---------------------------------+--------+---------------+
; Clock                           ; Slack  ; End Point TNS ;
+---------------------------------+--------+---------------+
; ps2:u_ps2|keyboard:u1|ready_set ; -0.435 ; -0.435        ;
+---------------------------------+--------+---------------+


+---------------------------------------------------------+
; Fast 1200mV 0C Model Removal Summary                    ;
+---------------------------------+-------+---------------+
; Clock                           ; Slack ; End Point TNS ;
+---------------------------------+-------+---------------+
; ps2:u_ps2|keyboard:u1|ready_set ; 1.138 ; 0.000         ;
+---------------------------------+-------+---------------+


+----------------------------------------------------------------------+
; Fast 1200mV 0C Model Minimum Pulse Width Summary                     ;
+---------------------------------------------+--------+---------------+
; Clock                                       ; Slack  ; End Point TNS ;
+---------------------------------------------+--------+---------------+
; CLOCK_50                                    ; -3.000 ; -18.608       ;
; ps2:u_ps2|keyboard:u1|keyboard_clk_filtered ; -1.000 ; -23.000       ;
; ps2:u_ps2|keyboard:u1|scan_ready            ; -1.000 ; -16.000       ;
; ps2:u_ps2|keyboard:u1|ready_set             ; -1.000 ; -1.000        ;
+---------------------------------------------+--------+---------------+


+---------------------------------------------------------------------------------------------------------------------------------------------------------------------------------------------------------+
; Fast 1200mV 0C Model Setup: 'CLOCK_50'                                                                                                                                                                  ;
+--------+---------------------------------------------+---------------------------------------------+---------------------------------------------+-------------+--------------+------------+------------+
; Slack  ; From Node                                   ; To Node                                     ; Launch Clock                                ; Latch Clock ; Relationship ; Clock Skew ; Data Delay ;
+--------+---------------------------------------------+---------------------------------------------+---------------------------------------------+-------------+--------------+------------+------------+
; -0.696 ; ps2:u_ps2|keyboard:u1|filter[3]             ; ps2:u_ps2|keyboard:u1|keyboard_clk_filtered ; CLOCK_50                                    ; CLOCK_50    ; 1.000        ; -0.042     ; 1.641      ;
; -0.696 ; ps2:u_ps2|keyboard:u1|filter[2]             ; ps2:u_ps2|keyboard:u1|keyboard_clk_filtered ; CLOCK_50                                    ; CLOCK_50    ; 1.000        ; -0.042     ; 1.641      ;
; -0.660 ; ps2:u_ps2|keyboard:u1|keyboard_clk_filtered ; ps2:u_ps2|keyboard:u1|keyboard_clk_filtered ; ps2:u_ps2|keyboard:u1|keyboard_clk_filtered ; CLOCK_50    ; 0.500        ; 1.502      ; 2.744      ;
; -0.623 ; ps2:u_ps2|keyboard:u1|scan_ready            ; ps2:u_ps2|oneshot:pulser|pulse_out          ; ps2:u_ps2|keyboard:u1|scan_ready            ; CLOCK_50    ; 0.500        ; 1.499      ; 2.704      ;
; -0.608 ; ps2:u_ps2|keyboard:u1|filter[5]             ; ps2:u_ps2|keyboard:u1|keyboard_clk_filtered ; CLOCK_50                                    ; CLOCK_50    ; 1.000        ; -0.042     ; 1.553      ;
; -0.598 ; ps2:u_ps2|keyboard:u1|filter[6]             ; ps2:u_ps2|keyboard:u1|keyboard_clk_filtered ; CLOCK_50                                    ; CLOCK_50    ; 1.000        ; -0.042     ; 1.543      ;
; -0.575 ; ps2:u_ps2|keyboard:u1|scan_ready            ; ps2:u_ps2|oneshot:pulser|delay              ; ps2:u_ps2|keyboard:u1|scan_ready            ; CLOCK_50    ; 0.500        ; 1.499      ; 2.656      ;
; -0.435 ; ps2:u_ps2|keyboard:u1|filter[1]             ; ps2:u_ps2|keyboard:u1|keyboard_clk_filtered ; CLOCK_50                                    ; CLOCK_50    ; 1.000        ; -0.042     ; 1.380      ;
; -0.399 ; ps2:u_ps2|keyboard:u1|filter[0]             ; ps2:u_ps2|keyboard:u1|keyboard_clk_filtered ; CLOCK_50                                    ; CLOCK_50    ; 1.000        ; -0.042     ; 1.344      ;
; -0.348 ; ps2:u_ps2|keyboard:u1|filter[4]             ; ps2:u_ps2|keyboard:u1|keyboard_clk_filtered ; CLOCK_50                                    ; CLOCK_50    ; 1.000        ; -0.042     ; 1.293      ;
; -0.255 ; ps2:u_ps2|keyboard:u1|filter[7]             ; ps2:u_ps2|keyboard:u1|keyboard_clk_filtered ; CLOCK_50                                    ; CLOCK_50    ; 1.000        ; -0.042     ; 1.200      ;
; -0.227 ; ps2:u_ps2|oneshot:pulser|delay              ; ps2:u_ps2|oneshot:pulser|delay              ; CLOCK_50                                    ; CLOCK_50    ; 1.000        ; -0.042     ; 1.172      ;
; -0.205 ; ps2:u_ps2|oneshot:pulser|delay              ; ps2:u_ps2|oneshot:pulser|pulse_out          ; CLOCK_50                                    ; CLOCK_50    ; 1.000        ; -0.042     ; 1.150      ;
; 0.160  ; ps2:u_ps2|keyboard:u1|keyboard_clk_filtered ; ps2:u_ps2|keyboard:u1|keyboard_clk_filtered ; ps2:u_ps2|keyboard:u1|keyboard_clk_filtered ; CLOCK_50    ; 1.000        ; 1.502      ; 2.424      ;
; 0.171  ; ps2:u_ps2|keyboard:u1|clock_enable          ; ps2:u_ps2|keyboard:u1|keyboard_clk_filtered ; CLOCK_50                                    ; CLOCK_50    ; 1.000        ; -0.229     ; 0.587      ;
; 0.171  ; ps2:u_ps2|keyboard:u1|clock_enable          ; ps2:u_ps2|keyboard:u1|filter[0]             ; CLOCK_50                                    ; CLOCK_50    ; 1.000        ; -0.229     ; 0.587      ;
; 0.171  ; ps2:u_ps2|keyboard:u1|clock_enable          ; ps2:u_ps2|keyboard:u1|filter[1]             ; CLOCK_50                                    ; CLOCK_50    ; 1.000        ; -0.229     ; 0.587      ;
; 0.171  ; ps2:u_ps2|keyboard:u1|clock_enable          ; ps2:u_ps2|keyboard:u1|filter[2]             ; CLOCK_50                                    ; CLOCK_50    ; 1.000        ; -0.229     ; 0.587      ;
; 0.171  ; ps2:u_ps2|keyboard:u1|clock_enable          ; ps2:u_ps2|keyboard:u1|filter[3]             ; CLOCK_50                                    ; CLOCK_50    ; 1.000        ; -0.229     ; 0.587      ;
; 0.171  ; ps2:u_ps2|keyboard:u1|clock_enable          ; ps2:u_ps2|keyboard:u1|filter[4]             ; CLOCK_50                                    ; CLOCK_50    ; 1.000        ; -0.229     ; 0.587      ;
; 0.171  ; ps2:u_ps2|keyboard:u1|clock_enable          ; ps2:u_ps2|keyboard:u1|filter[5]             ; CLOCK_50                                    ; CLOCK_50    ; 1.000        ; -0.229     ; 0.587      ;
; 0.171  ; ps2:u_ps2|keyboard:u1|clock_enable          ; ps2:u_ps2|keyboard:u1|filter[6]             ; CLOCK_50                                    ; CLOCK_50    ; 1.000        ; -0.229     ; 0.587      ;
; 0.171  ; ps2:u_ps2|keyboard:u1|clock_enable          ; ps2:u_ps2|keyboard:u1|filter[7]             ; CLOCK_50                                    ; CLOCK_50    ; 1.000        ; -0.229     ; 0.587      ;
; 0.197  ; ps2:u_ps2|keyboard:u1|scan_ready            ; ps2:u_ps2|oneshot:pulser|pulse_out          ; ps2:u_ps2|keyboard:u1|scan_ready            ; CLOCK_50    ; 1.000        ; 1.499      ; 2.384      ;
; 0.239  ; ps2:u_ps2|keyboard:u1|scan_ready            ; ps2:u_ps2|oneshot:pulser|delay              ; ps2:u_ps2|keyboard:u1|scan_ready            ; CLOCK_50    ; 1.000        ; 1.499      ; 2.342      ;
; 0.413  ; ps2:u_ps2|keyboard:u1|filter[2]             ; ps2:u_ps2|keyboard:u1|filter[1]             ; CLOCK_50                                    ; CLOCK_50    ; 1.000        ; -0.042     ; 0.532      ;
; 0.419  ; ps2:u_ps2|keyboard:u1|filter[1]             ; ps2:u_ps2|keyboard:u1|filter[0]             ; CLOCK_50                                    ; CLOCK_50    ; 1.000        ; -0.042     ; 0.526      ;
; 0.478  ; ps2:u_ps2|keyboard:u1|filter[7]             ; ps2:u_ps2|keyboard:u1|filter[6]             ; CLOCK_50                                    ; CLOCK_50    ; 1.000        ; -0.042     ; 0.467      ;
; 0.483  ; ps2:u_ps2|keyboard:u1|filter[3]             ; ps2:u_ps2|keyboard:u1|filter[2]             ; CLOCK_50                                    ; CLOCK_50    ; 1.000        ; -0.042     ; 0.462      ;
; 0.483  ; ps2:u_ps2|keyboard:u1|filter[5]             ; ps2:u_ps2|keyboard:u1|filter[4]             ; CLOCK_50                                    ; CLOCK_50    ; 1.000        ; -0.042     ; 0.462      ;
; 0.485  ; ps2:u_ps2|keyboard:u1|filter[4]             ; ps2:u_ps2|keyboard:u1|filter[3]             ; CLOCK_50                                    ; CLOCK_50    ; 1.000        ; -0.042     ; 0.460      ;
; 0.564  ; ps2:u_ps2|keyboard:u1|filter[6]             ; ps2:u_ps2|keyboard:u1|filter[5]             ; CLOCK_50                                    ; CLOCK_50    ; 1.000        ; -0.042     ; 0.381      ;
; 0.578  ; ps2:u_ps2|keyboard:u1|clock_enable          ; ps2:u_ps2|keyboard:u1|clock_enable          ; CLOCK_50                                    ; CLOCK_50    ; 1.000        ; -0.050     ; 0.359      ;
+--------+---------------------------------------------+---------------------------------------------+---------------------------------------------+-------------+--------------+------------+------------+


+--------------------------------------------------------------------------------------------------------------------------------------------------------------------------------------------------------------------+
; Fast 1200mV 0C Model Setup: 'ps2:u_ps2|keyboard:u1|keyboard_clk_filtered'                                                                                                                                          ;
+--------+---------------------------------+------------------------------------+---------------------------------------------+---------------------------------------------+--------------+------------+------------+
; Slack  ; From Node                       ; To Node                            ; Launch Clock                                ; Latch Clock                                 ; Relationship ; Clock Skew ; Data Delay ;
+--------+---------------------------------+------------------------------------+---------------------------------------------+---------------------------------------------+--------------+------------+------------+
; -0.579 ; ps2:u_ps2|keyboard:u1|READ_CHAR ; ps2:u_ps2|keyboard:u1|ready_set    ; ps2:u_ps2|keyboard:u1|keyboard_clk_filtered ; ps2:u_ps2|keyboard:u1|keyboard_clk_filtered ; 1.000        ; -0.042     ; 1.524      ;
; -0.520 ; ps2:u_ps2|keyboard:u1|INCNT[1]  ; ps2:u_ps2|keyboard:u1|scan_code[0] ; ps2:u_ps2|keyboard:u1|keyboard_clk_filtered ; ps2:u_ps2|keyboard:u1|keyboard_clk_filtered ; 1.000        ; -0.042     ; 1.465      ;
; -0.520 ; ps2:u_ps2|keyboard:u1|INCNT[1]  ; ps2:u_ps2|keyboard:u1|scan_code[1] ; ps2:u_ps2|keyboard:u1|keyboard_clk_filtered ; ps2:u_ps2|keyboard:u1|keyboard_clk_filtered ; 1.000        ; -0.042     ; 1.465      ;
; -0.520 ; ps2:u_ps2|keyboard:u1|INCNT[1]  ; ps2:u_ps2|keyboard:u1|scan_code[2] ; ps2:u_ps2|keyboard:u1|keyboard_clk_filtered ; ps2:u_ps2|keyboard:u1|keyboard_clk_filtered ; 1.000        ; -0.042     ; 1.465      ;
; -0.520 ; ps2:u_ps2|keyboard:u1|INCNT[1]  ; ps2:u_ps2|keyboard:u1|scan_code[3] ; ps2:u_ps2|keyboard:u1|keyboard_clk_filtered ; ps2:u_ps2|keyboard:u1|keyboard_clk_filtered ; 1.000        ; -0.042     ; 1.465      ;
; -0.519 ; ps2:u_ps2|keyboard:u1|INCNT[0]  ; ps2:u_ps2|keyboard:u1|scan_code[0] ; ps2:u_ps2|keyboard:u1|keyboard_clk_filtered ; ps2:u_ps2|keyboard:u1|keyboard_clk_filtered ; 1.000        ; -0.042     ; 1.464      ;
; -0.519 ; ps2:u_ps2|keyboard:u1|INCNT[0]  ; ps2:u_ps2|keyboard:u1|scan_code[1] ; ps2:u_ps2|keyboard:u1|keyboard_clk_filtered ; ps2:u_ps2|keyboard:u1|keyboard_clk_filtered ; 1.000        ; -0.042     ; 1.464      ;
; -0.519 ; ps2:u_ps2|keyboard:u1|INCNT[0]  ; ps2:u_ps2|keyboard:u1|scan_code[2] ; ps2:u_ps2|keyboard:u1|keyboard_clk_filtered ; ps2:u_ps2|keyboard:u1|keyboard_clk_filtered ; 1.000        ; -0.042     ; 1.464      ;
; -0.519 ; ps2:u_ps2|keyboard:u1|INCNT[0]  ; ps2:u_ps2|keyboard:u1|scan_code[3] ; ps2:u_ps2|keyboard:u1|keyboard_clk_filtered ; ps2:u_ps2|keyboard:u1|keyboard_clk_filtered ; 1.000        ; -0.042     ; 1.464      ;
; -0.492 ; ps2:u_ps2|keyboard:u1|ready_set ; ps2:u_ps2|keyboard:u1|ready_set    ; ps2:u_ps2|keyboard:u1|ready_set             ; ps2:u_ps2|keyboard:u1|keyboard_clk_filtered ; 0.500        ; 1.660      ; 2.754      ;
; -0.420 ; ps2:u_ps2|keyboard:u1|INCNT[3]  ; ps2:u_ps2|keyboard:u1|scan_code[0] ; ps2:u_ps2|keyboard:u1|keyboard_clk_filtered ; ps2:u_ps2|keyboard:u1|keyboard_clk_filtered ; 1.000        ; -0.042     ; 1.365      ;
; -0.420 ; ps2:u_ps2|keyboard:u1|INCNT[3]  ; ps2:u_ps2|keyboard:u1|scan_code[1] ; ps2:u_ps2|keyboard:u1|keyboard_clk_filtered ; ps2:u_ps2|keyboard:u1|keyboard_clk_filtered ; 1.000        ; -0.042     ; 1.365      ;
; -0.420 ; ps2:u_ps2|keyboard:u1|INCNT[3]  ; ps2:u_ps2|keyboard:u1|scan_code[2] ; ps2:u_ps2|keyboard:u1|keyboard_clk_filtered ; ps2:u_ps2|keyboard:u1|keyboard_clk_filtered ; 1.000        ; -0.042     ; 1.365      ;
; -0.420 ; ps2:u_ps2|keyboard:u1|INCNT[3]  ; ps2:u_ps2|keyboard:u1|scan_code[3] ; ps2:u_ps2|keyboard:u1|keyboard_clk_filtered ; ps2:u_ps2|keyboard:u1|keyboard_clk_filtered ; 1.000        ; -0.042     ; 1.365      ;
; -0.403 ; ps2:u_ps2|keyboard:u1|INCNT[1]  ; ps2:u_ps2|keyboard:u1|scan_code[4] ; ps2:u_ps2|keyboard:u1|keyboard_clk_filtered ; ps2:u_ps2|keyboard:u1|keyboard_clk_filtered ; 1.000        ; -0.041     ; 1.349      ;
; -0.403 ; ps2:u_ps2|keyboard:u1|INCNT[1]  ; ps2:u_ps2|keyboard:u1|scan_code[5] ; ps2:u_ps2|keyboard:u1|keyboard_clk_filtered ; ps2:u_ps2|keyboard:u1|keyboard_clk_filtered ; 1.000        ; -0.041     ; 1.349      ;
; -0.403 ; ps2:u_ps2|keyboard:u1|INCNT[1]  ; ps2:u_ps2|keyboard:u1|scan_code[7] ; ps2:u_ps2|keyboard:u1|keyboard_clk_filtered ; ps2:u_ps2|keyboard:u1|keyboard_clk_filtered ; 1.000        ; -0.041     ; 1.349      ;
; -0.402 ; ps2:u_ps2|keyboard:u1|INCNT[0]  ; ps2:u_ps2|keyboard:u1|scan_code[4] ; ps2:u_ps2|keyboard:u1|keyboard_clk_filtered ; ps2:u_ps2|keyboard:u1|keyboard_clk_filtered ; 1.000        ; -0.041     ; 1.348      ;
; -0.402 ; ps2:u_ps2|keyboard:u1|INCNT[0]  ; ps2:u_ps2|keyboard:u1|scan_code[5] ; ps2:u_ps2|keyboard:u1|keyboard_clk_filtered ; ps2:u_ps2|keyboard:u1|keyboard_clk_filtered ; 1.000        ; -0.041     ; 1.348      ;
; -0.402 ; ps2:u_ps2|keyboard:u1|INCNT[0]  ; ps2:u_ps2|keyboard:u1|scan_code[7] ; ps2:u_ps2|keyboard:u1|keyboard_clk_filtered ; ps2:u_ps2|keyboard:u1|keyboard_clk_filtered ; 1.000        ; -0.041     ; 1.348      ;
; -0.380 ; ps2:u_ps2|keyboard:u1|INCNT[2]  ; ps2:u_ps2|keyboard:u1|scan_code[0] ; ps2:u_ps2|keyboard:u1|keyboard_clk_filtered ; ps2:u_ps2|keyboard:u1|keyboard_clk_filtered ; 1.000        ; -0.042     ; 1.325      ;
; -0.380 ; ps2:u_ps2|keyboard:u1|INCNT[2]  ; ps2:u_ps2|keyboard:u1|scan_code[1] ; ps2:u_ps2|keyboard:u1|keyboard_clk_filtered ; ps2:u_ps2|keyboard:u1|keyboard_clk_filtered ; 1.000        ; -0.042     ; 1.325      ;
; -0.380 ; ps2:u_ps2|keyboard:u1|INCNT[2]  ; ps2:u_ps2|keyboard:u1|scan_code[2] ; ps2:u_ps2|keyboard:u1|keyboard_clk_filtered ; ps2:u_ps2|keyboard:u1|keyboard_clk_filtered ; 1.000        ; -0.042     ; 1.325      ;
; -0.380 ; ps2:u_ps2|keyboard:u1|INCNT[2]  ; ps2:u_ps2|keyboard:u1|scan_code[3] ; ps2:u_ps2|keyboard:u1|keyboard_clk_filtered ; ps2:u_ps2|keyboard:u1|keyboard_clk_filtered ; 1.000        ; -0.042     ; 1.325      ;
; -0.342 ; ps2:u_ps2|keyboard:u1|READ_CHAR ; ps2:u_ps2|keyboard:u1|scan_code[0] ; ps2:u_ps2|keyboard:u1|keyboard_clk_filtered ; ps2:u_ps2|keyboard:u1|keyboard_clk_filtered ; 1.000        ; -0.042     ; 1.287      ;
; -0.342 ; ps2:u_ps2|keyboard:u1|READ_CHAR ; ps2:u_ps2|keyboard:u1|scan_code[1] ; ps2:u_ps2|keyboard:u1|keyboard_clk_filtered ; ps2:u_ps2|keyboard:u1|keyboard_clk_filtered ; 1.000        ; -0.042     ; 1.287      ;
; -0.342 ; ps2:u_ps2|keyboard:u1|READ_CHAR ; ps2:u_ps2|keyboard:u1|scan_code[2] ; ps2:u_ps2|keyboard:u1|keyboard_clk_filtered ; ps2:u_ps2|keyboard:u1|keyboard_clk_filtered ; 1.000        ; -0.042     ; 1.287      ;
; -0.342 ; ps2:u_ps2|keyboard:u1|READ_CHAR ; ps2:u_ps2|keyboard:u1|scan_code[3] ; ps2:u_ps2|keyboard:u1|keyboard_clk_filtered ; ps2:u_ps2|keyboard:u1|keyboard_clk_filtered ; 1.000        ; -0.042     ; 1.287      ;
; -0.334 ; ps2:u_ps2|keyboard:u1|READ_CHAR ; ps2:u_ps2|keyboard:u1|INCNT[3]     ; ps2:u_ps2|keyboard:u1|keyboard_clk_filtered ; ps2:u_ps2|keyboard:u1|keyboard_clk_filtered ; 1.000        ; -0.042     ; 1.279      ;
; -0.334 ; ps2:u_ps2|keyboard:u1|READ_CHAR ; ps2:u_ps2|keyboard:u1|INCNT[0]     ; ps2:u_ps2|keyboard:u1|keyboard_clk_filtered ; ps2:u_ps2|keyboard:u1|keyboard_clk_filtered ; 1.000        ; -0.042     ; 1.279      ;
; -0.334 ; ps2:u_ps2|keyboard:u1|READ_CHAR ; ps2:u_ps2|keyboard:u1|INCNT[1]     ; ps2:u_ps2|keyboard:u1|keyboard_clk_filtered ; ps2:u_ps2|keyboard:u1|keyboard_clk_filtered ; 1.000        ; -0.042     ; 1.279      ;
; -0.334 ; ps2:u_ps2|keyboard:u1|READ_CHAR ; ps2:u_ps2|keyboard:u1|INCNT[2]     ; ps2:u_ps2|keyboard:u1|keyboard_clk_filtered ; ps2:u_ps2|keyboard:u1|keyboard_clk_filtered ; 1.000        ; -0.042     ; 1.279      ;
; -0.303 ; ps2:u_ps2|keyboard:u1|INCNT[3]  ; ps2:u_ps2|keyboard:u1|scan_code[4] ; ps2:u_ps2|keyboard:u1|keyboard_clk_filtered ; ps2:u_ps2|keyboard:u1|keyboard_clk_filtered ; 1.000        ; -0.041     ; 1.249      ;
; -0.303 ; ps2:u_ps2|keyboard:u1|INCNT[3]  ; ps2:u_ps2|keyboard:u1|scan_code[5] ; ps2:u_ps2|keyboard:u1|keyboard_clk_filtered ; ps2:u_ps2|keyboard:u1|keyboard_clk_filtered ; 1.000        ; -0.041     ; 1.249      ;
; -0.303 ; ps2:u_ps2|keyboard:u1|INCNT[3]  ; ps2:u_ps2|keyboard:u1|scan_code[7] ; ps2:u_ps2|keyboard:u1|keyboard_clk_filtered ; ps2:u_ps2|keyboard:u1|keyboard_clk_filtered ; 1.000        ; -0.041     ; 1.249      ;
; -0.268 ; ps2:u_ps2|keyboard:u1|INCNT[1]  ; ps2:u_ps2|keyboard:u1|scan_code[6] ; ps2:u_ps2|keyboard:u1|keyboard_clk_filtered ; ps2:u_ps2|keyboard:u1|keyboard_clk_filtered ; 1.000        ; -0.042     ; 1.213      ;
; -0.267 ; ps2:u_ps2|keyboard:u1|INCNT[0]  ; ps2:u_ps2|keyboard:u1|scan_code[6] ; ps2:u_ps2|keyboard:u1|keyboard_clk_filtered ; ps2:u_ps2|keyboard:u1|keyboard_clk_filtered ; 1.000        ; -0.042     ; 1.212      ;
; -0.263 ; ps2:u_ps2|keyboard:u1|INCNT[2]  ; ps2:u_ps2|keyboard:u1|scan_code[4] ; ps2:u_ps2|keyboard:u1|keyboard_clk_filtered ; ps2:u_ps2|keyboard:u1|keyboard_clk_filtered ; 1.000        ; -0.041     ; 1.209      ;
; -0.263 ; ps2:u_ps2|keyboard:u1|INCNT[2]  ; ps2:u_ps2|keyboard:u1|scan_code[5] ; ps2:u_ps2|keyboard:u1|keyboard_clk_filtered ; ps2:u_ps2|keyboard:u1|keyboard_clk_filtered ; 1.000        ; -0.041     ; 1.209      ;
; -0.263 ; ps2:u_ps2|keyboard:u1|INCNT[2]  ; ps2:u_ps2|keyboard:u1|scan_code[7] ; ps2:u_ps2|keyboard:u1|keyboard_clk_filtered ; ps2:u_ps2|keyboard:u1|keyboard_clk_filtered ; 1.000        ; -0.041     ; 1.209      ;
; -0.225 ; ps2:u_ps2|keyboard:u1|READ_CHAR ; ps2:u_ps2|keyboard:u1|scan_code[4] ; ps2:u_ps2|keyboard:u1|keyboard_clk_filtered ; ps2:u_ps2|keyboard:u1|keyboard_clk_filtered ; 1.000        ; -0.041     ; 1.171      ;
; -0.225 ; ps2:u_ps2|keyboard:u1|READ_CHAR ; ps2:u_ps2|keyboard:u1|scan_code[5] ; ps2:u_ps2|keyboard:u1|keyboard_clk_filtered ; ps2:u_ps2|keyboard:u1|keyboard_clk_filtered ; 1.000        ; -0.041     ; 1.171      ;
; -0.225 ; ps2:u_ps2|keyboard:u1|READ_CHAR ; ps2:u_ps2|keyboard:u1|scan_code[7] ; ps2:u_ps2|keyboard:u1|keyboard_clk_filtered ; ps2:u_ps2|keyboard:u1|keyboard_clk_filtered ; 1.000        ; -0.041     ; 1.171      ;
; -0.168 ; ps2:u_ps2|keyboard:u1|INCNT[3]  ; ps2:u_ps2|keyboard:u1|scan_code[6] ; ps2:u_ps2|keyboard:u1|keyboard_clk_filtered ; ps2:u_ps2|keyboard:u1|keyboard_clk_filtered ; 1.000        ; -0.042     ; 1.113      ;
; -0.128 ; ps2:u_ps2|keyboard:u1|INCNT[2]  ; ps2:u_ps2|keyboard:u1|scan_code[6] ; ps2:u_ps2|keyboard:u1|keyboard_clk_filtered ; ps2:u_ps2|keyboard:u1|keyboard_clk_filtered ; 1.000        ; -0.042     ; 1.073      ;
; -0.090 ; ps2:u_ps2|keyboard:u1|READ_CHAR ; ps2:u_ps2|keyboard:u1|scan_code[6] ; ps2:u_ps2|keyboard:u1|keyboard_clk_filtered ; ps2:u_ps2|keyboard:u1|keyboard_clk_filtered ; 1.000        ; -0.042     ; 1.035      ;
; -0.047 ; ps2:u_ps2|keyboard:u1|INCNT[1]  ; ps2:u_ps2|keyboard:u1|SHIFTIN[0]   ; ps2:u_ps2|keyboard:u1|keyboard_clk_filtered ; ps2:u_ps2|keyboard:u1|keyboard_clk_filtered ; 1.000        ; 0.149      ; 1.183      ;
; -0.047 ; ps2:u_ps2|keyboard:u1|INCNT[1]  ; ps2:u_ps2|keyboard:u1|SHIFTIN[1]   ; ps2:u_ps2|keyboard:u1|keyboard_clk_filtered ; ps2:u_ps2|keyboard:u1|keyboard_clk_filtered ; 1.000        ; 0.149      ; 1.183      ;
; -0.047 ; ps2:u_ps2|keyboard:u1|INCNT[1]  ; ps2:u_ps2|keyboard:u1|SHIFTIN[2]   ; ps2:u_ps2|keyboard:u1|keyboard_clk_filtered ; ps2:u_ps2|keyboard:u1|keyboard_clk_filtered ; 1.000        ; 0.149      ; 1.183      ;
; -0.047 ; ps2:u_ps2|keyboard:u1|INCNT[1]  ; ps2:u_ps2|keyboard:u1|SHIFTIN[3]   ; ps2:u_ps2|keyboard:u1|keyboard_clk_filtered ; ps2:u_ps2|keyboard:u1|keyboard_clk_filtered ; 1.000        ; 0.149      ; 1.183      ;
; -0.047 ; ps2:u_ps2|keyboard:u1|INCNT[1]  ; ps2:u_ps2|keyboard:u1|SHIFTIN[4]   ; ps2:u_ps2|keyboard:u1|keyboard_clk_filtered ; ps2:u_ps2|keyboard:u1|keyboard_clk_filtered ; 1.000        ; 0.149      ; 1.183      ;
; -0.047 ; ps2:u_ps2|keyboard:u1|INCNT[1]  ; ps2:u_ps2|keyboard:u1|SHIFTIN[5]   ; ps2:u_ps2|keyboard:u1|keyboard_clk_filtered ; ps2:u_ps2|keyboard:u1|keyboard_clk_filtered ; 1.000        ; 0.149      ; 1.183      ;
; -0.047 ; ps2:u_ps2|keyboard:u1|INCNT[1]  ; ps2:u_ps2|keyboard:u1|SHIFTIN[6]   ; ps2:u_ps2|keyboard:u1|keyboard_clk_filtered ; ps2:u_ps2|keyboard:u1|keyboard_clk_filtered ; 1.000        ; 0.149      ; 1.183      ;
; -0.047 ; ps2:u_ps2|keyboard:u1|INCNT[1]  ; ps2:u_ps2|keyboard:u1|SHIFTIN[7]   ; ps2:u_ps2|keyboard:u1|keyboard_clk_filtered ; ps2:u_ps2|keyboard:u1|keyboard_clk_filtered ; 1.000        ; 0.149      ; 1.183      ;
; -0.047 ; ps2:u_ps2|keyboard:u1|INCNT[1]  ; ps2:u_ps2|keyboard:u1|SHIFTIN[8]   ; ps2:u_ps2|keyboard:u1|keyboard_clk_filtered ; ps2:u_ps2|keyboard:u1|keyboard_clk_filtered ; 1.000        ; 0.149      ; 1.183      ;
; -0.046 ; ps2:u_ps2|keyboard:u1|INCNT[0]  ; ps2:u_ps2|keyboard:u1|SHIFTIN[0]   ; ps2:u_ps2|keyboard:u1|keyboard_clk_filtered ; ps2:u_ps2|keyboard:u1|keyboard_clk_filtered ; 1.000        ; 0.149      ; 1.182      ;
; -0.046 ; ps2:u_ps2|keyboard:u1|INCNT[0]  ; ps2:u_ps2|keyboard:u1|SHIFTIN[1]   ; ps2:u_ps2|keyboard:u1|keyboard_clk_filtered ; ps2:u_ps2|keyboard:u1|keyboard_clk_filtered ; 1.000        ; 0.149      ; 1.182      ;
; -0.046 ; ps2:u_ps2|keyboard:u1|INCNT[0]  ; ps2:u_ps2|keyboard:u1|SHIFTIN[2]   ; ps2:u_ps2|keyboard:u1|keyboard_clk_filtered ; ps2:u_ps2|keyboard:u1|keyboard_clk_filtered ; 1.000        ; 0.149      ; 1.182      ;
; -0.046 ; ps2:u_ps2|keyboard:u1|INCNT[0]  ; ps2:u_ps2|keyboard:u1|SHIFTIN[3]   ; ps2:u_ps2|keyboard:u1|keyboard_clk_filtered ; ps2:u_ps2|keyboard:u1|keyboard_clk_filtered ; 1.000        ; 0.149      ; 1.182      ;
; -0.046 ; ps2:u_ps2|keyboard:u1|INCNT[0]  ; ps2:u_ps2|keyboard:u1|SHIFTIN[4]   ; ps2:u_ps2|keyboard:u1|keyboard_clk_filtered ; ps2:u_ps2|keyboard:u1|keyboard_clk_filtered ; 1.000        ; 0.149      ; 1.182      ;
; -0.046 ; ps2:u_ps2|keyboard:u1|INCNT[0]  ; ps2:u_ps2|keyboard:u1|SHIFTIN[5]   ; ps2:u_ps2|keyboard:u1|keyboard_clk_filtered ; ps2:u_ps2|keyboard:u1|keyboard_clk_filtered ; 1.000        ; 0.149      ; 1.182      ;
; -0.046 ; ps2:u_ps2|keyboard:u1|INCNT[0]  ; ps2:u_ps2|keyboard:u1|SHIFTIN[6]   ; ps2:u_ps2|keyboard:u1|keyboard_clk_filtered ; ps2:u_ps2|keyboard:u1|keyboard_clk_filtered ; 1.000        ; 0.149      ; 1.182      ;
; -0.046 ; ps2:u_ps2|keyboard:u1|INCNT[0]  ; ps2:u_ps2|keyboard:u1|SHIFTIN[7]   ; ps2:u_ps2|keyboard:u1|keyboard_clk_filtered ; ps2:u_ps2|keyboard:u1|keyboard_clk_filtered ; 1.000        ; 0.149      ; 1.182      ;
; -0.046 ; ps2:u_ps2|keyboard:u1|INCNT[0]  ; ps2:u_ps2|keyboard:u1|SHIFTIN[8]   ; ps2:u_ps2|keyboard:u1|keyboard_clk_filtered ; ps2:u_ps2|keyboard:u1|keyboard_clk_filtered ; 1.000        ; 0.149      ; 1.182      ;
; 0.030  ; ps2:u_ps2|keyboard:u1|INCNT[0]  ; ps2:u_ps2|keyboard:u1|INCNT[3]     ; ps2:u_ps2|keyboard:u1|keyboard_clk_filtered ; ps2:u_ps2|keyboard:u1|keyboard_clk_filtered ; 1.000        ; -0.042     ; 0.915      ;
; 0.053  ; ps2:u_ps2|keyboard:u1|INCNT[3]  ; ps2:u_ps2|keyboard:u1|SHIFTIN[0]   ; ps2:u_ps2|keyboard:u1|keyboard_clk_filtered ; ps2:u_ps2|keyboard:u1|keyboard_clk_filtered ; 1.000        ; 0.149      ; 1.083      ;
; 0.053  ; ps2:u_ps2|keyboard:u1|INCNT[3]  ; ps2:u_ps2|keyboard:u1|SHIFTIN[1]   ; ps2:u_ps2|keyboard:u1|keyboard_clk_filtered ; ps2:u_ps2|keyboard:u1|keyboard_clk_filtered ; 1.000        ; 0.149      ; 1.083      ;
; 0.053  ; ps2:u_ps2|keyboard:u1|INCNT[3]  ; ps2:u_ps2|keyboard:u1|SHIFTIN[2]   ; ps2:u_ps2|keyboard:u1|keyboard_clk_filtered ; ps2:u_ps2|keyboard:u1|keyboard_clk_filtered ; 1.000        ; 0.149      ; 1.083      ;
; 0.053  ; ps2:u_ps2|keyboard:u1|INCNT[3]  ; ps2:u_ps2|keyboard:u1|SHIFTIN[3]   ; ps2:u_ps2|keyboard:u1|keyboard_clk_filtered ; ps2:u_ps2|keyboard:u1|keyboard_clk_filtered ; 1.000        ; 0.149      ; 1.083      ;
; 0.053  ; ps2:u_ps2|keyboard:u1|INCNT[3]  ; ps2:u_ps2|keyboard:u1|SHIFTIN[4]   ; ps2:u_ps2|keyboard:u1|keyboard_clk_filtered ; ps2:u_ps2|keyboard:u1|keyboard_clk_filtered ; 1.000        ; 0.149      ; 1.083      ;
; 0.053  ; ps2:u_ps2|keyboard:u1|INCNT[3]  ; ps2:u_ps2|keyboard:u1|SHIFTIN[5]   ; ps2:u_ps2|keyboard:u1|keyboard_clk_filtered ; ps2:u_ps2|keyboard:u1|keyboard_clk_filtered ; 1.000        ; 0.149      ; 1.083      ;
; 0.053  ; ps2:u_ps2|keyboard:u1|INCNT[3]  ; ps2:u_ps2|keyboard:u1|SHIFTIN[6]   ; ps2:u_ps2|keyboard:u1|keyboard_clk_filtered ; ps2:u_ps2|keyboard:u1|keyboard_clk_filtered ; 1.000        ; 0.149      ; 1.083      ;
; 0.053  ; ps2:u_ps2|keyboard:u1|INCNT[3]  ; ps2:u_ps2|keyboard:u1|SHIFTIN[7]   ; ps2:u_ps2|keyboard:u1|keyboard_clk_filtered ; ps2:u_ps2|keyboard:u1|keyboard_clk_filtered ; 1.000        ; 0.149      ; 1.083      ;
; 0.053  ; ps2:u_ps2|keyboard:u1|INCNT[3]  ; ps2:u_ps2|keyboard:u1|SHIFTIN[8]   ; ps2:u_ps2|keyboard:u1|keyboard_clk_filtered ; ps2:u_ps2|keyboard:u1|keyboard_clk_filtered ; 1.000        ; 0.149      ; 1.083      ;
; 0.054  ; ps2:u_ps2|keyboard:u1|INCNT[1]  ; ps2:u_ps2|keyboard:u1|ready_set    ; ps2:u_ps2|keyboard:u1|keyboard_clk_filtered ; ps2:u_ps2|keyboard:u1|keyboard_clk_filtered ; 1.000        ; -0.042     ; 0.891      ;
; 0.055  ; ps2:u_ps2|keyboard:u1|INCNT[0]  ; ps2:u_ps2|keyboard:u1|ready_set    ; ps2:u_ps2|keyboard:u1|keyboard_clk_filtered ; ps2:u_ps2|keyboard:u1|keyboard_clk_filtered ; 1.000        ; -0.042     ; 0.890      ;
; 0.074  ; ps2:u_ps2|keyboard:u1|INCNT[0]  ; ps2:u_ps2|keyboard:u1|INCNT[1]     ; ps2:u_ps2|keyboard:u1|keyboard_clk_filtered ; ps2:u_ps2|keyboard:u1|keyboard_clk_filtered ; 1.000        ; -0.042     ; 0.871      ;
; 0.080  ; ps2:u_ps2|keyboard:u1|INCNT[1]  ; ps2:u_ps2|keyboard:u1|INCNT[1]     ; ps2:u_ps2|keyboard:u1|keyboard_clk_filtered ; ps2:u_ps2|keyboard:u1|keyboard_clk_filtered ; 1.000        ; -0.042     ; 0.865      ;
; 0.093  ; ps2:u_ps2|keyboard:u1|INCNT[0]  ; ps2:u_ps2|keyboard:u1|INCNT[2]     ; ps2:u_ps2|keyboard:u1|keyboard_clk_filtered ; ps2:u_ps2|keyboard:u1|keyboard_clk_filtered ; 1.000        ; -0.042     ; 0.852      ;
; 0.093  ; ps2:u_ps2|keyboard:u1|INCNT[2]  ; ps2:u_ps2|keyboard:u1|SHIFTIN[0]   ; ps2:u_ps2|keyboard:u1|keyboard_clk_filtered ; ps2:u_ps2|keyboard:u1|keyboard_clk_filtered ; 1.000        ; 0.149      ; 1.043      ;
; 0.093  ; ps2:u_ps2|keyboard:u1|INCNT[2]  ; ps2:u_ps2|keyboard:u1|SHIFTIN[1]   ; ps2:u_ps2|keyboard:u1|keyboard_clk_filtered ; ps2:u_ps2|keyboard:u1|keyboard_clk_filtered ; 1.000        ; 0.149      ; 1.043      ;
; 0.093  ; ps2:u_ps2|keyboard:u1|INCNT[2]  ; ps2:u_ps2|keyboard:u1|SHIFTIN[2]   ; ps2:u_ps2|keyboard:u1|keyboard_clk_filtered ; ps2:u_ps2|keyboard:u1|keyboard_clk_filtered ; 1.000        ; 0.149      ; 1.043      ;
; 0.093  ; ps2:u_ps2|keyboard:u1|INCNT[2]  ; ps2:u_ps2|keyboard:u1|SHIFTIN[3]   ; ps2:u_ps2|keyboard:u1|keyboard_clk_filtered ; ps2:u_ps2|keyboard:u1|keyboard_clk_filtered ; 1.000        ; 0.149      ; 1.043      ;
; 0.093  ; ps2:u_ps2|keyboard:u1|INCNT[2]  ; ps2:u_ps2|keyboard:u1|SHIFTIN[4]   ; ps2:u_ps2|keyboard:u1|keyboard_clk_filtered ; ps2:u_ps2|keyboard:u1|keyboard_clk_filtered ; 1.000        ; 0.149      ; 1.043      ;
; 0.093  ; ps2:u_ps2|keyboard:u1|INCNT[2]  ; ps2:u_ps2|keyboard:u1|SHIFTIN[5]   ; ps2:u_ps2|keyboard:u1|keyboard_clk_filtered ; ps2:u_ps2|keyboard:u1|keyboard_clk_filtered ; 1.000        ; 0.149      ; 1.043      ;
; 0.093  ; ps2:u_ps2|keyboard:u1|INCNT[2]  ; ps2:u_ps2|keyboard:u1|SHIFTIN[6]   ; ps2:u_ps2|keyboard:u1|keyboard_clk_filtered ; ps2:u_ps2|keyboard:u1|keyboard_clk_filtered ; 1.000        ; 0.149      ; 1.043      ;
; 0.093  ; ps2:u_ps2|keyboard:u1|INCNT[2]  ; ps2:u_ps2|keyboard:u1|SHIFTIN[7]   ; ps2:u_ps2|keyboard:u1|keyboard_clk_filtered ; ps2:u_ps2|keyboard:u1|keyboard_clk_filtered ; 1.000        ; 0.149      ; 1.043      ;
; 0.093  ; ps2:u_ps2|keyboard:u1|INCNT[2]  ; ps2:u_ps2|keyboard:u1|SHIFTIN[8]   ; ps2:u_ps2|keyboard:u1|keyboard_clk_filtered ; ps2:u_ps2|keyboard:u1|keyboard_clk_filtered ; 1.000        ; 0.149      ; 1.043      ;
; 0.099  ; ps2:u_ps2|keyboard:u1|INCNT[0]  ; ps2:u_ps2|keyboard:u1|READ_CHAR    ; ps2:u_ps2|keyboard:u1|keyboard_clk_filtered ; ps2:u_ps2|keyboard:u1|keyboard_clk_filtered ; 1.000        ; -0.042     ; 0.846      ;
; 0.099  ; ps2:u_ps2|keyboard:u1|INCNT[1]  ; ps2:u_ps2|keyboard:u1|INCNT[2]     ; ps2:u_ps2|keyboard:u1|keyboard_clk_filtered ; ps2:u_ps2|keyboard:u1|keyboard_clk_filtered ; 1.000        ; -0.042     ; 0.846      ;
; 0.104  ; ps2:u_ps2|keyboard:u1|INCNT[1]  ; ps2:u_ps2|keyboard:u1|READ_CHAR    ; ps2:u_ps2|keyboard:u1|keyboard_clk_filtered ; ps2:u_ps2|keyboard:u1|keyboard_clk_filtered ; 1.000        ; -0.042     ; 0.841      ;
; 0.106  ; ps2:u_ps2|keyboard:u1|INCNT[1]  ; ps2:u_ps2|keyboard:u1|INCNT[3]     ; ps2:u_ps2|keyboard:u1|keyboard_clk_filtered ; ps2:u_ps2|keyboard:u1|keyboard_clk_filtered ; 1.000        ; -0.042     ; 0.839      ;
; 0.111  ; ps2:u_ps2|keyboard:u1|READ_CHAR ; ps2:u_ps2|keyboard:u1|SHIFTIN[0]   ; ps2:u_ps2|keyboard:u1|keyboard_clk_filtered ; ps2:u_ps2|keyboard:u1|keyboard_clk_filtered ; 1.000        ; 0.149      ; 1.025      ;
; 0.111  ; ps2:u_ps2|keyboard:u1|READ_CHAR ; ps2:u_ps2|keyboard:u1|SHIFTIN[1]   ; ps2:u_ps2|keyboard:u1|keyboard_clk_filtered ; ps2:u_ps2|keyboard:u1|keyboard_clk_filtered ; 1.000        ; 0.149      ; 1.025      ;
; 0.111  ; ps2:u_ps2|keyboard:u1|READ_CHAR ; ps2:u_ps2|keyboard:u1|SHIFTIN[2]   ; ps2:u_ps2|keyboard:u1|keyboard_clk_filtered ; ps2:u_ps2|keyboard:u1|keyboard_clk_filtered ; 1.000        ; 0.149      ; 1.025      ;
; 0.111  ; ps2:u_ps2|keyboard:u1|READ_CHAR ; ps2:u_ps2|keyboard:u1|SHIFTIN[3]   ; ps2:u_ps2|keyboard:u1|keyboard_clk_filtered ; ps2:u_ps2|keyboard:u1|keyboard_clk_filtered ; 1.000        ; 0.149      ; 1.025      ;
; 0.111  ; ps2:u_ps2|keyboard:u1|READ_CHAR ; ps2:u_ps2|keyboard:u1|SHIFTIN[4]   ; ps2:u_ps2|keyboard:u1|keyboard_clk_filtered ; ps2:u_ps2|keyboard:u1|keyboard_clk_filtered ; 1.000        ; 0.149      ; 1.025      ;
; 0.111  ; ps2:u_ps2|keyboard:u1|READ_CHAR ; ps2:u_ps2|keyboard:u1|SHIFTIN[5]   ; ps2:u_ps2|keyboard:u1|keyboard_clk_filtered ; ps2:u_ps2|keyboard:u1|keyboard_clk_filtered ; 1.000        ; 0.149      ; 1.025      ;
; 0.111  ; ps2:u_ps2|keyboard:u1|READ_CHAR ; ps2:u_ps2|keyboard:u1|SHIFTIN[6]   ; ps2:u_ps2|keyboard:u1|keyboard_clk_filtered ; ps2:u_ps2|keyboard:u1|keyboard_clk_filtered ; 1.000        ; 0.149      ; 1.025      ;
; 0.111  ; ps2:u_ps2|keyboard:u1|READ_CHAR ; ps2:u_ps2|keyboard:u1|SHIFTIN[7]   ; ps2:u_ps2|keyboard:u1|keyboard_clk_filtered ; ps2:u_ps2|keyboard:u1|keyboard_clk_filtered ; 1.000        ; 0.149      ; 1.025      ;
+--------+---------------------------------+------------------------------------+---------------------------------------------+---------------------------------------------+--------------+------------+------------+


+----------------------------------------------------------------------------------------------------------------------------------------------------------------------------------------------+
; Fast 1200mV 0C Model Setup: 'ps2:u_ps2|keyboard:u1|scan_ready'                                                                                                                               ;
+-------+------------------------------------+-----------------------+---------------------------------------------+----------------------------------+--------------+------------+------------+
; Slack ; From Node                          ; To Node               ; Launch Clock                                ; Latch Clock                      ; Relationship ; Clock Skew ; Data Delay ;
+-------+------------------------------------+-----------------------+---------------------------------------------+----------------------------------+--------------+------------+------------+
; 0.260 ; ps2:u_ps2|keyboard:u1|scan_code[6] ; ps2:u_ps2|history0[6] ; ps2:u_ps2|keyboard:u1|keyboard_clk_filtered ; ps2:u_ps2|keyboard:u1|scan_ready ; 1.000        ; -0.213     ; 0.514      ;
; 0.333 ; ps2:u_ps2|keyboard:u1|scan_code[7] ; ps2:u_ps2|history0[7] ; ps2:u_ps2|keyboard:u1|keyboard_clk_filtered ; ps2:u_ps2|keyboard:u1|scan_ready ; 1.000        ; -0.214     ; 0.440      ;
; 0.334 ; ps2:u_ps2|keyboard:u1|scan_code[5] ; ps2:u_ps2|history0[5] ; ps2:u_ps2|keyboard:u1|keyboard_clk_filtered ; ps2:u_ps2|keyboard:u1|scan_ready ; 1.000        ; -0.214     ; 0.439      ;
; 0.336 ; ps2:u_ps2|keyboard:u1|scan_code[4] ; ps2:u_ps2|history0[4] ; ps2:u_ps2|keyboard:u1|keyboard_clk_filtered ; ps2:u_ps2|keyboard:u1|scan_ready ; 1.000        ; -0.214     ; 0.437      ;
; 0.399 ; ps2:u_ps2|keyboard:u1|scan_code[3] ; ps2:u_ps2|history0[3] ; ps2:u_ps2|keyboard:u1|keyboard_clk_filtered ; ps2:u_ps2|keyboard:u1|scan_ready ; 1.000        ; -0.213     ; 0.375      ;
; 0.401 ; ps2:u_ps2|keyboard:u1|scan_code[0] ; ps2:u_ps2|history0[0] ; ps2:u_ps2|keyboard:u1|keyboard_clk_filtered ; ps2:u_ps2|keyboard:u1|scan_ready ; 1.000        ; -0.213     ; 0.373      ;
; 0.401 ; ps2:u_ps2|keyboard:u1|scan_code[1] ; ps2:u_ps2|history0[1] ; ps2:u_ps2|keyboard:u1|keyboard_clk_filtered ; ps2:u_ps2|keyboard:u1|scan_ready ; 1.000        ; -0.213     ; 0.373      ;
; 0.402 ; ps2:u_ps2|keyboard:u1|scan_code[2] ; ps2:u_ps2|history0[2] ; ps2:u_ps2|keyboard:u1|keyboard_clk_filtered ; ps2:u_ps2|keyboard:u1|scan_ready ; 1.000        ; -0.213     ; 0.372      ;
; 0.494 ; ps2:u_ps2|history0[3]              ; ps2:u_ps2|history1[3] ; ps2:u_ps2|keyboard:u1|scan_ready            ; ps2:u_ps2|keyboard:u1|scan_ready ; 1.000        ; -0.042     ; 0.451      ;
; 0.494 ; ps2:u_ps2|history0[0]              ; ps2:u_ps2|history1[0] ; ps2:u_ps2|keyboard:u1|scan_ready            ; ps2:u_ps2|keyboard:u1|scan_ready ; 1.000        ; -0.042     ; 0.451      ;
; 0.494 ; ps2:u_ps2|history0[1]              ; ps2:u_ps2|history1[1] ; ps2:u_ps2|keyboard:u1|scan_ready            ; ps2:u_ps2|keyboard:u1|scan_ready ; 1.000        ; -0.042     ; 0.451      ;
; 0.558 ; ps2:u_ps2|history0[4]              ; ps2:u_ps2|history1[4] ; ps2:u_ps2|keyboard:u1|scan_ready            ; ps2:u_ps2|keyboard:u1|scan_ready ; 1.000        ; -0.042     ; 0.387      ;
; 0.558 ; ps2:u_ps2|history0[2]              ; ps2:u_ps2|history1[2] ; ps2:u_ps2|keyboard:u1|scan_ready            ; ps2:u_ps2|keyboard:u1|scan_ready ; 1.000        ; -0.042     ; 0.387      ;
; 0.561 ; ps2:u_ps2|history0[7]              ; ps2:u_ps2|history1[7] ; ps2:u_ps2|keyboard:u1|scan_ready            ; ps2:u_ps2|keyboard:u1|scan_ready ; 1.000        ; -0.042     ; 0.384      ;
; 0.561 ; ps2:u_ps2|history0[5]              ; ps2:u_ps2|history1[5] ; ps2:u_ps2|keyboard:u1|scan_ready            ; ps2:u_ps2|keyboard:u1|scan_ready ; 1.000        ; -0.042     ; 0.384      ;
; 0.561 ; ps2:u_ps2|history0[6]              ; ps2:u_ps2|history1[6] ; ps2:u_ps2|keyboard:u1|scan_ready            ; ps2:u_ps2|keyboard:u1|scan_ready ; 1.000        ; -0.042     ; 0.384      ;
+-------+------------------------------------+-----------------------+---------------------------------------------+----------------------------------+--------------+------------+------------+


+--------------------------------------------------------------------------------------------------------------------------------------------------------------------------------------------------------+
; Fast 1200mV 0C Model Hold: 'CLOCK_50'                                                                                                                                                                  ;
+-------+---------------------------------------------+---------------------------------------------+---------------------------------------------+-------------+--------------+------------+------------+
; Slack ; From Node                                   ; To Node                                     ; Launch Clock                                ; Latch Clock ; Relationship ; Clock Skew ; Data Delay ;
+-------+---------------------------------------------+---------------------------------------------+---------------------------------------------+-------------+--------------+------------+------------+
; 0.180 ; ps2:u_ps2|keyboard:u1|clock_enable          ; ps2:u_ps2|keyboard:u1|clock_enable          ; CLOCK_50                                    ; CLOCK_50    ; 0.000        ; 0.050      ; 0.314      ;
; 0.193 ; ps2:u_ps2|keyboard:u1|filter[6]             ; ps2:u_ps2|keyboard:u1|filter[5]             ; CLOCK_50                                    ; CLOCK_50    ; 0.000        ; 0.042      ; 0.319      ;
; 0.266 ; ps2:u_ps2|keyboard:u1|filter[3]             ; ps2:u_ps2|keyboard:u1|filter[2]             ; CLOCK_50                                    ; CLOCK_50    ; 0.000        ; 0.042      ; 0.392      ;
; 0.266 ; ps2:u_ps2|keyboard:u1|filter[4]             ; ps2:u_ps2|keyboard:u1|filter[3]             ; CLOCK_50                                    ; CLOCK_50    ; 0.000        ; 0.042      ; 0.392      ;
; 0.269 ; ps2:u_ps2|keyboard:u1|filter[5]             ; ps2:u_ps2|keyboard:u1|filter[4]             ; CLOCK_50                                    ; CLOCK_50    ; 0.000        ; 0.042      ; 0.395      ;
; 0.269 ; ps2:u_ps2|keyboard:u1|filter[7]             ; ps2:u_ps2|keyboard:u1|filter[6]             ; CLOCK_50                                    ; CLOCK_50    ; 0.000        ; 0.042      ; 0.395      ;
; 0.326 ; ps2:u_ps2|keyboard:u1|filter[2]             ; ps2:u_ps2|keyboard:u1|filter[1]             ; CLOCK_50                                    ; CLOCK_50    ; 0.000        ; 0.042      ; 0.452      ;
; 0.342 ; ps2:u_ps2|keyboard:u1|filter[1]             ; ps2:u_ps2|keyboard:u1|filter[0]             ; CLOCK_50                                    ; CLOCK_50    ; 0.000        ; 0.042      ; 0.468      ;
; 0.455 ; ps2:u_ps2|keyboard:u1|keyboard_clk_filtered ; ps2:u_ps2|keyboard:u1|keyboard_clk_filtered ; ps2:u_ps2|keyboard:u1|keyboard_clk_filtered ; CLOCK_50    ; 0.000        ; 1.564      ; 2.238      ;
; 0.462 ; ps2:u_ps2|keyboard:u1|scan_ready            ; ps2:u_ps2|oneshot:pulser|delay              ; ps2:u_ps2|keyboard:u1|scan_ready            ; CLOCK_50    ; 0.000        ; 1.561      ; 2.242      ;
; 0.495 ; ps2:u_ps2|keyboard:u1|scan_ready            ; ps2:u_ps2|oneshot:pulser|pulse_out          ; ps2:u_ps2|keyboard:u1|scan_ready            ; CLOCK_50    ; 0.000        ; 1.561      ; 2.275      ;
; 0.656 ; ps2:u_ps2|keyboard:u1|clock_enable          ; ps2:u_ps2|keyboard:u1|keyboard_clk_filtered ; CLOCK_50                                    ; CLOCK_50    ; 0.000        ; -0.137     ; 0.603      ;
; 0.656 ; ps2:u_ps2|keyboard:u1|clock_enable          ; ps2:u_ps2|keyboard:u1|filter[0]             ; CLOCK_50                                    ; CLOCK_50    ; 0.000        ; -0.137     ; 0.603      ;
; 0.656 ; ps2:u_ps2|keyboard:u1|clock_enable          ; ps2:u_ps2|keyboard:u1|filter[1]             ; CLOCK_50                                    ; CLOCK_50    ; 0.000        ; -0.137     ; 0.603      ;
; 0.656 ; ps2:u_ps2|keyboard:u1|clock_enable          ; ps2:u_ps2|keyboard:u1|filter[2]             ; CLOCK_50                                    ; CLOCK_50    ; 0.000        ; -0.137     ; 0.603      ;
; 0.656 ; ps2:u_ps2|keyboard:u1|clock_enable          ; ps2:u_ps2|keyboard:u1|filter[3]             ; CLOCK_50                                    ; CLOCK_50    ; 0.000        ; -0.137     ; 0.603      ;
; 0.656 ; ps2:u_ps2|keyboard:u1|clock_enable          ; ps2:u_ps2|keyboard:u1|filter[4]             ; CLOCK_50                                    ; CLOCK_50    ; 0.000        ; -0.137     ; 0.603      ;
; 0.656 ; ps2:u_ps2|keyboard:u1|clock_enable          ; ps2:u_ps2|keyboard:u1|filter[5]             ; CLOCK_50                                    ; CLOCK_50    ; 0.000        ; -0.137     ; 0.603      ;
; 0.656 ; ps2:u_ps2|keyboard:u1|clock_enable          ; ps2:u_ps2|keyboard:u1|filter[6]             ; CLOCK_50                                    ; CLOCK_50    ; 0.000        ; -0.137     ; 0.603      ;
; 0.656 ; ps2:u_ps2|keyboard:u1|clock_enable          ; ps2:u_ps2|keyboard:u1|filter[7]             ; CLOCK_50                                    ; CLOCK_50    ; 0.000        ; -0.137     ; 0.603      ;
; 0.848 ; ps2:u_ps2|keyboard:u1|filter[2]             ; ps2:u_ps2|keyboard:u1|keyboard_clk_filtered ; CLOCK_50                                    ; CLOCK_50    ; 0.000        ; 0.042      ; 0.974      ;
; 0.862 ; ps2:u_ps2|keyboard:u1|filter[7]             ; ps2:u_ps2|keyboard:u1|keyboard_clk_filtered ; CLOCK_50                                    ; CLOCK_50    ; 0.000        ; 0.042      ; 0.988      ;
; 0.871 ; ps2:u_ps2|oneshot:pulser|delay              ; ps2:u_ps2|oneshot:pulser|delay              ; CLOCK_50                                    ; CLOCK_50    ; 0.000        ; 0.042      ; 0.997      ;
; 0.903 ; ps2:u_ps2|keyboard:u1|filter[4]             ; ps2:u_ps2|keyboard:u1|keyboard_clk_filtered ; CLOCK_50                                    ; CLOCK_50    ; 0.000        ; 0.042      ; 1.029      ;
; 0.921 ; ps2:u_ps2|oneshot:pulser|delay              ; ps2:u_ps2|oneshot:pulser|pulse_out          ; CLOCK_50                                    ; CLOCK_50    ; 0.000        ; 0.042      ; 1.047      ;
; 1.003 ; ps2:u_ps2|keyboard:u1|filter[0]             ; ps2:u_ps2|keyboard:u1|keyboard_clk_filtered ; CLOCK_50                                    ; CLOCK_50    ; 0.000        ; 0.042      ; 1.129      ;
; 1.022 ; ps2:u_ps2|keyboard:u1|filter[1]             ; ps2:u_ps2|keyboard:u1|keyboard_clk_filtered ; CLOCK_50                                    ; CLOCK_50    ; 0.000        ; 0.042      ; 1.148      ;
; 1.124 ; ps2:u_ps2|keyboard:u1|filter[6]             ; ps2:u_ps2|keyboard:u1|keyboard_clk_filtered ; CLOCK_50                                    ; CLOCK_50    ; 0.000        ; 0.042      ; 1.250      ;
; 1.136 ; ps2:u_ps2|keyboard:u1|filter[5]             ; ps2:u_ps2|keyboard:u1|keyboard_clk_filtered ; CLOCK_50                                    ; CLOCK_50    ; 0.000        ; 0.042      ; 1.262      ;
; 1.185 ; ps2:u_ps2|keyboard:u1|filter[3]             ; ps2:u_ps2|keyboard:u1|keyboard_clk_filtered ; CLOCK_50                                    ; CLOCK_50    ; 0.000        ; 0.042      ; 1.311      ;
; 1.198 ; ps2:u_ps2|keyboard:u1|keyboard_clk_filtered ; ps2:u_ps2|keyboard:u1|keyboard_clk_filtered ; ps2:u_ps2|keyboard:u1|keyboard_clk_filtered ; CLOCK_50    ; -0.500       ; 1.564      ; 2.481      ;
; 1.244 ; ps2:u_ps2|keyboard:u1|scan_ready            ; ps2:u_ps2|oneshot:pulser|delay              ; ps2:u_ps2|keyboard:u1|scan_ready            ; CLOCK_50    ; -0.500       ; 1.561      ; 2.524      ;
; 1.279 ; ps2:u_ps2|keyboard:u1|scan_ready            ; ps2:u_ps2|oneshot:pulser|pulse_out          ; ps2:u_ps2|keyboard:u1|scan_ready            ; CLOCK_50    ; -0.500       ; 1.561      ; 2.559      ;
+-------+---------------------------------------------+---------------------------------------------+---------------------------------------------+-------------+--------------+------------+------------+


+--------------------------------------------------------------------------------------------------------------------------------------------------------------------------------------------------------------------+
; Fast 1200mV 0C Model Hold: 'ps2:u_ps2|keyboard:u1|keyboard_clk_filtered'                                                                                                                                           ;
+-------+----------------------------------+------------------------------------+---------------------------------------------+---------------------------------------------+--------------+------------+------------+
; Slack ; From Node                        ; To Node                            ; Launch Clock                                ; Latch Clock                                 ; Relationship ; Clock Skew ; Data Delay ;
+-------+----------------------------------+------------------------------------+---------------------------------------------+---------------------------------------------+--------------+------------+------------+
; 0.181 ; ps2:u_ps2|keyboard:u1|READ_CHAR  ; ps2:u_ps2|keyboard:u1|READ_CHAR    ; ps2:u_ps2|keyboard:u1|keyboard_clk_filtered ; ps2:u_ps2|keyboard:u1|keyboard_clk_filtered ; 0.000        ; 0.042      ; 0.307      ;
; 0.181 ; ps2:u_ps2|keyboard:u1|INCNT[1]   ; ps2:u_ps2|keyboard:u1|INCNT[1]     ; ps2:u_ps2|keyboard:u1|keyboard_clk_filtered ; ps2:u_ps2|keyboard:u1|keyboard_clk_filtered ; 0.000        ; 0.042      ; 0.307      ;
; 0.185 ; ps2:u_ps2|keyboard:u1|SHIFTIN[6] ; ps2:u_ps2|keyboard:u1|SHIFTIN[5]   ; ps2:u_ps2|keyboard:u1|keyboard_clk_filtered ; ps2:u_ps2|keyboard:u1|keyboard_clk_filtered ; 0.000        ; 0.050      ; 0.319      ;
; 0.188 ; ps2:u_ps2|keyboard:u1|INCNT[0]   ; ps2:u_ps2|keyboard:u1|INCNT[0]     ; ps2:u_ps2|keyboard:u1|keyboard_clk_filtered ; ps2:u_ps2|keyboard:u1|keyboard_clk_filtered ; 0.000        ; 0.042      ; 0.314      ;
; 0.190 ; ps2:u_ps2|keyboard:u1|SHIFTIN[4] ; ps2:u_ps2|keyboard:u1|SHIFTIN[3]   ; ps2:u_ps2|keyboard:u1|keyboard_clk_filtered ; ps2:u_ps2|keyboard:u1|keyboard_clk_filtered ; 0.000        ; 0.050      ; 0.324      ;
; 0.193 ; ps2:u_ps2|keyboard:u1|SHIFTIN[5] ; ps2:u_ps2|keyboard:u1|SHIFTIN[4]   ; ps2:u_ps2|keyboard:u1|keyboard_clk_filtered ; ps2:u_ps2|keyboard:u1|keyboard_clk_filtered ; 0.000        ; 0.050      ; 0.327      ;
; 0.239 ; ps2:u_ps2|keyboard:u1|SHIFTIN[8] ; ps2:u_ps2|keyboard:u1|SHIFTIN[7]   ; ps2:u_ps2|keyboard:u1|keyboard_clk_filtered ; ps2:u_ps2|keyboard:u1|keyboard_clk_filtered ; 0.000        ; 0.050      ; 0.373      ;
; 0.251 ; ps2:u_ps2|keyboard:u1|SHIFTIN[1] ; ps2:u_ps2|keyboard:u1|SHIFTIN[0]   ; ps2:u_ps2|keyboard:u1|keyboard_clk_filtered ; ps2:u_ps2|keyboard:u1|keyboard_clk_filtered ; 0.000        ; 0.050      ; 0.385      ;
; 0.251 ; ps2:u_ps2|keyboard:u1|SHIFTIN[7] ; ps2:u_ps2|keyboard:u1|SHIFTIN[6]   ; ps2:u_ps2|keyboard:u1|keyboard_clk_filtered ; ps2:u_ps2|keyboard:u1|keyboard_clk_filtered ; 0.000        ; 0.050      ; 0.385      ;
; 0.265 ; ps2:u_ps2|keyboard:u1|SHIFTIN[3] ; ps2:u_ps2|keyboard:u1|SHIFTIN[2]   ; ps2:u_ps2|keyboard:u1|keyboard_clk_filtered ; ps2:u_ps2|keyboard:u1|keyboard_clk_filtered ; 0.000        ; 0.050      ; 0.399      ;
; 0.350 ; ps2:u_ps2|keyboard:u1|READ_CHAR  ; ps2:u_ps2|keyboard:u1|ready_set    ; ps2:u_ps2|keyboard:u1|keyboard_clk_filtered ; ps2:u_ps2|keyboard:u1|keyboard_clk_filtered ; 0.000        ; 0.042      ; 0.476      ;
; 0.351 ; ps2:u_ps2|keyboard:u1|SHIFTIN[2] ; ps2:u_ps2|keyboard:u1|SHIFTIN[1]   ; ps2:u_ps2|keyboard:u1|keyboard_clk_filtered ; ps2:u_ps2|keyboard:u1|keyboard_clk_filtered ; 0.000        ; 0.050      ; 0.485      ;
; 0.355 ; ps2:u_ps2|keyboard:u1|INCNT[0]   ; ps2:u_ps2|keyboard:u1|INCNT[2]     ; ps2:u_ps2|keyboard:u1|keyboard_clk_filtered ; ps2:u_ps2|keyboard:u1|keyboard_clk_filtered ; 0.000        ; 0.042      ; 0.481      ;
; 0.385 ; ps2:u_ps2|keyboard:u1|SHIFTIN[6] ; ps2:u_ps2|keyboard:u1|scan_code[6] ; ps2:u_ps2|keyboard:u1|keyboard_clk_filtered ; ps2:u_ps2|keyboard:u1|keyboard_clk_filtered ; 0.000        ; -0.149     ; 0.320      ;
; 0.395 ; ps2:u_ps2|keyboard:u1|ready_set  ; ps2:u_ps2|keyboard:u1|ready_set    ; ps2:u_ps2|keyboard:u1|ready_set             ; ps2:u_ps2|keyboard:u1|keyboard_clk_filtered ; 0.000        ; 1.740      ; 2.334      ;
; 0.419 ; ps2:u_ps2|keyboard:u1|INCNT[3]   ; ps2:u_ps2|keyboard:u1|INCNT[3]     ; ps2:u_ps2|keyboard:u1|keyboard_clk_filtered ; ps2:u_ps2|keyboard:u1|keyboard_clk_filtered ; 0.000        ; 0.042      ; 0.545      ;
; 0.425 ; ps2:u_ps2|keyboard:u1|INCNT[2]   ; ps2:u_ps2|keyboard:u1|INCNT[0]     ; ps2:u_ps2|keyboard:u1|keyboard_clk_filtered ; ps2:u_ps2|keyboard:u1|keyboard_clk_filtered ; 0.000        ; 0.042      ; 0.551      ;
; 0.455 ; ps2:u_ps2|keyboard:u1|INCNT[2]   ; ps2:u_ps2|keyboard:u1|INCNT[2]     ; ps2:u_ps2|keyboard:u1|keyboard_clk_filtered ; ps2:u_ps2|keyboard:u1|keyboard_clk_filtered ; 0.000        ; 0.042      ; 0.581      ;
; 0.457 ; ps2:u_ps2|keyboard:u1|SHIFTIN[7] ; ps2:u_ps2|keyboard:u1|scan_code[7] ; ps2:u_ps2|keyboard:u1|keyboard_clk_filtered ; ps2:u_ps2|keyboard:u1|keyboard_clk_filtered ; 0.000        ; -0.148     ; 0.393      ;
; 0.462 ; ps2:u_ps2|keyboard:u1|SHIFTIN[4] ; ps2:u_ps2|keyboard:u1|scan_code[4] ; ps2:u_ps2|keyboard:u1|keyboard_clk_filtered ; ps2:u_ps2|keyboard:u1|keyboard_clk_filtered ; 0.000        ; -0.148     ; 0.398      ;
; 0.462 ; ps2:u_ps2|keyboard:u1|SHIFTIN[5] ; ps2:u_ps2|keyboard:u1|scan_code[5] ; ps2:u_ps2|keyboard:u1|keyboard_clk_filtered ; ps2:u_ps2|keyboard:u1|keyboard_clk_filtered ; 0.000        ; -0.148     ; 0.398      ;
; 0.469 ; ps2:u_ps2|keyboard:u1|INCNT[0]   ; ps2:u_ps2|keyboard:u1|INCNT[1]     ; ps2:u_ps2|keyboard:u1|keyboard_clk_filtered ; ps2:u_ps2|keyboard:u1|keyboard_clk_filtered ; 0.000        ; 0.042      ; 0.595      ;
; 0.472 ; ps2:u_ps2|keyboard:u1|INCNT[3]   ; ps2:u_ps2|keyboard:u1|INCNT[0]     ; ps2:u_ps2|keyboard:u1|keyboard_clk_filtered ; ps2:u_ps2|keyboard:u1|keyboard_clk_filtered ; 0.000        ; 0.042      ; 0.598      ;
; 0.479 ; ps2:u_ps2|keyboard:u1|INCNT[2]   ; ps2:u_ps2|keyboard:u1|INCNT[3]     ; ps2:u_ps2|keyboard:u1|keyboard_clk_filtered ; ps2:u_ps2|keyboard:u1|keyboard_clk_filtered ; 0.000        ; 0.042      ; 0.605      ;
; 0.484 ; ps2:u_ps2|keyboard:u1|INCNT[1]   ; ps2:u_ps2|keyboard:u1|INCNT[2]     ; ps2:u_ps2|keyboard:u1|keyboard_clk_filtered ; ps2:u_ps2|keyboard:u1|keyboard_clk_filtered ; 0.000        ; 0.042      ; 0.610      ;
; 0.534 ; ps2:u_ps2|keyboard:u1|INCNT[2]   ; ps2:u_ps2|keyboard:u1|READ_CHAR    ; ps2:u_ps2|keyboard:u1|keyboard_clk_filtered ; ps2:u_ps2|keyboard:u1|keyboard_clk_filtered ; 0.000        ; 0.042      ; 0.660      ;
; 0.545 ; ps2:u_ps2|keyboard:u1|INCNT[2]   ; ps2:u_ps2|keyboard:u1|INCNT[1]     ; ps2:u_ps2|keyboard:u1|keyboard_clk_filtered ; ps2:u_ps2|keyboard:u1|keyboard_clk_filtered ; 0.000        ; 0.042      ; 0.671      ;
; 0.547 ; ps2:u_ps2|keyboard:u1|SHIFTIN[2] ; ps2:u_ps2|keyboard:u1|scan_code[2] ; ps2:u_ps2|keyboard:u1|keyboard_clk_filtered ; ps2:u_ps2|keyboard:u1|keyboard_clk_filtered ; 0.000        ; -0.150     ; 0.481      ;
; 0.547 ; ps2:u_ps2|keyboard:u1|INCNT[1]   ; ps2:u_ps2|keyboard:u1|INCNT[0]     ; ps2:u_ps2|keyboard:u1|keyboard_clk_filtered ; ps2:u_ps2|keyboard:u1|keyboard_clk_filtered ; 0.000        ; 0.042      ; 0.673      ;
; 0.548 ; ps2:u_ps2|keyboard:u1|INCNT[1]   ; ps2:u_ps2|keyboard:u1|INCNT[3]     ; ps2:u_ps2|keyboard:u1|keyboard_clk_filtered ; ps2:u_ps2|keyboard:u1|keyboard_clk_filtered ; 0.000        ; 0.042      ; 0.674      ;
; 0.556 ; ps2:u_ps2|keyboard:u1|SHIFTIN[0] ; ps2:u_ps2|keyboard:u1|scan_code[0] ; ps2:u_ps2|keyboard:u1|keyboard_clk_filtered ; ps2:u_ps2|keyboard:u1|keyboard_clk_filtered ; 0.000        ; -0.150     ; 0.490      ;
; 0.562 ; ps2:u_ps2|keyboard:u1|SHIFTIN[3] ; ps2:u_ps2|keyboard:u1|scan_code[3] ; ps2:u_ps2|keyboard:u1|keyboard_clk_filtered ; ps2:u_ps2|keyboard:u1|keyboard_clk_filtered ; 0.000        ; -0.150     ; 0.496      ;
; 0.573 ; ps2:u_ps2|keyboard:u1|SHIFTIN[1] ; ps2:u_ps2|keyboard:u1|scan_code[1] ; ps2:u_ps2|keyboard:u1|keyboard_clk_filtered ; ps2:u_ps2|keyboard:u1|keyboard_clk_filtered ; 0.000        ; -0.150     ; 0.507      ;
; 0.579 ; ps2:u_ps2|keyboard:u1|INCNT[3]   ; ps2:u_ps2|keyboard:u1|READ_CHAR    ; ps2:u_ps2|keyboard:u1|keyboard_clk_filtered ; ps2:u_ps2|keyboard:u1|keyboard_clk_filtered ; 0.000        ; 0.042      ; 0.705      ;
; 0.580 ; ps2:u_ps2|keyboard:u1|INCNT[2]   ; ps2:u_ps2|keyboard:u1|ready_set    ; ps2:u_ps2|keyboard:u1|keyboard_clk_filtered ; ps2:u_ps2|keyboard:u1|keyboard_clk_filtered ; 0.000        ; 0.042      ; 0.706      ;
; 0.583 ; ps2:u_ps2|keyboard:u1|INCNT[3]   ; ps2:u_ps2|keyboard:u1|INCNT[1]     ; ps2:u_ps2|keyboard:u1|keyboard_clk_filtered ; ps2:u_ps2|keyboard:u1|keyboard_clk_filtered ; 0.000        ; 0.042      ; 0.709      ;
; 0.583 ; ps2:u_ps2|keyboard:u1|INCNT[3]   ; ps2:u_ps2|keyboard:u1|INCNT[2]     ; ps2:u_ps2|keyboard:u1|keyboard_clk_filtered ; ps2:u_ps2|keyboard:u1|keyboard_clk_filtered ; 0.000        ; 0.042      ; 0.709      ;
; 0.624 ; ps2:u_ps2|keyboard:u1|INCNT[3]   ; ps2:u_ps2|keyboard:u1|ready_set    ; ps2:u_ps2|keyboard:u1|keyboard_clk_filtered ; ps2:u_ps2|keyboard:u1|keyboard_clk_filtered ; 0.000        ; 0.042      ; 0.750      ;
; 0.644 ; ps2:u_ps2|keyboard:u1|READ_CHAR  ; ps2:u_ps2|keyboard:u1|SHIFTIN[0]   ; ps2:u_ps2|keyboard:u1|keyboard_clk_filtered ; ps2:u_ps2|keyboard:u1|keyboard_clk_filtered ; 0.000        ; 0.241      ; 0.969      ;
; 0.644 ; ps2:u_ps2|keyboard:u1|READ_CHAR  ; ps2:u_ps2|keyboard:u1|SHIFTIN[1]   ; ps2:u_ps2|keyboard:u1|keyboard_clk_filtered ; ps2:u_ps2|keyboard:u1|keyboard_clk_filtered ; 0.000        ; 0.241      ; 0.969      ;
; 0.644 ; ps2:u_ps2|keyboard:u1|READ_CHAR  ; ps2:u_ps2|keyboard:u1|SHIFTIN[2]   ; ps2:u_ps2|keyboard:u1|keyboard_clk_filtered ; ps2:u_ps2|keyboard:u1|keyboard_clk_filtered ; 0.000        ; 0.241      ; 0.969      ;
; 0.644 ; ps2:u_ps2|keyboard:u1|READ_CHAR  ; ps2:u_ps2|keyboard:u1|SHIFTIN[3]   ; ps2:u_ps2|keyboard:u1|keyboard_clk_filtered ; ps2:u_ps2|keyboard:u1|keyboard_clk_filtered ; 0.000        ; 0.241      ; 0.969      ;
; 0.644 ; ps2:u_ps2|keyboard:u1|READ_CHAR  ; ps2:u_ps2|keyboard:u1|SHIFTIN[4]   ; ps2:u_ps2|keyboard:u1|keyboard_clk_filtered ; ps2:u_ps2|keyboard:u1|keyboard_clk_filtered ; 0.000        ; 0.241      ; 0.969      ;
; 0.644 ; ps2:u_ps2|keyboard:u1|READ_CHAR  ; ps2:u_ps2|keyboard:u1|SHIFTIN[5]   ; ps2:u_ps2|keyboard:u1|keyboard_clk_filtered ; ps2:u_ps2|keyboard:u1|keyboard_clk_filtered ; 0.000        ; 0.241      ; 0.969      ;
; 0.644 ; ps2:u_ps2|keyboard:u1|READ_CHAR  ; ps2:u_ps2|keyboard:u1|SHIFTIN[6]   ; ps2:u_ps2|keyboard:u1|keyboard_clk_filtered ; ps2:u_ps2|keyboard:u1|keyboard_clk_filtered ; 0.000        ; 0.241      ; 0.969      ;
; 0.644 ; ps2:u_ps2|keyboard:u1|READ_CHAR  ; ps2:u_ps2|keyboard:u1|SHIFTIN[7]   ; ps2:u_ps2|keyboard:u1|keyboard_clk_filtered ; ps2:u_ps2|keyboard:u1|keyboard_clk_filtered ; 0.000        ; 0.241      ; 0.969      ;
; 0.644 ; ps2:u_ps2|keyboard:u1|READ_CHAR  ; ps2:u_ps2|keyboard:u1|SHIFTIN[8]   ; ps2:u_ps2|keyboard:u1|keyboard_clk_filtered ; ps2:u_ps2|keyboard:u1|keyboard_clk_filtered ; 0.000        ; 0.241      ; 0.969      ;
; 0.654 ; ps2:u_ps2|keyboard:u1|INCNT[0]   ; ps2:u_ps2|keyboard:u1|INCNT[3]     ; ps2:u_ps2|keyboard:u1|keyboard_clk_filtered ; ps2:u_ps2|keyboard:u1|keyboard_clk_filtered ; 0.000        ; 0.042      ; 0.780      ;
; 0.656 ; ps2:u_ps2|keyboard:u1|INCNT[1]   ; ps2:u_ps2|keyboard:u1|READ_CHAR    ; ps2:u_ps2|keyboard:u1|keyboard_clk_filtered ; ps2:u_ps2|keyboard:u1|keyboard_clk_filtered ; 0.000        ; 0.042      ; 0.782      ;
; 0.662 ; ps2:u_ps2|keyboard:u1|INCNT[0]   ; ps2:u_ps2|keyboard:u1|READ_CHAR    ; ps2:u_ps2|keyboard:u1|keyboard_clk_filtered ; ps2:u_ps2|keyboard:u1|keyboard_clk_filtered ; 0.000        ; 0.042      ; 0.788      ;
; 0.702 ; ps2:u_ps2|keyboard:u1|INCNT[1]   ; ps2:u_ps2|keyboard:u1|ready_set    ; ps2:u_ps2|keyboard:u1|keyboard_clk_filtered ; ps2:u_ps2|keyboard:u1|keyboard_clk_filtered ; 0.000        ; 0.042      ; 0.828      ;
; 0.708 ; ps2:u_ps2|keyboard:u1|INCNT[0]   ; ps2:u_ps2|keyboard:u1|ready_set    ; ps2:u_ps2|keyboard:u1|keyboard_clk_filtered ; ps2:u_ps2|keyboard:u1|keyboard_clk_filtered ; 0.000        ; 0.042      ; 0.834      ;
; 0.729 ; ps2:u_ps2|keyboard:u1|INCNT[2]   ; ps2:u_ps2|keyboard:u1|SHIFTIN[0]   ; ps2:u_ps2|keyboard:u1|keyboard_clk_filtered ; ps2:u_ps2|keyboard:u1|keyboard_clk_filtered ; 0.000        ; 0.241      ; 1.054      ;
; 0.729 ; ps2:u_ps2|keyboard:u1|INCNT[2]   ; ps2:u_ps2|keyboard:u1|SHIFTIN[1]   ; ps2:u_ps2|keyboard:u1|keyboard_clk_filtered ; ps2:u_ps2|keyboard:u1|keyboard_clk_filtered ; 0.000        ; 0.241      ; 1.054      ;
; 0.729 ; ps2:u_ps2|keyboard:u1|INCNT[2]   ; ps2:u_ps2|keyboard:u1|SHIFTIN[2]   ; ps2:u_ps2|keyboard:u1|keyboard_clk_filtered ; ps2:u_ps2|keyboard:u1|keyboard_clk_filtered ; 0.000        ; 0.241      ; 1.054      ;
; 0.729 ; ps2:u_ps2|keyboard:u1|INCNT[2]   ; ps2:u_ps2|keyboard:u1|SHIFTIN[3]   ; ps2:u_ps2|keyboard:u1|keyboard_clk_filtered ; ps2:u_ps2|keyboard:u1|keyboard_clk_filtered ; 0.000        ; 0.241      ; 1.054      ;
; 0.729 ; ps2:u_ps2|keyboard:u1|INCNT[2]   ; ps2:u_ps2|keyboard:u1|SHIFTIN[4]   ; ps2:u_ps2|keyboard:u1|keyboard_clk_filtered ; ps2:u_ps2|keyboard:u1|keyboard_clk_filtered ; 0.000        ; 0.241      ; 1.054      ;
; 0.729 ; ps2:u_ps2|keyboard:u1|INCNT[2]   ; ps2:u_ps2|keyboard:u1|SHIFTIN[5]   ; ps2:u_ps2|keyboard:u1|keyboard_clk_filtered ; ps2:u_ps2|keyboard:u1|keyboard_clk_filtered ; 0.000        ; 0.241      ; 1.054      ;
; 0.729 ; ps2:u_ps2|keyboard:u1|INCNT[2]   ; ps2:u_ps2|keyboard:u1|SHIFTIN[6]   ; ps2:u_ps2|keyboard:u1|keyboard_clk_filtered ; ps2:u_ps2|keyboard:u1|keyboard_clk_filtered ; 0.000        ; 0.241      ; 1.054      ;
; 0.729 ; ps2:u_ps2|keyboard:u1|INCNT[2]   ; ps2:u_ps2|keyboard:u1|SHIFTIN[7]   ; ps2:u_ps2|keyboard:u1|keyboard_clk_filtered ; ps2:u_ps2|keyboard:u1|keyboard_clk_filtered ; 0.000        ; 0.241      ; 1.054      ;
; 0.729 ; ps2:u_ps2|keyboard:u1|INCNT[2]   ; ps2:u_ps2|keyboard:u1|SHIFTIN[8]   ; ps2:u_ps2|keyboard:u1|keyboard_clk_filtered ; ps2:u_ps2|keyboard:u1|keyboard_clk_filtered ; 0.000        ; 0.241      ; 1.054      ;
; 0.776 ; ps2:u_ps2|keyboard:u1|INCNT[3]   ; ps2:u_ps2|keyboard:u1|SHIFTIN[0]   ; ps2:u_ps2|keyboard:u1|keyboard_clk_filtered ; ps2:u_ps2|keyboard:u1|keyboard_clk_filtered ; 0.000        ; 0.241      ; 1.101      ;
; 0.776 ; ps2:u_ps2|keyboard:u1|INCNT[3]   ; ps2:u_ps2|keyboard:u1|SHIFTIN[1]   ; ps2:u_ps2|keyboard:u1|keyboard_clk_filtered ; ps2:u_ps2|keyboard:u1|keyboard_clk_filtered ; 0.000        ; 0.241      ; 1.101      ;
; 0.776 ; ps2:u_ps2|keyboard:u1|INCNT[3]   ; ps2:u_ps2|keyboard:u1|SHIFTIN[2]   ; ps2:u_ps2|keyboard:u1|keyboard_clk_filtered ; ps2:u_ps2|keyboard:u1|keyboard_clk_filtered ; 0.000        ; 0.241      ; 1.101      ;
; 0.776 ; ps2:u_ps2|keyboard:u1|INCNT[3]   ; ps2:u_ps2|keyboard:u1|SHIFTIN[3]   ; ps2:u_ps2|keyboard:u1|keyboard_clk_filtered ; ps2:u_ps2|keyboard:u1|keyboard_clk_filtered ; 0.000        ; 0.241      ; 1.101      ;
; 0.776 ; ps2:u_ps2|keyboard:u1|INCNT[3]   ; ps2:u_ps2|keyboard:u1|SHIFTIN[4]   ; ps2:u_ps2|keyboard:u1|keyboard_clk_filtered ; ps2:u_ps2|keyboard:u1|keyboard_clk_filtered ; 0.000        ; 0.241      ; 1.101      ;
; 0.776 ; ps2:u_ps2|keyboard:u1|INCNT[3]   ; ps2:u_ps2|keyboard:u1|SHIFTIN[5]   ; ps2:u_ps2|keyboard:u1|keyboard_clk_filtered ; ps2:u_ps2|keyboard:u1|keyboard_clk_filtered ; 0.000        ; 0.241      ; 1.101      ;
; 0.776 ; ps2:u_ps2|keyboard:u1|INCNT[3]   ; ps2:u_ps2|keyboard:u1|SHIFTIN[6]   ; ps2:u_ps2|keyboard:u1|keyboard_clk_filtered ; ps2:u_ps2|keyboard:u1|keyboard_clk_filtered ; 0.000        ; 0.241      ; 1.101      ;
; 0.776 ; ps2:u_ps2|keyboard:u1|INCNT[3]   ; ps2:u_ps2|keyboard:u1|SHIFTIN[7]   ; ps2:u_ps2|keyboard:u1|keyboard_clk_filtered ; ps2:u_ps2|keyboard:u1|keyboard_clk_filtered ; 0.000        ; 0.241      ; 1.101      ;
; 0.776 ; ps2:u_ps2|keyboard:u1|INCNT[3]   ; ps2:u_ps2|keyboard:u1|SHIFTIN[8]   ; ps2:u_ps2|keyboard:u1|keyboard_clk_filtered ; ps2:u_ps2|keyboard:u1|keyboard_clk_filtered ; 0.000        ; 0.241      ; 1.101      ;
; 0.851 ; ps2:u_ps2|keyboard:u1|INCNT[1]   ; ps2:u_ps2|keyboard:u1|SHIFTIN[0]   ; ps2:u_ps2|keyboard:u1|keyboard_clk_filtered ; ps2:u_ps2|keyboard:u1|keyboard_clk_filtered ; 0.000        ; 0.241      ; 1.176      ;
; 0.851 ; ps2:u_ps2|keyboard:u1|INCNT[1]   ; ps2:u_ps2|keyboard:u1|SHIFTIN[1]   ; ps2:u_ps2|keyboard:u1|keyboard_clk_filtered ; ps2:u_ps2|keyboard:u1|keyboard_clk_filtered ; 0.000        ; 0.241      ; 1.176      ;
; 0.851 ; ps2:u_ps2|keyboard:u1|INCNT[1]   ; ps2:u_ps2|keyboard:u1|SHIFTIN[2]   ; ps2:u_ps2|keyboard:u1|keyboard_clk_filtered ; ps2:u_ps2|keyboard:u1|keyboard_clk_filtered ; 0.000        ; 0.241      ; 1.176      ;
; 0.851 ; ps2:u_ps2|keyboard:u1|INCNT[1]   ; ps2:u_ps2|keyboard:u1|SHIFTIN[3]   ; ps2:u_ps2|keyboard:u1|keyboard_clk_filtered ; ps2:u_ps2|keyboard:u1|keyboard_clk_filtered ; 0.000        ; 0.241      ; 1.176      ;
; 0.851 ; ps2:u_ps2|keyboard:u1|INCNT[1]   ; ps2:u_ps2|keyboard:u1|SHIFTIN[4]   ; ps2:u_ps2|keyboard:u1|keyboard_clk_filtered ; ps2:u_ps2|keyboard:u1|keyboard_clk_filtered ; 0.000        ; 0.241      ; 1.176      ;
; 0.851 ; ps2:u_ps2|keyboard:u1|INCNT[1]   ; ps2:u_ps2|keyboard:u1|SHIFTIN[5]   ; ps2:u_ps2|keyboard:u1|keyboard_clk_filtered ; ps2:u_ps2|keyboard:u1|keyboard_clk_filtered ; 0.000        ; 0.241      ; 1.176      ;
; 0.851 ; ps2:u_ps2|keyboard:u1|INCNT[1]   ; ps2:u_ps2|keyboard:u1|SHIFTIN[6]   ; ps2:u_ps2|keyboard:u1|keyboard_clk_filtered ; ps2:u_ps2|keyboard:u1|keyboard_clk_filtered ; 0.000        ; 0.241      ; 1.176      ;
; 0.851 ; ps2:u_ps2|keyboard:u1|INCNT[1]   ; ps2:u_ps2|keyboard:u1|SHIFTIN[7]   ; ps2:u_ps2|keyboard:u1|keyboard_clk_filtered ; ps2:u_ps2|keyboard:u1|keyboard_clk_filtered ; 0.000        ; 0.241      ; 1.176      ;
; 0.851 ; ps2:u_ps2|keyboard:u1|INCNT[1]   ; ps2:u_ps2|keyboard:u1|SHIFTIN[8]   ; ps2:u_ps2|keyboard:u1|keyboard_clk_filtered ; ps2:u_ps2|keyboard:u1|keyboard_clk_filtered ; 0.000        ; 0.241      ; 1.176      ;
; 0.857 ; ps2:u_ps2|keyboard:u1|INCNT[0]   ; ps2:u_ps2|keyboard:u1|SHIFTIN[0]   ; ps2:u_ps2|keyboard:u1|keyboard_clk_filtered ; ps2:u_ps2|keyboard:u1|keyboard_clk_filtered ; 0.000        ; 0.241      ; 1.182      ;
; 0.857 ; ps2:u_ps2|keyboard:u1|INCNT[0]   ; ps2:u_ps2|keyboard:u1|SHIFTIN[1]   ; ps2:u_ps2|keyboard:u1|keyboard_clk_filtered ; ps2:u_ps2|keyboard:u1|keyboard_clk_filtered ; 0.000        ; 0.241      ; 1.182      ;
; 0.857 ; ps2:u_ps2|keyboard:u1|INCNT[0]   ; ps2:u_ps2|keyboard:u1|SHIFTIN[2]   ; ps2:u_ps2|keyboard:u1|keyboard_clk_filtered ; ps2:u_ps2|keyboard:u1|keyboard_clk_filtered ; 0.000        ; 0.241      ; 1.182      ;
; 0.857 ; ps2:u_ps2|keyboard:u1|INCNT[0]   ; ps2:u_ps2|keyboard:u1|SHIFTIN[3]   ; ps2:u_ps2|keyboard:u1|keyboard_clk_filtered ; ps2:u_ps2|keyboard:u1|keyboard_clk_filtered ; 0.000        ; 0.241      ; 1.182      ;
; 0.857 ; ps2:u_ps2|keyboard:u1|INCNT[0]   ; ps2:u_ps2|keyboard:u1|SHIFTIN[4]   ; ps2:u_ps2|keyboard:u1|keyboard_clk_filtered ; ps2:u_ps2|keyboard:u1|keyboard_clk_filtered ; 0.000        ; 0.241      ; 1.182      ;
; 0.857 ; ps2:u_ps2|keyboard:u1|INCNT[0]   ; ps2:u_ps2|keyboard:u1|SHIFTIN[5]   ; ps2:u_ps2|keyboard:u1|keyboard_clk_filtered ; ps2:u_ps2|keyboard:u1|keyboard_clk_filtered ; 0.000        ; 0.241      ; 1.182      ;
; 0.857 ; ps2:u_ps2|keyboard:u1|INCNT[0]   ; ps2:u_ps2|keyboard:u1|SHIFTIN[6]   ; ps2:u_ps2|keyboard:u1|keyboard_clk_filtered ; ps2:u_ps2|keyboard:u1|keyboard_clk_filtered ; 0.000        ; 0.241      ; 1.182      ;
; 0.857 ; ps2:u_ps2|keyboard:u1|INCNT[0]   ; ps2:u_ps2|keyboard:u1|SHIFTIN[7]   ; ps2:u_ps2|keyboard:u1|keyboard_clk_filtered ; ps2:u_ps2|keyboard:u1|keyboard_clk_filtered ; 0.000        ; 0.241      ; 1.182      ;
; 0.857 ; ps2:u_ps2|keyboard:u1|INCNT[0]   ; ps2:u_ps2|keyboard:u1|SHIFTIN[8]   ; ps2:u_ps2|keyboard:u1|keyboard_clk_filtered ; ps2:u_ps2|keyboard:u1|keyboard_clk_filtered ; 0.000        ; 0.241      ; 1.182      ;
; 0.871 ; ps2:u_ps2|keyboard:u1|READ_CHAR  ; ps2:u_ps2|keyboard:u1|scan_code[6] ; ps2:u_ps2|keyboard:u1|keyboard_clk_filtered ; ps2:u_ps2|keyboard:u1|keyboard_clk_filtered ; 0.000        ; 0.042      ; 0.997      ;
; 0.950 ; ps2:u_ps2|keyboard:u1|INCNT[2]   ; ps2:u_ps2|keyboard:u1|scan_code[6] ; ps2:u_ps2|keyboard:u1|keyboard_clk_filtered ; ps2:u_ps2|keyboard:u1|keyboard_clk_filtered ; 0.000        ; 0.042      ; 1.076      ;
; 0.979 ; ps2:u_ps2|keyboard:u1|READ_CHAR  ; ps2:u_ps2|keyboard:u1|scan_code[4] ; ps2:u_ps2|keyboard:u1|keyboard_clk_filtered ; ps2:u_ps2|keyboard:u1|keyboard_clk_filtered ; 0.000        ; 0.043      ; 1.106      ;
; 0.979 ; ps2:u_ps2|keyboard:u1|READ_CHAR  ; ps2:u_ps2|keyboard:u1|scan_code[5] ; ps2:u_ps2|keyboard:u1|keyboard_clk_filtered ; ps2:u_ps2|keyboard:u1|keyboard_clk_filtered ; 0.000        ; 0.043      ; 1.106      ;
; 0.979 ; ps2:u_ps2|keyboard:u1|READ_CHAR  ; ps2:u_ps2|keyboard:u1|scan_code[7] ; ps2:u_ps2|keyboard:u1|keyboard_clk_filtered ; ps2:u_ps2|keyboard:u1|keyboard_clk_filtered ; 0.000        ; 0.043      ; 1.106      ;
; 0.997 ; ps2:u_ps2|keyboard:u1|INCNT[3]   ; ps2:u_ps2|keyboard:u1|scan_code[6] ; ps2:u_ps2|keyboard:u1|keyboard_clk_filtered ; ps2:u_ps2|keyboard:u1|keyboard_clk_filtered ; 0.000        ; 0.042      ; 1.123      ;
; 1.058 ; ps2:u_ps2|keyboard:u1|INCNT[2]   ; ps2:u_ps2|keyboard:u1|scan_code[4] ; ps2:u_ps2|keyboard:u1|keyboard_clk_filtered ; ps2:u_ps2|keyboard:u1|keyboard_clk_filtered ; 0.000        ; 0.043      ; 1.185      ;
; 1.058 ; ps2:u_ps2|keyboard:u1|INCNT[2]   ; ps2:u_ps2|keyboard:u1|scan_code[5] ; ps2:u_ps2|keyboard:u1|keyboard_clk_filtered ; ps2:u_ps2|keyboard:u1|keyboard_clk_filtered ; 0.000        ; 0.043      ; 1.185      ;
; 1.058 ; ps2:u_ps2|keyboard:u1|INCNT[2]   ; ps2:u_ps2|keyboard:u1|scan_code[7] ; ps2:u_ps2|keyboard:u1|keyboard_clk_filtered ; ps2:u_ps2|keyboard:u1|keyboard_clk_filtered ; 0.000        ; 0.043      ; 1.185      ;
; 1.072 ; ps2:u_ps2|keyboard:u1|INCNT[1]   ; ps2:u_ps2|keyboard:u1|scan_code[6] ; ps2:u_ps2|keyboard:u1|keyboard_clk_filtered ; ps2:u_ps2|keyboard:u1|keyboard_clk_filtered ; 0.000        ; 0.042      ; 1.198      ;
; 1.074 ; ps2:u_ps2|keyboard:u1|READ_CHAR  ; ps2:u_ps2|keyboard:u1|INCNT[3]     ; ps2:u_ps2|keyboard:u1|keyboard_clk_filtered ; ps2:u_ps2|keyboard:u1|keyboard_clk_filtered ; 0.000        ; 0.042      ; 1.200      ;
; 1.074 ; ps2:u_ps2|keyboard:u1|READ_CHAR  ; ps2:u_ps2|keyboard:u1|INCNT[0]     ; ps2:u_ps2|keyboard:u1|keyboard_clk_filtered ; ps2:u_ps2|keyboard:u1|keyboard_clk_filtered ; 0.000        ; 0.042      ; 1.200      ;
+-------+----------------------------------+------------------------------------+---------------------------------------------+---------------------------------------------+--------------+------------+------------+


+----------------------------------------------------------------------------------------------------------------------------------------------------------------------------------------------+
; Fast 1200mV 0C Model Hold: 'ps2:u_ps2|keyboard:u1|scan_ready'                                                                                                                                ;
+-------+------------------------------------+-----------------------+---------------------------------------------+----------------------------------+--------------+------------+------------+
; Slack ; From Node                          ; To Node               ; Launch Clock                                ; Latch Clock                      ; Relationship ; Clock Skew ; Data Delay ;
+-------+------------------------------------+-----------------------+---------------------------------------------+----------------------------------+--------------+------------+------------+
; 0.199 ; ps2:u_ps2|history0[7]              ; ps2:u_ps2|history1[7] ; ps2:u_ps2|keyboard:u1|scan_ready            ; ps2:u_ps2|keyboard:u1|scan_ready ; 0.000        ; 0.042      ; 0.325      ;
; 0.199 ; ps2:u_ps2|history0[5]              ; ps2:u_ps2|history1[5] ; ps2:u_ps2|keyboard:u1|scan_ready            ; ps2:u_ps2|keyboard:u1|scan_ready ; 0.000        ; 0.042      ; 0.325      ;
; 0.199 ; ps2:u_ps2|history0[6]              ; ps2:u_ps2|history1[6] ; ps2:u_ps2|keyboard:u1|scan_ready            ; ps2:u_ps2|keyboard:u1|scan_ready ; 0.000        ; 0.042      ; 0.325      ;
; 0.201 ; ps2:u_ps2|history0[4]              ; ps2:u_ps2|history1[4] ; ps2:u_ps2|keyboard:u1|scan_ready            ; ps2:u_ps2|keyboard:u1|scan_ready ; 0.000        ; 0.042      ; 0.327      ;
; 0.201 ; ps2:u_ps2|history0[2]              ; ps2:u_ps2|history1[2] ; ps2:u_ps2|keyboard:u1|scan_ready            ; ps2:u_ps2|keyboard:u1|scan_ready ; 0.000        ; 0.042      ; 0.327      ;
; 0.269 ; ps2:u_ps2|keyboard:u1|scan_code[1] ; ps2:u_ps2|history0[1] ; ps2:u_ps2|keyboard:u1|keyboard_clk_filtered ; ps2:u_ps2|keyboard:u1|scan_ready ; 0.000        ; -0.059     ; 0.314      ;
; 0.269 ; ps2:u_ps2|keyboard:u1|scan_code[2] ; ps2:u_ps2|history0[2] ; ps2:u_ps2|keyboard:u1|keyboard_clk_filtered ; ps2:u_ps2|keyboard:u1|scan_ready ; 0.000        ; -0.059     ; 0.314      ;
; 0.270 ; ps2:u_ps2|keyboard:u1|scan_code[0] ; ps2:u_ps2|history0[0] ; ps2:u_ps2|keyboard:u1|keyboard_clk_filtered ; ps2:u_ps2|keyboard:u1|scan_ready ; 0.000        ; -0.059     ; 0.315      ;
; 0.271 ; ps2:u_ps2|keyboard:u1|scan_code[3] ; ps2:u_ps2|history0[3] ; ps2:u_ps2|keyboard:u1|keyboard_clk_filtered ; ps2:u_ps2|keyboard:u1|scan_ready ; 0.000        ; -0.059     ; 0.316      ;
; 0.273 ; ps2:u_ps2|history0[1]              ; ps2:u_ps2|history1[1] ; ps2:u_ps2|keyboard:u1|scan_ready            ; ps2:u_ps2|keyboard:u1|scan_ready ; 0.000        ; 0.042      ; 0.399      ;
; 0.274 ; ps2:u_ps2|history0[3]              ; ps2:u_ps2|history1[3] ; ps2:u_ps2|keyboard:u1|scan_ready            ; ps2:u_ps2|keyboard:u1|scan_ready ; 0.000        ; 0.042      ; 0.400      ;
; 0.274 ; ps2:u_ps2|history0[0]              ; ps2:u_ps2|history1[0] ; ps2:u_ps2|keyboard:u1|scan_ready            ; ps2:u_ps2|keyboard:u1|scan_ready ; 0.000        ; 0.042      ; 0.400      ;
; 0.342 ; ps2:u_ps2|keyboard:u1|scan_code[4] ; ps2:u_ps2|history0[4] ; ps2:u_ps2|keyboard:u1|keyboard_clk_filtered ; ps2:u_ps2|keyboard:u1|scan_ready ; 0.000        ; -0.059     ; 0.387      ;
; 0.343 ; ps2:u_ps2|keyboard:u1|scan_code[7] ; ps2:u_ps2|history0[7] ; ps2:u_ps2|keyboard:u1|keyboard_clk_filtered ; ps2:u_ps2|keyboard:u1|scan_ready ; 0.000        ; -0.059     ; 0.388      ;
; 0.343 ; ps2:u_ps2|keyboard:u1|scan_code[5] ; ps2:u_ps2|history0[5] ; ps2:u_ps2|keyboard:u1|keyboard_clk_filtered ; ps2:u_ps2|keyboard:u1|scan_ready ; 0.000        ; -0.059     ; 0.388      ;
; 0.408 ; ps2:u_ps2|keyboard:u1|scan_code[6] ; ps2:u_ps2|history0[6] ; ps2:u_ps2|keyboard:u1|keyboard_clk_filtered ; ps2:u_ps2|keyboard:u1|scan_ready ; 0.000        ; -0.058     ; 0.454      ;
+-------+------------------------------------+-----------------------+---------------------------------------------+----------------------------------+--------------+------------+------------+


+--------------------------------------------------------------------------------------------------------------------------------------------------------------------------+
; Fast 1200mV 0C Model Recovery: 'ps2:u_ps2|keyboard:u1|ready_set'                                                                                                         ;
+--------+------------------------------------+----------------------------------+--------------+---------------------------------+--------------+------------+------------+
; Slack  ; From Node                          ; To Node                          ; Launch Clock ; Latch Clock                     ; Relationship ; Clock Skew ; Data Delay ;
+--------+------------------------------------+----------------------------------+--------------+---------------------------------+--------------+------------+------------+
; -0.435 ; ps2:u_ps2|oneshot:pulser|pulse_out ; ps2:u_ps2|keyboard:u1|scan_ready ; CLOCK_50     ; ps2:u_ps2|keyboard:u1|ready_set ; 1.000        ; -0.746     ; 0.676      ;
+--------+------------------------------------+----------------------------------+--------------+---------------------------------+--------------+------------+------------+


+-------------------------------------------------------------------------------------------------------------------------------------------------------------------------+
; Fast 1200mV 0C Model Removal: 'ps2:u_ps2|keyboard:u1|ready_set'                                                                                                         ;
+-------+------------------------------------+----------------------------------+--------------+---------------------------------+--------------+------------+------------+
; Slack ; From Node                          ; To Node                          ; Launch Clock ; Latch Clock                     ; Relationship ; Clock Skew ; Data Delay ;
+-------+------------------------------------+----------------------------------+--------------+---------------------------------+--------------+------------+------------+
; 1.138 ; ps2:u_ps2|oneshot:pulser|pulse_out ; ps2:u_ps2|keyboard:u1|scan_ready ; CLOCK_50     ; ps2:u_ps2|keyboard:u1|ready_set ; 0.000        ; -0.639     ; 0.603      ;
+-------+------------------------------------+----------------------------------+--------------+---------------------------------+--------------+------------+------------+


----------------------------------------------
; Fast 1200mV 0C Model Metastability Summary ;
----------------------------------------------
No synchronizer chains to report.


+-----------------------------------------------------------------------------------------------------------+
; Multicorner Timing Analysis Summary                                                                       ;
+----------------------------------------------+---------+-------+----------+---------+---------------------+
; Clock                                        ; Setup   ; Hold  ; Recovery ; Removal ; Minimum Pulse Width ;
+----------------------------------------------+---------+-------+----------+---------+---------------------+
; Worst-case Slack                             ; -2.394  ; 0.180 ; -1.754   ; 1.138   ; -3.000              ;
;  CLOCK_50                                    ; -2.394  ; 0.180 ; N/A      ; N/A     ; -3.000              ;
;  ps2:u_ps2|keyboard:u1|keyboard_clk_filtered ; -2.166  ; 0.181 ; N/A      ; N/A     ; -1.285              ;
;  ps2:u_ps2|keyboard:u1|ready_set             ; N/A     ; N/A   ; -1.754   ; 1.138   ; -1.285              ;
;  ps2:u_ps2|keyboard:u1|scan_ready            ; -0.554  ; 0.199 ; N/A      ; N/A     ; -1.285              ;
; Design-wide TNS                              ; -50.62  ; 0.0   ; -1.754   ; 0.0     ; -69.82              ;
;  CLOCK_50                                    ; -11.013 ; 0.000 ; N/A      ; N/A     ; -18.608             ;
;  ps2:u_ps2|keyboard:u1|keyboard_clk_filtered ; -36.638 ; 0.000 ; N/A      ; N/A     ; -29.555             ;
;  ps2:u_ps2|keyboard:u1|ready_set             ; N/A     ; N/A   ; -1.754   ; 0.000   ; -1.285              ;
;  ps2:u_ps2|keyboard:u1|scan_ready            ; -2.969  ; 0.000 ; N/A      ; N/A     ; -20.560             ;
+----------------------------------------------+---------+-------+----------+---------+---------------------+


+------------------------------------------------------------------------------------------------------------------------------------------------------------------------------------------------------------------------------------------------------------------------------------------------------------------------------------------------------------------------------------------------------------------+
; Board Trace Model Assignments                                                                                                                                                                                                                                                                                                                                                                                    ;
+---------------+--------------+-------------------+-------------------------+-------------------------+---------------+---------------------+----------------+------------------+--------+------------------+------------------------+------------------------+--------------+---------------+-----------------+-------+---------------------+--------------------+---------------+-----------------+-------------+
; Pin           ; I/O Standard ; Near Tline Length ; Near Tline L per Length ; Near Tline C per Length ; Near Series R ; Near Differential R ; Near Pull-up R ; Near Pull-down R ; Near C ; Far Tline Length ; Far Tline L per Length ; Far Tline C per Length ; Far Series R ; Far Pull-up R ; Far Pull-down R ; Far C ; Termination Voltage ; Far Differential R ; EBD File Name ; EBD Signal Name ; EBD Far-end ;
+---------------+--------------+-------------------+-------------------------+-------------------------+---------------+---------------------+----------------+------------------+--------+------------------+------------------------+------------------------+--------------+---------------+-----------------+-------+---------------------+--------------------+---------------+-----------------+-------------+
; HEX0[0]       ; 3.3-V LVTTL  ; 0 in              ; 0 H/in                  ; 0 F/in                  ; short         ; -                   ; open           ; open             ; open   ; 0 in             ; 0 H/in                 ; 0 F/in                 ; short        ; open          ; open            ; open  ; 0 V                 ; -                  ; n/a           ; n/a             ; n/a         ;
; HEX0[1]       ; 3.3-V LVTTL  ; 0 in              ; 0 H/in                  ; 0 F/in                  ; short         ; -                   ; open           ; open             ; open   ; 0 in             ; 0 H/in                 ; 0 F/in                 ; short        ; open          ; open            ; open  ; 0 V                 ; -                  ; n/a           ; n/a             ; n/a         ;
; HEX0[2]       ; 3.3-V LVTTL  ; 0 in              ; 0 H/in                  ; 0 F/in                  ; short         ; -                   ; open           ; open             ; open   ; 0 in             ; 0 H/in                 ; 0 F/in                 ; short        ; open          ; open            ; open  ; 0 V                 ; -                  ; n/a           ; n/a             ; n/a         ;
; HEX0[3]       ; 3.3-V LVTTL  ; 0 in              ; 0 H/in                  ; 0 F/in                  ; short         ; -                   ; open           ; open             ; open   ; 0 in             ; 0 H/in                 ; 0 F/in                 ; short        ; open          ; open            ; open  ; 0 V                 ; -                  ; n/a           ; n/a             ; n/a         ;
; HEX0[4]       ; 3.3-V LVTTL  ; 0 in              ; 0 H/in                  ; 0 F/in                  ; short         ; -                   ; open           ; open             ; open   ; 0 in             ; 0 H/in                 ; 0 F/in                 ; short        ; open          ; open            ; open  ; 0 V                 ; -                  ; n/a           ; n/a             ; n/a         ;
; HEX0[5]       ; 3.3-V LVTTL  ; 0 in              ; 0 H/in                  ; 0 F/in                  ; short         ; -                   ; open           ; open             ; open   ; 0 in             ; 0 H/in                 ; 0 F/in                 ; short        ; open          ; open            ; open  ; 0 V                 ; -                  ; n/a           ; n/a             ; n/a         ;
; HEX0[6]       ; 3.3-V LVTTL  ; 0 in              ; 0 H/in                  ; 0 F/in                  ; short         ; -                   ; open           ; open             ; open   ; 0 in             ; 0 H/in                 ; 0 F/in                 ; short        ; open          ; open            ; open  ; 0 V                 ; -                  ; n/a           ; n/a             ; n/a         ;
; HEX1[0]       ; 3.3-V LVTTL  ; 0 in              ; 0 H/in                  ; 0 F/in                  ; short         ; -                   ; open           ; open             ; open   ; 0 in             ; 0 H/in                 ; 0 F/in                 ; short        ; open          ; open            ; open  ; 0 V                 ; -                  ; n/a           ; n/a             ; n/a         ;
; HEX1[1]       ; 3.3-V LVTTL  ; 0 in              ; 0 H/in                  ; 0 F/in                  ; short         ; -                   ; open           ; open             ; open   ; 0 in             ; 0 H/in                 ; 0 F/in                 ; short        ; open          ; open            ; open  ; 0 V                 ; -                  ; n/a           ; n/a             ; n/a         ;
; HEX1[2]       ; 3.3-V LVTTL  ; 0 in              ; 0 H/in                  ; 0 F/in                  ; short         ; -                   ; open           ; open             ; open   ; 0 in             ; 0 H/in                 ; 0 F/in                 ; short        ; open          ; open            ; open  ; 0 V                 ; -                  ; n/a           ; n/a             ; n/a         ;
; HEX1[3]       ; 3.3-V LVTTL  ; 0 in              ; 0 H/in                  ; 0 F/in                  ; short         ; -                   ; open           ; open             ; open   ; 0 in             ; 0 H/in                 ; 0 F/in                 ; short        ; open          ; open            ; open  ; 0 V                 ; -                  ; n/a           ; n/a             ; n/a         ;
; HEX1[4]       ; 3.3-V LVTTL  ; 0 in              ; 0 H/in                  ; 0 F/in                  ; short         ; -                   ; open           ; open             ; open   ; 0 in             ; 0 H/in                 ; 0 F/in                 ; short        ; open          ; open            ; open  ; 0 V                 ; -                  ; n/a           ; n/a             ; n/a         ;
; HEX1[5]       ; 3.3-V LVTTL  ; 0 in              ; 0 H/in                  ; 0 F/in                  ; short         ; -                   ; open           ; open             ; open   ; 0 in             ; 0 H/in                 ; 0 F/in                 ; short        ; open          ; open            ; open  ; 0 V                 ; -                  ; n/a           ; n/a             ; n/a         ;
; HEX1[6]       ; 3.3-V LVTTL  ; 0 in              ; 0 H/in                  ; 0 F/in                  ; short         ; -                   ; open           ; open             ; open   ; 0 in             ; 0 H/in                 ; 0 F/in                 ; short        ; open          ; open            ; open  ; 0 V                 ; -                  ; n/a           ; n/a             ; n/a         ;
; HEX2[0]       ; 3.3-V LVTTL  ; 0 in              ; 0 H/in                  ; 0 F/in                  ; short         ; -                   ; open           ; open             ; open   ; 0 in             ; 0 H/in                 ; 0 F/in                 ; short        ; open          ; open            ; open  ; 0 V                 ; -                  ; n/a           ; n/a             ; n/a         ;
; HEX2[1]       ; 3.3-V LVTTL  ; 0 in              ; 0 H/in                  ; 0 F/in                  ; short         ; -                   ; open           ; open             ; open   ; 0 in             ; 0 H/in                 ; 0 F/in                 ; short        ; open          ; open            ; open  ; 0 V                 ; -                  ; n/a           ; n/a             ; n/a         ;
; HEX2[2]       ; 3.3-V LVTTL  ; 0 in              ; 0 H/in                  ; 0 F/in                  ; short         ; -                   ; open           ; open             ; open   ; 0 in             ; 0 H/in                 ; 0 F/in                 ; short        ; open          ; open            ; open  ; 0 V                 ; -                  ; n/a           ; n/a             ; n/a         ;
; HEX2[3]       ; 3.3-V LVTTL  ; 0 in              ; 0 H/in                  ; 0 F/in                  ; short         ; -                   ; open           ; open             ; open   ; 0 in             ; 0 H/in                 ; 0 F/in                 ; short        ; open          ; open            ; open  ; 0 V                 ; -                  ; n/a           ; n/a             ; n/a         ;
; HEX2[4]       ; 3.3-V LVTTL  ; 0 in              ; 0 H/in                  ; 0 F/in                  ; short         ; -                   ; open           ; open             ; open   ; 0 in             ; 0 H/in                 ; 0 F/in                 ; short        ; open          ; open            ; open  ; 0 V                 ; -                  ; n/a           ; n/a             ; n/a         ;
; HEX2[5]       ; 3.3-V LVTTL  ; 0 in              ; 0 H/in                  ; 0 F/in                  ; short         ; -                   ; open           ; open             ; open   ; 0 in             ; 0 H/in                 ; 0 F/in                 ; short        ; open          ; open            ; open  ; 0 V                 ; -                  ; n/a           ; n/a             ; n/a         ;
; HEX2[6]       ; 3.3-V LVTTL  ; 0 in              ; 0 H/in                  ; 0 F/in                  ; short         ; -                   ; open           ; open             ; open   ; 0 in             ; 0 H/in                 ; 0 F/in                 ; short        ; open          ; open            ; open  ; 0 V                 ; -                  ; n/a           ; n/a             ; n/a         ;
; HEX3[0]       ; 3.3-V LVTTL  ; 0 in              ; 0 H/in                  ; 0 F/in                  ; short         ; -                   ; open           ; open             ; open   ; 0 in             ; 0 H/in                 ; 0 F/in                 ; short        ; open          ; open            ; open  ; 0 V                 ; -                  ; n/a           ; n/a             ; n/a         ;
; HEX3[1]       ; 3.3-V LVTTL  ; 0 in              ; 0 H/in                  ; 0 F/in                  ; short         ; -                   ; open           ; open             ; open   ; 0 in             ; 0 H/in                 ; 0 F/in                 ; short        ; open          ; open            ; open  ; 0 V                 ; -                  ; n/a           ; n/a             ; n/a         ;
; HEX3[2]       ; 3.3-V LVTTL  ; 0 in              ; 0 H/in                  ; 0 F/in                  ; short         ; -                   ; open           ; open             ; open   ; 0 in             ; 0 H/in                 ; 0 F/in                 ; short        ; open          ; open            ; open  ; 0 V                 ; -                  ; n/a           ; n/a             ; n/a         ;
; HEX3[3]       ; 3.3-V LVTTL  ; 0 in              ; 0 H/in                  ; 0 F/in                  ; short         ; -                   ; open           ; open             ; open   ; 0 in             ; 0 H/in                 ; 0 F/in                 ; short        ; open          ; open            ; open  ; 0 V                 ; -                  ; n/a           ; n/a             ; n/a         ;
; HEX3[4]       ; 3.3-V LVTTL  ; 0 in              ; 0 H/in                  ; 0 F/in                  ; short         ; -                   ; open           ; open             ; open   ; 0 in             ; 0 H/in                 ; 0 F/in                 ; short        ; open          ; open            ; open  ; 0 V                 ; -                  ; n/a           ; n/a             ; n/a         ;
; HEX3[5]       ; 3.3-V LVTTL  ; 0 in              ; 0 H/in                  ; 0 F/in                  ; short         ; -                   ; open           ; open             ; open   ; 0 in             ; 0 H/in                 ; 0 F/in                 ; short        ; open          ; open            ; open  ; 0 V                 ; -                  ; n/a           ; n/a             ; n/a         ;
; HEX3[6]       ; 3.3-V LVTTL  ; 0 in              ; 0 H/in                  ; 0 F/in                  ; short         ; -                   ; open           ; open             ; open   ; 0 in             ; 0 H/in                 ; 0 F/in                 ; short        ; open          ; open            ; open  ; 0 V                 ; -                  ; n/a           ; n/a             ; n/a         ;
; ~ALTERA_DCLK~ ; 3.3-V LVTTL  ; 0 in              ; 0 H/in                  ; 0 F/in                  ; short         ; -                   ; open           ; open             ; open   ; 0 in             ; 0 H/in                 ; 0 F/in                 ; short        ; open          ; open            ; open  ; 0 V                 ; -                  ; n/a           ; n/a             ; n/a         ;
; ~ALTERA_nCEO~ ; 3.3-V LVTTL  ; 0 in              ; 0 H/in                  ; 0 F/in                  ; short         ; -                   ; open           ; open             ; open   ; 0 in             ; 0 H/in                 ; 0 F/in                 ; short        ; open          ; open            ; open  ; 0 V                 ; -                  ; n/a           ; n/a             ; n/a         ;
+---------------+--------------+-------------------+-------------------------+-------------------------+---------------+---------------------+----------------+------------------+--------+------------------+------------------------+------------------------+--------------+---------------+-----------------+-------+---------------------+--------------------+---------------+-----------------+-------------+


+----------------------------------------------------------------------------+
; Input Transition Times                                                     ;
+-------------------------+--------------+-----------------+-----------------+
; Pin                     ; I/O Standard ; 10-90 Rise Time ; 90-10 Fall Time ;
+-------------------------+--------------+-----------------+-----------------+
; RESET_N                 ; 3.3-V LVTTL  ; 2640 ps         ; 2640 ps         ;
; CLOCK_50                ; 3.3-V LVTTL  ; 2640 ps         ; 2640 ps         ;
; PS2_DAT                 ; 3.3-V LVTTL  ; 2640 ps         ; 2640 ps         ;
; PS2_CLK                 ; 3.3-V LVTTL  ; 2640 ps         ; 2640 ps         ;
; ~ALTERA_ASDO_DATA1~     ; 3.3-V LVTTL  ; 2640 ps         ; 2640 ps         ;
; ~ALTERA_FLASH_nCE_nCSO~ ; 3.3-V LVTTL  ; 2640 ps         ; 2640 ps         ;
; ~ALTERA_DATA0~          ; 3.3-V LVTTL  ; 2640 ps         ; 2640 ps         ;
+-------------------------+--------------+-----------------+-----------------+


+--------------------------------------------------------------------------------------------------------------------------------------------------------------------------------------------------------------------------------------------------------------------------------------------------------------------------------------------------------------------------------------------------------------------------------------------------------------------------------------------------------------------------------------------------------------------------------------------------------------------------------------------------------------------------------------------+
; Signal Integrity Metrics (Slow 1200mv 0c Model)                                                                                                                                                                                                                                                                                                                                                                                                                                                                                                                                                                                                                                            ;
+---------------+--------------+---------------------+---------------------+------------------------------+------------------------------+---------------------+---------------------+--------------------------------------+--------------------------------------+-----------------------------+-----------------------------+----------------------------+----------------------------+-----------------------------+-----------------------------+--------------------+--------------------+-------------------------------------+-------------------------------------+----------------------------+----------------------------+---------------------------+---------------------------+
; Pin           ; I/O Standard ; Board Delay on Rise ; Board Delay on Fall ; Steady State Voh at FPGA Pin ; Steady State Vol at FPGA Pin ; Voh Max at FPGA Pin ; Vol Min at FPGA Pin ; Ringback Voltage on Rise at FPGA Pin ; Ringback Voltage on Fall at FPGA Pin ; 10-90 Rise Time at FPGA Pin ; 90-10 Fall Time at FPGA Pin ; Monotonic Rise at FPGA Pin ; Monotonic Fall at FPGA Pin ; Steady State Voh at Far-end ; Steady State Vol at Far-end ; Voh Max at Far-end ; Vol Min at Far-end ; Ringback Voltage on Rise at Far-end ; Ringback Voltage on Fall at Far-end ; 10-90 Rise Time at Far-end ; 90-10 Fall Time at Far-end ; Monotonic Rise at Far-end ; Monotonic Fall at Far-end ;
+---------------+--------------+---------------------+---------------------+------------------------------+------------------------------+---------------------+---------------------+--------------------------------------+--------------------------------------+-----------------------------+-----------------------------+----------------------------+----------------------------+-----------------------------+-----------------------------+--------------------+--------------------+-------------------------------------+-------------------------------------+----------------------------+----------------------------+---------------------------+---------------------------+
; HEX0[0]       ; 3.3-V LVTTL  ; 0 s                 ; 0 s                 ; 3.08 V                       ; 1.58e-08 V                   ; 3.13 V              ; -0.117 V            ; 0.143 V                              ; 0.259 V                              ; 6.22e-10 s                  ; 4.46e-10 s                  ; No                         ; No                         ; 3.08 V                      ; 1.58e-08 V                  ; 3.13 V             ; -0.117 V           ; 0.143 V                             ; 0.259 V                             ; 6.22e-10 s                 ; 4.46e-10 s                 ; No                        ; No                        ;
; HEX0[1]       ; 3.3-V LVTTL  ; 0 s                 ; 0 s                 ; 3.08 V                       ; 1.58e-08 V                   ; 3.09 V              ; -0.012 V            ; 0.232 V                              ; 0.268 V                              ; 4.75e-09 s                  ; 3.5e-09 s                   ; Yes                        ; No                         ; 3.08 V                      ; 1.58e-08 V                  ; 3.09 V             ; -0.012 V           ; 0.232 V                             ; 0.268 V                             ; 4.75e-09 s                 ; 3.5e-09 s                  ; Yes                       ; No                        ;
; HEX0[2]       ; 3.3-V LVTTL  ; 0 s                 ; 0 s                 ; 3.08 V                       ; 1.58e-08 V                   ; 3.13 V              ; -0.117 V            ; 0.143 V                              ; 0.259 V                              ; 6.22e-10 s                  ; 4.46e-10 s                  ; No                         ; No                         ; 3.08 V                      ; 1.58e-08 V                  ; 3.13 V             ; -0.117 V           ; 0.143 V                             ; 0.259 V                             ; 6.22e-10 s                 ; 4.46e-10 s                 ; No                        ; No                        ;
; HEX0[3]       ; 3.3-V LVTTL  ; 0 s                 ; 0 s                 ; 3.08 V                       ; 1.11e-08 V                   ; 3.14 V              ; -0.118 V            ; 0.311 V                              ; 0.245 V                              ; 5.04e-10 s                  ; 4.36e-10 s                  ; No                         ; No                         ; 3.08 V                      ; 1.11e-08 V                  ; 3.14 V             ; -0.118 V           ; 0.311 V                             ; 0.245 V                             ; 5.04e-10 s                 ; 4.36e-10 s                 ; No                        ; No                        ;
; HEX0[4]       ; 3.3-V LVTTL  ; 0 s                 ; 0 s                 ; 3.08 V                       ; 1.11e-08 V                   ; 3.14 V              ; -0.118 V            ; 0.311 V                              ; 0.245 V                              ; 5.04e-10 s                  ; 4.36e-10 s                  ; No                         ; No                         ; 3.08 V                      ; 1.11e-08 V                  ; 3.14 V             ; -0.118 V           ; 0.311 V                             ; 0.245 V                             ; 5.04e-10 s                 ; 4.36e-10 s                 ; No                        ; No                        ;
; HEX0[5]       ; 3.3-V LVTTL  ; 0 s                 ; 0 s                 ; 3.08 V                       ; 1.11e-08 V                   ; 3.09 V              ; -0.0117 V           ; 0.268 V                              ; 0.262 V                              ; 4.74e-09 s                  ; 3.5e-09 s                   ; No                         ; No                         ; 3.08 V                      ; 1.11e-08 V                  ; 3.09 V             ; -0.0117 V          ; 0.268 V                             ; 0.262 V                             ; 4.74e-09 s                 ; 3.5e-09 s                  ; No                        ; No                        ;
; HEX0[6]       ; 3.3-V LVTTL  ; 0 s                 ; 0 s                 ; 3.08 V                       ; 1.11e-08 V                   ; 3.14 V              ; -0.118 V            ; 0.311 V                              ; 0.245 V                              ; 5.04e-10 s                  ; 4.36e-10 s                  ; No                         ; No                         ; 3.08 V                      ; 1.11e-08 V                  ; 3.14 V             ; -0.118 V           ; 0.311 V                             ; 0.245 V                             ; 5.04e-10 s                 ; 4.36e-10 s                 ; No                        ; No                        ;
; HEX1[0]       ; 3.3-V LVTTL  ; 0 s                 ; 0 s                 ; 3.08 V                       ; 1.11e-08 V                   ; 3.14 V              ; -0.118 V            ; 0.311 V                              ; 0.245 V                              ; 5.04e-10 s                  ; 4.36e-10 s                  ; No                         ; No                         ; 3.08 V                      ; 1.11e-08 V                  ; 3.14 V             ; -0.118 V           ; 0.311 V                             ; 0.245 V                             ; 5.04e-10 s                 ; 4.36e-10 s                 ; No                        ; No                        ;
; HEX1[1]       ; 3.3-V LVTTL  ; 0 s                 ; 0 s                 ; 3.08 V                       ; 1.11e-08 V                   ; 3.13 V              ; -0.0798 V           ; 0.192 V                              ; 0.22 V                               ; 8.68e-10 s                  ; 6.46e-10 s                  ; No                         ; No                         ; 3.08 V                      ; 1.11e-08 V                  ; 3.13 V             ; -0.0798 V          ; 0.192 V                             ; 0.22 V                              ; 8.68e-10 s                 ; 6.46e-10 s                 ; No                        ; No                        ;
; HEX1[2]       ; 3.3-V LVTTL  ; 0 s                 ; 0 s                 ; 3.08 V                       ; 1.11e-08 V                   ; 3.13 V              ; -0.0798 V           ; 0.192 V                              ; 0.22 V                               ; 8.68e-10 s                  ; 6.46e-10 s                  ; No                         ; No                         ; 3.08 V                      ; 1.11e-08 V                  ; 3.13 V             ; -0.0798 V          ; 0.192 V                             ; 0.22 V                              ; 8.68e-10 s                 ; 6.46e-10 s                 ; No                        ; No                        ;
; HEX1[3]       ; 3.3-V LVTTL  ; 0 s                 ; 0 s                 ; 3.08 V                       ; 1.11e-08 V                   ; 3.13 V              ; -0.0798 V           ; 0.192 V                              ; 0.22 V                               ; 8.68e-10 s                  ; 6.46e-10 s                  ; No                         ; No                         ; 3.08 V                      ; 1.11e-08 V                  ; 3.13 V             ; -0.0798 V          ; 0.192 V                             ; 0.22 V                              ; 8.68e-10 s                 ; 6.46e-10 s                 ; No                        ; No                        ;
; HEX1[4]       ; 3.3-V LVTTL  ; 0 s                 ; 0 s                 ; 3.08 V                       ; 1.11e-08 V                   ; 3.13 V              ; -0.0798 V           ; 0.192 V                              ; 0.22 V                               ; 8.68e-10 s                  ; 6.46e-10 s                  ; No                         ; No                         ; 3.08 V                      ; 1.11e-08 V                  ; 3.13 V             ; -0.0798 V          ; 0.192 V                             ; 0.22 V                              ; 8.68e-10 s                 ; 6.46e-10 s                 ; No                        ; No                        ;
; HEX1[5]       ; 3.3-V LVTTL  ; 0 s                 ; 0 s                 ; 3.08 V                       ; 1.11e-08 V                   ; 3.09 V              ; -0.0117 V           ; 0.268 V                              ; 0.262 V                              ; 4.74e-09 s                  ; 3.5e-09 s                   ; No                         ; No                         ; 3.08 V                      ; 1.11e-08 V                  ; 3.09 V             ; -0.0117 V          ; 0.268 V                             ; 0.262 V                             ; 4.74e-09 s                 ; 3.5e-09 s                  ; No                        ; No                        ;
; HEX1[6]       ; 3.3-V LVTTL  ; 0 s                 ; 0 s                 ; 3.08 V                       ; 1.11e-08 V                   ; 3.09 V              ; -0.0117 V           ; 0.268 V                              ; 0.262 V                              ; 4.74e-09 s                  ; 3.5e-09 s                   ; No                         ; No                         ; 3.08 V                      ; 1.11e-08 V                  ; 3.09 V             ; -0.0117 V          ; 0.268 V                             ; 0.262 V                             ; 4.74e-09 s                 ; 3.5e-09 s                  ; No                        ; No                        ;
; HEX2[0]       ; 3.3-V LVTTL  ; 0 s                 ; 0 s                 ; 3.08 V                       ; 1.11e-08 V                   ; 3.13 V              ; -0.0798 V           ; 0.192 V                              ; 0.22 V                               ; 8.68e-10 s                  ; 6.46e-10 s                  ; No                         ; No                         ; 3.08 V                      ; 1.11e-08 V                  ; 3.13 V             ; -0.0798 V          ; 0.192 V                             ; 0.22 V                              ; 8.68e-10 s                 ; 6.46e-10 s                 ; No                        ; No                        ;
; HEX2[1]       ; 3.3-V LVTTL  ; 0 s                 ; 0 s                 ; 3.08 V                       ; 1.11e-08 V                   ; 3.13 V              ; -0.0798 V           ; 0.192 V                              ; 0.22 V                               ; 8.68e-10 s                  ; 6.46e-10 s                  ; No                         ; No                         ; 3.08 V                      ; 1.11e-08 V                  ; 3.13 V             ; -0.0798 V          ; 0.192 V                             ; 0.22 V                              ; 8.68e-10 s                 ; 6.46e-10 s                 ; No                        ; No                        ;
; HEX2[2]       ; 3.3-V LVTTL  ; 0 s                 ; 0 s                 ; 3.08 V                       ; 1.11e-08 V                   ; 3.13 V              ; -0.0798 V           ; 0.192 V                              ; 0.22 V                               ; 8.68e-10 s                  ; 6.46e-10 s                  ; No                         ; No                         ; 3.08 V                      ; 1.11e-08 V                  ; 3.13 V             ; -0.0798 V          ; 0.192 V                             ; 0.22 V                              ; 8.68e-10 s                 ; 6.46e-10 s                 ; No                        ; No                        ;
; HEX2[3]       ; 3.3-V LVTTL  ; 0 s                 ; 0 s                 ; 3.08 V                       ; 1.11e-08 V                   ; 3.13 V              ; -0.0798 V           ; 0.192 V                              ; 0.22 V                               ; 8.68e-10 s                  ; 6.46e-10 s                  ; No                         ; No                         ; 3.08 V                      ; 1.11e-08 V                  ; 3.13 V             ; -0.0798 V          ; 0.192 V                             ; 0.22 V                              ; 8.68e-10 s                 ; 6.46e-10 s                 ; No                        ; No                        ;
; HEX2[4]       ; 3.3-V LVTTL  ; 0 s                 ; 0 s                 ; 3.08 V                       ; 1.11e-08 V                   ; 3.13 V              ; -0.0798 V           ; 0.192 V                              ; 0.22 V                               ; 8.68e-10 s                  ; 6.46e-10 s                  ; No                         ; No                         ; 3.08 V                      ; 1.11e-08 V                  ; 3.13 V             ; -0.0798 V          ; 0.192 V                             ; 0.22 V                              ; 8.68e-10 s                 ; 6.46e-10 s                 ; No                        ; No                        ;
; HEX2[5]       ; 3.3-V LVTTL  ; 0 s                 ; 0 s                 ; 3.08 V                       ; 1.11e-08 V                   ; 3.13 V              ; -0.0798 V           ; 0.192 V                              ; 0.22 V                               ; 8.68e-10 s                  ; 6.46e-10 s                  ; No                         ; No                         ; 3.08 V                      ; 1.11e-08 V                  ; 3.13 V             ; -0.0798 V          ; 0.192 V                             ; 0.22 V                              ; 8.68e-10 s                 ; 6.46e-10 s                 ; No                        ; No                        ;
; HEX2[6]       ; 3.3-V LVTTL  ; 0 s                 ; 0 s                 ; 3.08 V                       ; 1.11e-08 V                   ; 3.13 V              ; -0.0798 V           ; 0.192 V                              ; 0.22 V                               ; 8.68e-10 s                  ; 6.46e-10 s                  ; No                         ; No                         ; 3.08 V                      ; 1.11e-08 V                  ; 3.13 V             ; -0.0798 V          ; 0.192 V                             ; 0.22 V                              ; 8.68e-10 s                 ; 6.46e-10 s                 ; No                        ; No                        ;
; HEX3[0]       ; 3.3-V LVTTL  ; 0 s                 ; 0 s                 ; 3.08 V                       ; 1.11e-08 V                   ; 3.13 V              ; -0.0798 V           ; 0.192 V                              ; 0.22 V                               ; 8.68e-10 s                  ; 6.46e-10 s                  ; No                         ; No                         ; 3.08 V                      ; 1.11e-08 V                  ; 3.13 V             ; -0.0798 V          ; 0.192 V                             ; 0.22 V                              ; 8.68e-10 s                 ; 6.46e-10 s                 ; No                        ; No                        ;
; HEX3[1]       ; 3.3-V LVTTL  ; 0 s                 ; 0 s                 ; 3.08 V                       ; 1.11e-08 V                   ; 3.14 V              ; -0.118 V            ; 0.311 V                              ; 0.245 V                              ; 5.04e-10 s                  ; 4.36e-10 s                  ; No                         ; No                         ; 3.08 V                      ; 1.11e-08 V                  ; 3.14 V             ; -0.118 V           ; 0.311 V                             ; 0.245 V                             ; 5.04e-10 s                 ; 4.36e-10 s                 ; No                        ; No                        ;
; HEX3[2]       ; 3.3-V LVTTL  ; 0 s                 ; 0 s                 ; 3.08 V                       ; 1.58e-08 V                   ; 3.09 V              ; -0.012 V            ; 0.232 V                              ; 0.268 V                              ; 4.75e-09 s                  ; 3.5e-09 s                   ; Yes                        ; No                         ; 3.08 V                      ; 1.58e-08 V                  ; 3.09 V             ; -0.012 V           ; 0.232 V                             ; 0.268 V                             ; 4.75e-09 s                 ; 3.5e-09 s                  ; Yes                       ; No                        ;
; HEX3[3]       ; 3.3-V LVTTL  ; 0 s                 ; 0 s                 ; 3.08 V                       ; 1.58e-08 V                   ; 3.13 V              ; -0.117 V            ; 0.143 V                              ; 0.259 V                              ; 6.22e-10 s                  ; 4.46e-10 s                  ; No                         ; No                         ; 3.08 V                      ; 1.58e-08 V                  ; 3.13 V             ; -0.117 V           ; 0.143 V                             ; 0.259 V                             ; 6.22e-10 s                 ; 4.46e-10 s                 ; No                        ; No                        ;
; HEX3[4]       ; 3.3-V LVTTL  ; 0 s                 ; 0 s                 ; 3.08 V                       ; 1.58e-08 V                   ; 3.13 V              ; -0.117 V            ; 0.143 V                              ; 0.259 V                              ; 6.22e-10 s                  ; 4.46e-10 s                  ; No                         ; No                         ; 3.08 V                      ; 1.58e-08 V                  ; 3.13 V             ; -0.117 V           ; 0.143 V                             ; 0.259 V                             ; 6.22e-10 s                 ; 4.46e-10 s                 ; No                        ; No                        ;
; HEX3[5]       ; 3.3-V LVTTL  ; 0 s                 ; 0 s                 ; 3.08 V                       ; 1.58e-08 V                   ; 3.13 V              ; -0.117 V            ; 0.143 V                              ; 0.259 V                              ; 6.22e-10 s                  ; 4.46e-10 s                  ; No                         ; No                         ; 3.08 V                      ; 1.58e-08 V                  ; 3.13 V             ; -0.117 V           ; 0.143 V                             ; 0.259 V                             ; 6.22e-10 s                 ; 4.46e-10 s                 ; No                        ; No                        ;
; HEX3[6]       ; 3.3-V LVTTL  ; 0 s                 ; 0 s                 ; 3.08 V                       ; 1.58e-08 V                   ; 3.13 V              ; -0.117 V            ; 0.143 V                              ; 0.259 V                              ; 6.22e-10 s                  ; 4.46e-10 s                  ; No                         ; No                         ; 3.08 V                      ; 1.58e-08 V                  ; 3.13 V             ; -0.117 V           ; 0.143 V                             ; 0.259 V                             ; 6.22e-10 s                 ; 4.46e-10 s                 ; No                        ; No                        ;
; ~ALTERA_DCLK~ ; 3.3-V LVTTL  ; 0 s                 ; 0 s                 ; 3.08 V                       ; 5.73e-09 V                   ; 3.19 V              ; -0.173 V            ; 0.149 V                              ; 0.259 V                              ; 2.79e-10 s                  ; 2.42e-10 s                  ; Yes                        ; Yes                        ; 3.08 V                      ; 5.73e-09 V                  ; 3.19 V             ; -0.173 V           ; 0.149 V                             ; 0.259 V                             ; 2.79e-10 s                 ; 2.42e-10 s                 ; Yes                       ; Yes                       ;
; ~ALTERA_nCEO~ ; 3.3-V LVTTL  ; 0 s                 ; 0 s                 ; 3.08 V                       ; 1.11e-08 V                   ; 3.13 V              ; -0.0798 V           ; 0.192 V                              ; 0.22 V                               ; 8.68e-10 s                  ; 6.46e-10 s                  ; No                         ; No                         ; 3.08 V                      ; 1.11e-08 V                  ; 3.13 V             ; -0.0798 V          ; 0.192 V                             ; 0.22 V                              ; 8.68e-10 s                 ; 6.46e-10 s                 ; No                        ; No                        ;
+---------------+--------------+---------------------+---------------------+------------------------------+------------------------------+---------------------+---------------------+--------------------------------------+--------------------------------------+-----------------------------+-----------------------------+----------------------------+----------------------------+-----------------------------+-----------------------------+--------------------+--------------------+-------------------------------------+-------------------------------------+----------------------------+----------------------------+---------------------------+---------------------------+


+--------------------------------------------------------------------------------------------------------------------------------------------------------------------------------------------------------------------------------------------------------------------------------------------------------------------------------------------------------------------------------------------------------------------------------------------------------------------------------------------------------------------------------------------------------------------------------------------------------------------------------------------------------------------------------------------+
; Signal Integrity Metrics (Slow 1200mv 85c Model)                                                                                                                                                                                                                                                                                                                                                                                                                                                                                                                                                                                                                                           ;
+---------------+--------------+---------------------+---------------------+------------------------------+------------------------------+---------------------+---------------------+--------------------------------------+--------------------------------------+-----------------------------+-----------------------------+----------------------------+----------------------------+-----------------------------+-----------------------------+--------------------+--------------------+-------------------------------------+-------------------------------------+----------------------------+----------------------------+---------------------------+---------------------------+
; Pin           ; I/O Standard ; Board Delay on Rise ; Board Delay on Fall ; Steady State Voh at FPGA Pin ; Steady State Vol at FPGA Pin ; Voh Max at FPGA Pin ; Vol Min at FPGA Pin ; Ringback Voltage on Rise at FPGA Pin ; Ringback Voltage on Fall at FPGA Pin ; 10-90 Rise Time at FPGA Pin ; 90-10 Fall Time at FPGA Pin ; Monotonic Rise at FPGA Pin ; Monotonic Fall at FPGA Pin ; Steady State Voh at Far-end ; Steady State Vol at Far-end ; Voh Max at Far-end ; Vol Min at Far-end ; Ringback Voltage on Rise at Far-end ; Ringback Voltage on Fall at Far-end ; 10-90 Rise Time at Far-end ; 90-10 Fall Time at Far-end ; Monotonic Rise at Far-end ; Monotonic Fall at Far-end ;
+---------------+--------------+---------------------+---------------------+------------------------------+------------------------------+---------------------+---------------------+--------------------------------------+--------------------------------------+-----------------------------+-----------------------------+----------------------------+----------------------------+-----------------------------+-----------------------------+--------------------+--------------------+-------------------------------------+-------------------------------------+----------------------------+----------------------------+---------------------------+---------------------------+
; HEX0[0]       ; 3.3-V LVTTL  ; 0 s                 ; 0 s                 ; 3.08 V                       ; 1.9e-06 V                    ; 3.11 V              ; -0.0625 V           ; 0.224 V                              ; 0.17 V                               ; 6.86e-10 s                  ; 6.31e-10 s                  ; Yes                        ; No                         ; 3.08 V                      ; 1.9e-06 V                   ; 3.11 V             ; -0.0625 V          ; 0.224 V                             ; 0.17 V                              ; 6.86e-10 s                 ; 6.31e-10 s                 ; Yes                       ; No                        ;
; HEX0[1]       ; 3.3-V LVTTL  ; 0 s                 ; 0 s                 ; 3.08 V                       ; 1.9e-06 V                    ; 3.08 V              ; -0.00581 V          ; 0.138 V                              ; 0.22 V                               ; 5.55e-09 s                  ; 4.38e-09 s                  ; Yes                        ; Yes                        ; 3.08 V                      ; 1.9e-06 V                   ; 3.08 V             ; -0.00581 V         ; 0.138 V                             ; 0.22 V                              ; 5.55e-09 s                 ; 4.38e-09 s                 ; Yes                       ; Yes                       ;
; HEX0[2]       ; 3.3-V LVTTL  ; 0 s                 ; 0 s                 ; 3.08 V                       ; 1.9e-06 V                    ; 3.11 V              ; -0.0625 V           ; 0.224 V                              ; 0.17 V                               ; 6.86e-10 s                  ; 6.31e-10 s                  ; Yes                        ; No                         ; 3.08 V                      ; 1.9e-06 V                   ; 3.11 V             ; -0.0625 V          ; 0.224 V                             ; 0.17 V                              ; 6.86e-10 s                 ; 6.31e-10 s                 ; Yes                       ; No                        ;
; HEX0[3]       ; 3.3-V LVTTL  ; 0 s                 ; 0 s                 ; 3.08 V                       ; 1.28e-06 V                   ; 3.12 V              ; -0.0722 V           ; 0.214 V                              ; 0.171 V                              ; 6.67e-10 s                  ; 6.2e-10 s                   ; Yes                        ; No                         ; 3.08 V                      ; 1.28e-06 V                  ; 3.12 V             ; -0.0722 V          ; 0.214 V                             ; 0.171 V                             ; 6.67e-10 s                 ; 6.2e-10 s                  ; Yes                       ; No                        ;
; HEX0[4]       ; 3.3-V LVTTL  ; 0 s                 ; 0 s                 ; 3.08 V                       ; 1.28e-06 V                   ; 3.12 V              ; -0.0722 V           ; 0.214 V                              ; 0.171 V                              ; 6.67e-10 s                  ; 6.2e-10 s                   ; Yes                        ; No                         ; 3.08 V                      ; 1.28e-06 V                  ; 3.12 V             ; -0.0722 V          ; 0.214 V                             ; 0.171 V                             ; 6.67e-10 s                 ; 6.2e-10 s                  ; Yes                       ; No                        ;
; HEX0[5]       ; 3.3-V LVTTL  ; 0 s                 ; 0 s                 ; 3.08 V                       ; 1.28e-06 V                   ; 3.08 V              ; -0.00641 V          ; 0.261 V                              ; 0.26 V                               ; 5.52e-09 s                  ; 4.36e-09 s                  ; Yes                        ; Yes                        ; 3.08 V                      ; 1.28e-06 V                  ; 3.08 V             ; -0.00641 V         ; 0.261 V                             ; 0.26 V                              ; 5.52e-09 s                 ; 4.36e-09 s                 ; Yes                       ; Yes                       ;
; HEX0[6]       ; 3.3-V LVTTL  ; 0 s                 ; 0 s                 ; 3.08 V                       ; 1.28e-06 V                   ; 3.12 V              ; -0.0722 V           ; 0.214 V                              ; 0.171 V                              ; 6.67e-10 s                  ; 6.2e-10 s                   ; Yes                        ; No                         ; 3.08 V                      ; 1.28e-06 V                  ; 3.12 V             ; -0.0722 V          ; 0.214 V                             ; 0.171 V                             ; 6.67e-10 s                 ; 6.2e-10 s                  ; Yes                       ; No                        ;
; HEX1[0]       ; 3.3-V LVTTL  ; 0 s                 ; 0 s                 ; 3.08 V                       ; 1.28e-06 V                   ; 3.12 V              ; -0.0722 V           ; 0.214 V                              ; 0.171 V                              ; 6.67e-10 s                  ; 6.2e-10 s                   ; Yes                        ; No                         ; 3.08 V                      ; 1.28e-06 V                  ; 3.12 V             ; -0.0722 V          ; 0.214 V                             ; 0.171 V                             ; 6.67e-10 s                 ; 6.2e-10 s                  ; Yes                       ; No                        ;
; HEX1[1]       ; 3.3-V LVTTL  ; 0 s                 ; 0 s                 ; 3.08 V                       ; 1.28e-06 V                   ; 3.11 V              ; -0.0528 V           ; 0.302 V                              ; 0.199 V                              ; 9.51e-10 s                  ; 8.47e-10 s                  ; Yes                        ; No                         ; 3.08 V                      ; 1.28e-06 V                  ; 3.11 V             ; -0.0528 V          ; 0.302 V                             ; 0.199 V                             ; 9.51e-10 s                 ; 8.47e-10 s                 ; Yes                       ; No                        ;
; HEX1[2]       ; 3.3-V LVTTL  ; 0 s                 ; 0 s                 ; 3.08 V                       ; 1.28e-06 V                   ; 3.11 V              ; -0.0528 V           ; 0.302 V                              ; 0.199 V                              ; 9.51e-10 s                  ; 8.47e-10 s                  ; Yes                        ; No                         ; 3.08 V                      ; 1.28e-06 V                  ; 3.11 V             ; -0.0528 V          ; 0.302 V                             ; 0.199 V                             ; 9.51e-10 s                 ; 8.47e-10 s                 ; Yes                       ; No                        ;
; HEX1[3]       ; 3.3-V LVTTL  ; 0 s                 ; 0 s                 ; 3.08 V                       ; 1.28e-06 V                   ; 3.11 V              ; -0.0528 V           ; 0.302 V                              ; 0.199 V                              ; 9.51e-10 s                  ; 8.47e-10 s                  ; Yes                        ; No                         ; 3.08 V                      ; 1.28e-06 V                  ; 3.11 V             ; -0.0528 V          ; 0.302 V                             ; 0.199 V                             ; 9.51e-10 s                 ; 8.47e-10 s                 ; Yes                       ; No                        ;
; HEX1[4]       ; 3.3-V LVTTL  ; 0 s                 ; 0 s                 ; 3.08 V                       ; 1.28e-06 V                   ; 3.11 V              ; -0.0528 V           ; 0.302 V                              ; 0.199 V                              ; 9.51e-10 s                  ; 8.47e-10 s                  ; Yes                        ; No                         ; 3.08 V                      ; 1.28e-06 V                  ; 3.11 V             ; -0.0528 V          ; 0.302 V                             ; 0.199 V                             ; 9.51e-10 s                 ; 8.47e-10 s                 ; Yes                       ; No                        ;
; HEX1[5]       ; 3.3-V LVTTL  ; 0 s                 ; 0 s                 ; 3.08 V                       ; 1.28e-06 V                   ; 3.08 V              ; -0.00641 V          ; 0.261 V                              ; 0.26 V                               ; 5.52e-09 s                  ; 4.36e-09 s                  ; Yes                        ; Yes                        ; 3.08 V                      ; 1.28e-06 V                  ; 3.08 V             ; -0.00641 V         ; 0.261 V                             ; 0.26 V                              ; 5.52e-09 s                 ; 4.36e-09 s                 ; Yes                       ; Yes                       ;
; HEX1[6]       ; 3.3-V LVTTL  ; 0 s                 ; 0 s                 ; 3.08 V                       ; 1.28e-06 V                   ; 3.08 V              ; -0.00641 V          ; 0.261 V                              ; 0.26 V                               ; 5.52e-09 s                  ; 4.36e-09 s                  ; Yes                        ; Yes                        ; 3.08 V                      ; 1.28e-06 V                  ; 3.08 V             ; -0.00641 V         ; 0.261 V                             ; 0.26 V                              ; 5.52e-09 s                 ; 4.36e-09 s                 ; Yes                       ; Yes                       ;
; HEX2[0]       ; 3.3-V LVTTL  ; 0 s                 ; 0 s                 ; 3.08 V                       ; 1.28e-06 V                   ; 3.11 V              ; -0.0528 V           ; 0.302 V                              ; 0.199 V                              ; 9.51e-10 s                  ; 8.47e-10 s                  ; Yes                        ; No                         ; 3.08 V                      ; 1.28e-06 V                  ; 3.11 V             ; -0.0528 V          ; 0.302 V                             ; 0.199 V                             ; 9.51e-10 s                 ; 8.47e-10 s                 ; Yes                       ; No                        ;
; HEX2[1]       ; 3.3-V LVTTL  ; 0 s                 ; 0 s                 ; 3.08 V                       ; 1.28e-06 V                   ; 3.11 V              ; -0.0528 V           ; 0.302 V                              ; 0.199 V                              ; 9.51e-10 s                  ; 8.47e-10 s                  ; Yes                        ; No                         ; 3.08 V                      ; 1.28e-06 V                  ; 3.11 V             ; -0.0528 V          ; 0.302 V                             ; 0.199 V                             ; 9.51e-10 s                 ; 8.47e-10 s                 ; Yes                       ; No                        ;
; HEX2[2]       ; 3.3-V LVTTL  ; 0 s                 ; 0 s                 ; 3.08 V                       ; 1.28e-06 V                   ; 3.11 V              ; -0.0528 V           ; 0.302 V                              ; 0.199 V                              ; 9.51e-10 s                  ; 8.47e-10 s                  ; Yes                        ; No                         ; 3.08 V                      ; 1.28e-06 V                  ; 3.11 V             ; -0.0528 V          ; 0.302 V                             ; 0.199 V                             ; 9.51e-10 s                 ; 8.47e-10 s                 ; Yes                       ; No                        ;
; HEX2[3]       ; 3.3-V LVTTL  ; 0 s                 ; 0 s                 ; 3.08 V                       ; 1.28e-06 V                   ; 3.11 V              ; -0.0528 V           ; 0.302 V                              ; 0.199 V                              ; 9.51e-10 s                  ; 8.47e-10 s                  ; Yes                        ; No                         ; 3.08 V                      ; 1.28e-06 V                  ; 3.11 V             ; -0.0528 V          ; 0.302 V                             ; 0.199 V                             ; 9.51e-10 s                 ; 8.47e-10 s                 ; Yes                       ; No                        ;
; HEX2[4]       ; 3.3-V LVTTL  ; 0 s                 ; 0 s                 ; 3.08 V                       ; 1.28e-06 V                   ; 3.11 V              ; -0.0528 V           ; 0.302 V                              ; 0.199 V                              ; 9.51e-10 s                  ; 8.47e-10 s                  ; Yes                        ; No                         ; 3.08 V                      ; 1.28e-06 V                  ; 3.11 V             ; -0.0528 V          ; 0.302 V                             ; 0.199 V                             ; 9.51e-10 s                 ; 8.47e-10 s                 ; Yes                       ; No                        ;
; HEX2[5]       ; 3.3-V LVTTL  ; 0 s                 ; 0 s                 ; 3.08 V                       ; 1.28e-06 V                   ; 3.11 V              ; -0.0528 V           ; 0.302 V                              ; 0.199 V                              ; 9.51e-10 s                  ; 8.47e-10 s                  ; Yes                        ; No                         ; 3.08 V                      ; 1.28e-06 V                  ; 3.11 V             ; -0.0528 V          ; 0.302 V                             ; 0.199 V                             ; 9.51e-10 s                 ; 8.47e-10 s                 ; Yes                       ; No                        ;
; HEX2[6]       ; 3.3-V LVTTL  ; 0 s                 ; 0 s                 ; 3.08 V                       ; 1.28e-06 V                   ; 3.11 V              ; -0.0528 V           ; 0.302 V                              ; 0.199 V                              ; 9.51e-10 s                  ; 8.47e-10 s                  ; Yes                        ; No                         ; 3.08 V                      ; 1.28e-06 V                  ; 3.11 V             ; -0.0528 V          ; 0.302 V                             ; 0.199 V                             ; 9.51e-10 s                 ; 8.47e-10 s                 ; Yes                       ; No                        ;
; HEX3[0]       ; 3.3-V LVTTL  ; 0 s                 ; 0 s                 ; 3.08 V                       ; 1.28e-06 V                   ; 3.11 V              ; -0.0528 V           ; 0.302 V                              ; 0.199 V                              ; 9.51e-10 s                  ; 8.47e-10 s                  ; Yes                        ; No                         ; 3.08 V                      ; 1.28e-06 V                  ; 3.11 V             ; -0.0528 V          ; 0.302 V                             ; 0.199 V                             ; 9.51e-10 s                 ; 8.47e-10 s                 ; Yes                       ; No                        ;
; HEX3[1]       ; 3.3-V LVTTL  ; 0 s                 ; 0 s                 ; 3.08 V                       ; 1.28e-06 V                   ; 3.12 V              ; -0.0722 V           ; 0.214 V                              ; 0.171 V                              ; 6.67e-10 s                  ; 6.2e-10 s                   ; Yes                        ; No                         ; 3.08 V                      ; 1.28e-06 V                  ; 3.12 V             ; -0.0722 V          ; 0.214 V                             ; 0.171 V                             ; 6.67e-10 s                 ; 6.2e-10 s                  ; Yes                       ; No                        ;
; HEX3[2]       ; 3.3-V LVTTL  ; 0 s                 ; 0 s                 ; 3.08 V                       ; 1.9e-06 V                    ; 3.08 V              ; -0.00581 V          ; 0.138 V                              ; 0.22 V                               ; 5.55e-09 s                  ; 4.38e-09 s                  ; Yes                        ; Yes                        ; 3.08 V                      ; 1.9e-06 V                   ; 3.08 V             ; -0.00581 V         ; 0.138 V                             ; 0.22 V                              ; 5.55e-09 s                 ; 4.38e-09 s                 ; Yes                       ; Yes                       ;
; HEX3[3]       ; 3.3-V LVTTL  ; 0 s                 ; 0 s                 ; 3.08 V                       ; 1.9e-06 V                    ; 3.11 V              ; -0.0625 V           ; 0.224 V                              ; 0.17 V                               ; 6.86e-10 s                  ; 6.31e-10 s                  ; Yes                        ; No                         ; 3.08 V                      ; 1.9e-06 V                   ; 3.11 V             ; -0.0625 V          ; 0.224 V                             ; 0.17 V                              ; 6.86e-10 s                 ; 6.31e-10 s                 ; Yes                       ; No                        ;
; HEX3[4]       ; 3.3-V LVTTL  ; 0 s                 ; 0 s                 ; 3.08 V                       ; 1.9e-06 V                    ; 3.11 V              ; -0.0625 V           ; 0.224 V                              ; 0.17 V                               ; 6.86e-10 s                  ; 6.31e-10 s                  ; Yes                        ; No                         ; 3.08 V                      ; 1.9e-06 V                   ; 3.11 V             ; -0.0625 V          ; 0.224 V                             ; 0.17 V                              ; 6.86e-10 s                 ; 6.31e-10 s                 ; Yes                       ; No                        ;
; HEX3[5]       ; 3.3-V LVTTL  ; 0 s                 ; 0 s                 ; 3.08 V                       ; 1.9e-06 V                    ; 3.11 V              ; -0.0625 V           ; 0.224 V                              ; 0.17 V                               ; 6.86e-10 s                  ; 6.31e-10 s                  ; Yes                        ; No                         ; 3.08 V                      ; 1.9e-06 V                   ; 3.11 V             ; -0.0625 V          ; 0.224 V                             ; 0.17 V                              ; 6.86e-10 s                 ; 6.31e-10 s                 ; Yes                       ; No                        ;
; HEX3[6]       ; 3.3-V LVTTL  ; 0 s                 ; 0 s                 ; 3.08 V                       ; 1.9e-06 V                    ; 3.11 V              ; -0.0625 V           ; 0.224 V                              ; 0.17 V                               ; 6.86e-10 s                  ; 6.31e-10 s                  ; Yes                        ; No                         ; 3.08 V                      ; 1.9e-06 V                   ; 3.11 V             ; -0.0625 V          ; 0.224 V                             ; 0.17 V                              ; 6.86e-10 s                 ; 6.31e-10 s                 ; Yes                       ; No                        ;
; ~ALTERA_DCLK~ ; 3.3-V LVTTL  ; 0 s                 ; 0 s                 ; 3.08 V                       ; 6.54e-07 V                   ; 3.14 V              ; -0.115 V            ; 0.146 V                              ; 0.141 V                              ; 3.07e-10 s                  ; 3.96e-10 s                  ; Yes                        ; No                         ; 3.08 V                      ; 6.54e-07 V                  ; 3.14 V             ; -0.115 V           ; 0.146 V                             ; 0.141 V                             ; 3.07e-10 s                 ; 3.96e-10 s                 ; Yes                       ; No                        ;
; ~ALTERA_nCEO~ ; 3.3-V LVTTL  ; 0 s                 ; 0 s                 ; 3.08 V                       ; 1.28e-06 V                   ; 3.11 V              ; -0.0528 V           ; 0.302 V                              ; 0.199 V                              ; 9.51e-10 s                  ; 8.47e-10 s                  ; Yes                        ; No                         ; 3.08 V                      ; 1.28e-06 V                  ; 3.11 V             ; -0.0528 V          ; 0.302 V                             ; 0.199 V                             ; 9.51e-10 s                 ; 8.47e-10 s                 ; Yes                       ; No                        ;
+---------------+--------------+---------------------+---------------------+------------------------------+------------------------------+---------------------+---------------------+--------------------------------------+--------------------------------------+-----------------------------+-----------------------------+----------------------------+----------------------------+-----------------------------+-----------------------------+--------------------+--------------------+-------------------------------------+-------------------------------------+----------------------------+----------------------------+---------------------------+---------------------------+


+--------------------------------------------------------------------------------------------------------------------------------------------------------------------------------------------------------------------------------------------------------------------------------------------------------------------------------------------------------------------------------------------------------------------------------------------------------------------------------------------------------------------------------------------------------------------------------------------------------------------------------------------------------------------------------------------+
; Signal Integrity Metrics (Fast 1200mv 0c Model)                                                                                                                                                                                                                                                                                                                                                                                                                                                                                                                                                                                                                                            ;
+---------------+--------------+---------------------+---------------------+------------------------------+------------------------------+---------------------+---------------------+--------------------------------------+--------------------------------------+-----------------------------+-----------------------------+----------------------------+----------------------------+-----------------------------+-----------------------------+--------------------+--------------------+-------------------------------------+-------------------------------------+----------------------------+----------------------------+---------------------------+---------------------------+
; Pin           ; I/O Standard ; Board Delay on Rise ; Board Delay on Fall ; Steady State Voh at FPGA Pin ; Steady State Vol at FPGA Pin ; Voh Max at FPGA Pin ; Vol Min at FPGA Pin ; Ringback Voltage on Rise at FPGA Pin ; Ringback Voltage on Fall at FPGA Pin ; 10-90 Rise Time at FPGA Pin ; 90-10 Fall Time at FPGA Pin ; Monotonic Rise at FPGA Pin ; Monotonic Fall at FPGA Pin ; Steady State Voh at Far-end ; Steady State Vol at Far-end ; Voh Max at Far-end ; Vol Min at Far-end ; Ringback Voltage on Rise at Far-end ; Ringback Voltage on Fall at Far-end ; 10-90 Rise Time at Far-end ; 90-10 Fall Time at Far-end ; Monotonic Rise at Far-end ; Monotonic Fall at Far-end ;
+---------------+--------------+---------------------+---------------------+------------------------------+------------------------------+---------------------+---------------------+--------------------------------------+--------------------------------------+-----------------------------+-----------------------------+----------------------------+----------------------------+-----------------------------+-----------------------------+--------------------+--------------------+-------------------------------------+-------------------------------------+----------------------------+----------------------------+---------------------------+---------------------------+
; HEX0[0]       ; 3.3-V LVTTL  ; 0 s                 ; 0 s                 ; 3.46 V                       ; 1.85e-07 V                   ; 3.57 V              ; -0.141 V            ; 0.301 V                              ; 0.239 V                              ; 4.61e-10 s                  ; 4.2e-10 s                   ; No                         ; No                         ; 3.46 V                      ; 1.85e-07 V                  ; 3.57 V             ; -0.141 V           ; 0.301 V                             ; 0.239 V                             ; 4.61e-10 s                 ; 4.2e-10 s                  ; No                        ; No                        ;
; HEX0[1]       ; 3.3-V LVTTL  ; 0 s                 ; 0 s                 ; 3.46 V                       ; 1.85e-07 V                   ; 3.48 V              ; -0.0173 V           ; 0.356 V                              ; 0.324 V                              ; 3.89e-09 s                  ; 3.06e-09 s                  ; No                         ; No                         ; 3.46 V                      ; 1.85e-07 V                  ; 3.48 V             ; -0.0173 V          ; 0.356 V                             ; 0.324 V                             ; 3.89e-09 s                 ; 3.06e-09 s                 ; No                        ; No                        ;
; HEX0[2]       ; 3.3-V LVTTL  ; 0 s                 ; 0 s                 ; 3.46 V                       ; 1.85e-07 V                   ; 3.57 V              ; -0.141 V            ; 0.301 V                              ; 0.239 V                              ; 4.61e-10 s                  ; 4.2e-10 s                   ; No                         ; No                         ; 3.46 V                      ; 1.85e-07 V                  ; 3.57 V             ; -0.141 V           ; 0.301 V                             ; 0.239 V                             ; 4.61e-10 s                 ; 4.2e-10 s                  ; No                        ; No                        ;
; HEX0[3]       ; 3.3-V LVTTL  ; 0 s                 ; 0 s                 ; 3.46 V                       ; 1.25e-07 V                   ; 3.6 V               ; -0.127 V            ; 0.302 V                              ; 0.21 V                               ; 4.55e-10 s                  ; 4.11e-10 s                  ; No                         ; No                         ; 3.46 V                      ; 1.25e-07 V                  ; 3.6 V              ; -0.127 V           ; 0.302 V                             ; 0.21 V                              ; 4.55e-10 s                 ; 4.11e-10 s                 ; No                        ; No                        ;
; HEX0[4]       ; 3.3-V LVTTL  ; 0 s                 ; 0 s                 ; 3.46 V                       ; 1.25e-07 V                   ; 3.6 V               ; -0.127 V            ; 0.302 V                              ; 0.21 V                               ; 4.55e-10 s                  ; 4.11e-10 s                  ; No                         ; No                         ; 3.46 V                      ; 1.25e-07 V                  ; 3.6 V              ; -0.127 V           ; 0.302 V                             ; 0.21 V                              ; 4.55e-10 s                 ; 4.11e-10 s                 ; No                        ; No                        ;
; HEX0[5]       ; 3.3-V LVTTL  ; 0 s                 ; 0 s                 ; 3.46 V                       ; 1.25e-07 V                   ; 3.48 V              ; -0.0162 V           ; 0.354 V                              ; 0.317 V                              ; 3.88e-09 s                  ; 3.06e-09 s                  ; No                         ; No                         ; 3.46 V                      ; 1.25e-07 V                  ; 3.48 V             ; -0.0162 V          ; 0.354 V                             ; 0.317 V                             ; 3.88e-09 s                 ; 3.06e-09 s                 ; No                        ; No                        ;
; HEX0[6]       ; 3.3-V LVTTL  ; 0 s                 ; 0 s                 ; 3.46 V                       ; 1.25e-07 V                   ; 3.6 V               ; -0.127 V            ; 0.302 V                              ; 0.21 V                               ; 4.55e-10 s                  ; 4.11e-10 s                  ; No                         ; No                         ; 3.46 V                      ; 1.25e-07 V                  ; 3.6 V              ; -0.127 V           ; 0.302 V                             ; 0.21 V                              ; 4.55e-10 s                 ; 4.11e-10 s                 ; No                        ; No                        ;
; HEX1[0]       ; 3.3-V LVTTL  ; 0 s                 ; 0 s                 ; 3.46 V                       ; 1.25e-07 V                   ; 3.6 V               ; -0.127 V            ; 0.302 V                              ; 0.21 V                               ; 4.55e-10 s                  ; 4.11e-10 s                  ; No                         ; No                         ; 3.46 V                      ; 1.25e-07 V                  ; 3.6 V              ; -0.127 V           ; 0.302 V                             ; 0.21 V                              ; 4.55e-10 s                 ; 4.11e-10 s                 ; No                        ; No                        ;
; HEX1[1]       ; 3.3-V LVTTL  ; 0 s                 ; 0 s                 ; 3.46 V                       ; 1.25e-07 V                   ; 3.57 V              ; -0.0855 V           ; 0.315 V                              ; 0.175 V                              ; 6.79e-10 s                  ; 6.15e-10 s                  ; No                         ; No                         ; 3.46 V                      ; 1.25e-07 V                  ; 3.57 V             ; -0.0855 V          ; 0.315 V                             ; 0.175 V                             ; 6.79e-10 s                 ; 6.15e-10 s                 ; No                        ; No                        ;
; HEX1[2]       ; 3.3-V LVTTL  ; 0 s                 ; 0 s                 ; 3.46 V                       ; 1.25e-07 V                   ; 3.57 V              ; -0.0855 V           ; 0.315 V                              ; 0.175 V                              ; 6.79e-10 s                  ; 6.15e-10 s                  ; No                         ; No                         ; 3.46 V                      ; 1.25e-07 V                  ; 3.57 V             ; -0.0855 V          ; 0.315 V                             ; 0.175 V                             ; 6.79e-10 s                 ; 6.15e-10 s                 ; No                        ; No                        ;
; HEX1[3]       ; 3.3-V LVTTL  ; 0 s                 ; 0 s                 ; 3.46 V                       ; 1.25e-07 V                   ; 3.57 V              ; -0.0855 V           ; 0.315 V                              ; 0.175 V                              ; 6.79e-10 s                  ; 6.15e-10 s                  ; No                         ; No                         ; 3.46 V                      ; 1.25e-07 V                  ; 3.57 V             ; -0.0855 V          ; 0.315 V                             ; 0.175 V                             ; 6.79e-10 s                 ; 6.15e-10 s                 ; No                        ; No                        ;
; HEX1[4]       ; 3.3-V LVTTL  ; 0 s                 ; 0 s                 ; 3.46 V                       ; 1.25e-07 V                   ; 3.57 V              ; -0.0855 V           ; 0.315 V                              ; 0.175 V                              ; 6.79e-10 s                  ; 6.15e-10 s                  ; No                         ; No                         ; 3.46 V                      ; 1.25e-07 V                  ; 3.57 V             ; -0.0855 V          ; 0.315 V                             ; 0.175 V                             ; 6.79e-10 s                 ; 6.15e-10 s                 ; No                        ; No                        ;
; HEX1[5]       ; 3.3-V LVTTL  ; 0 s                 ; 0 s                 ; 3.46 V                       ; 1.25e-07 V                   ; 3.48 V              ; -0.0162 V           ; 0.354 V                              ; 0.317 V                              ; 3.88e-09 s                  ; 3.06e-09 s                  ; No                         ; No                         ; 3.46 V                      ; 1.25e-07 V                  ; 3.48 V             ; -0.0162 V          ; 0.354 V                             ; 0.317 V                             ; 3.88e-09 s                 ; 3.06e-09 s                 ; No                        ; No                        ;
; HEX1[6]       ; 3.3-V LVTTL  ; 0 s                 ; 0 s                 ; 3.46 V                       ; 1.25e-07 V                   ; 3.48 V              ; -0.0162 V           ; 0.354 V                              ; 0.317 V                              ; 3.88e-09 s                  ; 3.06e-09 s                  ; No                         ; No                         ; 3.46 V                      ; 1.25e-07 V                  ; 3.48 V             ; -0.0162 V          ; 0.354 V                             ; 0.317 V                             ; 3.88e-09 s                 ; 3.06e-09 s                 ; No                        ; No                        ;
; HEX2[0]       ; 3.3-V LVTTL  ; 0 s                 ; 0 s                 ; 3.46 V                       ; 1.25e-07 V                   ; 3.57 V              ; -0.0855 V           ; 0.315 V                              ; 0.175 V                              ; 6.79e-10 s                  ; 6.15e-10 s                  ; No                         ; No                         ; 3.46 V                      ; 1.25e-07 V                  ; 3.57 V             ; -0.0855 V          ; 0.315 V                             ; 0.175 V                             ; 6.79e-10 s                 ; 6.15e-10 s                 ; No                        ; No                        ;
; HEX2[1]       ; 3.3-V LVTTL  ; 0 s                 ; 0 s                 ; 3.46 V                       ; 1.25e-07 V                   ; 3.57 V              ; -0.0855 V           ; 0.315 V                              ; 0.175 V                              ; 6.79e-10 s                  ; 6.15e-10 s                  ; No                         ; No                         ; 3.46 V                      ; 1.25e-07 V                  ; 3.57 V             ; -0.0855 V          ; 0.315 V                             ; 0.175 V                             ; 6.79e-10 s                 ; 6.15e-10 s                 ; No                        ; No                        ;
; HEX2[2]       ; 3.3-V LVTTL  ; 0 s                 ; 0 s                 ; 3.46 V                       ; 1.25e-07 V                   ; 3.57 V              ; -0.0855 V           ; 0.315 V                              ; 0.175 V                              ; 6.79e-10 s                  ; 6.15e-10 s                  ; No                         ; No                         ; 3.46 V                      ; 1.25e-07 V                  ; 3.57 V             ; -0.0855 V          ; 0.315 V                             ; 0.175 V                             ; 6.79e-10 s                 ; 6.15e-10 s                 ; No                        ; No                        ;
; HEX2[3]       ; 3.3-V LVTTL  ; 0 s                 ; 0 s                 ; 3.46 V                       ; 1.25e-07 V                   ; 3.57 V              ; -0.0855 V           ; 0.315 V                              ; 0.175 V                              ; 6.79e-10 s                  ; 6.15e-10 s                  ; No                         ; No                         ; 3.46 V                      ; 1.25e-07 V                  ; 3.57 V             ; -0.0855 V          ; 0.315 V                             ; 0.175 V                             ; 6.79e-10 s                 ; 6.15e-10 s                 ; No                        ; No                        ;
; HEX2[4]       ; 3.3-V LVTTL  ; 0 s                 ; 0 s                 ; 3.46 V                       ; 1.25e-07 V                   ; 3.57 V              ; -0.0855 V           ; 0.315 V                              ; 0.175 V                              ; 6.79e-10 s                  ; 6.15e-10 s                  ; No                         ; No                         ; 3.46 V                      ; 1.25e-07 V                  ; 3.57 V             ; -0.0855 V          ; 0.315 V                             ; 0.175 V                             ; 6.79e-10 s                 ; 6.15e-10 s                 ; No                        ; No                        ;
; HEX2[5]       ; 3.3-V LVTTL  ; 0 s                 ; 0 s                 ; 3.46 V                       ; 1.25e-07 V                   ; 3.57 V              ; -0.0855 V           ; 0.315 V                              ; 0.175 V                              ; 6.79e-10 s                  ; 6.15e-10 s                  ; No                         ; No                         ; 3.46 V                      ; 1.25e-07 V                  ; 3.57 V             ; -0.0855 V          ; 0.315 V                             ; 0.175 V                             ; 6.79e-10 s                 ; 6.15e-10 s                 ; No                        ; No                        ;
; HEX2[6]       ; 3.3-V LVTTL  ; 0 s                 ; 0 s                 ; 3.46 V                       ; 1.25e-07 V                   ; 3.57 V              ; -0.0855 V           ; 0.315 V                              ; 0.175 V                              ; 6.79e-10 s                  ; 6.15e-10 s                  ; No                         ; No                         ; 3.46 V                      ; 1.25e-07 V                  ; 3.57 V             ; -0.0855 V          ; 0.315 V                             ; 0.175 V                             ; 6.79e-10 s                 ; 6.15e-10 s                 ; No                        ; No                        ;
; HEX3[0]       ; 3.3-V LVTTL  ; 0 s                 ; 0 s                 ; 3.46 V                       ; 1.25e-07 V                   ; 3.57 V              ; -0.0855 V           ; 0.315 V                              ; 0.175 V                              ; 6.79e-10 s                  ; 6.15e-10 s                  ; No                         ; No                         ; 3.46 V                      ; 1.25e-07 V                  ; 3.57 V             ; -0.0855 V          ; 0.315 V                             ; 0.175 V                             ; 6.79e-10 s                 ; 6.15e-10 s                 ; No                        ; No                        ;
; HEX3[1]       ; 3.3-V LVTTL  ; 0 s                 ; 0 s                 ; 3.46 V                       ; 1.25e-07 V                   ; 3.6 V               ; -0.127 V            ; 0.302 V                              ; 0.21 V                               ; 4.55e-10 s                  ; 4.11e-10 s                  ; No                         ; No                         ; 3.46 V                      ; 1.25e-07 V                  ; 3.6 V              ; -0.127 V           ; 0.302 V                             ; 0.21 V                              ; 4.55e-10 s                 ; 4.11e-10 s                 ; No                        ; No                        ;
; HEX3[2]       ; 3.3-V LVTTL  ; 0 s                 ; 0 s                 ; 3.46 V                       ; 1.85e-07 V                   ; 3.48 V              ; -0.0173 V           ; 0.356 V                              ; 0.324 V                              ; 3.89e-09 s                  ; 3.06e-09 s                  ; No                         ; No                         ; 3.46 V                      ; 1.85e-07 V                  ; 3.48 V             ; -0.0173 V          ; 0.356 V                             ; 0.324 V                             ; 3.89e-09 s                 ; 3.06e-09 s                 ; No                        ; No                        ;
; HEX3[3]       ; 3.3-V LVTTL  ; 0 s                 ; 0 s                 ; 3.46 V                       ; 1.85e-07 V                   ; 3.57 V              ; -0.141 V            ; 0.301 V                              ; 0.239 V                              ; 4.61e-10 s                  ; 4.2e-10 s                   ; No                         ; No                         ; 3.46 V                      ; 1.85e-07 V                  ; 3.57 V             ; -0.141 V           ; 0.301 V                             ; 0.239 V                             ; 4.61e-10 s                 ; 4.2e-10 s                  ; No                        ; No                        ;
; HEX3[4]       ; 3.3-V LVTTL  ; 0 s                 ; 0 s                 ; 3.46 V                       ; 1.85e-07 V                   ; 3.57 V              ; -0.141 V            ; 0.301 V                              ; 0.239 V                              ; 4.61e-10 s                  ; 4.2e-10 s                   ; No                         ; No                         ; 3.46 V                      ; 1.85e-07 V                  ; 3.57 V             ; -0.141 V           ; 0.301 V                             ; 0.239 V                             ; 4.61e-10 s                 ; 4.2e-10 s                  ; No                        ; No                        ;
; HEX3[5]       ; 3.3-V LVTTL  ; 0 s                 ; 0 s                 ; 3.46 V                       ; 1.85e-07 V                   ; 3.57 V              ; -0.141 V            ; 0.301 V                              ; 0.239 V                              ; 4.61e-10 s                  ; 4.2e-10 s                   ; No                         ; No                         ; 3.46 V                      ; 1.85e-07 V                  ; 3.57 V             ; -0.141 V           ; 0.301 V                             ; 0.239 V                             ; 4.61e-10 s                 ; 4.2e-10 s                  ; No                        ; No                        ;
; HEX3[6]       ; 3.3-V LVTTL  ; 0 s                 ; 0 s                 ; 3.46 V                       ; 1.85e-07 V                   ; 3.57 V              ; -0.141 V            ; 0.301 V                              ; 0.239 V                              ; 4.61e-10 s                  ; 4.2e-10 s                   ; No                         ; No                         ; 3.46 V                      ; 1.85e-07 V                  ; 3.57 V             ; -0.141 V           ; 0.301 V                             ; 0.239 V                             ; 4.61e-10 s                 ; 4.2e-10 s                  ; No                        ; No                        ;
; ~ALTERA_DCLK~ ; 3.3-V LVTTL  ; 0 s                 ; 0 s                 ; 3.46 V                       ; 6.54e-08 V                   ; 3.66 V              ; -0.26 V             ; 0.41 V                               ; 0.32 V                               ; 1.57e-10 s                  ; 2.15e-10 s                  ; No                         ; Yes                        ; 3.46 V                      ; 6.54e-08 V                  ; 3.66 V             ; -0.26 V            ; 0.41 V                              ; 0.32 V                              ; 1.57e-10 s                 ; 2.15e-10 s                 ; No                        ; Yes                       ;
; ~ALTERA_nCEO~ ; 3.3-V LVTTL  ; 0 s                 ; 0 s                 ; 3.46 V                       ; 1.25e-07 V                   ; 3.57 V              ; -0.0855 V           ; 0.315 V                              ; 0.175 V                              ; 6.79e-10 s                  ; 6.15e-10 s                  ; No                         ; No                         ; 3.46 V                      ; 1.25e-07 V                  ; 3.57 V             ; -0.0855 V          ; 0.315 V                             ; 0.175 V                             ; 6.79e-10 s                 ; 6.15e-10 s                 ; No                        ; No                        ;
+---------------+--------------+---------------------+---------------------+------------------------------+------------------------------+---------------------+---------------------+--------------------------------------+--------------------------------------+-----------------------------+-----------------------------+----------------------------+----------------------------+-----------------------------+-----------------------------+--------------------+--------------------+-------------------------------------+-------------------------------------+----------------------------+----------------------------+---------------------------+---------------------------+


+---------------------------------------------------------------------------------------------------------------------------------------+
; Setup Transfers                                                                                                                       ;
+---------------------------------------------+---------------------------------------------+----------+----------+----------+----------+
; From Clock                                  ; To Clock                                    ; RR Paths ; FR Paths ; RF Paths ; FF Paths ;
+---------------------------------------------+---------------------------------------------+----------+----------+----------+----------+
; CLOCK_50                                    ; CLOCK_50                                    ; 28       ; 0        ; 0        ; 0        ;
; ps2:u_ps2|keyboard:u1|keyboard_clk_filtered ; CLOCK_50                                    ; 3        ; 3        ; 0        ; 0        ;
; ps2:u_ps2|keyboard:u1|scan_ready            ; CLOCK_50                                    ; 2        ; 2        ; 0        ; 0        ;
; ps2:u_ps2|keyboard:u1|keyboard_clk_filtered ; ps2:u_ps2|keyboard:u1|keyboard_clk_filtered ; 142      ; 0        ; 0        ; 0        ;
; ps2:u_ps2|keyboard:u1|ready_set             ; ps2:u_ps2|keyboard:u1|keyboard_clk_filtered ; 1        ; 1        ; 0        ; 0        ;
; ps2:u_ps2|keyboard:u1|keyboard_clk_filtered ; ps2:u_ps2|keyboard:u1|scan_ready            ; 8        ; 0        ; 0        ; 0        ;
; ps2:u_ps2|keyboard:u1|scan_ready            ; ps2:u_ps2|keyboard:u1|scan_ready            ; 8        ; 0        ; 0        ; 0        ;
+---------------------------------------------+---------------------------------------------+----------+----------+----------+----------+
Entries labeled "false path" only account for clock-to-clock false paths and not path-based false paths. As a result, actual path counts may be lower than reported.


+---------------------------------------------------------------------------------------------------------------------------------------+
; Hold Transfers                                                                                                                        ;
+---------------------------------------------+---------------------------------------------+----------+----------+----------+----------+
; From Clock                                  ; To Clock                                    ; RR Paths ; FR Paths ; RF Paths ; FF Paths ;
+---------------------------------------------+---------------------------------------------+----------+----------+----------+----------+
; CLOCK_50                                    ; CLOCK_50                                    ; 28       ; 0        ; 0        ; 0        ;
; ps2:u_ps2|keyboard:u1|keyboard_clk_filtered ; CLOCK_50                                    ; 3        ; 3        ; 0        ; 0        ;
; ps2:u_ps2|keyboard:u1|scan_ready            ; CLOCK_50                                    ; 2        ; 2        ; 0        ; 0        ;
; ps2:u_ps2|keyboard:u1|keyboard_clk_filtered ; ps2:u_ps2|keyboard:u1|keyboard_clk_filtered ; 142      ; 0        ; 0        ; 0        ;
; ps2:u_ps2|keyboard:u1|ready_set             ; ps2:u_ps2|keyboard:u1|keyboard_clk_filtered ; 1        ; 1        ; 0        ; 0        ;
; ps2:u_ps2|keyboard:u1|keyboard_clk_filtered ; ps2:u_ps2|keyboard:u1|scan_ready            ; 8        ; 0        ; 0        ; 0        ;
; ps2:u_ps2|keyboard:u1|scan_ready            ; ps2:u_ps2|keyboard:u1|scan_ready            ; 8        ; 0        ; 0        ; 0        ;
+---------------------------------------------+---------------------------------------------+----------+----------+----------+----------+
Entries labeled "false path" only account for clock-to-clock false paths and not path-based false paths. As a result, actual path counts may be lower than reported.


+------------------------------------------------------------------------------------------+
; Recovery Transfers                                                                       ;
+------------+---------------------------------+----------+----------+----------+----------+
; From Clock ; To Clock                        ; RR Paths ; FR Paths ; RF Paths ; FF Paths ;
+------------+---------------------------------+----------+----------+----------+----------+
; CLOCK_50   ; ps2:u_ps2|keyboard:u1|ready_set ; 1        ; 0        ; 0        ; 0        ;
+------------+---------------------------------+----------+----------+----------+----------+
Entries labeled "false path" only account for clock-to-clock false paths and not path-based false paths. As a result, actual path counts may be lower than reported.


+------------------------------------------------------------------------------------------+
; Removal Transfers                                                                        ;
+------------+---------------------------------+----------+----------+----------+----------+
; From Clock ; To Clock                        ; RR Paths ; FR Paths ; RF Paths ; FF Paths ;
+------------+---------------------------------+----------+----------+----------+----------+
; CLOCK_50   ; ps2:u_ps2|keyboard:u1|ready_set ; 1        ; 0        ; 0        ; 0        ;
+------------+---------------------------------+----------+----------+----------+----------+
Entries labeled "false path" only account for clock-to-clock false paths and not path-based false paths. As a result, actual path counts may be lower than reported.


---------------
; Report TCCS ;
---------------
No dedicated SERDES Transmitter circuitry present in device or used in design


---------------
; Report RSKM ;
---------------
No non-DPA dedicated SERDES Receiver circuitry present in device or used in design


+------------------------------------------------+
; Unconstrained Paths Summary                    ;
+---------------------------------+-------+------+
; Property                        ; Setup ; Hold ;
+---------------------------------+-------+------+
; Illegal Clocks                  ; 0     ; 0    ;
; Unconstrained Clocks            ; 0     ; 0    ;
; Unconstrained Input Ports       ; 3     ; 3    ;
; Unconstrained Input Port Paths  ; 27    ; 27   ;
; Unconstrained Output Ports      ; 28    ; 28   ;
; Unconstrained Output Port Paths ; 112   ; 112  ;
+---------------------------------+-------+------+


+----------------------------------------------------------------------------------------------------------------+
; Clock Status Summary                                                                                           ;
+---------------------------------------------+---------------------------------------------+------+-------------+
; Target                                      ; Clock                                       ; Type ; Status      ;
+---------------------------------------------+---------------------------------------------+------+-------------+
; CLOCK_50                                    ; CLOCK_50                                    ; Base ; Constrained ;
; ps2:u_ps2|keyboard:u1|keyboard_clk_filtered ; ps2:u_ps2|keyboard:u1|keyboard_clk_filtered ; Base ; Constrained ;
; ps2:u_ps2|keyboard:u1|ready_set             ; ps2:u_ps2|keyboard:u1|ready_set             ; Base ; Constrained ;
; ps2:u_ps2|keyboard:u1|scan_ready            ; ps2:u_ps2|keyboard:u1|scan_ready            ; Base ; Constrained ;
+---------------------------------------------+---------------------------------------------+------+-------------+


+---------------------------------------------------------------------------------------------------+
; Unconstrained Input Ports                                                                         ;
+------------+--------------------------------------------------------------------------------------+
; Input Port ; Comment                                                                              ;
+------------+--------------------------------------------------------------------------------------+
; PS2_CLK    ; No input delay, min/max delays, false-path exceptions, or max skew assignments found ;
; PS2_DAT    ; No input delay, min/max delays, false-path exceptions, or max skew assignments found ;
; RESET_N    ; No input delay, min/max delays, false-path exceptions, or max skew assignments found ;
+------------+--------------------------------------------------------------------------------------+


+-----------------------------------------------------------------------------------------------------+
; Unconstrained Output Ports                                                                          ;
+-------------+---------------------------------------------------------------------------------------+
; Output Port ; Comment                                                                               ;
+-------------+---------------------------------------------------------------------------------------+
; HEX0[0]     ; No output delay, min/max delays, false-path exceptions, or max skew assignments found ;
; HEX0[1]     ; No output delay, min/max delays, false-path exceptions, or max skew assignments found ;
; HEX0[2]     ; No output delay, min/max delays, false-path exceptions, or max skew assignments found ;
; HEX0[3]     ; No output delay, min/max delays, false-path exceptions, or max skew assignments found ;
; HEX0[4]     ; No output delay, min/max delays, false-path exceptions, or max skew assignments found ;
; HEX0[5]     ; No output delay, min/max delays, false-path exceptions, or max skew assignments found ;
; HEX0[6]     ; No output delay, min/max delays, false-path exceptions, or max skew assignments found ;
; HEX1[0]     ; No output delay, min/max delays, false-path exceptions, or max skew assignments found ;
; HEX1[1]     ; No output delay, min/max delays, false-path exceptions, or max skew assignments found ;
; HEX1[2]     ; No output delay, min/max delays, false-path exceptions, or max skew assignments found ;
; HEX1[3]     ; No output delay, min/max delays, false-path exceptions, or max skew assignments found ;
; HEX1[4]     ; No output delay, min/max delays, false-path exceptions, or max skew assignments found ;
; HEX1[5]     ; No output delay, min/max delays, false-path exceptions, or max skew assignments found ;
; HEX1[6]     ; No output delay, min/max delays, false-path exceptions, or max skew assignments found ;
; HEX2[0]     ; No output delay, min/max delays, false-path exceptions, or max skew assignments found ;
; HEX2[1]     ; No output delay, min/max delays, false-path exceptions, or max skew assignments found ;
; HEX2[2]     ; No output delay, min/max delays, false-path exceptions, or max skew assignments found ;
; HEX2[3]     ; No output delay, min/max delays, false-path exceptions, or max skew assignments found ;
; HEX2[4]     ; No output delay, min/max delays, false-path exceptions, or max skew assignments found ;
; HEX2[5]     ; No output delay, min/max delays, false-path exceptions, or max skew assignments found ;
; HEX2[6]     ; No output delay, min/max delays, false-path exceptions, or max skew assignments found ;
; HEX3[0]     ; No output delay, min/max delays, false-path exceptions, or max skew assignments found ;
; HEX3[1]     ; No output delay, min/max delays, false-path exceptions, or max skew assignments found ;
; HEX3[2]     ; No output delay, min/max delays, false-path exceptions, or max skew assignments found ;
; HEX3[3]     ; No output delay, min/max delays, false-path exceptions, or max skew assignments found ;
; HEX3[4]     ; No output delay, min/max delays, false-path exceptions, or max skew assignments found ;
; HEX3[5]     ; No output delay, min/max delays, false-path exceptions, or max skew assignments found ;
; HEX3[6]     ; No output delay, min/max delays, false-path exceptions, or max skew assignments found ;
+-------------+---------------------------------------------------------------------------------------+


+---------------------------------------------------------------------------------------------------+
; Unconstrained Input Ports                                                                         ;
+------------+--------------------------------------------------------------------------------------+
; Input Port ; Comment                                                                              ;
+------------+--------------------------------------------------------------------------------------+
; PS2_CLK    ; No input delay, min/max delays, false-path exceptions, or max skew assignments found ;
; PS2_DAT    ; No input delay, min/max delays, false-path exceptions, or max skew assignments found ;
; RESET_N    ; No input delay, min/max delays, false-path exceptions, or max skew assignments found ;
+------------+--------------------------------------------------------------------------------------+


+-----------------------------------------------------------------------------------------------------+
; Unconstrained Output Ports                                                                          ;
+-------------+---------------------------------------------------------------------------------------+
; Output Port ; Comment                                                                               ;
+-------------+---------------------------------------------------------------------------------------+
; HEX0[0]     ; No output delay, min/max delays, false-path exceptions, or max skew assignments found ;
; HEX0[1]     ; No output delay, min/max delays, false-path exceptions, or max skew assignments found ;
; HEX0[2]     ; No output delay, min/max delays, false-path exceptions, or max skew assignments found ;
; HEX0[3]     ; No output delay, min/max delays, false-path exceptions, or max skew assignments found ;
; HEX0[4]     ; No output delay, min/max delays, false-path exceptions, or max skew assignments found ;
; HEX0[5]     ; No output delay, min/max delays, false-path exceptions, or max skew assignments found ;
; HEX0[6]     ; No output delay, min/max delays, false-path exceptions, or max skew assignments found ;
; HEX1[0]     ; No output delay, min/max delays, false-path exceptions, or max skew assignments found ;
; HEX1[1]     ; No output delay, min/max delays, false-path exceptions, or max skew assignments found ;
; HEX1[2]     ; No output delay, min/max delays, false-path exceptions, or max skew assignments found ;
; HEX1[3]     ; No output delay, min/max delays, false-path exceptions, or max skew assignments found ;
; HEX1[4]     ; No output delay, min/max delays, false-path exceptions, or max skew assignments found ;
; HEX1[5]     ; No output delay, min/max delays, false-path exceptions, or max skew assignments found ;
; HEX1[6]     ; No output delay, min/max delays, false-path exceptions, or max skew assignments found ;
; HEX2[0]     ; No output delay, min/max delays, false-path exceptions, or max skew assignments found ;
; HEX2[1]     ; No output delay, min/max delays, false-path exceptions, or max skew assignments found ;
; HEX2[2]     ; No output delay, min/max delays, false-path exceptions, or max skew assignments found ;
; HEX2[3]     ; No output delay, min/max delays, false-path exceptions, or max skew assignments found ;
; HEX2[4]     ; No output delay, min/max delays, false-path exceptions, or max skew assignments found ;
; HEX2[5]     ; No output delay, min/max delays, false-path exceptions, or max skew assignments found ;
; HEX2[6]     ; No output delay, min/max delays, false-path exceptions, or max skew assignments found ;
; HEX3[0]     ; No output delay, min/max delays, false-path exceptions, or max skew assignments found ;
; HEX3[1]     ; No output delay, min/max delays, false-path exceptions, or max skew assignments found ;
; HEX3[2]     ; No output delay, min/max delays, false-path exceptions, or max skew assignments found ;
; HEX3[3]     ; No output delay, min/max delays, false-path exceptions, or max skew assignments found ;
; HEX3[4]     ; No output delay, min/max delays, false-path exceptions, or max skew assignments found ;
; HEX3[5]     ; No output delay, min/max delays, false-path exceptions, or max skew assignments found ;
; HEX3[6]     ; No output delay, min/max delays, false-path exceptions, or max skew assignments found ;
+-------------+---------------------------------------------------------------------------------------+


+--------------------------+
; Timing Analyzer Messages ;
+--------------------------+
Info: *******************************************************************
Info: Running Quartus Prime Timing Analyzer
    Info: Version 22.1std.0 Build 915 10/25/2022 SC Lite Edition
    Info: Processing started: Fri Nov 21 15:45:30 2025
Info: Command: quartus_sta ps2 -c ps2
Info: qsta_default_script.tcl version: #1
Warning (18236): Number of processors has not been specified which may cause overloading on shared machines.  Set the global assignment NUM_PARALLEL_PROCESSORS in your QSF to an appropriate value for best performance.
Info (20030): Parallel compilation is enabled and will use 4 of the 4 processors detected
Info (21077): Low junction temperature is 0 degrees C
Info (21077): High junction temperature is 85 degrees C
Critical Warning (332012): Synopsys Design Constraints File file not found: 'ps2.sdc'. A Synopsys Design Constraints File is required by the Timing Analyzer to get proper timing constraints. Without it, the Compiler will not properly optimize the design.
Info (332142): No user constrained base clocks found in the design. Calling "derive_clocks -period 1.0"
Info (332105): Deriving Clocks
    Info (332105): create_clock -period 1.000 -name ps2:u_ps2|keyboard:u1|scan_ready ps2:u_ps2|keyboard:u1|scan_ready
    Info (332105): create_clock -period 1.000 -name ps2:u_ps2|keyboard:u1|keyboard_clk_filtered ps2:u_ps2|keyboard:u1|keyboard_clk_filtered
    Info (332105): create_clock -period 1.000 -name CLOCK_50 CLOCK_50
    Info (332105): create_clock -period 1.000 -name ps2:u_ps2|keyboard:u1|ready_set ps2:u_ps2|keyboard:u1|ready_set
Info (332143): No user constrained clock uncertainty found in the design. Calling "derive_clock_uncertainty"
Info (332123): Deriving Clock Uncertainty. Please refer to report_sdc in the Timing Analyzer to see clock uncertainties.
Info: Found TIMING_ANALYZER_REPORT_SCRIPT_INCLUDE_DEFAULT_ANALYSIS = ON
Info: Analyzing Slow 1200mV 85C Model
Critical Warning (332148): Timing requirements not met
    Info (11105): For recommendations on closing timing, run Report Timing Closure Recommendations in the Timing Analyzer.
Info (332146): Worst-case setup slack is -2.394
    Info (332119):     Slack       End Point TNS Clock 
    Info (332119): ========= =================== =====================
    Info (332119):    -2.394             -11.013 CLOCK_50 
    Info (332119):    -2.166             -36.638 ps2:u_ps2|keyboard:u1|keyboard_clk_filtered 
    Info (332119):    -0.554              -2.969 ps2:u_ps2|keyboard:u1|scan_ready 
Info (332146): Worst-case hold slack is 0.391
    Info (332119):     Slack       End Point TNS Clock 
    Info (332119): ========= =================== =====================
    Info (332119):     0.391               0.000 CLOCK_50 
    Info (332119):     0.402               0.000 ps2:u_ps2|keyboard:u1|keyboard_clk_filtered 
    Info (332119):     0.452               0.000 ps2:u_ps2|keyboard:u1|scan_ready 
Info (332146): Worst-case recovery slack is -1.754
    Info (332119):     Slack       End Point TNS Clock 
    Info (332119): ========= =================== =====================
    Info (332119):    -1.754              -1.754 ps2:u_ps2|keyboard:u1|ready_set 
Info (332146): Worst-case removal slack is 2.205
    Info (332119):     Slack       End Point TNS Clock 
    Info (332119): ========= =================== =====================
    Info (332119):     2.205               0.000 ps2:u_ps2|keyboard:u1|ready_set 
Info (332146): Worst-case minimum pulse width slack is -3.000
    Info (332119):     Slack       End Point TNS Clock 
    Info (332119): ========= =================== =====================
    Info (332119):    -3.000             -18.420 CLOCK_50 
    Info (332119):    -1.285             -29.555 ps2:u_ps2|keyboard:u1|keyboard_clk_filtered 
    Info (332119):    -1.285             -20.560 ps2:u_ps2|keyboard:u1|scan_ready 
    Info (332119):    -1.285              -1.285 ps2:u_ps2|keyboard:u1|ready_set 
Warning (18330): Ignoring Synchronizer Identification setting Off, and using Auto instead.
Info: Analyzing Slow 1200mV 0C Model
Info (334003): Started post-fitting delay annotation
Info (334004): Delay annotation completed successfully
Info (332123): Deriving Clock Uncertainty. Please refer to report_sdc in the Timing Analyzer to see clock uncertainties.
Critical Warning (332148): Timing requirements not met
    Info (11105): For recommendations on closing timing, run Report Timing Closure Recommendations in the Timing Analyzer.
Info (332146): Worst-case setup slack is -2.054
    Info (332119):     Slack       End Point TNS Clock 
    Info (332119): ========= =================== =====================
    Info (332119):    -2.054              -9.132 CLOCK_50 
    Info (332119):    -1.934             -32.024 ps2:u_ps2|keyboard:u1|keyboard_clk_filtered 
    Info (332119):    -0.412              -1.758 ps2:u_ps2|keyboard:u1|scan_ready 
Info (332146): Worst-case hold slack is 0.350
    Info (332119):     Slack       End Point TNS Clock 
    Info (332119): ========= =================== =====================
    Info (332119):     0.350               0.000 CLOCK_50 
    Info (332119):     0.353               0.000 ps2:u_ps2|keyboard:u1|keyboard_clk_filtered 
    Info (332119):     0.416               0.000 ps2:u_ps2|keyboard:u1|scan_ready 
Info (332146): Worst-case recovery slack is -1.455
    Info (332119):     Slack       End Point TNS Clock 
    Info (332119): ========= =================== =====================
    Info (332119):    -1.455              -1.455 ps2:u_ps2|keyboard:u1|ready_set 
Info (332146): Worst-case removal slack is 1.958
    Info (332119):     Slack       End Point TNS Clock 
    Info (332119): ========= =================== =====================
    Info (332119):     1.958               0.000 ps2:u_ps2|keyboard:u1|ready_set 
Info (332146): Worst-case minimum pulse width slack is -3.000
    Info (332119):     Slack       End Point TNS Clock 
    Info (332119): ========= =================== =====================
    Info (332119):    -3.000             -18.420 CLOCK_50 
    Info (332119):    -1.285             -29.555 ps2:u_ps2|keyboard:u1|keyboard_clk_filtered 
    Info (332119):    -1.285             -20.560 ps2:u_ps2|keyboard:u1|scan_ready 
    Info (332119):    -1.285              -1.285 ps2:u_ps2|keyboard:u1|ready_set 
Warning (18330): Ignoring Synchronizer Identification setting Off, and using Auto instead.
Info: Analyzing Fast 1200mV 0C Model
Info (332123): Deriving Clock Uncertainty. Please refer to report_sdc in the Timing Analyzer to see clock uncertainties.
Critical Warning (332148): Timing requirements not met
    Info (11105): For recommendations on closing timing, run Report Timing Closure Recommendations in the Timing Analyzer.
Info (332146): Worst-case setup slack is -0.696
    Info (332119):     Slack       End Point TNS Clock 
    Info (332119): ========= =================== =====================
    Info (332119):    -0.696              -1.894 CLOCK_50 
    Info (332119):    -0.579              -5.895 ps2:u_ps2|keyboard:u1|keyboard_clk_filtered 
    Info (332119):     0.260               0.000 ps2:u_ps2|keyboard:u1|scan_ready 
Info (332146): Worst-case hold slack is 0.180
    Info (332119):     Slack       End Point TNS Clock 
    Info (332119): ========= =================== =====================
    Info (332119):     0.180               0.000 CLOCK_50 
    Info (332119):     0.181               0.000 ps2:u_ps2|keyboard:u1|keyboard_clk_filtered 
    Info (332119):     0.199               0.000 ps2:u_ps2|keyboard:u1|scan_ready 
Info (332146): Worst-case recovery slack is -0.435
    Info (332119):     Slack       End Point TNS Clock 
    Info (332119): ========= =================== =====================
    Info (332119):    -0.435              -0.435 ps2:u_ps2|keyboard:u1|ready_set 
Info (332146): Worst-case removal slack is 1.138
    Info (332119):     Slack       End Point TNS Clock 
    Info (332119): ========= =================== =====================
    Info (332119):     1.138               0.000 ps2:u_ps2|keyboard:u1|ready_set 
Info (332146): Worst-case minimum pulse width slack is -3.000
    Info (332119):     Slack       End Point TNS Clock 
    Info (332119): ========= =================== =====================
    Info (332119):    -3.000             -18.608 CLOCK_50 
    Info (332119):    -1.000             -23.000 ps2:u_ps2|keyboard:u1|keyboard_clk_filtered 
    Info (332119):    -1.000             -16.000 ps2:u_ps2|keyboard:u1|scan_ready 
    Info (332119):    -1.000              -1.000 ps2:u_ps2|keyboard:u1|ready_set 
Warning (18330): Ignoring Synchronizer Identification setting Off, and using Auto instead.
Info (332102): Design is not fully constrained for setup requirements
Info (332102): Design is not fully constrained for hold requirements
Info: Quartus Prime Timing Analyzer was successful. 0 errors, 8 warnings
    Info: Peak virtual memory: 13307 megabytes
    Info: Processing ended: Fri Nov 21 15:45:32 2025
    Info: Elapsed time: 00:00:02
    Info: Total CPU time (on all processors): 00:00:02


