Timing Analyzer report for miniVGA
Sun Nov 23 19:05:52 2025
Quartus Prime Version 22.1std.0 Build 915 10/25/2022 SC Lite Edition


---------------------
; Table of Contents ;
---------------------
  1. Legal Notice
  2. Timing Analyzer Summary
  3. Parallel Compilation
  4. Clocks
  5. Slow 1200mV 85C Model Fmax Summary
  6. Timing Closure Recommendations
  7. Slow 1200mV 85C Model Setup Summary
  8. Slow 1200mV 85C Model Hold Summary
  9. Slow 1200mV 85C Model Recovery Summary
 10. Slow 1200mV 85C Model Removal Summary
 11. Slow 1200mV 85C Model Minimum Pulse Width Summary
 12. Slow 1200mV 85C Model Setup: 'vga_sync_pipe:u_sync|pixel_clock_int'
 13. Slow 1200mV 85C Model Setup: 'u_pll|uPLL|altpll_component|auto_generated|pll1|clk[0]'
 14. Slow 1200mV 85C Model Setup: 'keyboard_top:u_kbd|ps2:uPS2|keyboard:u1|keyboard_clk_filtered'
 15. Slow 1200mV 85C Model Setup: 'CLOCK_50'
 16. Slow 1200mV 85C Model Hold: 'u_pll|uPLL|altpll_component|auto_generated|pll1|clk[0]'
 17. Slow 1200mV 85C Model Hold: 'keyboard_top:u_kbd|ps2:uPS2|keyboard:u1|keyboard_clk_filtered'
 18. Slow 1200mV 85C Model Hold: 'CLOCK_50'
 19. Slow 1200mV 85C Model Hold: 'vga_sync_pipe:u_sync|pixel_clock_int'
 20. Slow 1200mV 85C Model Recovery: 'keyboard_top:u_kbd|ps2:uPS2|keyboard:u1|ready_set'
 21. Slow 1200mV 85C Model Removal: 'keyboard_top:u_kbd|ps2:uPS2|keyboard:u1|ready_set'
 22. Slow 1200mV 85C Model Metastability Summary
 23. Slow 1200mV 0C Model Fmax Summary
 24. Slow 1200mV 0C Model Setup Summary
 25. Slow 1200mV 0C Model Hold Summary
 26. Slow 1200mV 0C Model Recovery Summary
 27. Slow 1200mV 0C Model Removal Summary
 28. Slow 1200mV 0C Model Minimum Pulse Width Summary
 29. Slow 1200mV 0C Model Setup: 'vga_sync_pipe:u_sync|pixel_clock_int'
 30. Slow 1200mV 0C Model Setup: 'u_pll|uPLL|altpll_component|auto_generated|pll1|clk[0]'
 31. Slow 1200mV 0C Model Setup: 'keyboard_top:u_kbd|ps2:uPS2|keyboard:u1|keyboard_clk_filtered'
 32. Slow 1200mV 0C Model Setup: 'CLOCK_50'
 33. Slow 1200mV 0C Model Hold: 'u_pll|uPLL|altpll_component|auto_generated|pll1|clk[0]'
 34. Slow 1200mV 0C Model Hold: 'keyboard_top:u_kbd|ps2:uPS2|keyboard:u1|keyboard_clk_filtered'
 35. Slow 1200mV 0C Model Hold: 'CLOCK_50'
 36. Slow 1200mV 0C Model Hold: 'vga_sync_pipe:u_sync|pixel_clock_int'
 37. Slow 1200mV 0C Model Recovery: 'keyboard_top:u_kbd|ps2:uPS2|keyboard:u1|ready_set'
 38. Slow 1200mV 0C Model Removal: 'keyboard_top:u_kbd|ps2:uPS2|keyboard:u1|ready_set'
 39. Slow 1200mV 0C Model Metastability Summary
 40. Fast 1200mV 0C Model Setup Summary
 41. Fast 1200mV 0C Model Hold Summary
 42. Fast 1200mV 0C Model Recovery Summary
 43. Fast 1200mV 0C Model Removal Summary
 44. Fast 1200mV 0C Model Minimum Pulse Width Summary
 45. Fast 1200mV 0C Model Setup: 'vga_sync_pipe:u_sync|pixel_clock_int'
 46. Fast 1200mV 0C Model Setup: 'u_pll|uPLL|altpll_component|auto_generated|pll1|clk[0]'
 47. Fast 1200mV 0C Model Setup: 'keyboard_top:u_kbd|ps2:uPS2|keyboard:u1|keyboard_clk_filtered'
 48. Fast 1200mV 0C Model Setup: 'CLOCK_50'
 49. Fast 1200mV 0C Model Hold: 'u_pll|uPLL|altpll_component|auto_generated|pll1|clk[0]'
 50. Fast 1200mV 0C Model Hold: 'keyboard_top:u_kbd|ps2:uPS2|keyboard:u1|keyboard_clk_filtered'
 51. Fast 1200mV 0C Model Hold: 'CLOCK_50'
 52. Fast 1200mV 0C Model Hold: 'vga_sync_pipe:u_sync|pixel_clock_int'
 53. Fast 1200mV 0C Model Recovery: 'keyboard_top:u_kbd|ps2:uPS2|keyboard:u1|ready_set'
 54. Fast 1200mV 0C Model Removal: 'keyboard_top:u_kbd|ps2:uPS2|keyboard:u1|ready_set'
 55. Fast 1200mV 0C Model Metastability Summary
 56. Multicorner Timing Analysis Summary
 57. Board Trace Model Assignments
 58. Input Transition Times
 59. Signal Integrity Metrics (Slow 1200mv 0c Model)
 60. Signal Integrity Metrics (Slow 1200mv 85c Model)
 61. Signal Integrity Metrics (Fast 1200mv 0c Model)
 62. Setup Transfers
 63. Hold Transfers
 64. Recovery Transfers
 65. Removal Transfers
 66. Report TCCS
 67. Report RSKM
 68. Unconstrained Paths Summary
 69. Clock Status Summary
 70. Unconstrained Input Ports
 71. Unconstrained Output Ports
 72. Unconstrained Input Ports
 73. Unconstrained Output Ports
 74. Timing Analyzer Messages



----------------
; Legal Notice ;
----------------
Copyright (C) 2022  Intel Corporation. All rights reserved.
Your use of Intel Corporation's design tools, logic functions 
and other software and tools, and any partner logic 
functions, and any output files from any of the foregoing 
(including device programming or simulation files), and any 
associated documentation or information are expressly subject 
to the terms and conditions of the Intel Program License 
Subscription Agreement, the Intel Quartus Prime License Agreement,
the Intel FPGA IP License Agreement, or other applicable license
agreement, including, without limitation, that your use is for
the sole purpose of programming logic devices manufactured by
Intel and sold by Intel or its authorized distributors.  Please
refer to the applicable agreement for further details, at
https://fpgasoftware.intel.com/eula.



+--------------------------------------------------------------------------------+
; Timing Analyzer Summary                                                        ;
+-----------------------+--------------------------------------------------------+
; Quartus Prime Version ; Version 22.1std.0 Build 915 10/25/2022 SC Lite Edition ;
; Timing Analyzer       ; Legacy Timing Analyzer                                 ;
; Revision Name         ; miniVGA                                                ;
; Device Family         ; Cyclone IV E                                           ;
; Device Name           ; EP4CE115F29C7                                          ;
; Timing Models         ; Final                                                  ;
; Delay Model           ; Combined                                               ;
; Rise/Fall Delays      ; Enabled                                                ;
+-----------------------+--------------------------------------------------------+


+------------------------------------------+
; Parallel Compilation                     ;
+----------------------------+-------------+
; Processors                 ; Number      ;
+----------------------------+-------------+
; Number detected on machine ; 4           ;
; Maximum allowed            ; 4           ;
;                            ;             ;
; Average used               ; 1.18        ;
; Maximum used               ; 4           ;
;                            ;             ;
; Usage by Processor         ; % Time Used ;
;     Processor 1            ; 100.0%      ;
;     Processor 2            ;   8.3%      ;
;     Processor 3            ;   5.7%      ;
;     Processor 4            ;   3.8%      ;
+----------------------------+-------------+


+--------------------------------------------------------------------------------------------------------------------------------------------------------------------------------------------------------------------------------------------------------------------------------------------------------------------------------------------------------+
; Clocks                                                                                                                                                                                                                                                                                                                                                 ;
+---------------------------------------------------------------+-----------+--------+------------+-------+--------+------------+-----------+-------------+-------+--------+-----------+------------+----------+----------+----------------------------------------------------------+-------------------------------------------------------------------+
; Clock Name                                                    ; Type      ; Period ; Frequency  ; Rise  ; Fall   ; Duty Cycle ; Divide by ; Multiply by ; Phase ; Offset ; Edge List ; Edge Shift ; Inverted ; Master   ; Source                                                   ; Targets                                                           ;
+---------------------------------------------------------------+-----------+--------+------------+-------+--------+------------+-----------+-------------+-------+--------+-----------+------------+----------+----------+----------------------------------------------------------+-------------------------------------------------------------------+
; CLOCK_50                                                      ; Base      ; 20.000 ; 50.0 MHz   ; 0.000 ; 10.000 ;            ;           ;             ;       ;        ;           ;            ;          ;          ;                                                          ; { CLOCK_50 }                                                      ;
; keyboard_top:u_kbd|ps2:uPS2|keyboard:u1|keyboard_clk_filtered ; Base      ; 1.000  ; 1000.0 MHz ; 0.000 ; 0.500  ;            ;           ;             ;       ;        ;           ;            ;          ;          ;                                                          ; { keyboard_top:u_kbd|ps2:uPS2|keyboard:u1|keyboard_clk_filtered } ;
; keyboard_top:u_kbd|ps2:uPS2|keyboard:u1|ready_set             ; Base      ; 1.000  ; 1000.0 MHz ; 0.000 ; 0.500  ;            ;           ;             ;       ;        ;           ;            ;          ;          ;                                                          ; { keyboard_top:u_kbd|ps2:uPS2|keyboard:u1|ready_set }             ;
; u_pll|uPLL|altpll_component|auto_generated|pll1|clk[0]        ; Generated ; 10.000 ; 100.0 MHz  ; 0.000 ; 5.000  ; 50.00      ; 1         ; 2           ;       ;        ;           ;            ; false    ; CLOCK_50 ; u_pll|uPLL|altpll_component|auto_generated|pll1|inclk[0] ; { u_pll|uPLL|altpll_component|auto_generated|pll1|clk[0] }        ;
; vga_sync_pipe:u_sync|pixel_clock_int                          ; Base      ; 1.000  ; 1000.0 MHz ; 0.000 ; 0.500  ;            ;           ;             ;       ;        ;           ;            ;          ;          ;                                                          ; { vga_sync_pipe:u_sync|pixel_clock_int }                          ;
+---------------------------------------------------------------+-----------+--------+------------+-------+--------+------------+-----------+-------------+-------+--------+-----------+------------+----------+----------+----------------------------------------------------------+-------------------------------------------------------------------+


+-----------------------------------------------------------------------------------------------------+
; Slow 1200mV 85C Model Fmax Summary                                                                  ;
+------------+-----------------+---------------------------------------------------------------+------+
; Fmax       ; Restricted Fmax ; Clock Name                                                    ; Note ;
+------------+-----------------+---------------------------------------------------------------+------+
; 100.31 MHz ; 100.31 MHz      ; u_pll|uPLL|altpll_component|auto_generated|pll1|clk[0]        ;      ;
; 125.6 MHz  ; 125.6 MHz       ; vga_sync_pipe:u_sync|pixel_clock_int                          ;      ;
; 267.38 MHz ; 267.38 MHz      ; keyboard_top:u_kbd|ps2:uPS2|keyboard:u1|keyboard_clk_filtered ;      ;
+------------+-----------------+---------------------------------------------------------------+------+
This panel reports FMAX for every clock in the design, regardless of the user-specified clock periods.  FMAX is only computed for paths where the source and destination registers or ports are driven by the same clock.  Paths of different clocks, including generated clocks, are ignored.  For paths between a clock and its inversion, FMAX is computed as if the rising and falling edges are scaled along with FMAX, such that the duty cycle (in terms of a percentage) is maintained. Altera recommends that you always use clock constraints and other slack reports for sign-off analysis.


----------------------------------
; Timing Closure Recommendations ;
----------------------------------
HTML report is unavailable in plain text report export.


+----------------------------------------------------------------------------------------+
; Slow 1200mV 85C Model Setup Summary                                                    ;
+---------------------------------------------------------------+--------+---------------+
; Clock                                                         ; Slack  ; End Point TNS ;
+---------------------------------------------------------------+--------+---------------+
; vga_sync_pipe:u_sync|pixel_clock_int                          ; -6.962 ; -219.558      ;
; u_pll|uPLL|altpll_component|auto_generated|pll1|clk[0]        ; -5.362 ; -39.666       ;
; keyboard_top:u_kbd|ps2:uPS2|keyboard:u1|keyboard_clk_filtered ; -2.740 ; -36.478       ;
; CLOCK_50                                                      ; -0.647 ; -0.647        ;
+---------------------------------------------------------------+--------+---------------+


+----------------------------------------------------------------------------------------+
; Slow 1200mV 85C Model Hold Summary                                                     ;
+---------------------------------------------------------------+--------+---------------+
; Clock                                                         ; Slack  ; End Point TNS ;
+---------------------------------------------------------------+--------+---------------+
; u_pll|uPLL|altpll_component|auto_generated|pll1|clk[0]        ; -0.228 ; -0.228        ;
; keyboard_top:u_kbd|ps2:uPS2|keyboard:u1|keyboard_clk_filtered ; 0.402  ; 0.000         ;
; CLOCK_50                                                      ; 0.578  ; 0.000         ;
; vga_sync_pipe:u_sync|pixel_clock_int                          ; 0.639  ; 0.000         ;
+---------------------------------------------------------------+--------+---------------+


+----------------------------------------------------------------------------+
; Slow 1200mV 85C Model Recovery Summary                                     ;
+---------------------------------------------------+--------+---------------+
; Clock                                             ; Slack  ; End Point TNS ;
+---------------------------------------------------+--------+---------------+
; keyboard_top:u_kbd|ps2:uPS2|keyboard:u1|ready_set ; -1.547 ; -1.547        ;
+---------------------------------------------------+--------+---------------+


+---------------------------------------------------------------------------+
; Slow 1200mV 85C Model Removal Summary                                     ;
+---------------------------------------------------+-------+---------------+
; Clock                                             ; Slack ; End Point TNS ;
+---------------------------------------------------+-------+---------------+
; keyboard_top:u_kbd|ps2:uPS2|keyboard:u1|ready_set ; 1.513 ; 0.000         ;
+---------------------------------------------------+-------+---------------+


+----------------------------------------------------------------------------------------+
; Slow 1200mV 85C Model Minimum Pulse Width Summary                                      ;
+---------------------------------------------------------------+--------+---------------+
; Clock                                                         ; Slack  ; End Point TNS ;
+---------------------------------------------------------------+--------+---------------+
; vga_sync_pipe:u_sync|pixel_clock_int                          ; -2.693 ; -64.373       ;
; keyboard_top:u_kbd|ps2:uPS2|keyboard:u1|keyboard_clk_filtered ; -1.285 ; -29.555       ;
; keyboard_top:u_kbd|ps2:uPS2|keyboard:u1|ready_set             ; -1.285 ; -1.285        ;
; u_pll|uPLL|altpll_component|auto_generated|pll1|clk[0]        ; 4.694  ; 0.000         ;
; CLOCK_50                                                      ; 9.720  ; 0.000         ;
+---------------------------------------------------------------+--------+---------------+


+---------------------------------------------------------------------------------------------------------------------------------------------------------------------------------------------------------------------------------+
; Slow 1200mV 85C Model Setup: 'vga_sync_pipe:u_sync|pixel_clock_int'                                                                                                                                                             ;
+--------+--------------------------------------+----------------------------------------------------------+--------------------------------------+--------------------------------------+--------------+------------+------------+
; Slack  ; From Node                            ; To Node                                                  ; Launch Clock                         ; Latch Clock                          ; Relationship ; Clock Skew ; Data Delay ;
+--------+--------------------------------------+----------------------------------------------------------+--------------------------------------+--------------------------------------+--------------+------------+------------+
; -6.962 ; vga_sync_pipe:u_sync|h_count[1]      ; vga_sync_pipe:u_sync|pixel_row[2]                        ; vga_sync_pipe:u_sync|pixel_clock_int ; vga_sync_pipe:u_sync|pixel_clock_int ; 1.000        ; 0.283      ; 8.243      ;
; -6.962 ; vga_sync_pipe:u_sync|h_count[1]      ; vga_sync_pipe:u_sync|pixel_row[6]                        ; vga_sync_pipe:u_sync|pixel_clock_int ; vga_sync_pipe:u_sync|pixel_clock_int ; 1.000        ; 0.283      ; 8.243      ;
; -6.954 ; vga_sync_pipe:u_sync|h_count[0]      ; vga_sync_pipe:u_sync|pixel_row[2]                        ; vga_sync_pipe:u_sync|pixel_clock_int ; vga_sync_pipe:u_sync|pixel_clock_int ; 1.000        ; 0.283      ; 8.235      ;
; -6.954 ; vga_sync_pipe:u_sync|h_count[0]      ; vga_sync_pipe:u_sync|pixel_row[6]                        ; vga_sync_pipe:u_sync|pixel_clock_int ; vga_sync_pipe:u_sync|pixel_clock_int ; 1.000        ; 0.283      ; 8.235      ;
; -6.933 ; vga_sync_pipe:u_sync|h_count[3]      ; vga_sync_pipe:u_sync|pixel_row[2]                        ; vga_sync_pipe:u_sync|pixel_clock_int ; vga_sync_pipe:u_sync|pixel_clock_int ; 1.000        ; 0.283      ; 8.214      ;
; -6.933 ; vga_sync_pipe:u_sync|h_count[3]      ; vga_sync_pipe:u_sync|pixel_row[6]                        ; vga_sync_pipe:u_sync|pixel_clock_int ; vga_sync_pipe:u_sync|pixel_clock_int ; 1.000        ; 0.283      ; 8.214      ;
; -6.925 ; vga_sync_pipe:u_sync|pixel_row[4]    ; pixelGenerator_dynamicbulletmodule:u_pix|colorAddress[0] ; vga_sync_pipe:u_sync|pixel_clock_int ; vga_sync_pipe:u_sync|pixel_clock_int ; 1.000        ; -0.479     ; 7.444      ;
; -6.925 ; vga_sync_pipe:u_sync|pixel_row[4]    ; pixelGenerator_dynamicbulletmodule:u_pix|colorAddress[2] ; vga_sync_pipe:u_sync|pixel_clock_int ; vga_sync_pipe:u_sync|pixel_clock_int ; 1.000        ; -0.479     ; 7.444      ;
; -6.921 ; vga_sync_pipe:u_sync|pixel_row[4]    ; pixelGenerator_dynamicbulletmodule:u_pix|colorAddress[1] ; vga_sync_pipe:u_sync|pixel_clock_int ; vga_sync_pipe:u_sync|pixel_clock_int ; 1.000        ; -0.479     ; 7.440      ;
; -6.883 ; vga_sync_pipe:u_sync|h_count[1]      ; vga_sync_pipe:u_sync|pixel_row[1]                        ; vga_sync_pipe:u_sync|pixel_clock_int ; vga_sync_pipe:u_sync|pixel_clock_int ; 1.000        ; -0.109     ; 7.772      ;
; -6.883 ; vga_sync_pipe:u_sync|h_count[1]      ; vga_sync_pipe:u_sync|pixel_row[3]                        ; vga_sync_pipe:u_sync|pixel_clock_int ; vga_sync_pipe:u_sync|pixel_clock_int ; 1.000        ; -0.109     ; 7.772      ;
; -6.883 ; vga_sync_pipe:u_sync|h_count[1]      ; vga_sync_pipe:u_sync|pixel_row[5]                        ; vga_sync_pipe:u_sync|pixel_clock_int ; vga_sync_pipe:u_sync|pixel_clock_int ; 1.000        ; -0.109     ; 7.772      ;
; -6.883 ; vga_sync_pipe:u_sync|h_count[1]      ; vga_sync_pipe:u_sync|pixel_row[8]                        ; vga_sync_pipe:u_sync|pixel_clock_int ; vga_sync_pipe:u_sync|pixel_clock_int ; 1.000        ; -0.109     ; 7.772      ;
; -6.875 ; vga_sync_pipe:u_sync|h_count[0]      ; vga_sync_pipe:u_sync|pixel_row[1]                        ; vga_sync_pipe:u_sync|pixel_clock_int ; vga_sync_pipe:u_sync|pixel_clock_int ; 1.000        ; -0.109     ; 7.764      ;
; -6.875 ; vga_sync_pipe:u_sync|h_count[0]      ; vga_sync_pipe:u_sync|pixel_row[3]                        ; vga_sync_pipe:u_sync|pixel_clock_int ; vga_sync_pipe:u_sync|pixel_clock_int ; 1.000        ; -0.109     ; 7.764      ;
; -6.875 ; vga_sync_pipe:u_sync|h_count[0]      ; vga_sync_pipe:u_sync|pixel_row[5]                        ; vga_sync_pipe:u_sync|pixel_clock_int ; vga_sync_pipe:u_sync|pixel_clock_int ; 1.000        ; -0.109     ; 7.764      ;
; -6.875 ; vga_sync_pipe:u_sync|h_count[0]      ; vga_sync_pipe:u_sync|pixel_row[8]                        ; vga_sync_pipe:u_sync|pixel_clock_int ; vga_sync_pipe:u_sync|pixel_clock_int ; 1.000        ; -0.109     ; 7.764      ;
; -6.854 ; vga_sync_pipe:u_sync|h_count[3]      ; vga_sync_pipe:u_sync|pixel_row[1]                        ; vga_sync_pipe:u_sync|pixel_clock_int ; vga_sync_pipe:u_sync|pixel_clock_int ; 1.000        ; -0.109     ; 7.743      ;
; -6.854 ; vga_sync_pipe:u_sync|h_count[3]      ; vga_sync_pipe:u_sync|pixel_row[3]                        ; vga_sync_pipe:u_sync|pixel_clock_int ; vga_sync_pipe:u_sync|pixel_clock_int ; 1.000        ; -0.109     ; 7.743      ;
; -6.854 ; vga_sync_pipe:u_sync|h_count[3]      ; vga_sync_pipe:u_sync|pixel_row[5]                        ; vga_sync_pipe:u_sync|pixel_clock_int ; vga_sync_pipe:u_sync|pixel_clock_int ; 1.000        ; -0.109     ; 7.743      ;
; -6.854 ; vga_sync_pipe:u_sync|h_count[3]      ; vga_sync_pipe:u_sync|pixel_row[8]                        ; vga_sync_pipe:u_sync|pixel_clock_int ; vga_sync_pipe:u_sync|pixel_clock_int ; 1.000        ; -0.109     ; 7.743      ;
; -6.823 ; vga_sync_pipe:u_sync|h_count[7]      ; vga_sync_pipe:u_sync|pixel_row[2]                        ; vga_sync_pipe:u_sync|pixel_clock_int ; vga_sync_pipe:u_sync|pixel_clock_int ; 1.000        ; 0.283      ; 8.104      ;
; -6.823 ; vga_sync_pipe:u_sync|h_count[7]      ; vga_sync_pipe:u_sync|pixel_row[6]                        ; vga_sync_pipe:u_sync|pixel_clock_int ; vga_sync_pipe:u_sync|pixel_clock_int ; 1.000        ; 0.283      ; 8.104      ;
; -6.817 ; vga_sync_pipe:u_sync|pixel_row[2]    ; pixelGenerator_dynamicbulletmodule:u_pix|colorAddress[0] ; vga_sync_pipe:u_sync|pixel_clock_int ; vga_sync_pipe:u_sync|pixel_clock_int ; 1.000        ; -0.498     ; 7.317      ;
; -6.817 ; vga_sync_pipe:u_sync|pixel_row[2]    ; pixelGenerator_dynamicbulletmodule:u_pix|colorAddress[2] ; vga_sync_pipe:u_sync|pixel_clock_int ; vga_sync_pipe:u_sync|pixel_clock_int ; 1.000        ; -0.498     ; 7.317      ;
; -6.815 ; vga_sync_pipe:u_sync|h_count[6]      ; vga_sync_pipe:u_sync|pixel_row[2]                        ; vga_sync_pipe:u_sync|pixel_clock_int ; vga_sync_pipe:u_sync|pixel_clock_int ; 1.000        ; 0.283      ; 8.096      ;
; -6.815 ; vga_sync_pipe:u_sync|h_count[6]      ; vga_sync_pipe:u_sync|pixel_row[6]                        ; vga_sync_pipe:u_sync|pixel_clock_int ; vga_sync_pipe:u_sync|pixel_clock_int ; 1.000        ; 0.283      ; 8.096      ;
; -6.813 ; vga_sync_pipe:u_sync|pixel_row[2]    ; pixelGenerator_dynamicbulletmodule:u_pix|colorAddress[1] ; vga_sync_pipe:u_sync|pixel_clock_int ; vga_sync_pipe:u_sync|pixel_clock_int ; 1.000        ; -0.498     ; 7.313      ;
; -6.744 ; vga_sync_pipe:u_sync|h_count[7]      ; vga_sync_pipe:u_sync|pixel_row[1]                        ; vga_sync_pipe:u_sync|pixel_clock_int ; vga_sync_pipe:u_sync|pixel_clock_int ; 1.000        ; -0.109     ; 7.633      ;
; -6.744 ; vga_sync_pipe:u_sync|h_count[7]      ; vga_sync_pipe:u_sync|pixel_row[3]                        ; vga_sync_pipe:u_sync|pixel_clock_int ; vga_sync_pipe:u_sync|pixel_clock_int ; 1.000        ; -0.109     ; 7.633      ;
; -6.744 ; vga_sync_pipe:u_sync|h_count[7]      ; vga_sync_pipe:u_sync|pixel_row[5]                        ; vga_sync_pipe:u_sync|pixel_clock_int ; vga_sync_pipe:u_sync|pixel_clock_int ; 1.000        ; -0.109     ; 7.633      ;
; -6.744 ; vga_sync_pipe:u_sync|h_count[7]      ; vga_sync_pipe:u_sync|pixel_row[8]                        ; vga_sync_pipe:u_sync|pixel_clock_int ; vga_sync_pipe:u_sync|pixel_clock_int ; 1.000        ; -0.109     ; 7.633      ;
; -6.743 ; vga_sync_pipe:u_sync|h_count[2]      ; vga_sync_pipe:u_sync|pixel_row[2]                        ; vga_sync_pipe:u_sync|pixel_clock_int ; vga_sync_pipe:u_sync|pixel_clock_int ; 1.000        ; 0.283      ; 8.024      ;
; -6.743 ; vga_sync_pipe:u_sync|h_count[2]      ; vga_sync_pipe:u_sync|pixel_row[6]                        ; vga_sync_pipe:u_sync|pixel_clock_int ; vga_sync_pipe:u_sync|pixel_clock_int ; 1.000        ; 0.283      ; 8.024      ;
; -6.736 ; vga_sync_pipe:u_sync|h_count[6]      ; vga_sync_pipe:u_sync|pixel_row[1]                        ; vga_sync_pipe:u_sync|pixel_clock_int ; vga_sync_pipe:u_sync|pixel_clock_int ; 1.000        ; -0.109     ; 7.625      ;
; -6.736 ; vga_sync_pipe:u_sync|h_count[6]      ; vga_sync_pipe:u_sync|pixel_row[3]                        ; vga_sync_pipe:u_sync|pixel_clock_int ; vga_sync_pipe:u_sync|pixel_clock_int ; 1.000        ; -0.109     ; 7.625      ;
; -6.736 ; vga_sync_pipe:u_sync|h_count[6]      ; vga_sync_pipe:u_sync|pixel_row[5]                        ; vga_sync_pipe:u_sync|pixel_clock_int ; vga_sync_pipe:u_sync|pixel_clock_int ; 1.000        ; -0.109     ; 7.625      ;
; -6.736 ; vga_sync_pipe:u_sync|h_count[6]      ; vga_sync_pipe:u_sync|pixel_row[8]                        ; vga_sync_pipe:u_sync|pixel_clock_int ; vga_sync_pipe:u_sync|pixel_clock_int ; 1.000        ; -0.109     ; 7.625      ;
; -6.731 ; vga_sync_pipe:u_sync|pixel_row[7]    ; pixelGenerator_dynamicbulletmodule:u_pix|colorAddress[0] ; vga_sync_pipe:u_sync|pixel_clock_int ; vga_sync_pipe:u_sync|pixel_clock_int ; 1.000        ; -0.479     ; 7.250      ;
; -6.712 ; vga_sync_pipe:u_sync|pixel_row[7]    ; pixelGenerator_dynamicbulletmodule:u_pix|colorAddress[2] ; vga_sync_pipe:u_sync|pixel_clock_int ; vga_sync_pipe:u_sync|pixel_clock_int ; 1.000        ; -0.479     ; 7.231      ;
; -6.712 ; vga_sync_pipe:u_sync|pixel_row[7]    ; pixelGenerator_dynamicbulletmodule:u_pix|colorAddress[1] ; vga_sync_pipe:u_sync|pixel_clock_int ; vga_sync_pipe:u_sync|pixel_clock_int ; 1.000        ; -0.479     ; 7.231      ;
; -6.671 ; vga_sync_pipe:u_sync|h_count[1]      ; vga_sync_pipe:u_sync|pixel_row[9]                        ; vga_sync_pipe:u_sync|pixel_clock_int ; vga_sync_pipe:u_sync|pixel_clock_int ; 1.000        ; 0.312      ; 7.981      ;
; -6.671 ; vga_sync_pipe:u_sync|h_count[1]      ; vga_sync_pipe:u_sync|pixel_row[4]                        ; vga_sync_pipe:u_sync|pixel_clock_int ; vga_sync_pipe:u_sync|pixel_clock_int ; 1.000        ; 0.312      ; 7.981      ;
; -6.671 ; vga_sync_pipe:u_sync|h_count[1]      ; vga_sync_pipe:u_sync|pixel_row[7]                        ; vga_sync_pipe:u_sync|pixel_clock_int ; vga_sync_pipe:u_sync|pixel_clock_int ; 1.000        ; 0.312      ; 7.981      ;
; -6.664 ; vga_sync_pipe:u_sync|h_count[2]      ; vga_sync_pipe:u_sync|pixel_row[1]                        ; vga_sync_pipe:u_sync|pixel_clock_int ; vga_sync_pipe:u_sync|pixel_clock_int ; 1.000        ; -0.109     ; 7.553      ;
; -6.664 ; vga_sync_pipe:u_sync|h_count[2]      ; vga_sync_pipe:u_sync|pixel_row[3]                        ; vga_sync_pipe:u_sync|pixel_clock_int ; vga_sync_pipe:u_sync|pixel_clock_int ; 1.000        ; -0.109     ; 7.553      ;
; -6.664 ; vga_sync_pipe:u_sync|h_count[2]      ; vga_sync_pipe:u_sync|pixel_row[5]                        ; vga_sync_pipe:u_sync|pixel_clock_int ; vga_sync_pipe:u_sync|pixel_clock_int ; 1.000        ; -0.109     ; 7.553      ;
; -6.664 ; vga_sync_pipe:u_sync|h_count[2]      ; vga_sync_pipe:u_sync|pixel_row[8]                        ; vga_sync_pipe:u_sync|pixel_clock_int ; vga_sync_pipe:u_sync|pixel_clock_int ; 1.000        ; -0.109     ; 7.553      ;
; -6.663 ; vga_sync_pipe:u_sync|h_count[0]      ; vga_sync_pipe:u_sync|pixel_row[9]                        ; vga_sync_pipe:u_sync|pixel_clock_int ; vga_sync_pipe:u_sync|pixel_clock_int ; 1.000        ; 0.312      ; 7.973      ;
; -6.663 ; vga_sync_pipe:u_sync|h_count[0]      ; vga_sync_pipe:u_sync|pixel_row[4]                        ; vga_sync_pipe:u_sync|pixel_clock_int ; vga_sync_pipe:u_sync|pixel_clock_int ; 1.000        ; 0.312      ; 7.973      ;
; -6.663 ; vga_sync_pipe:u_sync|h_count[0]      ; vga_sync_pipe:u_sync|pixel_row[7]                        ; vga_sync_pipe:u_sync|pixel_clock_int ; vga_sync_pipe:u_sync|pixel_clock_int ; 1.000        ; 0.312      ; 7.973      ;
; -6.642 ; vga_sync_pipe:u_sync|h_count[3]      ; vga_sync_pipe:u_sync|pixel_row[9]                        ; vga_sync_pipe:u_sync|pixel_clock_int ; vga_sync_pipe:u_sync|pixel_clock_int ; 1.000        ; 0.312      ; 7.952      ;
; -6.642 ; vga_sync_pipe:u_sync|h_count[3]      ; vga_sync_pipe:u_sync|pixel_row[4]                        ; vga_sync_pipe:u_sync|pixel_clock_int ; vga_sync_pipe:u_sync|pixel_clock_int ; 1.000        ; 0.312      ; 7.952      ;
; -6.642 ; vga_sync_pipe:u_sync|h_count[3]      ; vga_sync_pipe:u_sync|pixel_row[7]                        ; vga_sync_pipe:u_sync|pixel_clock_int ; vga_sync_pipe:u_sync|pixel_clock_int ; 1.000        ; 0.312      ; 7.952      ;
; -6.623 ; vga_sync_pipe:u_sync|pixel_row[9]    ; pixelGenerator_dynamicbulletmodule:u_pix|colorAddress[0] ; vga_sync_pipe:u_sync|pixel_clock_int ; vga_sync_pipe:u_sync|pixel_clock_int ; 1.000        ; -0.479     ; 7.142      ;
; -6.604 ; vga_sync_pipe:u_sync|pixel_row[9]    ; pixelGenerator_dynamicbulletmodule:u_pix|colorAddress[2] ; vga_sync_pipe:u_sync|pixel_clock_int ; vga_sync_pipe:u_sync|pixel_clock_int ; 1.000        ; -0.479     ; 7.123      ;
; -6.604 ; vga_sync_pipe:u_sync|pixel_row[9]    ; pixelGenerator_dynamicbulletmodule:u_pix|colorAddress[1] ; vga_sync_pipe:u_sync|pixel_clock_int ; vga_sync_pipe:u_sync|pixel_clock_int ; 1.000        ; -0.479     ; 7.123      ;
; -6.593 ; vga_sync_pipe:u_sync|pixel_row[5]    ; pixelGenerator_dynamicbulletmodule:u_pix|colorAddress[0] ; vga_sync_pipe:u_sync|pixel_clock_int ; vga_sync_pipe:u_sync|pixel_clock_int ; 1.000        ; -0.090     ; 7.501      ;
; -6.593 ; vga_sync_pipe:u_sync|pixel_row[5]    ; pixelGenerator_dynamicbulletmodule:u_pix|colorAddress[2] ; vga_sync_pipe:u_sync|pixel_clock_int ; vga_sync_pipe:u_sync|pixel_clock_int ; 1.000        ; -0.090     ; 7.501      ;
; -6.589 ; vga_sync_pipe:u_sync|pixel_row[5]    ; pixelGenerator_dynamicbulletmodule:u_pix|colorAddress[1] ; vga_sync_pipe:u_sync|pixel_clock_int ; vga_sync_pipe:u_sync|pixel_clock_int ; 1.000        ; -0.090     ; 7.497      ;
; -6.582 ; vga_sync_pipe:u_sync|pixel_row[6]    ; pixelGenerator_dynamicbulletmodule:u_pix|colorAddress[0] ; vga_sync_pipe:u_sync|pixel_clock_int ; vga_sync_pipe:u_sync|pixel_clock_int ; 1.000        ; -0.498     ; 7.082      ;
; -6.582 ; vga_sync_pipe:u_sync|pixel_row[6]    ; pixelGenerator_dynamicbulletmodule:u_pix|colorAddress[2] ; vga_sync_pipe:u_sync|pixel_clock_int ; vga_sync_pipe:u_sync|pixel_clock_int ; 1.000        ; -0.498     ; 7.082      ;
; -6.578 ; vga_sync_pipe:u_sync|pixel_row[6]    ; pixelGenerator_dynamicbulletmodule:u_pix|colorAddress[1] ; vga_sync_pipe:u_sync|pixel_clock_int ; vga_sync_pipe:u_sync|pixel_clock_int ; 1.000        ; -0.498     ; 7.078      ;
; -6.533 ; vga_sync_pipe:u_sync|pixel_row[3]    ; pixelGenerator_dynamicbulletmodule:u_pix|colorAddress[2] ; vga_sync_pipe:u_sync|pixel_clock_int ; vga_sync_pipe:u_sync|pixel_clock_int ; 1.000        ; -0.090     ; 7.441      ;
; -6.533 ; vga_sync_pipe:u_sync|pixel_row[3]    ; pixelGenerator_dynamicbulletmodule:u_pix|colorAddress[1] ; vga_sync_pipe:u_sync|pixel_clock_int ; vga_sync_pipe:u_sync|pixel_clock_int ; 1.000        ; -0.090     ; 7.441      ;
; -6.532 ; vga_sync_pipe:u_sync|pixel_row[3]    ; pixelGenerator_dynamicbulletmodule:u_pix|colorAddress[0] ; vga_sync_pipe:u_sync|pixel_clock_int ; vga_sync_pipe:u_sync|pixel_clock_int ; 1.000        ; -0.090     ; 7.440      ;
; -6.532 ; vga_sync_pipe:u_sync|h_count[7]      ; vga_sync_pipe:u_sync|pixel_row[9]                        ; vga_sync_pipe:u_sync|pixel_clock_int ; vga_sync_pipe:u_sync|pixel_clock_int ; 1.000        ; 0.312      ; 7.842      ;
; -6.532 ; vga_sync_pipe:u_sync|h_count[7]      ; vga_sync_pipe:u_sync|pixel_row[4]                        ; vga_sync_pipe:u_sync|pixel_clock_int ; vga_sync_pipe:u_sync|pixel_clock_int ; 1.000        ; 0.312      ; 7.842      ;
; -6.532 ; vga_sync_pipe:u_sync|h_count[7]      ; vga_sync_pipe:u_sync|pixel_row[7]                        ; vga_sync_pipe:u_sync|pixel_clock_int ; vga_sync_pipe:u_sync|pixel_clock_int ; 1.000        ; 0.312      ; 7.842      ;
; -6.524 ; vga_sync_pipe:u_sync|h_count[6]      ; vga_sync_pipe:u_sync|pixel_row[9]                        ; vga_sync_pipe:u_sync|pixel_clock_int ; vga_sync_pipe:u_sync|pixel_clock_int ; 1.000        ; 0.312      ; 7.834      ;
; -6.524 ; vga_sync_pipe:u_sync|h_count[6]      ; vga_sync_pipe:u_sync|pixel_row[4]                        ; vga_sync_pipe:u_sync|pixel_clock_int ; vga_sync_pipe:u_sync|pixel_clock_int ; 1.000        ; 0.312      ; 7.834      ;
; -6.524 ; vga_sync_pipe:u_sync|h_count[6]      ; vga_sync_pipe:u_sync|pixel_row[7]                        ; vga_sync_pipe:u_sync|pixel_clock_int ; vga_sync_pipe:u_sync|pixel_clock_int ; 1.000        ; 0.312      ; 7.834      ;
; -6.501 ; vga_sync_pipe:u_sync|h_count[5]      ; vga_sync_pipe:u_sync|pixel_row[2]                        ; vga_sync_pipe:u_sync|pixel_clock_int ; vga_sync_pipe:u_sync|pixel_clock_int ; 1.000        ; 0.283      ; 7.782      ;
; -6.501 ; vga_sync_pipe:u_sync|h_count[5]      ; vga_sync_pipe:u_sync|pixel_row[6]                        ; vga_sync_pipe:u_sync|pixel_clock_int ; vga_sync_pipe:u_sync|pixel_clock_int ; 1.000        ; 0.283      ; 7.782      ;
; -6.491 ; vga_sync_pipe:u_sync|h_count[4]      ; vga_sync_pipe:u_sync|pixel_row[2]                        ; vga_sync_pipe:u_sync|pixel_clock_int ; vga_sync_pipe:u_sync|pixel_clock_int ; 1.000        ; 0.283      ; 7.772      ;
; -6.491 ; vga_sync_pipe:u_sync|h_count[4]      ; vga_sync_pipe:u_sync|pixel_row[6]                        ; vga_sync_pipe:u_sync|pixel_clock_int ; vga_sync_pipe:u_sync|pixel_clock_int ; 1.000        ; 0.283      ; 7.772      ;
; -6.452 ; vga_sync_pipe:u_sync|h_count[2]      ; vga_sync_pipe:u_sync|pixel_row[9]                        ; vga_sync_pipe:u_sync|pixel_clock_int ; vga_sync_pipe:u_sync|pixel_clock_int ; 1.000        ; 0.312      ; 7.762      ;
; -6.452 ; vga_sync_pipe:u_sync|h_count[2]      ; vga_sync_pipe:u_sync|pixel_row[4]                        ; vga_sync_pipe:u_sync|pixel_clock_int ; vga_sync_pipe:u_sync|pixel_clock_int ; 1.000        ; 0.312      ; 7.762      ;
; -6.452 ; vga_sync_pipe:u_sync|h_count[2]      ; vga_sync_pipe:u_sync|pixel_row[7]                        ; vga_sync_pipe:u_sync|pixel_clock_int ; vga_sync_pipe:u_sync|pixel_clock_int ; 1.000        ; 0.312      ; 7.762      ;
; -6.436 ; vga_sync_pipe:u_sync|h_count[1]      ; vga_sync_pipe:u_sync|verti_sync                          ; vga_sync_pipe:u_sync|pixel_clock_int ; vga_sync_pipe:u_sync|pixel_clock_int ; 1.000        ; 0.346      ; 7.780      ;
; -6.428 ; vga_sync_pipe:u_sync|h_count[0]      ; vga_sync_pipe:u_sync|verti_sync                          ; vga_sync_pipe:u_sync|pixel_clock_int ; vga_sync_pipe:u_sync|pixel_clock_int ; 1.000        ; 0.346      ; 7.772      ;
; -6.422 ; vga_sync_pipe:u_sync|h_count[5]      ; vga_sync_pipe:u_sync|pixel_row[1]                        ; vga_sync_pipe:u_sync|pixel_clock_int ; vga_sync_pipe:u_sync|pixel_clock_int ; 1.000        ; -0.109     ; 7.311      ;
; -6.422 ; vga_sync_pipe:u_sync|h_count[5]      ; vga_sync_pipe:u_sync|pixel_row[3]                        ; vga_sync_pipe:u_sync|pixel_clock_int ; vga_sync_pipe:u_sync|pixel_clock_int ; 1.000        ; -0.109     ; 7.311      ;
; -6.422 ; vga_sync_pipe:u_sync|h_count[5]      ; vga_sync_pipe:u_sync|pixel_row[5]                        ; vga_sync_pipe:u_sync|pixel_clock_int ; vga_sync_pipe:u_sync|pixel_clock_int ; 1.000        ; -0.109     ; 7.311      ;
; -6.422 ; vga_sync_pipe:u_sync|h_count[5]      ; vga_sync_pipe:u_sync|pixel_row[8]                        ; vga_sync_pipe:u_sync|pixel_clock_int ; vga_sync_pipe:u_sync|pixel_clock_int ; 1.000        ; -0.109     ; 7.311      ;
; -6.420 ; vga_sync_pipe:u_sync|pixel_row[1]    ; pixelGenerator_dynamicbulletmodule:u_pix|colorAddress[2] ; vga_sync_pipe:u_sync|pixel_clock_int ; vga_sync_pipe:u_sync|pixel_clock_int ; 1.000        ; -0.090     ; 7.328      ;
; -6.413 ; vga_sync_pipe:u_sync|pixel_row[1]    ; pixelGenerator_dynamicbulletmodule:u_pix|colorAddress[1] ; vga_sync_pipe:u_sync|pixel_clock_int ; vga_sync_pipe:u_sync|pixel_clock_int ; 1.000        ; -0.090     ; 7.321      ;
; -6.412 ; vga_sync_pipe:u_sync|h_count[4]      ; vga_sync_pipe:u_sync|pixel_row[1]                        ; vga_sync_pipe:u_sync|pixel_clock_int ; vga_sync_pipe:u_sync|pixel_clock_int ; 1.000        ; -0.109     ; 7.301      ;
; -6.412 ; vga_sync_pipe:u_sync|h_count[4]      ; vga_sync_pipe:u_sync|pixel_row[3]                        ; vga_sync_pipe:u_sync|pixel_clock_int ; vga_sync_pipe:u_sync|pixel_clock_int ; 1.000        ; -0.109     ; 7.301      ;
; -6.412 ; vga_sync_pipe:u_sync|h_count[4]      ; vga_sync_pipe:u_sync|pixel_row[5]                        ; vga_sync_pipe:u_sync|pixel_clock_int ; vga_sync_pipe:u_sync|pixel_clock_int ; 1.000        ; -0.109     ; 7.301      ;
; -6.412 ; vga_sync_pipe:u_sync|h_count[4]      ; vga_sync_pipe:u_sync|pixel_row[8]                        ; vga_sync_pipe:u_sync|pixel_clock_int ; vga_sync_pipe:u_sync|pixel_clock_int ; 1.000        ; -0.109     ; 7.301      ;
; -6.408 ; vga_sync_pipe:u_sync|pixel_row[1]    ; pixelGenerator_dynamicbulletmodule:u_pix|colorAddress[0] ; vga_sync_pipe:u_sync|pixel_clock_int ; vga_sync_pipe:u_sync|pixel_clock_int ; 1.000        ; -0.090     ; 7.316      ;
; -6.407 ; vga_sync_pipe:u_sync|h_count[3]      ; vga_sync_pipe:u_sync|verti_sync                          ; vga_sync_pipe:u_sync|pixel_clock_int ; vga_sync_pipe:u_sync|pixel_clock_int ; 1.000        ; 0.346      ; 7.751      ;
; -6.355 ; vga_sync_pipe:u_sync|pixel_column[0] ; pixelGenerator_dynamicbulletmodule:u_pix|colorAddress[0] ; vga_sync_pipe:u_sync|pixel_clock_int ; vga_sync_pipe:u_sync|pixel_clock_int ; 1.000        ; -0.070     ; 7.283      ;
; -6.336 ; vga_sync_pipe:u_sync|pixel_column[0] ; pixelGenerator_dynamicbulletmodule:u_pix|colorAddress[2] ; vga_sync_pipe:u_sync|pixel_clock_int ; vga_sync_pipe:u_sync|pixel_clock_int ; 1.000        ; -0.070     ; 7.264      ;
; -6.336 ; vga_sync_pipe:u_sync|pixel_column[0] ; pixelGenerator_dynamicbulletmodule:u_pix|colorAddress[1] ; vga_sync_pipe:u_sync|pixel_clock_int ; vga_sync_pipe:u_sync|pixel_clock_int ; 1.000        ; -0.070     ; 7.264      ;
; -6.297 ; vga_sync_pipe:u_sync|h_count[7]      ; vga_sync_pipe:u_sync|verti_sync                          ; vga_sync_pipe:u_sync|pixel_clock_int ; vga_sync_pipe:u_sync|pixel_clock_int ; 1.000        ; 0.346      ; 7.641      ;
; -6.289 ; vga_sync_pipe:u_sync|h_count[6]      ; vga_sync_pipe:u_sync|verti_sync                          ; vga_sync_pipe:u_sync|pixel_clock_int ; vga_sync_pipe:u_sync|pixel_clock_int ; 1.000        ; 0.346      ; 7.633      ;
; -6.286 ; vga_sync_pipe:u_sync|pixel_row[8]    ; pixelGenerator_dynamicbulletmodule:u_pix|colorAddress[0] ; vga_sync_pipe:u_sync|pixel_clock_int ; vga_sync_pipe:u_sync|pixel_clock_int ; 1.000        ; -0.090     ; 7.194      ;
; -6.286 ; vga_sync_pipe:u_sync|pixel_row[8]    ; pixelGenerator_dynamicbulletmodule:u_pix|colorAddress[2] ; vga_sync_pipe:u_sync|pixel_clock_int ; vga_sync_pipe:u_sync|pixel_clock_int ; 1.000        ; -0.090     ; 7.194      ;
+--------+--------------------------------------+----------------------------------------------------------+--------------------------------------+--------------------------------------+--------------+------------+------------+


+-------------------------------------------------------------------------------------------------------------------------------------------------------------------------------------------------------------------------------------------------------------------------------------------------------------------------------------------------+
; Slow 1200mV 85C Model Setup: 'u_pll|uPLL|altpll_component|auto_generated|pll1|clk[0]'                                                                                                                                                                                                                                                           ;
+--------+----------------------------------------------------------------------+-----------------------------------------------------------------------------------------------+---------------------------------------------------------------+--------------------------------------------------------+--------------+------------+------------+
; Slack  ; From Node                                                            ; To Node                                                                                       ; Launch Clock                                                  ; Latch Clock                                            ; Relationship ; Clock Skew ; Data Delay ;
+--------+----------------------------------------------------------------------+-----------------------------------------------------------------------------------------------+---------------------------------------------------------------+--------------------------------------------------------+--------------+------------+------------+
; -5.362 ; keyboard_top:u_kbd|ps2:uPS2|keyboard:u1|scan_code[4]                 ; keyboard_top:u_kbd|keyboard_ctrl:Ukeycontrol|speed_sel_bottom_reg[1]                          ; keyboard_top:u_kbd|ps2:uPS2|keyboard:u1|keyboard_clk_filtered ; u_pll|uPLL|altpll_component|auto_generated|pll1|clk[0] ; 1.000        ; -3.144     ; 3.166      ;
; -5.362 ; keyboard_top:u_kbd|ps2:uPS2|keyboard:u1|scan_code[4]                 ; keyboard_top:u_kbd|keyboard_ctrl:Ukeycontrol|speed_sel_bottom_reg[0]                          ; keyboard_top:u_kbd|ps2:uPS2|keyboard:u1|keyboard_clk_filtered ; u_pll|uPLL|altpll_component|auto_generated|pll1|clk[0] ; 1.000        ; -3.144     ; 3.166      ;
; -5.297 ; keyboard_top:u_kbd|ps2:uPS2|keyboard:u1|scan_code[3]                 ; keyboard_top:u_kbd|keyboard_ctrl:Ukeycontrol|speed_sel_bottom_reg[1]                          ; keyboard_top:u_kbd|ps2:uPS2|keyboard:u1|keyboard_clk_filtered ; u_pll|uPLL|altpll_component|auto_generated|pll1|clk[0] ; 1.000        ; -3.144     ; 3.101      ;
; -5.297 ; keyboard_top:u_kbd|ps2:uPS2|keyboard:u1|scan_code[3]                 ; keyboard_top:u_kbd|keyboard_ctrl:Ukeycontrol|speed_sel_bottom_reg[0]                          ; keyboard_top:u_kbd|ps2:uPS2|keyboard:u1|keyboard_clk_filtered ; u_pll|uPLL|altpll_component|auto_generated|pll1|clk[0] ; 1.000        ; -3.144     ; 3.101      ;
; -5.213 ; keyboard_top:u_kbd|ps2:uPS2|keyboard:u1|scan_code[0]                 ; keyboard_top:u_kbd|keyboard_ctrl:Ukeycontrol|speed_sel_top_reg[0]                             ; keyboard_top:u_kbd|ps2:uPS2|keyboard:u1|keyboard_clk_filtered ; u_pll|uPLL|altpll_component|auto_generated|pll1|clk[0] ; 1.000        ; -3.147     ; 3.014      ;
; -5.213 ; keyboard_top:u_kbd|ps2:uPS2|keyboard:u1|scan_code[0]                 ; keyboard_top:u_kbd|keyboard_ctrl:Ukeycontrol|speed_sel_top_reg[1]                             ; keyboard_top:u_kbd|ps2:uPS2|keyboard:u1|keyboard_clk_filtered ; u_pll|uPLL|altpll_component|auto_generated|pll1|clk[0] ; 1.000        ; -3.147     ; 3.014      ;
; -5.131 ; keyboard_top:u_kbd|ps2:uPS2|keyboard:u1|scan_code[3]                 ; keyboard_top:u_kbd|keyboard_ctrl:Ukeycontrol|state_reg                                        ; keyboard_top:u_kbd|ps2:uPS2|keyboard:u1|keyboard_clk_filtered ; u_pll|uPLL|altpll_component|auto_generated|pll1|clk[0] ; 1.000        ; -2.734     ; 3.345      ;
; -5.129 ; keyboard_top:u_kbd|ps2:uPS2|keyboard:u1|scan_code[5]                 ; keyboard_top:u_kbd|keyboard_ctrl:Ukeycontrol|speed_sel_top_reg[0]                             ; keyboard_top:u_kbd|ps2:uPS2|keyboard:u1|keyboard_clk_filtered ; u_pll|uPLL|altpll_component|auto_generated|pll1|clk[0] ; 1.000        ; -3.147     ; 2.930      ;
; -5.129 ; keyboard_top:u_kbd|ps2:uPS2|keyboard:u1|scan_code[5]                 ; keyboard_top:u_kbd|keyboard_ctrl:Ukeycontrol|speed_sel_top_reg[1]                             ; keyboard_top:u_kbd|ps2:uPS2|keyboard:u1|keyboard_clk_filtered ; u_pll|uPLL|altpll_component|auto_generated|pll1|clk[0] ; 1.000        ; -3.147     ; 2.930      ;
; -5.123 ; keyboard_top:u_kbd|ps2:uPS2|keyboard:u1|scan_code[4]                 ; keyboard_top:u_kbd|keyboard_ctrl:Ukeycontrol|state_reg                                        ; keyboard_top:u_kbd|ps2:uPS2|keyboard:u1|keyboard_clk_filtered ; u_pll|uPLL|altpll_component|auto_generated|pll1|clk[0] ; 1.000        ; -2.734     ; 3.337      ;
; -5.122 ; keyboard_top:u_kbd|ps2:uPS2|keyboard:u1|scan_code[0]                 ; keyboard_top:u_kbd|keyboard_ctrl:Ukeycontrol|speed_sel_bottom_reg[1]                          ; keyboard_top:u_kbd|ps2:uPS2|keyboard:u1|keyboard_clk_filtered ; u_pll|uPLL|altpll_component|auto_generated|pll1|clk[0] ; 1.000        ; -3.144     ; 2.926      ;
; -5.122 ; keyboard_top:u_kbd|ps2:uPS2|keyboard:u1|scan_code[0]                 ; keyboard_top:u_kbd|keyboard_ctrl:Ukeycontrol|speed_sel_bottom_reg[0]                          ; keyboard_top:u_kbd|ps2:uPS2|keyboard:u1|keyboard_clk_filtered ; u_pll|uPLL|altpll_component|auto_generated|pll1|clk[0] ; 1.000        ; -3.144     ; 2.926      ;
; -5.014 ; keyboard_top:u_kbd|ps2:uPS2|keyboard:u1|scan_code[3]                 ; keyboard_top:u_kbd|keyboard_ctrl:Ukeycontrol|speed_sel_top_reg[0]                             ; keyboard_top:u_kbd|ps2:uPS2|keyboard:u1|keyboard_clk_filtered ; u_pll|uPLL|altpll_component|auto_generated|pll1|clk[0] ; 1.000        ; -3.147     ; 2.815      ;
; -5.014 ; keyboard_top:u_kbd|ps2:uPS2|keyboard:u1|scan_code[3]                 ; keyboard_top:u_kbd|keyboard_ctrl:Ukeycontrol|speed_sel_top_reg[1]                             ; keyboard_top:u_kbd|ps2:uPS2|keyboard:u1|keyboard_clk_filtered ; u_pll|uPLL|altpll_component|auto_generated|pll1|clk[0] ; 1.000        ; -3.147     ; 2.815      ;
; -5.010 ; keyboard_top:u_kbd|ps2:uPS2|keyboard:u1|scan_code[1]                 ; keyboard_top:u_kbd|keyboard_ctrl:Ukeycontrol|speed_sel_top_reg[0]                             ; keyboard_top:u_kbd|ps2:uPS2|keyboard:u1|keyboard_clk_filtered ; u_pll|uPLL|altpll_component|auto_generated|pll1|clk[0] ; 1.000        ; -3.147     ; 2.811      ;
; -5.010 ; keyboard_top:u_kbd|ps2:uPS2|keyboard:u1|scan_code[1]                 ; keyboard_top:u_kbd|keyboard_ctrl:Ukeycontrol|speed_sel_top_reg[1]                             ; keyboard_top:u_kbd|ps2:uPS2|keyboard:u1|keyboard_clk_filtered ; u_pll|uPLL|altpll_component|auto_generated|pll1|clk[0] ; 1.000        ; -3.147     ; 2.811      ;
; -4.957 ; keyboard_top:u_kbd|ps2:uPS2|keyboard:u1|scan_code[4]                 ; keyboard_top:u_kbd|keyboard_ctrl:Ukeycontrol|speed_sel_top_reg[0]                             ; keyboard_top:u_kbd|ps2:uPS2|keyboard:u1|keyboard_clk_filtered ; u_pll|uPLL|altpll_component|auto_generated|pll1|clk[0] ; 1.000        ; -3.147     ; 2.758      ;
; -4.957 ; keyboard_top:u_kbd|ps2:uPS2|keyboard:u1|scan_code[4]                 ; keyboard_top:u_kbd|keyboard_ctrl:Ukeycontrol|speed_sel_top_reg[1]                             ; keyboard_top:u_kbd|ps2:uPS2|keyboard:u1|keyboard_clk_filtered ; u_pll|uPLL|altpll_component|auto_generated|pll1|clk[0] ; 1.000        ; -3.147     ; 2.758      ;
; -4.955 ; keyboard_top:u_kbd|ps2:uPS2|keyboard:u1|scan_code[2]                 ; keyboard_top:u_kbd|keyboard_ctrl:Ukeycontrol|speed_sel_bottom_reg[1]                          ; keyboard_top:u_kbd|ps2:uPS2|keyboard:u1|keyboard_clk_filtered ; u_pll|uPLL|altpll_component|auto_generated|pll1|clk[0] ; 1.000        ; -3.144     ; 2.759      ;
; -4.955 ; keyboard_top:u_kbd|ps2:uPS2|keyboard:u1|scan_code[2]                 ; keyboard_top:u_kbd|keyboard_ctrl:Ukeycontrol|speed_sel_bottom_reg[0]                          ; keyboard_top:u_kbd|ps2:uPS2|keyboard:u1|keyboard_clk_filtered ; u_pll|uPLL|altpll_component|auto_generated|pll1|clk[0] ; 1.000        ; -3.144     ; 2.759      ;
; -4.885 ; keyboard_top:u_kbd|ps2:uPS2|keyboard:u1|scan_code[2]                 ; keyboard_top:u_kbd|keyboard_ctrl:Ukeycontrol|speed_sel_top_reg[0]                             ; keyboard_top:u_kbd|ps2:uPS2|keyboard:u1|keyboard_clk_filtered ; u_pll|uPLL|altpll_component|auto_generated|pll1|clk[0] ; 1.000        ; -3.147     ; 2.686      ;
; -4.885 ; keyboard_top:u_kbd|ps2:uPS2|keyboard:u1|scan_code[2]                 ; keyboard_top:u_kbd|keyboard_ctrl:Ukeycontrol|speed_sel_top_reg[1]                             ; keyboard_top:u_kbd|ps2:uPS2|keyboard:u1|keyboard_clk_filtered ; u_pll|uPLL|altpll_component|auto_generated|pll1|clk[0] ; 1.000        ; -3.147     ; 2.686      ;
; -4.825 ; keyboard_top:u_kbd|ps2:uPS2|keyboard:u1|scan_code[1]                 ; keyboard_top:u_kbd|keyboard_ctrl:Ukeycontrol|speed_sel_bottom_reg[1]                          ; keyboard_top:u_kbd|ps2:uPS2|keyboard:u1|keyboard_clk_filtered ; u_pll|uPLL|altpll_component|auto_generated|pll1|clk[0] ; 1.000        ; -3.144     ; 2.629      ;
; -4.825 ; keyboard_top:u_kbd|ps2:uPS2|keyboard:u1|scan_code[1]                 ; keyboard_top:u_kbd|keyboard_ctrl:Ukeycontrol|speed_sel_bottom_reg[0]                          ; keyboard_top:u_kbd|ps2:uPS2|keyboard:u1|keyboard_clk_filtered ; u_pll|uPLL|altpll_component|auto_generated|pll1|clk[0] ; 1.000        ; -3.144     ; 2.629      ;
; -4.805 ; keyboard_top:u_kbd|ps2:uPS2|keyboard:u1|scan_code[6]                 ; keyboard_top:u_kbd|keyboard_ctrl:Ukeycontrol|speed_sel_top_reg[0]                             ; keyboard_top:u_kbd|ps2:uPS2|keyboard:u1|keyboard_clk_filtered ; u_pll|uPLL|altpll_component|auto_generated|pll1|clk[0] ; 1.000        ; -3.147     ; 2.606      ;
; -4.805 ; keyboard_top:u_kbd|ps2:uPS2|keyboard:u1|scan_code[6]                 ; keyboard_top:u_kbd|keyboard_ctrl:Ukeycontrol|speed_sel_top_reg[1]                             ; keyboard_top:u_kbd|ps2:uPS2|keyboard:u1|keyboard_clk_filtered ; u_pll|uPLL|altpll_component|auto_generated|pll1|clk[0] ; 1.000        ; -3.147     ; 2.606      ;
; -4.800 ; keyboard_top:u_kbd|ps2:uPS2|keyboard:u1|scan_code[7]                 ; keyboard_top:u_kbd|keyboard_ctrl:Ukeycontrol|speed_sel_bottom_reg[1]                          ; keyboard_top:u_kbd|ps2:uPS2|keyboard:u1|keyboard_clk_filtered ; u_pll|uPLL|altpll_component|auto_generated|pll1|clk[0] ; 1.000        ; -3.144     ; 2.604      ;
; -4.800 ; keyboard_top:u_kbd|ps2:uPS2|keyboard:u1|scan_code[7]                 ; keyboard_top:u_kbd|keyboard_ctrl:Ukeycontrol|speed_sel_bottom_reg[0]                          ; keyboard_top:u_kbd|ps2:uPS2|keyboard:u1|keyboard_clk_filtered ; u_pll|uPLL|altpll_component|auto_generated|pll1|clk[0] ; 1.000        ; -3.144     ; 2.604      ;
; -4.765 ; keyboard_top:u_kbd|ps2:uPS2|keyboard:u1|scan_code[6]                 ; keyboard_top:u_kbd|keyboard_ctrl:Ukeycontrol|state_reg                                        ; keyboard_top:u_kbd|ps2:uPS2|keyboard:u1|keyboard_clk_filtered ; u_pll|uPLL|altpll_component|auto_generated|pll1|clk[0] ; 1.000        ; -2.734     ; 2.979      ;
; -4.635 ; keyboard_top:u_kbd|ps2:uPS2|keyboard:u1|scan_code[1]                 ; keyboard_top:u_kbd|keyboard_ctrl:Ukeycontrol|state_reg                                        ; keyboard_top:u_kbd|ps2:uPS2|keyboard:u1|keyboard_clk_filtered ; u_pll|uPLL|altpll_component|auto_generated|pll1|clk[0] ; 1.000        ; -2.734     ; 2.849      ;
; -4.609 ; keyboard_top:u_kbd|ps2:uPS2|keyboard:u1|scan_code[6]                 ; keyboard_top:u_kbd|keyboard_ctrl:Ukeycontrol|speed_sel_bottom_reg[1]                          ; keyboard_top:u_kbd|ps2:uPS2|keyboard:u1|keyboard_clk_filtered ; u_pll|uPLL|altpll_component|auto_generated|pll1|clk[0] ; 1.000        ; -3.144     ; 2.413      ;
; -4.609 ; keyboard_top:u_kbd|ps2:uPS2|keyboard:u1|scan_code[6]                 ; keyboard_top:u_kbd|keyboard_ctrl:Ukeycontrol|speed_sel_bottom_reg[0]                          ; keyboard_top:u_kbd|ps2:uPS2|keyboard:u1|keyboard_clk_filtered ; u_pll|uPLL|altpll_component|auto_generated|pll1|clk[0] ; 1.000        ; -3.144     ; 2.413      ;
; -4.608 ; keyboard_top:u_kbd|ps2:uPS2|keyboard:u1|scan_code[0]                 ; keyboard_top:u_kbd|keyboard_ctrl:Ukeycontrol|state_reg                                        ; keyboard_top:u_kbd|ps2:uPS2|keyboard:u1|keyboard_clk_filtered ; u_pll|uPLL|altpll_component|auto_generated|pll1|clk[0] ; 1.000        ; -2.734     ; 2.822      ;
; -4.550 ; keyboard_top:u_kbd|ps2:uPS2|keyboard:u1|scan_code[5]                 ; keyboard_top:u_kbd|keyboard_ctrl:Ukeycontrol|speed_sel_bottom_reg[1]                          ; keyboard_top:u_kbd|ps2:uPS2|keyboard:u1|keyboard_clk_filtered ; u_pll|uPLL|altpll_component|auto_generated|pll1|clk[0] ; 1.000        ; -3.144     ; 2.354      ;
; -4.550 ; keyboard_top:u_kbd|ps2:uPS2|keyboard:u1|scan_code[5]                 ; keyboard_top:u_kbd|keyboard_ctrl:Ukeycontrol|speed_sel_bottom_reg[0]                          ; keyboard_top:u_kbd|ps2:uPS2|keyboard:u1|keyboard_clk_filtered ; u_pll|uPLL|altpll_component|auto_generated|pll1|clk[0] ; 1.000        ; -3.144     ; 2.354      ;
; -4.471 ; keyboard_top:u_kbd|ps2:uPS2|keyboard:u1|scan_code[7]                 ; keyboard_top:u_kbd|keyboard_ctrl:Ukeycontrol|speed_sel_top_reg[0]                             ; keyboard_top:u_kbd|ps2:uPS2|keyboard:u1|keyboard_clk_filtered ; u_pll|uPLL|altpll_component|auto_generated|pll1|clk[0] ; 1.000        ; -3.147     ; 2.272      ;
; -4.471 ; keyboard_top:u_kbd|ps2:uPS2|keyboard:u1|scan_code[7]                 ; keyboard_top:u_kbd|keyboard_ctrl:Ukeycontrol|speed_sel_top_reg[1]                             ; keyboard_top:u_kbd|ps2:uPS2|keyboard:u1|keyboard_clk_filtered ; u_pll|uPLL|altpll_component|auto_generated|pll1|clk[0] ; 1.000        ; -3.147     ; 2.272      ;
; -4.274 ; keyboard_top:u_kbd|ps2:uPS2|keyboard:u1|scan_code[5]                 ; keyboard_top:u_kbd|keyboard_ctrl:Ukeycontrol|state_reg                                        ; keyboard_top:u_kbd|ps2:uPS2|keyboard:u1|keyboard_clk_filtered ; u_pll|uPLL|altpll_component|auto_generated|pll1|clk[0] ; 1.000        ; -2.734     ; 2.488      ;
; -4.226 ; keyboard_top:u_kbd|ps2:uPS2|keyboard:u1|scan_code[2]                 ; keyboard_top:u_kbd|keyboard_ctrl:Ukeycontrol|fire_pulse_top_reg                               ; keyboard_top:u_kbd|ps2:uPS2|keyboard:u1|keyboard_clk_filtered ; u_pll|uPLL|altpll_component|auto_generated|pll1|clk[0] ; 1.000        ; -2.767     ; 2.407      ;
; -4.222 ; keyboard_top:u_kbd|ps2:uPS2|keyboard:u1|scan_code[2]                 ; keyboard_top:u_kbd|keyboard_ctrl:Ukeycontrol|fire_pulse_bottom_reg                            ; keyboard_top:u_kbd|ps2:uPS2|keyboard:u1|keyboard_clk_filtered ; u_pll|uPLL|altpll_component|auto_generated|pll1|clk[0] ; 1.000        ; -2.767     ; 2.403      ;
; -4.108 ; keyboard_top:u_kbd|ps2:uPS2|keyboard:u1|scan_code[3]                 ; keyboard_top:u_kbd|keyboard_ctrl:Ukeycontrol|fire_pulse_top_reg                               ; keyboard_top:u_kbd|ps2:uPS2|keyboard:u1|keyboard_clk_filtered ; u_pll|uPLL|altpll_component|auto_generated|pll1|clk[0] ; 1.000        ; -2.767     ; 2.289      ;
; -4.071 ; keyboard_top:u_kbd|ps2:uPS2|keyboard:u1|scan_code[7]                 ; keyboard_top:u_kbd|keyboard_ctrl:Ukeycontrol|fire_pulse_top_reg                               ; keyboard_top:u_kbd|ps2:uPS2|keyboard:u1|keyboard_clk_filtered ; u_pll|uPLL|altpll_component|auto_generated|pll1|clk[0] ; 1.000        ; -2.767     ; 2.252      ;
; -4.067 ; keyboard_top:u_kbd|ps2:uPS2|keyboard:u1|scan_code[7]                 ; keyboard_top:u_kbd|keyboard_ctrl:Ukeycontrol|fire_pulse_bottom_reg                            ; keyboard_top:u_kbd|ps2:uPS2|keyboard:u1|keyboard_clk_filtered ; u_pll|uPLL|altpll_component|auto_generated|pll1|clk[0] ; 1.000        ; -2.767     ; 2.248      ;
; -4.012 ; keyboard_top:u_kbd|ps2:uPS2|keyboard:u1|scan_code[3]                 ; keyboard_top:u_kbd|keyboard_ctrl:Ukeycontrol|fire_pulse_bottom_reg                            ; keyboard_top:u_kbd|ps2:uPS2|keyboard:u1|keyboard_clk_filtered ; u_pll|uPLL|altpll_component|auto_generated|pll1|clk[0] ; 1.000        ; -2.767     ; 2.193      ;
; -4.006 ; keyboard_top:u_kbd|ps2:uPS2|keyboard:u1|scan_code[0]                 ; keyboard_top:u_kbd|keyboard_ctrl:Ukeycontrol|fire_pulse_top_reg                               ; keyboard_top:u_kbd|ps2:uPS2|keyboard:u1|keyboard_clk_filtered ; u_pll|uPLL|altpll_component|auto_generated|pll1|clk[0] ; 1.000        ; -2.767     ; 2.187      ;
; -3.918 ; keyboard_top:u_kbd|ps2:uPS2|keyboard:u1|scan_code[0]                 ; keyboard_top:u_kbd|keyboard_ctrl:Ukeycontrol|fire_pulse_bottom_reg                            ; keyboard_top:u_kbd|ps2:uPS2|keyboard:u1|keyboard_clk_filtered ; u_pll|uPLL|altpll_component|auto_generated|pll1|clk[0] ; 1.000        ; -2.767     ; 2.099      ;
; -3.776 ; keyboard_top:u_kbd|ps2:uPS2|keyboard:u1|scan_code[4]                 ; keyboard_top:u_kbd|keyboard_ctrl:Ukeycontrol|fire_pulse_bottom_reg                            ; keyboard_top:u_kbd|ps2:uPS2|keyboard:u1|keyboard_clk_filtered ; u_pll|uPLL|altpll_component|auto_generated|pll1|clk[0] ; 1.000        ; -2.767     ; 1.957      ;
; -3.716 ; keyboard_top:u_kbd|ps2:uPS2|keyboard:u1|scan_code[4]                 ; keyboard_top:u_kbd|keyboard_ctrl:Ukeycontrol|fire_pulse_top_reg                               ; keyboard_top:u_kbd|ps2:uPS2|keyboard:u1|keyboard_clk_filtered ; u_pll|uPLL|altpll_component|auto_generated|pll1|clk[0] ; 1.000        ; -2.767     ; 1.897      ;
; -3.645 ; keyboard_top:u_kbd|ps2:uPS2|keyboard:u1|scan_code[1]                 ; keyboard_top:u_kbd|keyboard_ctrl:Ukeycontrol|fire_pulse_bottom_reg                            ; keyboard_top:u_kbd|ps2:uPS2|keyboard:u1|keyboard_clk_filtered ; u_pll|uPLL|altpll_component|auto_generated|pll1|clk[0] ; 1.000        ; -2.767     ; 1.826      ;
; -3.629 ; keyboard_top:u_kbd|ps2:uPS2|keyboard:u1|scan_code[1]                 ; keyboard_top:u_kbd|keyboard_ctrl:Ukeycontrol|fire_pulse_top_reg                               ; keyboard_top:u_kbd|ps2:uPS2|keyboard:u1|keyboard_clk_filtered ; u_pll|uPLL|altpll_component|auto_generated|pll1|clk[0] ; 1.000        ; -2.767     ; 1.810      ;
; -3.345 ; keyboard_top:u_kbd|ps2:uPS2|keyboard:u1|scan_code[7]                 ; keyboard_top:u_kbd|keyboard_ctrl:Ukeycontrol|state_reg                                        ; keyboard_top:u_kbd|ps2:uPS2|keyboard:u1|keyboard_clk_filtered ; u_pll|uPLL|altpll_component|auto_generated|pll1|clk[0] ; 1.000        ; -2.734     ; 1.559      ;
; -3.302 ; keyboard_top:u_kbd|ps2:uPS2|keyboard:u1|scan_code[6]                 ; keyboard_top:u_kbd|keyboard_ctrl:Ukeycontrol|fire_pulse_top_reg                               ; keyboard_top:u_kbd|ps2:uPS2|keyboard:u1|keyboard_clk_filtered ; u_pll|uPLL|altpll_component|auto_generated|pll1|clk[0] ; 1.000        ; -2.767     ; 1.483      ;
; -3.265 ; keyboard_top:u_kbd|ps2:uPS2|keyboard:u1|scan_code[6]                 ; keyboard_top:u_kbd|keyboard_ctrl:Ukeycontrol|fire_pulse_bottom_reg                            ; keyboard_top:u_kbd|ps2:uPS2|keyboard:u1|keyboard_clk_filtered ; u_pll|uPLL|altpll_component|auto_generated|pll1|clk[0] ; 1.000        ; -2.767     ; 1.446      ;
; -3.239 ; keyboard_top:u_kbd|ps2:uPS2|keyboard:u1|scan_code[2]                 ; keyboard_top:u_kbd|keyboard_ctrl:Ukeycontrol|state_reg                                        ; keyboard_top:u_kbd|ps2:uPS2|keyboard:u1|keyboard_clk_filtered ; u_pll|uPLL|altpll_component|auto_generated|pll1|clk[0] ; 1.000        ; -2.734     ; 1.453      ;
; -3.104 ; keyboard_top:u_kbd|ps2:uPS2|keyboard:u1|scan_code[5]                 ; keyboard_top:u_kbd|keyboard_ctrl:Ukeycontrol|fire_pulse_bottom_reg                            ; keyboard_top:u_kbd|ps2:uPS2|keyboard:u1|keyboard_clk_filtered ; u_pll|uPLL|altpll_component|auto_generated|pll1|clk[0] ; 1.000        ; -2.767     ; 1.285      ;
; -3.057 ; keyboard_top:u_kbd|ps2:uPS2|keyboard:u1|scan_code[5]                 ; keyboard_top:u_kbd|keyboard_ctrl:Ukeycontrol|fire_pulse_top_reg                               ; keyboard_top:u_kbd|ps2:uPS2|keyboard:u1|keyboard_clk_filtered ; u_pll|uPLL|altpll_component|auto_generated|pll1|clk[0] ; 1.000        ; -2.767     ; 1.238      ;
; -2.516 ; keyboard_top:u_kbd|ps2:uPS2|keyboard:u1|scan_ready                   ; keyboard_top:u_kbd|keyboard_ctrl:Ukeycontrol|speed_sel_bottom_reg[1]                          ; keyboard_top:u_kbd|ps2:uPS2|keyboard:u1|ready_set             ; u_pll|uPLL|altpll_component|auto_generated|pll1|clk[0] ; 1.000        ; -1.487     ; 1.987      ;
; -2.516 ; keyboard_top:u_kbd|ps2:uPS2|keyboard:u1|scan_ready                   ; keyboard_top:u_kbd|keyboard_ctrl:Ukeycontrol|speed_sel_bottom_reg[0]                          ; keyboard_top:u_kbd|ps2:uPS2|keyboard:u1|ready_set             ; u_pll|uPLL|altpll_component|auto_generated|pll1|clk[0] ; 1.000        ; -1.487     ; 1.987      ;
; -2.318 ; keyboard_top:u_kbd|ps2:uPS2|keyboard:u1|scan_ready                   ; keyboard_top:u_kbd|keyboard_ctrl:Ukeycontrol|speed_sel_top_reg[0]                             ; keyboard_top:u_kbd|ps2:uPS2|keyboard:u1|ready_set             ; u_pll|uPLL|altpll_component|auto_generated|pll1|clk[0] ; 1.000        ; -1.490     ; 1.786      ;
; -2.318 ; keyboard_top:u_kbd|ps2:uPS2|keyboard:u1|scan_ready                   ; keyboard_top:u_kbd|keyboard_ctrl:Ukeycontrol|speed_sel_top_reg[1]                             ; keyboard_top:u_kbd|ps2:uPS2|keyboard:u1|ready_set             ; u_pll|uPLL|altpll_component|auto_generated|pll1|clk[0] ; 1.000        ; -1.490     ; 1.786      ;
; -1.871 ; keyboard_top:u_kbd|ps2:uPS2|keyboard:u1|scan_ready                   ; keyboard_top:u_kbd|keyboard_ctrl:Ukeycontrol|state_reg                                        ; keyboard_top:u_kbd|ps2:uPS2|keyboard:u1|ready_set             ; u_pll|uPLL|altpll_component|auto_generated|pll1|clk[0] ; 1.000        ; -1.077     ; 1.752      ;
; -1.868 ; keyboard_top:u_kbd|ps2:uPS2|keyboard:u1|scan_ready                   ; keyboard_top:u_kbd|ps2:uPS2|oneshot:pulser|delay                                              ; keyboard_top:u_kbd|ps2:uPS2|keyboard:u1|ready_set             ; u_pll|uPLL|altpll_component|auto_generated|pll1|clk[0] ; 1.000        ; -1.488     ; 1.338      ;
; -1.802 ; keyboard_top:u_kbd|ps2:uPS2|keyboard:u1|scan_ready                   ; keyboard_top:u_kbd|keyboard_ctrl:Ukeycontrol|fire_pulse_top_reg                               ; keyboard_top:u_kbd|ps2:uPS2|keyboard:u1|ready_set             ; u_pll|uPLL|altpll_component|auto_generated|pll1|clk[0] ; 1.000        ; -1.110     ; 1.650      ;
; -1.798 ; keyboard_top:u_kbd|ps2:uPS2|keyboard:u1|scan_ready                   ; keyboard_top:u_kbd|keyboard_ctrl:Ukeycontrol|fire_pulse_bottom_reg                            ; keyboard_top:u_kbd|ps2:uPS2|keyboard:u1|ready_set             ; u_pll|uPLL|altpll_component|auto_generated|pll1|clk[0] ; 1.000        ; -1.110     ; 1.646      ;
; -1.717 ; keyboard_top:u_kbd|ps2:uPS2|keyboard:u1|scan_ready                   ; keyboard_top:u_kbd|ps2:uPS2|oneshot:pulser|pulse_out                                          ; keyboard_top:u_kbd|ps2:uPS2|keyboard:u1|ready_set             ; u_pll|uPLL|altpll_component|auto_generated|pll1|clk[0] ; 1.000        ; -1.488     ; 1.187      ;
; -1.352 ; keyboard_top:u_kbd|ps2:uPS2|keyboard:u1|keyboard_clk_filtered        ; keyboard_top:u_kbd|ps2:uPS2|keyboard:u1|keyboard_clk_filtered                                 ; keyboard_top:u_kbd|ps2:uPS2|keyboard:u1|keyboard_clk_filtered ; u_pll|uPLL|altpll_component|auto_generated|pll1|clk[0] ; 0.500        ; -0.100     ; 1.932      ;
; -0.773 ; keyboard_top:u_kbd|ps2:uPS2|keyboard:u1|keyboard_clk_filtered        ; keyboard_top:u_kbd|ps2:uPS2|keyboard:u1|keyboard_clk_filtered                                 ; keyboard_top:u_kbd|ps2:uPS2|keyboard:u1|keyboard_clk_filtered ; u_pll|uPLL|altpll_component|auto_generated|pll1|clk[0] ; 1.000        ; -0.100     ; 1.853      ;
; 0.031  ; keyboard_top:u_kbd|keyboard_ctrl:Ukeycontrol|speed_sel_bottom_reg[1] ; bullet_bottom_top:u_bullets_bottom|tank_bullet_bottom_refine:\gen_bullets:1:u_bullet|x_reg[8] ; u_pll|uPLL|altpll_component|auto_generated|pll1|clk[0]        ; u_pll|uPLL|altpll_component|auto_generated|pll1|clk[0] ; 10.000       ; -0.087     ; 9.880      ;
; 0.119  ; keyboard_top:u_kbd|keyboard_ctrl:Ukeycontrol|speed_sel_bottom_reg[1] ; bullet_bottom_top:u_bullets_bottom|tank_bullet_bottom_refine:\gen_bullets:2:u_bullet|x_reg[8] ; u_pll|uPLL|altpll_component|auto_generated|pll1|clk[0]        ; u_pll|uPLL|altpll_component|auto_generated|pll1|clk[0] ; 10.000       ; -0.096     ; 9.783      ;
; 0.127  ; keyboard_top:u_kbd|keyboard_ctrl:Ukeycontrol|speed_sel_bottom_reg[0] ; bullet_bottom_top:u_bullets_bottom|tank_bullet_bottom_refine:\gen_bullets:1:u_bullet|x_reg[8] ; u_pll|uPLL|altpll_component|auto_generated|pll1|clk[0]        ; u_pll|uPLL|altpll_component|auto_generated|pll1|clk[0] ; 10.000       ; -0.087     ; 9.784      ;
; 0.148  ; keyboard_top:u_kbd|keyboard_ctrl:Ukeycontrol|speed_sel_bottom_reg[1] ; bullet_bottom_top:u_bullets_bottom|tank_bullet_bottom_refine:\gen_bullets:1:u_bullet|x_reg[9] ; u_pll|uPLL|altpll_component|auto_generated|pll1|clk[0]        ; u_pll|uPLL|altpll_component|auto_generated|pll1|clk[0] ; 10.000       ; -0.087     ; 9.763      ;
; 0.152  ; keyboard_top:u_kbd|keyboard_ctrl:Ukeycontrol|speed_sel_bottom_reg[1] ; bullet_bottom_top:u_bullets_bottom|tank_bullet_bottom_refine:\gen_bullets:4:u_bullet|x_reg[8] ; u_pll|uPLL|altpll_component|auto_generated|pll1|clk[0]        ; u_pll|uPLL|altpll_component|auto_generated|pll1|clk[0] ; 10.000       ; 0.312      ; 10.158     ;
; 0.215  ; keyboard_top:u_kbd|keyboard_ctrl:Ukeycontrol|speed_sel_bottom_reg[0] ; bullet_bottom_top:u_bullets_bottom|tank_bullet_bottom_refine:\gen_bullets:2:u_bullet|x_reg[8] ; u_pll|uPLL|altpll_component|auto_generated|pll1|clk[0]        ; u_pll|uPLL|altpll_component|auto_generated|pll1|clk[0] ; 10.000       ; -0.096     ; 9.687      ;
; 0.237  ; keyboard_top:u_kbd|keyboard_ctrl:Ukeycontrol|speed_sel_top_reg[1]    ; bullet_top_top:u_bullets_top|tank_bullet_top_refine:\gen_bullets:1:u_bullet|x_reg[9]          ; u_pll|uPLL|altpll_component|auto_generated|pll1|clk[0]        ; u_pll|uPLL|altpll_component|auto_generated|pll1|clk[0] ; 10.000       ; -0.089     ; 9.672      ;
; 0.244  ; keyboard_top:u_kbd|keyboard_ctrl:Ukeycontrol|speed_sel_bottom_reg[0] ; bullet_bottom_top:u_bullets_bottom|tank_bullet_bottom_refine:\gen_bullets:1:u_bullet|x_reg[9] ; u_pll|uPLL|altpll_component|auto_generated|pll1|clk[0]        ; u_pll|uPLL|altpll_component|auto_generated|pll1|clk[0] ; 10.000       ; -0.087     ; 9.667      ;
; 0.248  ; keyboard_top:u_kbd|keyboard_ctrl:Ukeycontrol|speed_sel_bottom_reg[0] ; bullet_bottom_top:u_bullets_bottom|tank_bullet_bottom_refine:\gen_bullets:4:u_bullet|x_reg[8] ; u_pll|uPLL|altpll_component|auto_generated|pll1|clk[0]        ; u_pll|uPLL|altpll_component|auto_generated|pll1|clk[0] ; 10.000       ; 0.312      ; 10.062     ;
; 0.275  ; keyboard_top:u_kbd|keyboard_ctrl:Ukeycontrol|speed_sel_bottom_reg[1] ; bullet_bottom_top:u_bullets_bottom|tank_bullet_bottom_refine:\gen_bullets:1:u_bullet|x_reg[7] ; u_pll|uPLL|altpll_component|auto_generated|pll1|clk[0]        ; u_pll|uPLL|altpll_component|auto_generated|pll1|clk[0] ; 10.000       ; -0.087     ; 9.636      ;
; 0.301  ; keyboard_top:u_kbd|keyboard_ctrl:Ukeycontrol|speed_sel_top_reg[1]    ; bullet_top_top:u_bullets_top|tank_bullet_top_refine:\gen_bullets:1:u_bullet|x_reg[8]          ; u_pll|uPLL|altpll_component|auto_generated|pll1|clk[0]        ; u_pll|uPLL|altpll_component|auto_generated|pll1|clk[0] ; 10.000       ; -0.089     ; 9.608      ;
; 0.330  ; keyboard_top:u_kbd|keyboard_ctrl:Ukeycontrol|speed_sel_bottom_reg[1] ; bullet_bottom_top:u_bullets_bottom|tank_bullet_bottom_refine:\gen_bullets:4:u_bullet|x_reg[6] ; u_pll|uPLL|altpll_component|auto_generated|pll1|clk[0]        ; u_pll|uPLL|altpll_component|auto_generated|pll1|clk[0] ; 10.000       ; 0.312      ; 9.980      ;
; 0.336  ; keyboard_top:u_kbd|keyboard_ctrl:Ukeycontrol|speed_sel_top_reg[1]    ; bullet_top_top:u_bullets_top|tank_bullet_top_refine:\gen_bullets:1:u_bullet|x_reg[6]          ; u_pll|uPLL|altpll_component|auto_generated|pll1|clk[0]        ; u_pll|uPLL|altpll_component|auto_generated|pll1|clk[0] ; 10.000       ; -0.089     ; 9.573      ;
; 0.347  ; keyboard_top:u_kbd|keyboard_ctrl:Ukeycontrol|speed_sel_bottom_reg[1] ; bullet_bottom_top:u_bullets_bottom|tank_bullet_bottom_refine:\gen_bullets:1:u_bullet|x_reg[6] ; u_pll|uPLL|altpll_component|auto_generated|pll1|clk[0]        ; u_pll|uPLL|altpll_component|auto_generated|pll1|clk[0] ; 10.000       ; -0.087     ; 9.564      ;
; 0.352  ; tank_top:u_tank_top|dir_reg                                          ; bullet_top_top:u_bullets_top|tank_bullet_top_refine:\gen_bullets:1:u_bullet|x_reg[9]          ; u_pll|uPLL|altpll_component|auto_generated|pll1|clk[0]        ; u_pll|uPLL|altpll_component|auto_generated|pll1|clk[0] ; 10.000       ; -0.093     ; 9.553      ;
; 0.371  ; keyboard_top:u_kbd|keyboard_ctrl:Ukeycontrol|speed_sel_bottom_reg[0] ; bullet_bottom_top:u_bullets_bottom|tank_bullet_bottom_refine:\gen_bullets:1:u_bullet|x_reg[7] ; u_pll|uPLL|altpll_component|auto_generated|pll1|clk[0]        ; u_pll|uPLL|altpll_component|auto_generated|pll1|clk[0] ; 10.000       ; -0.087     ; 9.540      ;
; 0.373  ; keyboard_top:u_kbd|keyboard_ctrl:Ukeycontrol|speed_sel_bottom_reg[1] ; bullet_bottom_top:u_bullets_bottom|tank_bullet_bottom_refine:\gen_bullets:2:u_bullet|x_reg[9] ; u_pll|uPLL|altpll_component|auto_generated|pll1|clk[0]        ; u_pll|uPLL|altpll_component|auto_generated|pll1|clk[0] ; 10.000       ; -0.096     ; 9.529      ;
; 0.416  ; tank_top:u_tank_top|dir_reg                                          ; bullet_top_top:u_bullets_top|tank_bullet_top_refine:\gen_bullets:1:u_bullet|x_reg[8]          ; u_pll|uPLL|altpll_component|auto_generated|pll1|clk[0]        ; u_pll|uPLL|altpll_component|auto_generated|pll1|clk[0] ; 10.000       ; -0.093     ; 9.489      ;
; 0.418  ; keyboard_top:u_kbd|keyboard_ctrl:Ukeycontrol|speed_sel_bottom_reg[1] ; bullet_bottom_top:u_bullets_bottom|tank_bullet_bottom_refine:\gen_bullets:4:u_bullet|x_reg[9] ; u_pll|uPLL|altpll_component|auto_generated|pll1|clk[0]        ; u_pll|uPLL|altpll_component|auto_generated|pll1|clk[0] ; 10.000       ; 0.312      ; 9.892      ;
; 0.426  ; keyboard_top:u_kbd|keyboard_ctrl:Ukeycontrol|speed_sel_bottom_reg[0] ; bullet_bottom_top:u_bullets_bottom|tank_bullet_bottom_refine:\gen_bullets:4:u_bullet|x_reg[6] ; u_pll|uPLL|altpll_component|auto_generated|pll1|clk[0]        ; u_pll|uPLL|altpll_component|auto_generated|pll1|clk[0] ; 10.000       ; 0.312      ; 9.884      ;
; 0.438  ; keyboard_top:u_kbd|keyboard_ctrl:Ukeycontrol|speed_sel_top_reg[0]    ; bullet_top_top:u_bullets_top|tank_bullet_top_refine:\gen_bullets:1:u_bullet|x_reg[9]          ; u_pll|uPLL|altpll_component|auto_generated|pll1|clk[0]        ; u_pll|uPLL|altpll_component|auto_generated|pll1|clk[0] ; 10.000       ; -0.089     ; 9.471      ;
; 0.443  ; keyboard_top:u_kbd|keyboard_ctrl:Ukeycontrol|speed_sel_bottom_reg[0] ; bullet_bottom_top:u_bullets_bottom|tank_bullet_bottom_refine:\gen_bullets:1:u_bullet|x_reg[6] ; u_pll|uPLL|altpll_component|auto_generated|pll1|clk[0]        ; u_pll|uPLL|altpll_component|auto_generated|pll1|clk[0] ; 10.000       ; -0.087     ; 9.468      ;
; 0.451  ; tank_top:u_tank_top|dir_reg                                          ; bullet_top_top:u_bullets_top|tank_bullet_top_refine:\gen_bullets:1:u_bullet|x_reg[6]          ; u_pll|uPLL|altpll_component|auto_generated|pll1|clk[0]        ; u_pll|uPLL|altpll_component|auto_generated|pll1|clk[0] ; 10.000       ; -0.093     ; 9.454      ;
; 0.461  ; keyboard_top:u_kbd|keyboard_ctrl:Ukeycontrol|speed_sel_bottom_reg[1] ; bullet_bottom_top:u_bullets_bottom|tank_bullet_bottom_refine:\gen_bullets:3:u_bullet|x_reg[6] ; u_pll|uPLL|altpll_component|auto_generated|pll1|clk[0]        ; u_pll|uPLL|altpll_component|auto_generated|pll1|clk[0] ; 10.000       ; -0.097     ; 9.440      ;
; 0.469  ; keyboard_top:u_kbd|keyboard_ctrl:Ukeycontrol|speed_sel_bottom_reg[0] ; bullet_bottom_top:u_bullets_bottom|tank_bullet_bottom_refine:\gen_bullets:2:u_bullet|x_reg[9] ; u_pll|uPLL|altpll_component|auto_generated|pll1|clk[0]        ; u_pll|uPLL|altpll_component|auto_generated|pll1|clk[0] ; 10.000       ; -0.096     ; 9.433      ;
; 0.485  ; keyboard_top:u_kbd|keyboard_ctrl:Ukeycontrol|speed_sel_bottom_reg[1] ; bullet_bottom_top:u_bullets_bottom|tank_bullet_bottom_refine:\gen_bullets:2:u_bullet|x_reg[6] ; u_pll|uPLL|altpll_component|auto_generated|pll1|clk[0]        ; u_pll|uPLL|altpll_component|auto_generated|pll1|clk[0] ; 10.000       ; -0.096     ; 9.417      ;
; 0.492  ; keyboard_top:u_kbd|keyboard_ctrl:Ukeycontrol|speed_sel_bottom_reg[1] ; bullet_bottom_top:u_bullets_bottom|tank_bullet_bottom_refine:\gen_bullets:4:u_bullet|x_reg[5] ; u_pll|uPLL|altpll_component|auto_generated|pll1|clk[0]        ; u_pll|uPLL|altpll_component|auto_generated|pll1|clk[0] ; 10.000       ; -0.102     ; 9.404      ;
; 0.499  ; keyboard_top:u_kbd|keyboard_ctrl:Ukeycontrol|speed_sel_bottom_reg[1] ; bullet_bottom_top:u_bullets_bottom|tank_bullet_bottom_refine:\gen_bullets:2:u_bullet|x_reg[7] ; u_pll|uPLL|altpll_component|auto_generated|pll1|clk[0]        ; u_pll|uPLL|altpll_component|auto_generated|pll1|clk[0] ; 10.000       ; -0.096     ; 9.403      ;
; 0.502  ; keyboard_top:u_kbd|keyboard_ctrl:Ukeycontrol|speed_sel_bottom_reg[1] ; bullet_bottom_top:u_bullets_bottom|tank_bullet_bottom_refine:\gen_bullets:3:u_bullet|x_reg[8] ; u_pll|uPLL|altpll_component|auto_generated|pll1|clk[0]        ; u_pll|uPLL|altpll_component|auto_generated|pll1|clk[0] ; 10.000       ; 0.317      ; 9.813      ;
; 0.502  ; keyboard_top:u_kbd|keyboard_ctrl:Ukeycontrol|speed_sel_top_reg[0]    ; bullet_top_top:u_bullets_top|tank_bullet_top_refine:\gen_bullets:1:u_bullet|x_reg[8]          ; u_pll|uPLL|altpll_component|auto_generated|pll1|clk[0]        ; u_pll|uPLL|altpll_component|auto_generated|pll1|clk[0] ; 10.000       ; -0.089     ; 9.407      ;
; 0.514  ; keyboard_top:u_kbd|keyboard_ctrl:Ukeycontrol|speed_sel_bottom_reg[0] ; bullet_bottom_top:u_bullets_bottom|tank_bullet_bottom_refine:\gen_bullets:4:u_bullet|x_reg[9] ; u_pll|uPLL|altpll_component|auto_generated|pll1|clk[0]        ; u_pll|uPLL|altpll_component|auto_generated|pll1|clk[0] ; 10.000       ; 0.312      ; 9.796      ;
; 0.525  ; tank_bottom:u_tank_bottom|dir_reg                                    ; bullet_bottom_top:u_bullets_bottom|tank_bullet_bottom_refine:\gen_bullets:1:u_bullet|x_reg[8] ; u_pll|uPLL|altpll_component|auto_generated|pll1|clk[0]        ; u_pll|uPLL|altpll_component|auto_generated|pll1|clk[0] ; 10.000       ; -0.077     ; 9.396      ;
; 0.537  ; keyboard_top:u_kbd|keyboard_ctrl:Ukeycontrol|speed_sel_top_reg[0]    ; bullet_top_top:u_bullets_top|tank_bullet_top_refine:\gen_bullets:1:u_bullet|x_reg[6]          ; u_pll|uPLL|altpll_component|auto_generated|pll1|clk[0]        ; u_pll|uPLL|altpll_component|auto_generated|pll1|clk[0] ; 10.000       ; -0.089     ; 9.372      ;
+--------+----------------------------------------------------------------------+-----------------------------------------------------------------------------------------------+---------------------------------------------------------------+--------------------------------------------------------+--------------+------------+------------+


+--------------------------------------------------------------------------------------------------------------------------------------------------------------------------------------------------------------------------------------------------------------------------------------------+
; Slow 1200mV 85C Model Setup: 'keyboard_top:u_kbd|ps2:uPS2|keyboard:u1|keyboard_clk_filtered'                                                                                                                                                                                               ;
+--------+---------------------------------------------------+------------------------------------------------------+---------------------------------------------------------------+---------------------------------------------------------------+--------------+------------+------------+
; Slack  ; From Node                                         ; To Node                                              ; Launch Clock                                                  ; Latch Clock                                                   ; Relationship ; Clock Skew ; Data Delay ;
+--------+---------------------------------------------------+------------------------------------------------------+---------------------------------------------------------------+---------------------------------------------------------------+--------------+------------+------------+
; -2.740 ; keyboard_top:u_kbd|ps2:uPS2|keyboard:u1|INCNT[2]  ; keyboard_top:u_kbd|ps2:uPS2|keyboard:u1|ready_set    ; keyboard_top:u_kbd|ps2:uPS2|keyboard:u1|keyboard_clk_filtered ; keyboard_top:u_kbd|ps2:uPS2|keyboard:u1|keyboard_clk_filtered ; 1.000        ; -0.082     ; 3.656      ;
; -2.729 ; keyboard_top:u_kbd|ps2:uPS2|keyboard:u1|INCNT[3]  ; keyboard_top:u_kbd|ps2:uPS2|keyboard:u1|ready_set    ; keyboard_top:u_kbd|ps2:uPS2|keyboard:u1|keyboard_clk_filtered ; keyboard_top:u_kbd|ps2:uPS2|keyboard:u1|keyboard_clk_filtered ; 1.000        ; -0.082     ; 3.645      ;
; -2.513 ; keyboard_top:u_kbd|ps2:uPS2|keyboard:u1|INCNT[0]  ; keyboard_top:u_kbd|ps2:uPS2|keyboard:u1|ready_set    ; keyboard_top:u_kbd|ps2:uPS2|keyboard:u1|keyboard_clk_filtered ; keyboard_top:u_kbd|ps2:uPS2|keyboard:u1|keyboard_clk_filtered ; 1.000        ; -0.082     ; 3.429      ;
; -2.396 ; keyboard_top:u_kbd|ps2:uPS2|keyboard:u1|INCNT[1]  ; keyboard_top:u_kbd|ps2:uPS2|keyboard:u1|ready_set    ; keyboard_top:u_kbd|ps2:uPS2|keyboard:u1|keyboard_clk_filtered ; keyboard_top:u_kbd|ps2:uPS2|keyboard:u1|keyboard_clk_filtered ; 1.000        ; -0.082     ; 3.312      ;
; -1.882 ; keyboard_top:u_kbd|ps2:uPS2|keyboard:u1|INCNT[2]  ; keyboard_top:u_kbd|ps2:uPS2|keyboard:u1|scan_code[7] ; keyboard_top:u_kbd|ps2:uPS2|keyboard:u1|keyboard_clk_filtered ; keyboard_top:u_kbd|ps2:uPS2|keyboard:u1|keyboard_clk_filtered ; 1.000        ; -0.114     ; 2.766      ;
; -1.882 ; keyboard_top:u_kbd|ps2:uPS2|keyboard:u1|INCNT[2]  ; keyboard_top:u_kbd|ps2:uPS2|keyboard:u1|scan_code[3] ; keyboard_top:u_kbd|ps2:uPS2|keyboard:u1|keyboard_clk_filtered ; keyboard_top:u_kbd|ps2:uPS2|keyboard:u1|keyboard_clk_filtered ; 1.000        ; -0.114     ; 2.766      ;
; -1.882 ; keyboard_top:u_kbd|ps2:uPS2|keyboard:u1|INCNT[2]  ; keyboard_top:u_kbd|ps2:uPS2|keyboard:u1|scan_code[4] ; keyboard_top:u_kbd|ps2:uPS2|keyboard:u1|keyboard_clk_filtered ; keyboard_top:u_kbd|ps2:uPS2|keyboard:u1|keyboard_clk_filtered ; 1.000        ; -0.114     ; 2.766      ;
; -1.882 ; keyboard_top:u_kbd|ps2:uPS2|keyboard:u1|INCNT[2]  ; keyboard_top:u_kbd|ps2:uPS2|keyboard:u1|scan_code[1] ; keyboard_top:u_kbd|ps2:uPS2|keyboard:u1|keyboard_clk_filtered ; keyboard_top:u_kbd|ps2:uPS2|keyboard:u1|keyboard_clk_filtered ; 1.000        ; -0.114     ; 2.766      ;
; -1.882 ; keyboard_top:u_kbd|ps2:uPS2|keyboard:u1|INCNT[2]  ; keyboard_top:u_kbd|ps2:uPS2|keyboard:u1|scan_code[6] ; keyboard_top:u_kbd|ps2:uPS2|keyboard:u1|keyboard_clk_filtered ; keyboard_top:u_kbd|ps2:uPS2|keyboard:u1|keyboard_clk_filtered ; 1.000        ; -0.114     ; 2.766      ;
; -1.882 ; keyboard_top:u_kbd|ps2:uPS2|keyboard:u1|INCNT[2]  ; keyboard_top:u_kbd|ps2:uPS2|keyboard:u1|scan_code[5] ; keyboard_top:u_kbd|ps2:uPS2|keyboard:u1|keyboard_clk_filtered ; keyboard_top:u_kbd|ps2:uPS2|keyboard:u1|keyboard_clk_filtered ; 1.000        ; -0.114     ; 2.766      ;
; -1.882 ; keyboard_top:u_kbd|ps2:uPS2|keyboard:u1|INCNT[2]  ; keyboard_top:u_kbd|ps2:uPS2|keyboard:u1|scan_code[0] ; keyboard_top:u_kbd|ps2:uPS2|keyboard:u1|keyboard_clk_filtered ; keyboard_top:u_kbd|ps2:uPS2|keyboard:u1|keyboard_clk_filtered ; 1.000        ; -0.114     ; 2.766      ;
; -1.882 ; keyboard_top:u_kbd|ps2:uPS2|keyboard:u1|INCNT[2]  ; keyboard_top:u_kbd|ps2:uPS2|keyboard:u1|scan_code[2] ; keyboard_top:u_kbd|ps2:uPS2|keyboard:u1|keyboard_clk_filtered ; keyboard_top:u_kbd|ps2:uPS2|keyboard:u1|keyboard_clk_filtered ; 1.000        ; -0.114     ; 2.766      ;
; -1.872 ; keyboard_top:u_kbd|ps2:uPS2|keyboard:u1|INCNT[3]  ; keyboard_top:u_kbd|ps2:uPS2|keyboard:u1|scan_code[7] ; keyboard_top:u_kbd|ps2:uPS2|keyboard:u1|keyboard_clk_filtered ; keyboard_top:u_kbd|ps2:uPS2|keyboard:u1|keyboard_clk_filtered ; 1.000        ; -0.114     ; 2.756      ;
; -1.872 ; keyboard_top:u_kbd|ps2:uPS2|keyboard:u1|INCNT[3]  ; keyboard_top:u_kbd|ps2:uPS2|keyboard:u1|scan_code[3] ; keyboard_top:u_kbd|ps2:uPS2|keyboard:u1|keyboard_clk_filtered ; keyboard_top:u_kbd|ps2:uPS2|keyboard:u1|keyboard_clk_filtered ; 1.000        ; -0.114     ; 2.756      ;
; -1.872 ; keyboard_top:u_kbd|ps2:uPS2|keyboard:u1|INCNT[3]  ; keyboard_top:u_kbd|ps2:uPS2|keyboard:u1|scan_code[4] ; keyboard_top:u_kbd|ps2:uPS2|keyboard:u1|keyboard_clk_filtered ; keyboard_top:u_kbd|ps2:uPS2|keyboard:u1|keyboard_clk_filtered ; 1.000        ; -0.114     ; 2.756      ;
; -1.872 ; keyboard_top:u_kbd|ps2:uPS2|keyboard:u1|INCNT[3]  ; keyboard_top:u_kbd|ps2:uPS2|keyboard:u1|scan_code[1] ; keyboard_top:u_kbd|ps2:uPS2|keyboard:u1|keyboard_clk_filtered ; keyboard_top:u_kbd|ps2:uPS2|keyboard:u1|keyboard_clk_filtered ; 1.000        ; -0.114     ; 2.756      ;
; -1.872 ; keyboard_top:u_kbd|ps2:uPS2|keyboard:u1|INCNT[3]  ; keyboard_top:u_kbd|ps2:uPS2|keyboard:u1|scan_code[6] ; keyboard_top:u_kbd|ps2:uPS2|keyboard:u1|keyboard_clk_filtered ; keyboard_top:u_kbd|ps2:uPS2|keyboard:u1|keyboard_clk_filtered ; 1.000        ; -0.114     ; 2.756      ;
; -1.872 ; keyboard_top:u_kbd|ps2:uPS2|keyboard:u1|INCNT[3]  ; keyboard_top:u_kbd|ps2:uPS2|keyboard:u1|scan_code[5] ; keyboard_top:u_kbd|ps2:uPS2|keyboard:u1|keyboard_clk_filtered ; keyboard_top:u_kbd|ps2:uPS2|keyboard:u1|keyboard_clk_filtered ; 1.000        ; -0.114     ; 2.756      ;
; -1.872 ; keyboard_top:u_kbd|ps2:uPS2|keyboard:u1|INCNT[3]  ; keyboard_top:u_kbd|ps2:uPS2|keyboard:u1|scan_code[0] ; keyboard_top:u_kbd|ps2:uPS2|keyboard:u1|keyboard_clk_filtered ; keyboard_top:u_kbd|ps2:uPS2|keyboard:u1|keyboard_clk_filtered ; 1.000        ; -0.114     ; 2.756      ;
; -1.872 ; keyboard_top:u_kbd|ps2:uPS2|keyboard:u1|INCNT[3]  ; keyboard_top:u_kbd|ps2:uPS2|keyboard:u1|scan_code[2] ; keyboard_top:u_kbd|ps2:uPS2|keyboard:u1|keyboard_clk_filtered ; keyboard_top:u_kbd|ps2:uPS2|keyboard:u1|keyboard_clk_filtered ; 1.000        ; -0.114     ; 2.756      ;
; -1.855 ; keyboard_top:u_kbd|ps2:uPS2|keyboard:u1|READ_CHAR ; keyboard_top:u_kbd|ps2:uPS2|keyboard:u1|ready_set    ; keyboard_top:u_kbd|ps2:uPS2|keyboard:u1|keyboard_clk_filtered ; keyboard_top:u_kbd|ps2:uPS2|keyboard:u1|keyboard_clk_filtered ; 1.000        ; -0.082     ; 2.771      ;
; -1.663 ; keyboard_top:u_kbd|ps2:uPS2|keyboard:u1|INCNT[0]  ; keyboard_top:u_kbd|ps2:uPS2|keyboard:u1|scan_code[7] ; keyboard_top:u_kbd|ps2:uPS2|keyboard:u1|keyboard_clk_filtered ; keyboard_top:u_kbd|ps2:uPS2|keyboard:u1|keyboard_clk_filtered ; 1.000        ; -0.114     ; 2.547      ;
; -1.663 ; keyboard_top:u_kbd|ps2:uPS2|keyboard:u1|INCNT[0]  ; keyboard_top:u_kbd|ps2:uPS2|keyboard:u1|scan_code[3] ; keyboard_top:u_kbd|ps2:uPS2|keyboard:u1|keyboard_clk_filtered ; keyboard_top:u_kbd|ps2:uPS2|keyboard:u1|keyboard_clk_filtered ; 1.000        ; -0.114     ; 2.547      ;
; -1.663 ; keyboard_top:u_kbd|ps2:uPS2|keyboard:u1|INCNT[0]  ; keyboard_top:u_kbd|ps2:uPS2|keyboard:u1|scan_code[4] ; keyboard_top:u_kbd|ps2:uPS2|keyboard:u1|keyboard_clk_filtered ; keyboard_top:u_kbd|ps2:uPS2|keyboard:u1|keyboard_clk_filtered ; 1.000        ; -0.114     ; 2.547      ;
; -1.663 ; keyboard_top:u_kbd|ps2:uPS2|keyboard:u1|INCNT[0]  ; keyboard_top:u_kbd|ps2:uPS2|keyboard:u1|scan_code[1] ; keyboard_top:u_kbd|ps2:uPS2|keyboard:u1|keyboard_clk_filtered ; keyboard_top:u_kbd|ps2:uPS2|keyboard:u1|keyboard_clk_filtered ; 1.000        ; -0.114     ; 2.547      ;
; -1.663 ; keyboard_top:u_kbd|ps2:uPS2|keyboard:u1|INCNT[0]  ; keyboard_top:u_kbd|ps2:uPS2|keyboard:u1|scan_code[6] ; keyboard_top:u_kbd|ps2:uPS2|keyboard:u1|keyboard_clk_filtered ; keyboard_top:u_kbd|ps2:uPS2|keyboard:u1|keyboard_clk_filtered ; 1.000        ; -0.114     ; 2.547      ;
; -1.663 ; keyboard_top:u_kbd|ps2:uPS2|keyboard:u1|INCNT[0]  ; keyboard_top:u_kbd|ps2:uPS2|keyboard:u1|scan_code[5] ; keyboard_top:u_kbd|ps2:uPS2|keyboard:u1|keyboard_clk_filtered ; keyboard_top:u_kbd|ps2:uPS2|keyboard:u1|keyboard_clk_filtered ; 1.000        ; -0.114     ; 2.547      ;
; -1.663 ; keyboard_top:u_kbd|ps2:uPS2|keyboard:u1|INCNT[0]  ; keyboard_top:u_kbd|ps2:uPS2|keyboard:u1|scan_code[0] ; keyboard_top:u_kbd|ps2:uPS2|keyboard:u1|keyboard_clk_filtered ; keyboard_top:u_kbd|ps2:uPS2|keyboard:u1|keyboard_clk_filtered ; 1.000        ; -0.114     ; 2.547      ;
; -1.663 ; keyboard_top:u_kbd|ps2:uPS2|keyboard:u1|INCNT[0]  ; keyboard_top:u_kbd|ps2:uPS2|keyboard:u1|scan_code[2] ; keyboard_top:u_kbd|ps2:uPS2|keyboard:u1|keyboard_clk_filtered ; keyboard_top:u_kbd|ps2:uPS2|keyboard:u1|keyboard_clk_filtered ; 1.000        ; -0.114     ; 2.547      ;
; -1.538 ; keyboard_top:u_kbd|ps2:uPS2|keyboard:u1|INCNT[1]  ; keyboard_top:u_kbd|ps2:uPS2|keyboard:u1|scan_code[7] ; keyboard_top:u_kbd|ps2:uPS2|keyboard:u1|keyboard_clk_filtered ; keyboard_top:u_kbd|ps2:uPS2|keyboard:u1|keyboard_clk_filtered ; 1.000        ; -0.114     ; 2.422      ;
; -1.538 ; keyboard_top:u_kbd|ps2:uPS2|keyboard:u1|INCNT[1]  ; keyboard_top:u_kbd|ps2:uPS2|keyboard:u1|scan_code[3] ; keyboard_top:u_kbd|ps2:uPS2|keyboard:u1|keyboard_clk_filtered ; keyboard_top:u_kbd|ps2:uPS2|keyboard:u1|keyboard_clk_filtered ; 1.000        ; -0.114     ; 2.422      ;
; -1.538 ; keyboard_top:u_kbd|ps2:uPS2|keyboard:u1|INCNT[1]  ; keyboard_top:u_kbd|ps2:uPS2|keyboard:u1|scan_code[4] ; keyboard_top:u_kbd|ps2:uPS2|keyboard:u1|keyboard_clk_filtered ; keyboard_top:u_kbd|ps2:uPS2|keyboard:u1|keyboard_clk_filtered ; 1.000        ; -0.114     ; 2.422      ;
; -1.538 ; keyboard_top:u_kbd|ps2:uPS2|keyboard:u1|INCNT[1]  ; keyboard_top:u_kbd|ps2:uPS2|keyboard:u1|scan_code[1] ; keyboard_top:u_kbd|ps2:uPS2|keyboard:u1|keyboard_clk_filtered ; keyboard_top:u_kbd|ps2:uPS2|keyboard:u1|keyboard_clk_filtered ; 1.000        ; -0.114     ; 2.422      ;
; -1.538 ; keyboard_top:u_kbd|ps2:uPS2|keyboard:u1|INCNT[1]  ; keyboard_top:u_kbd|ps2:uPS2|keyboard:u1|scan_code[6] ; keyboard_top:u_kbd|ps2:uPS2|keyboard:u1|keyboard_clk_filtered ; keyboard_top:u_kbd|ps2:uPS2|keyboard:u1|keyboard_clk_filtered ; 1.000        ; -0.114     ; 2.422      ;
; -1.538 ; keyboard_top:u_kbd|ps2:uPS2|keyboard:u1|INCNT[1]  ; keyboard_top:u_kbd|ps2:uPS2|keyboard:u1|scan_code[5] ; keyboard_top:u_kbd|ps2:uPS2|keyboard:u1|keyboard_clk_filtered ; keyboard_top:u_kbd|ps2:uPS2|keyboard:u1|keyboard_clk_filtered ; 1.000        ; -0.114     ; 2.422      ;
; -1.538 ; keyboard_top:u_kbd|ps2:uPS2|keyboard:u1|INCNT[1]  ; keyboard_top:u_kbd|ps2:uPS2|keyboard:u1|scan_code[0] ; keyboard_top:u_kbd|ps2:uPS2|keyboard:u1|keyboard_clk_filtered ; keyboard_top:u_kbd|ps2:uPS2|keyboard:u1|keyboard_clk_filtered ; 1.000        ; -0.114     ; 2.422      ;
; -1.538 ; keyboard_top:u_kbd|ps2:uPS2|keyboard:u1|INCNT[1]  ; keyboard_top:u_kbd|ps2:uPS2|keyboard:u1|scan_code[2] ; keyboard_top:u_kbd|ps2:uPS2|keyboard:u1|keyboard_clk_filtered ; keyboard_top:u_kbd|ps2:uPS2|keyboard:u1|keyboard_clk_filtered ; 1.000        ; -0.114     ; 2.422      ;
; -1.421 ; keyboard_top:u_kbd|ps2:uPS2|keyboard:u1|INCNT[2]  ; keyboard_top:u_kbd|ps2:uPS2|keyboard:u1|SHIFTIN[6]   ; keyboard_top:u_kbd|ps2:uPS2|keyboard:u1|keyboard_clk_filtered ; keyboard_top:u_kbd|ps2:uPS2|keyboard:u1|keyboard_clk_filtered ; 1.000        ; 0.269      ; 2.688      ;
; -1.421 ; keyboard_top:u_kbd|ps2:uPS2|keyboard:u1|INCNT[2]  ; keyboard_top:u_kbd|ps2:uPS2|keyboard:u1|SHIFTIN[3]   ; keyboard_top:u_kbd|ps2:uPS2|keyboard:u1|keyboard_clk_filtered ; keyboard_top:u_kbd|ps2:uPS2|keyboard:u1|keyboard_clk_filtered ; 1.000        ; 0.269      ; 2.688      ;
; -1.421 ; keyboard_top:u_kbd|ps2:uPS2|keyboard:u1|INCNT[2]  ; keyboard_top:u_kbd|ps2:uPS2|keyboard:u1|SHIFTIN[4]   ; keyboard_top:u_kbd|ps2:uPS2|keyboard:u1|keyboard_clk_filtered ; keyboard_top:u_kbd|ps2:uPS2|keyboard:u1|keyboard_clk_filtered ; 1.000        ; 0.269      ; 2.688      ;
; -1.421 ; keyboard_top:u_kbd|ps2:uPS2|keyboard:u1|INCNT[2]  ; keyboard_top:u_kbd|ps2:uPS2|keyboard:u1|SHIFTIN[5]   ; keyboard_top:u_kbd|ps2:uPS2|keyboard:u1|keyboard_clk_filtered ; keyboard_top:u_kbd|ps2:uPS2|keyboard:u1|keyboard_clk_filtered ; 1.000        ; 0.269      ; 2.688      ;
; -1.421 ; keyboard_top:u_kbd|ps2:uPS2|keyboard:u1|INCNT[2]  ; keyboard_top:u_kbd|ps2:uPS2|keyboard:u1|SHIFTIN[1]   ; keyboard_top:u_kbd|ps2:uPS2|keyboard:u1|keyboard_clk_filtered ; keyboard_top:u_kbd|ps2:uPS2|keyboard:u1|keyboard_clk_filtered ; 1.000        ; 0.269      ; 2.688      ;
; -1.421 ; keyboard_top:u_kbd|ps2:uPS2|keyboard:u1|INCNT[2]  ; keyboard_top:u_kbd|ps2:uPS2|keyboard:u1|SHIFTIN[2]   ; keyboard_top:u_kbd|ps2:uPS2|keyboard:u1|keyboard_clk_filtered ; keyboard_top:u_kbd|ps2:uPS2|keyboard:u1|keyboard_clk_filtered ; 1.000        ; 0.269      ; 2.688      ;
; -1.421 ; keyboard_top:u_kbd|ps2:uPS2|keyboard:u1|INCNT[2]  ; keyboard_top:u_kbd|ps2:uPS2|keyboard:u1|SHIFTIN[0]   ; keyboard_top:u_kbd|ps2:uPS2|keyboard:u1|keyboard_clk_filtered ; keyboard_top:u_kbd|ps2:uPS2|keyboard:u1|keyboard_clk_filtered ; 1.000        ; 0.269      ; 2.688      ;
; -1.410 ; keyboard_top:u_kbd|ps2:uPS2|keyboard:u1|INCNT[3]  ; keyboard_top:u_kbd|ps2:uPS2|keyboard:u1|SHIFTIN[6]   ; keyboard_top:u_kbd|ps2:uPS2|keyboard:u1|keyboard_clk_filtered ; keyboard_top:u_kbd|ps2:uPS2|keyboard:u1|keyboard_clk_filtered ; 1.000        ; 0.269      ; 2.677      ;
; -1.410 ; keyboard_top:u_kbd|ps2:uPS2|keyboard:u1|INCNT[3]  ; keyboard_top:u_kbd|ps2:uPS2|keyboard:u1|SHIFTIN[3]   ; keyboard_top:u_kbd|ps2:uPS2|keyboard:u1|keyboard_clk_filtered ; keyboard_top:u_kbd|ps2:uPS2|keyboard:u1|keyboard_clk_filtered ; 1.000        ; 0.269      ; 2.677      ;
; -1.410 ; keyboard_top:u_kbd|ps2:uPS2|keyboard:u1|INCNT[3]  ; keyboard_top:u_kbd|ps2:uPS2|keyboard:u1|SHIFTIN[4]   ; keyboard_top:u_kbd|ps2:uPS2|keyboard:u1|keyboard_clk_filtered ; keyboard_top:u_kbd|ps2:uPS2|keyboard:u1|keyboard_clk_filtered ; 1.000        ; 0.269      ; 2.677      ;
; -1.410 ; keyboard_top:u_kbd|ps2:uPS2|keyboard:u1|INCNT[3]  ; keyboard_top:u_kbd|ps2:uPS2|keyboard:u1|SHIFTIN[5]   ; keyboard_top:u_kbd|ps2:uPS2|keyboard:u1|keyboard_clk_filtered ; keyboard_top:u_kbd|ps2:uPS2|keyboard:u1|keyboard_clk_filtered ; 1.000        ; 0.269      ; 2.677      ;
; -1.410 ; keyboard_top:u_kbd|ps2:uPS2|keyboard:u1|INCNT[3]  ; keyboard_top:u_kbd|ps2:uPS2|keyboard:u1|SHIFTIN[1]   ; keyboard_top:u_kbd|ps2:uPS2|keyboard:u1|keyboard_clk_filtered ; keyboard_top:u_kbd|ps2:uPS2|keyboard:u1|keyboard_clk_filtered ; 1.000        ; 0.269      ; 2.677      ;
; -1.410 ; keyboard_top:u_kbd|ps2:uPS2|keyboard:u1|INCNT[3]  ; keyboard_top:u_kbd|ps2:uPS2|keyboard:u1|SHIFTIN[2]   ; keyboard_top:u_kbd|ps2:uPS2|keyboard:u1|keyboard_clk_filtered ; keyboard_top:u_kbd|ps2:uPS2|keyboard:u1|keyboard_clk_filtered ; 1.000        ; 0.269      ; 2.677      ;
; -1.410 ; keyboard_top:u_kbd|ps2:uPS2|keyboard:u1|INCNT[3]  ; keyboard_top:u_kbd|ps2:uPS2|keyboard:u1|SHIFTIN[0]   ; keyboard_top:u_kbd|ps2:uPS2|keyboard:u1|keyboard_clk_filtered ; keyboard_top:u_kbd|ps2:uPS2|keyboard:u1|keyboard_clk_filtered ; 1.000        ; 0.269      ; 2.677      ;
; -1.340 ; keyboard_top:u_kbd|ps2:uPS2|keyboard:u1|INCNT[2]  ; keyboard_top:u_kbd|ps2:uPS2|keyboard:u1|INCNT[1]     ; keyboard_top:u_kbd|ps2:uPS2|keyboard:u1|keyboard_clk_filtered ; keyboard_top:u_kbd|ps2:uPS2|keyboard:u1|keyboard_clk_filtered ; 1.000        ; -0.081     ; 2.257      ;
; -1.329 ; keyboard_top:u_kbd|ps2:uPS2|keyboard:u1|INCNT[3]  ; keyboard_top:u_kbd|ps2:uPS2|keyboard:u1|INCNT[1]     ; keyboard_top:u_kbd|ps2:uPS2|keyboard:u1|keyboard_clk_filtered ; keyboard_top:u_kbd|ps2:uPS2|keyboard:u1|keyboard_clk_filtered ; 1.000        ; -0.081     ; 2.246      ;
; -1.325 ; keyboard_top:u_kbd|ps2:uPS2|keyboard:u1|INCNT[2]  ; keyboard_top:u_kbd|ps2:uPS2|keyboard:u1|SHIFTIN[7]   ; keyboard_top:u_kbd|ps2:uPS2|keyboard:u1|keyboard_clk_filtered ; keyboard_top:u_kbd|ps2:uPS2|keyboard:u1|keyboard_clk_filtered ; 1.000        ; 0.297      ; 2.620      ;
; -1.325 ; keyboard_top:u_kbd|ps2:uPS2|keyboard:u1|INCNT[2]  ; keyboard_top:u_kbd|ps2:uPS2|keyboard:u1|SHIFTIN[8]   ; keyboard_top:u_kbd|ps2:uPS2|keyboard:u1|keyboard_clk_filtered ; keyboard_top:u_kbd|ps2:uPS2|keyboard:u1|keyboard_clk_filtered ; 1.000        ; 0.297      ; 2.620      ;
; -1.324 ; keyboard_top:u_kbd|ps2:uPS2|keyboard:u1|READ_CHAR ; keyboard_top:u_kbd|ps2:uPS2|keyboard:u1|scan_code[7] ; keyboard_top:u_kbd|ps2:uPS2|keyboard:u1|keyboard_clk_filtered ; keyboard_top:u_kbd|ps2:uPS2|keyboard:u1|keyboard_clk_filtered ; 1.000        ; -0.114     ; 2.208      ;
; -1.324 ; keyboard_top:u_kbd|ps2:uPS2|keyboard:u1|READ_CHAR ; keyboard_top:u_kbd|ps2:uPS2|keyboard:u1|scan_code[3] ; keyboard_top:u_kbd|ps2:uPS2|keyboard:u1|keyboard_clk_filtered ; keyboard_top:u_kbd|ps2:uPS2|keyboard:u1|keyboard_clk_filtered ; 1.000        ; -0.114     ; 2.208      ;
; -1.324 ; keyboard_top:u_kbd|ps2:uPS2|keyboard:u1|READ_CHAR ; keyboard_top:u_kbd|ps2:uPS2|keyboard:u1|scan_code[4] ; keyboard_top:u_kbd|ps2:uPS2|keyboard:u1|keyboard_clk_filtered ; keyboard_top:u_kbd|ps2:uPS2|keyboard:u1|keyboard_clk_filtered ; 1.000        ; -0.114     ; 2.208      ;
; -1.324 ; keyboard_top:u_kbd|ps2:uPS2|keyboard:u1|READ_CHAR ; keyboard_top:u_kbd|ps2:uPS2|keyboard:u1|scan_code[1] ; keyboard_top:u_kbd|ps2:uPS2|keyboard:u1|keyboard_clk_filtered ; keyboard_top:u_kbd|ps2:uPS2|keyboard:u1|keyboard_clk_filtered ; 1.000        ; -0.114     ; 2.208      ;
; -1.324 ; keyboard_top:u_kbd|ps2:uPS2|keyboard:u1|READ_CHAR ; keyboard_top:u_kbd|ps2:uPS2|keyboard:u1|scan_code[6] ; keyboard_top:u_kbd|ps2:uPS2|keyboard:u1|keyboard_clk_filtered ; keyboard_top:u_kbd|ps2:uPS2|keyboard:u1|keyboard_clk_filtered ; 1.000        ; -0.114     ; 2.208      ;
; -1.324 ; keyboard_top:u_kbd|ps2:uPS2|keyboard:u1|READ_CHAR ; keyboard_top:u_kbd|ps2:uPS2|keyboard:u1|scan_code[5] ; keyboard_top:u_kbd|ps2:uPS2|keyboard:u1|keyboard_clk_filtered ; keyboard_top:u_kbd|ps2:uPS2|keyboard:u1|keyboard_clk_filtered ; 1.000        ; -0.114     ; 2.208      ;
; -1.324 ; keyboard_top:u_kbd|ps2:uPS2|keyboard:u1|READ_CHAR ; keyboard_top:u_kbd|ps2:uPS2|keyboard:u1|scan_code[0] ; keyboard_top:u_kbd|ps2:uPS2|keyboard:u1|keyboard_clk_filtered ; keyboard_top:u_kbd|ps2:uPS2|keyboard:u1|keyboard_clk_filtered ; 1.000        ; -0.114     ; 2.208      ;
; -1.324 ; keyboard_top:u_kbd|ps2:uPS2|keyboard:u1|READ_CHAR ; keyboard_top:u_kbd|ps2:uPS2|keyboard:u1|scan_code[2] ; keyboard_top:u_kbd|ps2:uPS2|keyboard:u1|keyboard_clk_filtered ; keyboard_top:u_kbd|ps2:uPS2|keyboard:u1|keyboard_clk_filtered ; 1.000        ; -0.114     ; 2.208      ;
; -1.314 ; keyboard_top:u_kbd|ps2:uPS2|keyboard:u1|INCNT[3]  ; keyboard_top:u_kbd|ps2:uPS2|keyboard:u1|SHIFTIN[7]   ; keyboard_top:u_kbd|ps2:uPS2|keyboard:u1|keyboard_clk_filtered ; keyboard_top:u_kbd|ps2:uPS2|keyboard:u1|keyboard_clk_filtered ; 1.000        ; 0.297      ; 2.609      ;
; -1.314 ; keyboard_top:u_kbd|ps2:uPS2|keyboard:u1|INCNT[3]  ; keyboard_top:u_kbd|ps2:uPS2|keyboard:u1|SHIFTIN[8]   ; keyboard_top:u_kbd|ps2:uPS2|keyboard:u1|keyboard_clk_filtered ; keyboard_top:u_kbd|ps2:uPS2|keyboard:u1|keyboard_clk_filtered ; 1.000        ; 0.297      ; 2.609      ;
; -1.297 ; keyboard_top:u_kbd|ps2:uPS2|keyboard:u1|INCNT[2]  ; keyboard_top:u_kbd|ps2:uPS2|keyboard:u1|INCNT[2]     ; keyboard_top:u_kbd|ps2:uPS2|keyboard:u1|keyboard_clk_filtered ; keyboard_top:u_kbd|ps2:uPS2|keyboard:u1|keyboard_clk_filtered ; 1.000        ; -0.081     ; 2.214      ;
; -1.295 ; keyboard_top:u_kbd|ps2:uPS2|keyboard:u1|INCNT[2]  ; keyboard_top:u_kbd|ps2:uPS2|keyboard:u1|INCNT[3]     ; keyboard_top:u_kbd|ps2:uPS2|keyboard:u1|keyboard_clk_filtered ; keyboard_top:u_kbd|ps2:uPS2|keyboard:u1|keyboard_clk_filtered ; 1.000        ; -0.081     ; 2.212      ;
; -1.286 ; keyboard_top:u_kbd|ps2:uPS2|keyboard:u1|INCNT[3]  ; keyboard_top:u_kbd|ps2:uPS2|keyboard:u1|INCNT[2]     ; keyboard_top:u_kbd|ps2:uPS2|keyboard:u1|keyboard_clk_filtered ; keyboard_top:u_kbd|ps2:uPS2|keyboard:u1|keyboard_clk_filtered ; 1.000        ; -0.081     ; 2.203      ;
; -1.284 ; keyboard_top:u_kbd|ps2:uPS2|keyboard:u1|INCNT[3]  ; keyboard_top:u_kbd|ps2:uPS2|keyboard:u1|INCNT[3]     ; keyboard_top:u_kbd|ps2:uPS2|keyboard:u1|keyboard_clk_filtered ; keyboard_top:u_kbd|ps2:uPS2|keyboard:u1|keyboard_clk_filtered ; 1.000        ; -0.081     ; 2.201      ;
; -1.205 ; keyboard_top:u_kbd|ps2:uPS2|keyboard:u1|ready_set ; keyboard_top:u_kbd|ps2:uPS2|keyboard:u1|ready_set    ; keyboard_top:u_kbd|ps2:uPS2|keyboard:u1|ready_set             ; keyboard_top:u_kbd|ps2:uPS2|keyboard:u1|keyboard_clk_filtered ; 0.500        ; 2.887      ; 4.832      ;
; -1.194 ; keyboard_top:u_kbd|ps2:uPS2|keyboard:u1|INCNT[0]  ; keyboard_top:u_kbd|ps2:uPS2|keyboard:u1|SHIFTIN[6]   ; keyboard_top:u_kbd|ps2:uPS2|keyboard:u1|keyboard_clk_filtered ; keyboard_top:u_kbd|ps2:uPS2|keyboard:u1|keyboard_clk_filtered ; 1.000        ; 0.269      ; 2.461      ;
; -1.194 ; keyboard_top:u_kbd|ps2:uPS2|keyboard:u1|INCNT[0]  ; keyboard_top:u_kbd|ps2:uPS2|keyboard:u1|SHIFTIN[3]   ; keyboard_top:u_kbd|ps2:uPS2|keyboard:u1|keyboard_clk_filtered ; keyboard_top:u_kbd|ps2:uPS2|keyboard:u1|keyboard_clk_filtered ; 1.000        ; 0.269      ; 2.461      ;
; -1.194 ; keyboard_top:u_kbd|ps2:uPS2|keyboard:u1|INCNT[0]  ; keyboard_top:u_kbd|ps2:uPS2|keyboard:u1|SHIFTIN[4]   ; keyboard_top:u_kbd|ps2:uPS2|keyboard:u1|keyboard_clk_filtered ; keyboard_top:u_kbd|ps2:uPS2|keyboard:u1|keyboard_clk_filtered ; 1.000        ; 0.269      ; 2.461      ;
; -1.194 ; keyboard_top:u_kbd|ps2:uPS2|keyboard:u1|INCNT[0]  ; keyboard_top:u_kbd|ps2:uPS2|keyboard:u1|SHIFTIN[5]   ; keyboard_top:u_kbd|ps2:uPS2|keyboard:u1|keyboard_clk_filtered ; keyboard_top:u_kbd|ps2:uPS2|keyboard:u1|keyboard_clk_filtered ; 1.000        ; 0.269      ; 2.461      ;
; -1.194 ; keyboard_top:u_kbd|ps2:uPS2|keyboard:u1|INCNT[0]  ; keyboard_top:u_kbd|ps2:uPS2|keyboard:u1|SHIFTIN[1]   ; keyboard_top:u_kbd|ps2:uPS2|keyboard:u1|keyboard_clk_filtered ; keyboard_top:u_kbd|ps2:uPS2|keyboard:u1|keyboard_clk_filtered ; 1.000        ; 0.269      ; 2.461      ;
; -1.194 ; keyboard_top:u_kbd|ps2:uPS2|keyboard:u1|INCNT[0]  ; keyboard_top:u_kbd|ps2:uPS2|keyboard:u1|SHIFTIN[2]   ; keyboard_top:u_kbd|ps2:uPS2|keyboard:u1|keyboard_clk_filtered ; keyboard_top:u_kbd|ps2:uPS2|keyboard:u1|keyboard_clk_filtered ; 1.000        ; 0.269      ; 2.461      ;
; -1.194 ; keyboard_top:u_kbd|ps2:uPS2|keyboard:u1|INCNT[0]  ; keyboard_top:u_kbd|ps2:uPS2|keyboard:u1|SHIFTIN[0]   ; keyboard_top:u_kbd|ps2:uPS2|keyboard:u1|keyboard_clk_filtered ; keyboard_top:u_kbd|ps2:uPS2|keyboard:u1|keyboard_clk_filtered ; 1.000        ; 0.269      ; 2.461      ;
; -1.113 ; keyboard_top:u_kbd|ps2:uPS2|keyboard:u1|INCNT[0]  ; keyboard_top:u_kbd|ps2:uPS2|keyboard:u1|INCNT[1]     ; keyboard_top:u_kbd|ps2:uPS2|keyboard:u1|keyboard_clk_filtered ; keyboard_top:u_kbd|ps2:uPS2|keyboard:u1|keyboard_clk_filtered ; 1.000        ; -0.081     ; 2.030      ;
; -1.098 ; keyboard_top:u_kbd|ps2:uPS2|keyboard:u1|INCNT[0]  ; keyboard_top:u_kbd|ps2:uPS2|keyboard:u1|SHIFTIN[7]   ; keyboard_top:u_kbd|ps2:uPS2|keyboard:u1|keyboard_clk_filtered ; keyboard_top:u_kbd|ps2:uPS2|keyboard:u1|keyboard_clk_filtered ; 1.000        ; 0.297      ; 2.393      ;
; -1.098 ; keyboard_top:u_kbd|ps2:uPS2|keyboard:u1|INCNT[0]  ; keyboard_top:u_kbd|ps2:uPS2|keyboard:u1|SHIFTIN[8]   ; keyboard_top:u_kbd|ps2:uPS2|keyboard:u1|keyboard_clk_filtered ; keyboard_top:u_kbd|ps2:uPS2|keyboard:u1|keyboard_clk_filtered ; 1.000        ; 0.297      ; 2.393      ;
; -1.078 ; keyboard_top:u_kbd|ps2:uPS2|keyboard:u1|INCNT[2]  ; keyboard_top:u_kbd|ps2:uPS2|keyboard:u1|INCNT[0]     ; keyboard_top:u_kbd|ps2:uPS2|keyboard:u1|keyboard_clk_filtered ; keyboard_top:u_kbd|ps2:uPS2|keyboard:u1|keyboard_clk_filtered ; 1.000        ; -0.081     ; 1.995      ;
; -1.077 ; keyboard_top:u_kbd|ps2:uPS2|keyboard:u1|INCNT[1]  ; keyboard_top:u_kbd|ps2:uPS2|keyboard:u1|SHIFTIN[6]   ; keyboard_top:u_kbd|ps2:uPS2|keyboard:u1|keyboard_clk_filtered ; keyboard_top:u_kbd|ps2:uPS2|keyboard:u1|keyboard_clk_filtered ; 1.000        ; 0.269      ; 2.344      ;
; -1.077 ; keyboard_top:u_kbd|ps2:uPS2|keyboard:u1|INCNT[1]  ; keyboard_top:u_kbd|ps2:uPS2|keyboard:u1|SHIFTIN[3]   ; keyboard_top:u_kbd|ps2:uPS2|keyboard:u1|keyboard_clk_filtered ; keyboard_top:u_kbd|ps2:uPS2|keyboard:u1|keyboard_clk_filtered ; 1.000        ; 0.269      ; 2.344      ;
; -1.077 ; keyboard_top:u_kbd|ps2:uPS2|keyboard:u1|INCNT[1]  ; keyboard_top:u_kbd|ps2:uPS2|keyboard:u1|SHIFTIN[4]   ; keyboard_top:u_kbd|ps2:uPS2|keyboard:u1|keyboard_clk_filtered ; keyboard_top:u_kbd|ps2:uPS2|keyboard:u1|keyboard_clk_filtered ; 1.000        ; 0.269      ; 2.344      ;
; -1.077 ; keyboard_top:u_kbd|ps2:uPS2|keyboard:u1|INCNT[1]  ; keyboard_top:u_kbd|ps2:uPS2|keyboard:u1|SHIFTIN[5]   ; keyboard_top:u_kbd|ps2:uPS2|keyboard:u1|keyboard_clk_filtered ; keyboard_top:u_kbd|ps2:uPS2|keyboard:u1|keyboard_clk_filtered ; 1.000        ; 0.269      ; 2.344      ;
; -1.077 ; keyboard_top:u_kbd|ps2:uPS2|keyboard:u1|INCNT[1]  ; keyboard_top:u_kbd|ps2:uPS2|keyboard:u1|SHIFTIN[1]   ; keyboard_top:u_kbd|ps2:uPS2|keyboard:u1|keyboard_clk_filtered ; keyboard_top:u_kbd|ps2:uPS2|keyboard:u1|keyboard_clk_filtered ; 1.000        ; 0.269      ; 2.344      ;
; -1.077 ; keyboard_top:u_kbd|ps2:uPS2|keyboard:u1|INCNT[1]  ; keyboard_top:u_kbd|ps2:uPS2|keyboard:u1|SHIFTIN[2]   ; keyboard_top:u_kbd|ps2:uPS2|keyboard:u1|keyboard_clk_filtered ; keyboard_top:u_kbd|ps2:uPS2|keyboard:u1|keyboard_clk_filtered ; 1.000        ; 0.269      ; 2.344      ;
; -1.077 ; keyboard_top:u_kbd|ps2:uPS2|keyboard:u1|INCNT[1]  ; keyboard_top:u_kbd|ps2:uPS2|keyboard:u1|SHIFTIN[0]   ; keyboard_top:u_kbd|ps2:uPS2|keyboard:u1|keyboard_clk_filtered ; keyboard_top:u_kbd|ps2:uPS2|keyboard:u1|keyboard_clk_filtered ; 1.000        ; 0.269      ; 2.344      ;
; -1.075 ; keyboard_top:u_kbd|ps2:uPS2|keyboard:u1|INCNT[2]  ; keyboard_top:u_kbd|ps2:uPS2|keyboard:u1|READ_CHAR    ; keyboard_top:u_kbd|ps2:uPS2|keyboard:u1|keyboard_clk_filtered ; keyboard_top:u_kbd|ps2:uPS2|keyboard:u1|keyboard_clk_filtered ; 1.000        ; -0.081     ; 1.992      ;
; -1.070 ; keyboard_top:u_kbd|ps2:uPS2|keyboard:u1|INCNT[0]  ; keyboard_top:u_kbd|ps2:uPS2|keyboard:u1|INCNT[2]     ; keyboard_top:u_kbd|ps2:uPS2|keyboard:u1|keyboard_clk_filtered ; keyboard_top:u_kbd|ps2:uPS2|keyboard:u1|keyboard_clk_filtered ; 1.000        ; -0.081     ; 1.987      ;
; -1.068 ; keyboard_top:u_kbd|ps2:uPS2|keyboard:u1|INCNT[0]  ; keyboard_top:u_kbd|ps2:uPS2|keyboard:u1|INCNT[3]     ; keyboard_top:u_kbd|ps2:uPS2|keyboard:u1|keyboard_clk_filtered ; keyboard_top:u_kbd|ps2:uPS2|keyboard:u1|keyboard_clk_filtered ; 1.000        ; -0.081     ; 1.985      ;
; -1.067 ; keyboard_top:u_kbd|ps2:uPS2|keyboard:u1|INCNT[3]  ; keyboard_top:u_kbd|ps2:uPS2|keyboard:u1|INCNT[0]     ; keyboard_top:u_kbd|ps2:uPS2|keyboard:u1|keyboard_clk_filtered ; keyboard_top:u_kbd|ps2:uPS2|keyboard:u1|keyboard_clk_filtered ; 1.000        ; -0.081     ; 1.984      ;
; -1.064 ; keyboard_top:u_kbd|ps2:uPS2|keyboard:u1|INCNT[3]  ; keyboard_top:u_kbd|ps2:uPS2|keyboard:u1|READ_CHAR    ; keyboard_top:u_kbd|ps2:uPS2|keyboard:u1|keyboard_clk_filtered ; keyboard_top:u_kbd|ps2:uPS2|keyboard:u1|keyboard_clk_filtered ; 1.000        ; -0.081     ; 1.981      ;
; -0.996 ; keyboard_top:u_kbd|ps2:uPS2|keyboard:u1|INCNT[1]  ; keyboard_top:u_kbd|ps2:uPS2|keyboard:u1|INCNT[1]     ; keyboard_top:u_kbd|ps2:uPS2|keyboard:u1|keyboard_clk_filtered ; keyboard_top:u_kbd|ps2:uPS2|keyboard:u1|keyboard_clk_filtered ; 1.000        ; -0.081     ; 1.913      ;
; -0.981 ; keyboard_top:u_kbd|ps2:uPS2|keyboard:u1|INCNT[1]  ; keyboard_top:u_kbd|ps2:uPS2|keyboard:u1|SHIFTIN[7]   ; keyboard_top:u_kbd|ps2:uPS2|keyboard:u1|keyboard_clk_filtered ; keyboard_top:u_kbd|ps2:uPS2|keyboard:u1|keyboard_clk_filtered ; 1.000        ; 0.297      ; 2.276      ;
; -0.981 ; keyboard_top:u_kbd|ps2:uPS2|keyboard:u1|INCNT[1]  ; keyboard_top:u_kbd|ps2:uPS2|keyboard:u1|SHIFTIN[8]   ; keyboard_top:u_kbd|ps2:uPS2|keyboard:u1|keyboard_clk_filtered ; keyboard_top:u_kbd|ps2:uPS2|keyboard:u1|keyboard_clk_filtered ; 1.000        ; 0.297      ; 2.276      ;
; -0.953 ; keyboard_top:u_kbd|ps2:uPS2|keyboard:u1|INCNT[1]  ; keyboard_top:u_kbd|ps2:uPS2|keyboard:u1|INCNT[2]     ; keyboard_top:u_kbd|ps2:uPS2|keyboard:u1|keyboard_clk_filtered ; keyboard_top:u_kbd|ps2:uPS2|keyboard:u1|keyboard_clk_filtered ; 1.000        ; -0.081     ; 1.870      ;
; -0.951 ; keyboard_top:u_kbd|ps2:uPS2|keyboard:u1|INCNT[1]  ; keyboard_top:u_kbd|ps2:uPS2|keyboard:u1|INCNT[3]     ; keyboard_top:u_kbd|ps2:uPS2|keyboard:u1|keyboard_clk_filtered ; keyboard_top:u_kbd|ps2:uPS2|keyboard:u1|keyboard_clk_filtered ; 1.000        ; -0.081     ; 1.868      ;
; -0.930 ; keyboard_top:u_kbd|ps2:uPS2|keyboard:u1|READ_CHAR ; keyboard_top:u_kbd|ps2:uPS2|keyboard:u1|INCNT[1]     ; keyboard_top:u_kbd|ps2:uPS2|keyboard:u1|keyboard_clk_filtered ; keyboard_top:u_kbd|ps2:uPS2|keyboard:u1|keyboard_clk_filtered ; 1.000        ; -0.081     ; 1.847      ;
; -0.930 ; keyboard_top:u_kbd|ps2:uPS2|keyboard:u1|READ_CHAR ; keyboard_top:u_kbd|ps2:uPS2|keyboard:u1|INCNT[0]     ; keyboard_top:u_kbd|ps2:uPS2|keyboard:u1|keyboard_clk_filtered ; keyboard_top:u_kbd|ps2:uPS2|keyboard:u1|keyboard_clk_filtered ; 1.000        ; -0.081     ; 1.847      ;
+--------+---------------------------------------------------+------------------------------------------------------+---------------------------------------------------------------+---------------------------------------------------------------+--------------+------------+------------+


+------------------------------------------------------------------------------------------------------------------------------------------------------------------------------------+
; Slow 1200mV 85C Model Setup: 'CLOCK_50'                                                                                                                                            ;
+--------+--------------------------------------+--------------------------------------+--------------------------------------+-------------+--------------+------------+------------+
; Slack  ; From Node                            ; To Node                              ; Launch Clock                         ; Latch Clock ; Relationship ; Clock Skew ; Data Delay ;
+--------+--------------------------------------+--------------------------------------+--------------------------------------+-------------+--------------+------------+------------+
; -0.647 ; vga_sync_pipe:u_sync|pixel_clock_int ; vga_sync_pipe:u_sync|pixel_clock_int ; vga_sync_pipe:u_sync|pixel_clock_int ; CLOCK_50    ; 0.500        ; 1.677      ; 3.044      ;
; -0.078 ; vga_sync_pipe:u_sync|pixel_clock_int ; vga_sync_pipe:u_sync|pixel_clock_int ; vga_sync_pipe:u_sync|pixel_clock_int ; CLOCK_50    ; 1.000        ; 1.677      ; 2.975      ;
+--------+--------------------------------------+--------------------------------------+--------------------------------------+-------------+--------------+------------+------------+


+-----------------------------------------------------------------------------------------------------------------------------------------------------------------------------------------------------------------------------------------------------------------------------------------------------------------------------------------------------------------------------+
; Slow 1200mV 85C Model Hold: 'u_pll|uPLL|altpll_component|auto_generated|pll1|clk[0]'                                                                                                                                                                                                                                                                                        ;
+--------+------------------------------------------------------------------------------------------------+-------------------------------------------------------------------------------------------------+---------------------------------------------------------------+--------------------------------------------------------+--------------+------------+------------+
; Slack  ; From Node                                                                                      ; To Node                                                                                         ; Launch Clock                                                  ; Latch Clock                                            ; Relationship ; Clock Skew ; Data Delay ;
+--------+------------------------------------------------------------------------------------------------+-------------------------------------------------------------------------------------------------+---------------------------------------------------------------+--------------------------------------------------------+--------------+------------+------------+
; -0.228 ; keyboard_top:u_kbd|ps2:uPS2|keyboard:u1|keyboard_clk_filtered                                  ; keyboard_top:u_kbd|ps2:uPS2|keyboard:u1|keyboard_clk_filtered                                   ; keyboard_top:u_kbd|ps2:uPS2|keyboard:u1|keyboard_clk_filtered ; u_pll|uPLL|altpll_component|auto_generated|pll1|clk[0] ; 0.000        ; 0.386      ; 0.676      ;
; 0.265  ; keyboard_top:u_kbd|ps2:uPS2|keyboard:u1|keyboard_clk_filtered                                  ; keyboard_top:u_kbd|ps2:uPS2|keyboard:u1|keyboard_clk_filtered                                   ; keyboard_top:u_kbd|ps2:uPS2|keyboard:u1|keyboard_clk_filtered ; u_pll|uPLL|altpll_component|auto_generated|pll1|clk[0] ; -0.500       ; 0.386      ; 0.669      ;
; 0.385  ; keyboard_top:u_kbd|keyboard_ctrl:Ukeycontrol|state_reg                                         ; keyboard_top:u_kbd|keyboard_ctrl:Ukeycontrol|state_reg                                          ; u_pll|uPLL|altpll_component|auto_generated|pll1|clk[0]        ; u_pll|uPLL|altpll_component|auto_generated|pll1|clk[0] ; 0.000        ; 0.098      ; 0.669      ;
; 0.385  ; bullet_bottom_top:u_bullets_bottom|tank_bullet_bottom_refine:\gen_bullets:3:u_bullet|colli_reg ; bullet_bottom_top:u_bullets_bottom|tank_bullet_bottom_refine:\gen_bullets:3:u_bullet|colli_reg  ; u_pll|uPLL|altpll_component|auto_generated|pll1|clk[0]        ; u_pll|uPLL|altpll_component|auto_generated|pll1|clk[0] ; 0.000        ; 0.098      ; 0.669      ;
; 0.385  ; bullet_bottom_top:u_bullets_bottom|tank_bullet_bottom_refine:\gen_bullets:1:u_bullet|state_reg ; bullet_bottom_top:u_bullets_bottom|tank_bullet_bottom_refine:\gen_bullets:1:u_bullet|state_reg  ; u_pll|uPLL|altpll_component|auto_generated|pll1|clk[0]        ; u_pll|uPLL|altpll_component|auto_generated|pll1|clk[0] ; 0.000        ; 0.098      ; 0.669      ;
; 0.386  ; bullet_bottom_top:u_bullets_bottom|tank_bullet_bottom_refine:\gen_bullets:3:u_bullet|state_reg ; bullet_bottom_top:u_bullets_bottom|tank_bullet_bottom_refine:\gen_bullets:3:u_bullet|state_reg  ; u_pll|uPLL|altpll_component|auto_generated|pll1|clk[0]        ; u_pll|uPLL|altpll_component|auto_generated|pll1|clk[0] ; 0.000        ; 0.097      ; 0.669      ;
; 0.390  ; keyboard_top:u_kbd|ps2:uPS2|keyboard:u1|clock_enable                                           ; keyboard_top:u_kbd|ps2:uPS2|keyboard:u1|clock_enable                                            ; u_pll|uPLL|altpll_component|auto_generated|pll1|clk[0]        ; u_pll|uPLL|altpll_component|auto_generated|pll1|clk[0] ; 0.000        ; 0.098      ; 0.674      ;
; 0.401  ; bullet_top_top:u_bullets_top|tank_bullet_top_refine:\gen_bullets:3:u_bullet|colli_reg          ; bullet_top_top:u_bullets_top|tank_bullet_top_refine:\gen_bullets:3:u_bullet|colli_reg           ; u_pll|uPLL|altpll_component|auto_generated|pll1|clk[0]        ; u_pll|uPLL|altpll_component|auto_generated|pll1|clk[0] ; 0.000        ; 0.082      ; 0.669      ;
; 0.401  ; bullet_top_top:u_bullets_top|tank_bullet_top_refine:\gen_bullets:3:u_bullet|fire_reg           ; bullet_top_top:u_bullets_top|tank_bullet_top_refine:\gen_bullets:3:u_bullet|fire_reg            ; u_pll|uPLL|altpll_component|auto_generated|pll1|clk[0]        ; u_pll|uPLL|altpll_component|auto_generated|pll1|clk[0] ; 0.000        ; 0.082      ; 0.669      ;
; 0.401  ; bullet_bottom_top:u_bullets_bottom|tank_bullet_bottom_refine:\gen_bullets:4:u_bullet|state_reg ; bullet_bottom_top:u_bullets_bottom|tank_bullet_bottom_refine:\gen_bullets:4:u_bullet|state_reg  ; u_pll|uPLL|altpll_component|auto_generated|pll1|clk[0]        ; u_pll|uPLL|altpll_component|auto_generated|pll1|clk[0] ; 0.000        ; 0.082      ; 0.669      ;
; 0.401  ; bullet_bottom_top:u_bullets_bottom|tank_bullet_bottom_refine:\gen_bullets:3:u_bullet|fire_reg  ; bullet_bottom_top:u_bullets_bottom|tank_bullet_bottom_refine:\gen_bullets:3:u_bullet|fire_reg   ; u_pll|uPLL|altpll_component|auto_generated|pll1|clk[0]        ; u_pll|uPLL|altpll_component|auto_generated|pll1|clk[0] ; 0.000        ; 0.082      ; 0.669      ;
; 0.401  ; tank_bottom:u_tank_bottom|dir_reg                                                              ; tank_bottom:u_tank_bottom|dir_reg                                                               ; u_pll|uPLL|altpll_component|auto_generated|pll1|clk[0]        ; u_pll|uPLL|altpll_component|auto_generated|pll1|clk[0] ; 0.000        ; 0.082      ; 0.669      ;
; 0.402  ; bullet_top_top:u_bullets_top|tank_bullet_top_refine:\gen_bullets:0:u_bullet|fire_reg           ; bullet_top_top:u_bullets_top|tank_bullet_top_refine:\gen_bullets:0:u_bullet|fire_reg            ; u_pll|uPLL|altpll_component|auto_generated|pll1|clk[0]        ; u_pll|uPLL|altpll_component|auto_generated|pll1|clk[0] ; 0.000        ; 0.081      ; 0.669      ;
; 0.402  ; bullet_top_top:u_bullets_top|tank_bullet_top_refine:\gen_bullets:0:u_bullet|colli_reg          ; bullet_top_top:u_bullets_top|tank_bullet_top_refine:\gen_bullets:0:u_bullet|colli_reg           ; u_pll|uPLL|altpll_component|auto_generated|pll1|clk[0]        ; u_pll|uPLL|altpll_component|auto_generated|pll1|clk[0] ; 0.000        ; 0.081      ; 0.669      ;
; 0.402  ; scoremodule:u_score|score_toptank:uscore_t|freeze_reg                                          ; scoremodule:u_score|score_toptank:uscore_t|freeze_reg                                           ; u_pll|uPLL|altpll_component|auto_generated|pll1|clk[0]        ; u_pll|uPLL|altpll_component|auto_generated|pll1|clk[0] ; 0.000        ; 0.081      ; 0.669      ;
; 0.402  ; scoremodule:u_score|score_toptank:uscore_t|state_reg                                           ; scoremodule:u_score|score_toptank:uscore_t|state_reg                                            ; u_pll|uPLL|altpll_component|auto_generated|pll1|clk[0]        ; u_pll|uPLL|altpll_component|auto_generated|pll1|clk[0] ; 0.000        ; 0.081      ; 0.669      ;
; 0.402  ; scoremodule:u_score|score_toptank:uscore_t|score_reg[0]                                        ; scoremodule:u_score|score_toptank:uscore_t|score_reg[0]                                         ; u_pll|uPLL|altpll_component|auto_generated|pll1|clk[0]        ; u_pll|uPLL|altpll_component|auto_generated|pll1|clk[0] ; 0.000        ; 0.081      ; 0.669      ;
; 0.402  ; scoremodule:u_score|score_toptank:uscore_t|score_reg[1]                                        ; scoremodule:u_score|score_toptank:uscore_t|score_reg[1]                                         ; u_pll|uPLL|altpll_component|auto_generated|pll1|clk[0]        ; u_pll|uPLL|altpll_component|auto_generated|pll1|clk[0] ; 0.000        ; 0.081      ; 0.669      ;
; 0.402  ; bullet_top_top:u_bullets_top|tank_bullet_top_refine:\gen_bullets:4:u_bullet|colli_reg          ; bullet_top_top:u_bullets_top|tank_bullet_top_refine:\gen_bullets:4:u_bullet|colli_reg           ; u_pll|uPLL|altpll_component|auto_generated|pll1|clk[0]        ; u_pll|uPLL|altpll_component|auto_generated|pll1|clk[0] ; 0.000        ; 0.081      ; 0.669      ;
; 0.402  ; bullet_top_top:u_bullets_top|tank_bullet_top_refine:\gen_bullets:4:u_bullet|fire_reg           ; bullet_top_top:u_bullets_top|tank_bullet_top_refine:\gen_bullets:4:u_bullet|fire_reg            ; u_pll|uPLL|altpll_component|auto_generated|pll1|clk[0]        ; u_pll|uPLL|altpll_component|auto_generated|pll1|clk[0] ; 0.000        ; 0.081      ; 0.669      ;
; 0.402  ; bullet_top_top:u_bullets_top|tank_bullet_top_refine:\gen_bullets:1:u_bullet|colli_reg          ; bullet_top_top:u_bullets_top|tank_bullet_top_refine:\gen_bullets:1:u_bullet|colli_reg           ; u_pll|uPLL|altpll_component|auto_generated|pll1|clk[0]        ; u_pll|uPLL|altpll_component|auto_generated|pll1|clk[0] ; 0.000        ; 0.081      ; 0.669      ;
; 0.402  ; bullet_top_top:u_bullets_top|tank_bullet_top_refine:\gen_bullets:1:u_bullet|fire_reg           ; bullet_top_top:u_bullets_top|tank_bullet_top_refine:\gen_bullets:1:u_bullet|fire_reg            ; u_pll|uPLL|altpll_component|auto_generated|pll1|clk[0]        ; u_pll|uPLL|altpll_component|auto_generated|pll1|clk[0] ; 0.000        ; 0.081      ; 0.669      ;
; 0.402  ; PLL_clock_top:u_pll|freeze_reg                                                                 ; PLL_clock_top:u_pll|freeze_reg                                                                  ; u_pll|uPLL|altpll_component|auto_generated|pll1|clk[0]        ; u_pll|uPLL|altpll_component|auto_generated|pll1|clk[0] ; 0.000        ; 0.081      ; 0.669      ;
; 0.402  ; scoremodule:u_score|score_bottomtank:uscore_b|freeze_reg                                       ; scoremodule:u_score|score_bottomtank:uscore_b|freeze_reg                                        ; u_pll|uPLL|altpll_component|auto_generated|pll1|clk[0]        ; u_pll|uPLL|altpll_component|auto_generated|pll1|clk[0] ; 0.000        ; 0.081      ; 0.669      ;
; 0.402  ; tank_top:u_tank_top|dir_reg                                                                    ; tank_top:u_tank_top|dir_reg                                                                     ; u_pll|uPLL|altpll_component|auto_generated|pll1|clk[0]        ; u_pll|uPLL|altpll_component|auto_generated|pll1|clk[0] ; 0.000        ; 0.081      ; 0.669      ;
; 0.402  ; scoremodule:u_score|score_bottomtank:uscore_b|score_reg[0]                                     ; scoremodule:u_score|score_bottomtank:uscore_b|score_reg[0]                                      ; u_pll|uPLL|altpll_component|auto_generated|pll1|clk[0]        ; u_pll|uPLL|altpll_component|auto_generated|pll1|clk[0] ; 0.000        ; 0.081      ; 0.669      ;
; 0.402  ; scoremodule:u_score|score_bottomtank:uscore_b|score_reg[1]                                     ; scoremodule:u_score|score_bottomtank:uscore_b|score_reg[1]                                      ; u_pll|uPLL|altpll_component|auto_generated|pll1|clk[0]        ; u_pll|uPLL|altpll_component|auto_generated|pll1|clk[0] ; 0.000        ; 0.081      ; 0.669      ;
; 0.402  ; scoremodule:u_score|score_bottomtank:uscore_b|state_reg                                        ; scoremodule:u_score|score_bottomtank:uscore_b|state_reg                                         ; u_pll|uPLL|altpll_component|auto_generated|pll1|clk[0]        ; u_pll|uPLL|altpll_component|auto_generated|pll1|clk[0] ; 0.000        ; 0.081      ; 0.669      ;
; 0.402  ; bullet_bottom_top:u_bullets_bottom|tank_bullet_bottom_refine:\gen_bullets:0:u_bullet|colli_reg ; bullet_bottom_top:u_bullets_bottom|tank_bullet_bottom_refine:\gen_bullets:0:u_bullet|colli_reg  ; u_pll|uPLL|altpll_component|auto_generated|pll1|clk[0]        ; u_pll|uPLL|altpll_component|auto_generated|pll1|clk[0] ; 0.000        ; 0.081      ; 0.669      ;
; 0.402  ; bullet_bottom_top:u_bullets_bottom|tank_bullet_bottom_refine:\gen_bullets:0:u_bullet|fire_reg  ; bullet_bottom_top:u_bullets_bottom|tank_bullet_bottom_refine:\gen_bullets:0:u_bullet|fire_reg   ; u_pll|uPLL|altpll_component|auto_generated|pll1|clk[0]        ; u_pll|uPLL|altpll_component|auto_generated|pll1|clk[0] ; 0.000        ; 0.081      ; 0.669      ;
; 0.402  ; bullet_bottom_top:u_bullets_bottom|tank_bullet_bottom_refine:\gen_bullets:0:u_bullet|state_reg ; bullet_bottom_top:u_bullets_bottom|tank_bullet_bottom_refine:\gen_bullets:0:u_bullet|state_reg  ; u_pll|uPLL|altpll_component|auto_generated|pll1|clk[0]        ; u_pll|uPLL|altpll_component|auto_generated|pll1|clk[0] ; 0.000        ; 0.081      ; 0.669      ;
; 0.402  ; keyboard_top:u_kbd|ps2:uPS2|oneshot:pulser|delay                                               ; keyboard_top:u_kbd|ps2:uPS2|oneshot:pulser|delay                                                ; u_pll|uPLL|altpll_component|auto_generated|pll1|clk[0]        ; u_pll|uPLL|altpll_component|auto_generated|pll1|clk[0] ; 0.000        ; 0.081      ; 0.669      ;
; 0.402  ; bullet_bottom_top:u_bullets_bottom|tank_bullet_bottom_refine:\gen_bullets:2:u_bullet|colli_reg ; bullet_bottom_top:u_bullets_bottom|tank_bullet_bottom_refine:\gen_bullets:2:u_bullet|colli_reg  ; u_pll|uPLL|altpll_component|auto_generated|pll1|clk[0]        ; u_pll|uPLL|altpll_component|auto_generated|pll1|clk[0] ; 0.000        ; 0.081      ; 0.669      ;
; 0.402  ; bullet_bottom_top:u_bullets_bottom|tank_bullet_bottom_refine:\gen_bullets:1:u_bullet|colli_reg ; bullet_bottom_top:u_bullets_bottom|tank_bullet_bottom_refine:\gen_bullets:1:u_bullet|colli_reg  ; u_pll|uPLL|altpll_component|auto_generated|pll1|clk[0]        ; u_pll|uPLL|altpll_component|auto_generated|pll1|clk[0] ; 0.000        ; 0.081      ; 0.669      ;
; 0.402  ; bullet_bottom_top:u_bullets_bottom|tank_bullet_bottom_refine:\gen_bullets:4:u_bullet|colli_reg ; bullet_bottom_top:u_bullets_bottom|tank_bullet_bottom_refine:\gen_bullets:4:u_bullet|colli_reg  ; u_pll|uPLL|altpll_component|auto_generated|pll1|clk[0]        ; u_pll|uPLL|altpll_component|auto_generated|pll1|clk[0] ; 0.000        ; 0.081      ; 0.669      ;
; 0.402  ; bullet_bottom_top:u_bullets_bottom|tank_bullet_bottom_refine:\gen_bullets:4:u_bullet|fire_reg  ; bullet_bottom_top:u_bullets_bottom|tank_bullet_bottom_refine:\gen_bullets:4:u_bullet|fire_reg   ; u_pll|uPLL|altpll_component|auto_generated|pll1|clk[0]        ; u_pll|uPLL|altpll_component|auto_generated|pll1|clk[0] ; 0.000        ; 0.081      ; 0.669      ;
; 0.402  ; bullet_bottom_top:u_bullets_bottom|tank_bullet_bottom_refine:\gen_bullets:2:u_bullet|fire_reg  ; bullet_bottom_top:u_bullets_bottom|tank_bullet_bottom_refine:\gen_bullets:2:u_bullet|fire_reg   ; u_pll|uPLL|altpll_component|auto_generated|pll1|clk[0]        ; u_pll|uPLL|altpll_component|auto_generated|pll1|clk[0] ; 0.000        ; 0.081      ; 0.669      ;
; 0.402  ; bullet_bottom_top:u_bullets_bottom|tank_bullet_bottom_refine:\gen_bullets:2:u_bullet|state_reg ; bullet_bottom_top:u_bullets_bottom|tank_bullet_bottom_refine:\gen_bullets:2:u_bullet|state_reg  ; u_pll|uPLL|altpll_component|auto_generated|pll1|clk[0]        ; u_pll|uPLL|altpll_component|auto_generated|pll1|clk[0] ; 0.000        ; 0.081      ; 0.669      ;
; 0.402  ; bullet_bottom_top:u_bullets_bottom|tank_bullet_bottom_refine:\gen_bullets:1:u_bullet|fire_reg  ; bullet_bottom_top:u_bullets_bottom|tank_bullet_bottom_refine:\gen_bullets:1:u_bullet|fire_reg   ; u_pll|uPLL|altpll_component|auto_generated|pll1|clk[0]        ; u_pll|uPLL|altpll_component|auto_generated|pll1|clk[0] ; 0.000        ; 0.081      ; 0.669      ;
; 0.402  ; tank_bottom:u_tank_bottom|x_reg[0]                                                             ; tank_bottom:u_tank_bottom|x_reg[0]                                                              ; u_pll|uPLL|altpll_component|auto_generated|pll1|clk[0]        ; u_pll|uPLL|altpll_component|auto_generated|pll1|clk[0] ; 0.000        ; 0.081      ; 0.669      ;
; 0.402  ; bullet_top_top:u_bullets_top|tank_bullet_top_refine:\gen_bullets:2:u_bullet|colli_reg          ; bullet_top_top:u_bullets_top|tank_bullet_top_refine:\gen_bullets:2:u_bullet|colli_reg           ; u_pll|uPLL|altpll_component|auto_generated|pll1|clk[0]        ; u_pll|uPLL|altpll_component|auto_generated|pll1|clk[0] ; 0.000        ; 0.081      ; 0.669      ;
; 0.406  ; bullet_top_top:u_bullets_top|tank_bullet_top_refine:\gen_bullets:3:u_bullet|state_reg          ; bullet_top_top:u_bullets_top|tank_bullet_top_refine:\gen_bullets:3:u_bullet|state_reg           ; u_pll|uPLL|altpll_component|auto_generated|pll1|clk[0]        ; u_pll|uPLL|altpll_component|auto_generated|pll1|clk[0] ; 0.000        ; 0.082      ; 0.674      ;
; 0.407  ; bullet_top_top:u_bullets_top|tank_bullet_top_refine:\gen_bullets:0:u_bullet|state_reg          ; bullet_top_top:u_bullets_top|tank_bullet_top_refine:\gen_bullets:0:u_bullet|state_reg           ; u_pll|uPLL|altpll_component|auto_generated|pll1|clk[0]        ; u_pll|uPLL|altpll_component|auto_generated|pll1|clk[0] ; 0.000        ; 0.081      ; 0.674      ;
; 0.407  ; bullet_top_top:u_bullets_top|tank_bullet_top_refine:\gen_bullets:4:u_bullet|state_reg          ; bullet_top_top:u_bullets_top|tank_bullet_top_refine:\gen_bullets:4:u_bullet|state_reg           ; u_pll|uPLL|altpll_component|auto_generated|pll1|clk[0]        ; u_pll|uPLL|altpll_component|auto_generated|pll1|clk[0] ; 0.000        ; 0.081      ; 0.674      ;
; 0.407  ; bullet_top_top:u_bullets_top|tank_bullet_top_refine:\gen_bullets:1:u_bullet|state_reg          ; bullet_top_top:u_bullets_top|tank_bullet_top_refine:\gen_bullets:1:u_bullet|state_reg           ; u_pll|uPLL|altpll_component|auto_generated|pll1|clk[0]        ; u_pll|uPLL|altpll_component|auto_generated|pll1|clk[0] ; 0.000        ; 0.081      ; 0.674      ;
; 0.407  ; bullet_top_top:u_bullets_top|tank_bullet_top_refine:\gen_bullets:2:u_bullet|state_reg          ; bullet_top_top:u_bullets_top|tank_bullet_top_refine:\gen_bullets:2:u_bullet|state_reg           ; u_pll|uPLL|altpll_component|auto_generated|pll1|clk[0]        ; u_pll|uPLL|altpll_component|auto_generated|pll1|clk[0] ; 0.000        ; 0.081      ; 0.674      ;
; 0.421  ; keyboard_top:u_kbd|ps2:uPS2|oneshot:pulser|delay                                               ; keyboard_top:u_kbd|ps2:uPS2|oneshot:pulser|pulse_out                                            ; u_pll|uPLL|altpll_component|auto_generated|pll1|clk[0]        ; u_pll|uPLL|altpll_component|auto_generated|pll1|clk[0] ; 0.000        ; 0.081      ; 0.688      ;
; 0.429  ; scoremodule:u_score|score_toptank:uscore_t|state_reg                                           ; scoremodule:u_score|score_toptank:uscore_t|freeze_reg                                           ; u_pll|uPLL|altpll_component|auto_generated|pll1|clk[0]        ; u_pll|uPLL|altpll_component|auto_generated|pll1|clk[0] ; 0.000        ; 0.081      ; 0.696      ;
; 0.437  ; keyboard_top:u_kbd|ps2:uPS2|keyboard:u1|filter[2]                                              ; keyboard_top:u_kbd|ps2:uPS2|keyboard:u1|filter[1]                                               ; u_pll|uPLL|altpll_component|auto_generated|pll1|clk[0]        ; u_pll|uPLL|altpll_component|auto_generated|pll1|clk[0] ; 0.000        ; 0.081      ; 0.704      ;
; 0.437  ; keyboard_top:u_kbd|ps2:uPS2|keyboard:u1|filter[5]                                              ; keyboard_top:u_kbd|ps2:uPS2|keyboard:u1|filter[4]                                               ; u_pll|uPLL|altpll_component|auto_generated|pll1|clk[0]        ; u_pll|uPLL|altpll_component|auto_generated|pll1|clk[0] ; 0.000        ; 0.081      ; 0.704      ;
; 0.443  ; scoremodule:u_score|score_bottomtank:uscore_b|freeze_reg                                       ; tank_top:u_tank_top|state_reg                                                                   ; u_pll|uPLL|altpll_component|auto_generated|pll1|clk[0]        ; u_pll|uPLL|altpll_component|auto_generated|pll1|clk[0] ; 0.000        ; 0.081      ; 0.710      ;
; 0.444  ; scoremodule:u_score|score_bottomtank:uscore_b|freeze_reg                                       ; PLL_clock_top:u_pll|freeze_reg                                                                  ; u_pll|uPLL|altpll_component|auto_generated|pll1|clk[0]        ; u_pll|uPLL|altpll_component|auto_generated|pll1|clk[0] ; 0.000        ; 0.081      ; 0.711      ;
; 0.449  ; PLL_clock_top:u_pll|counter_accum[0]                                                           ; PLL_clock_top:u_pll|counter_accum[7]                                                            ; u_pll|uPLL|altpll_component|auto_generated|pll1|clk[0]        ; u_pll|uPLL|altpll_component|auto_generated|pll1|clk[0] ; 0.000        ; 0.081      ; 0.716      ;
; 0.465  ; scoremodule:u_score|score_bottomtank:uscore_b|score_reg[0]                                     ; scoremodule:u_score|score_bottomtank:uscore_b|freeze_reg                                        ; u_pll|uPLL|altpll_component|auto_generated|pll1|clk[0]        ; u_pll|uPLL|altpll_component|auto_generated|pll1|clk[0] ; 0.000        ; 0.081      ; 0.732      ;
; 0.467  ; scoremodule:u_score|score_bottomtank:uscore_b|score_reg[0]                                     ; scoremodule:u_score|score_bottomtank:uscore_b|state_reg                                         ; u_pll|uPLL|altpll_component|auto_generated|pll1|clk[0]        ; u_pll|uPLL|altpll_component|auto_generated|pll1|clk[0] ; 0.000        ; 0.081      ; 0.734      ;
; 0.498  ; bullet_top_top:u_bullets_top|tank_bullet_top_refine:\gen_bullets:2:u_bullet|fire_reg           ; bullet_top_top:u_bullets_top|tank_bullet_top_refine:\gen_bullets:2:u_bullet|active_reg          ; u_pll|uPLL|altpll_component|auto_generated|pll1|clk[0]        ; u_pll|uPLL|altpll_component|auto_generated|pll1|clk[0] ; 0.000        ; 0.475      ; 1.159      ;
; 0.580  ; bullet_top_top:u_bullets_top|tank_bullet_top_refine:\gen_bullets:3:u_bullet|fire_reg           ; bullet_top_top:u_bullets_top|tank_bullet_top_refine:\gen_bullets:3:u_bullet|active_reg          ; u_pll|uPLL|altpll_component|auto_generated|pll1|clk[0]        ; u_pll|uPLL|altpll_component|auto_generated|pll1|clk[0] ; 0.000        ; 0.082      ; 0.848      ;
; 0.623  ; keyboard_top:u_kbd|ps2:uPS2|keyboard:u1|filter[1]                                              ; keyboard_top:u_kbd|ps2:uPS2|keyboard:u1|filter[0]                                               ; u_pll|uPLL|altpll_component|auto_generated|pll1|clk[0]        ; u_pll|uPLL|altpll_component|auto_generated|pll1|clk[0] ; 0.000        ; 0.081      ; 0.890      ;
; 0.638  ; PLL_clock_top:u_pll|counter_accum[13]                                                          ; PLL_clock_top:u_pll|counter_accum[13]                                                           ; u_pll|uPLL|altpll_component|auto_generated|pll1|clk[0]        ; u_pll|uPLL|altpll_component|auto_generated|pll1|clk[0] ; 0.000        ; 0.082      ; 0.906      ;
; 0.639  ; PLL_clock_top:u_pll|counter_accum[5]                                                           ; PLL_clock_top:u_pll|counter_accum[5]                                                            ; u_pll|uPLL|altpll_component|auto_generated|pll1|clk[0]        ; u_pll|uPLL|altpll_component|auto_generated|pll1|clk[0] ; 0.000        ; 0.081      ; 0.906      ;
; 0.640  ; PLL_clock_top:u_pll|counter_accum[11]                                                          ; PLL_clock_top:u_pll|counter_accum[11]                                                           ; u_pll|uPLL|altpll_component|auto_generated|pll1|clk[0]        ; u_pll|uPLL|altpll_component|auto_generated|pll1|clk[0] ; 0.000        ; 0.082      ; 0.908      ;
; 0.642  ; PLL_clock_top:u_pll|counter_accum[16]                                                          ; PLL_clock_top:u_pll|counter_accum[16]                                                           ; u_pll|uPLL|altpll_component|auto_generated|pll1|clk[0]        ; u_pll|uPLL|altpll_component|auto_generated|pll1|clk[0] ; 0.000        ; 0.082      ; 0.910      ;
; 0.643  ; PLL_clock_top:u_pll|counter_accum[12]                                                          ; PLL_clock_top:u_pll|counter_accum[12]                                                           ; u_pll|uPLL|altpll_component|auto_generated|pll1|clk[0]        ; u_pll|uPLL|altpll_component|auto_generated|pll1|clk[0] ; 0.000        ; 0.082      ; 0.911      ;
; 0.643  ; PLL_clock_top:u_pll|counter_accum[1]                                                           ; PLL_clock_top:u_pll|counter_accum[1]                                                            ; u_pll|uPLL|altpll_component|auto_generated|pll1|clk[0]        ; u_pll|uPLL|altpll_component|auto_generated|pll1|clk[0] ; 0.000        ; 0.081      ; 0.910      ;
; 0.644  ; PLL_clock_top:u_pll|counter_accum[14]                                                          ; PLL_clock_top:u_pll|counter_accum[14]                                                           ; u_pll|uPLL|altpll_component|auto_generated|pll1|clk[0]        ; u_pll|uPLL|altpll_component|auto_generated|pll1|clk[0] ; 0.000        ; 0.082      ; 0.912      ;
; 0.644  ; PLL_clock_top:u_pll|counter_accum[6]                                                           ; PLL_clock_top:u_pll|counter_accum[6]                                                            ; u_pll|uPLL|altpll_component|auto_generated|pll1|clk[0]        ; u_pll|uPLL|altpll_component|auto_generated|pll1|clk[0] ; 0.000        ; 0.081      ; 0.911      ;
; 0.645  ; PLL_clock_top:u_pll|counter_accum[4]                                                           ; PLL_clock_top:u_pll|counter_accum[4]                                                            ; u_pll|uPLL|altpll_component|auto_generated|pll1|clk[0]        ; u_pll|uPLL|altpll_component|auto_generated|pll1|clk[0] ; 0.000        ; 0.081      ; 0.912      ;
; 0.646  ; PLL_clock_top:u_pll|counter_accum[2]                                                           ; PLL_clock_top:u_pll|counter_accum[2]                                                            ; u_pll|uPLL|altpll_component|auto_generated|pll1|clk[0]        ; u_pll|uPLL|altpll_component|auto_generated|pll1|clk[0] ; 0.000        ; 0.081      ; 0.913      ;
; 0.653  ; PLL_clock_top:u_pll|counter_accum[9]                                                           ; PLL_clock_top:u_pll|counter_accum[9]                                                            ; u_pll|uPLL|altpll_component|auto_generated|pll1|clk[0]        ; u_pll|uPLL|altpll_component|auto_generated|pll1|clk[0] ; 0.000        ; 0.081      ; 0.920      ;
; 0.655  ; bullet_bottom_top:u_bullets_bottom|tank_bullet_bottom_refine:\gen_bullets:2:u_bullet|state_reg ; bullet_bottom_top:u_bullets_bottom|tank_bullet_bottom_refine:\gen_bullets:2:u_bullet|y_reg[6]   ; u_pll|uPLL|altpll_component|auto_generated|pll1|clk[0]        ; u_pll|uPLL|altpll_component|auto_generated|pll1|clk[0] ; 0.000        ; 0.081      ; 0.922      ;
; 0.656  ; bullet_bottom_top:u_bullets_bottom|tank_bullet_bottom_refine:\gen_bullets:2:u_bullet|state_reg ; bullet_bottom_top:u_bullets_bottom|tank_bullet_bottom_refine:\gen_bullets:2:u_bullet|y_reg[3]   ; u_pll|uPLL|altpll_component|auto_generated|pll1|clk[0]        ; u_pll|uPLL|altpll_component|auto_generated|pll1|clk[0] ; 0.000        ; 0.081      ; 0.923      ;
; 0.657  ; PLL_clock_top:u_pll|counter_accum[3]                                                           ; PLL_clock_top:u_pll|counter_accum[3]                                                            ; u_pll|uPLL|altpll_component|auto_generated|pll1|clk[0]        ; u_pll|uPLL|altpll_component|auto_generated|pll1|clk[0] ; 0.000        ; 0.081      ; 0.924      ;
; 0.657  ; scoremodule:u_score|score_bottomtank:uscore_b|state_reg                                        ; scoremodule:u_score|score_bottomtank:uscore_b|freeze_reg                                        ; u_pll|uPLL|altpll_component|auto_generated|pll1|clk[0]        ; u_pll|uPLL|altpll_component|auto_generated|pll1|clk[0] ; 0.000        ; 0.081      ; 0.924      ;
; 0.658  ; bullet_top_top:u_bullets_top|tank_bullet_top_refine:\gen_bullets:4:u_bullet|fire_reg           ; bullet_top_top:u_bullets_top|tank_bullet_top_refine:\gen_bullets:4:u_bullet|state_reg           ; u_pll|uPLL|altpll_component|auto_generated|pll1|clk[0]        ; u_pll|uPLL|altpll_component|auto_generated|pll1|clk[0] ; 0.000        ; 0.081      ; 0.925      ;
; 0.658  ; bullet_top_top:u_bullets_top|tank_bullet_top_refine:\gen_bullets:1:u_bullet|fire_reg           ; bullet_top_top:u_bullets_top|tank_bullet_top_refine:\gen_bullets:1:u_bullet|state_reg           ; u_pll|uPLL|altpll_component|auto_generated|pll1|clk[0]        ; u_pll|uPLL|altpll_component|auto_generated|pll1|clk[0] ; 0.000        ; 0.081      ; 0.925      ;
; 0.659  ; PLL_clock_top:u_pll|counter_accum[8]                                                           ; PLL_clock_top:u_pll|counter_accum[8]                                                            ; u_pll|uPLL|altpll_component|auto_generated|pll1|clk[0]        ; u_pll|uPLL|altpll_component|auto_generated|pll1|clk[0] ; 0.000        ; 0.081      ; 0.926      ;
; 0.660  ; bullet_top_top:u_bullets_top|tank_bullet_top_refine:\gen_bullets:0:u_bullet|fire_reg           ; bullet_top_top:u_bullets_top|tank_bullet_top_refine:\gen_bullets:0:u_bullet|state_reg           ; u_pll|uPLL|altpll_component|auto_generated|pll1|clk[0]        ; u_pll|uPLL|altpll_component|auto_generated|pll1|clk[0] ; 0.000        ; 0.081      ; 0.927      ;
; 0.662  ; scoremodule:u_score|score_bottomtank:uscore_b|score_reg[1]                                     ; scoremodule:u_score|score_bottomtank:uscore_b|state_reg                                         ; u_pll|uPLL|altpll_component|auto_generated|pll1|clk[0]        ; u_pll|uPLL|altpll_component|auto_generated|pll1|clk[0] ; 0.000        ; 0.081      ; 0.929      ;
; 0.662  ; bullet_bottom_top:u_bullets_bottom|tank_bullet_bottom_refine:\gen_bullets:2:u_bullet|state_reg ; bullet_bottom_top:u_bullets_bottom|tank_bullet_bottom_refine:\gen_bullets:2:u_bullet|y_reg[7]   ; u_pll|uPLL|altpll_component|auto_generated|pll1|clk[0]        ; u_pll|uPLL|altpll_component|auto_generated|pll1|clk[0] ; 0.000        ; 0.081      ; 0.929      ;
; 0.663  ; bullet_top_top:u_bullets_top|tank_bullet_top_refine:\gen_bullets:0:u_bullet|fire_reg           ; bullet_top_top:u_bullets_top|tank_bullet_top_refine:\gen_bullets:0:u_bullet|active_reg          ; u_pll|uPLL|altpll_component|auto_generated|pll1|clk[0]        ; u_pll|uPLL|altpll_component|auto_generated|pll1|clk[0] ; 0.000        ; 0.507      ; 1.356      ;
; 0.663  ; bullet_bottom_top:u_bullets_bottom|tank_bullet_bottom_refine:\gen_bullets:2:u_bullet|state_reg ; bullet_bottom_top:u_bullets_bottom|tank_bullet_bottom_refine:\gen_bullets:2:u_bullet|y_reg[5]   ; u_pll|uPLL|altpll_component|auto_generated|pll1|clk[0]        ; u_pll|uPLL|altpll_component|auto_generated|pll1|clk[0] ; 0.000        ; 0.081      ; 0.930      ;
; 0.664  ; bullet_top_top:u_bullets_top|tank_bullet_top_refine:\gen_bullets:3:u_bullet|fire_reg           ; bullet_top_top:u_bullets_top|tank_bullet_top_refine:\gen_bullets:3:u_bullet|state_reg           ; u_pll|uPLL|altpll_component|auto_generated|pll1|clk[0]        ; u_pll|uPLL|altpll_component|auto_generated|pll1|clk[0] ; 0.000        ; 0.082      ; 0.932      ;
; 0.664  ; bullet_bottom_top:u_bullets_bottom|tank_bullet_bottom_refine:\gen_bullets:2:u_bullet|state_reg ; bullet_bottom_top:u_bullets_bottom|tank_bullet_bottom_refine:\gen_bullets:2:u_bullet|y_reg[9]   ; u_pll|uPLL|altpll_component|auto_generated|pll1|clk[0]        ; u_pll|uPLL|altpll_component|auto_generated|pll1|clk[0] ; 0.000        ; 0.081      ; 0.931      ;
; 0.665  ; bullet_bottom_top:u_bullets_bottom|tank_bullet_bottom_refine:\gen_bullets:2:u_bullet|state_reg ; bullet_bottom_top:u_bullets_bottom|tank_bullet_bottom_refine:\gen_bullets:2:u_bullet|y_reg[4]   ; u_pll|uPLL|altpll_component|auto_generated|pll1|clk[0]        ; u_pll|uPLL|altpll_component|auto_generated|pll1|clk[0] ; 0.000        ; 0.081      ; 0.932      ;
; 0.675  ; scoremodule:u_score|score_toptank:uscore_t|score_reg[0]                                        ; scoremodule:u_score|score_toptank:uscore_t|state_reg                                            ; u_pll|uPLL|altpll_component|auto_generated|pll1|clk[0]        ; u_pll|uPLL|altpll_component|auto_generated|pll1|clk[0] ; 0.000        ; 0.081      ; 0.942      ;
; 0.675  ; scoremodule:u_score|score_bottomtank:uscore_b|score_reg[0]                                     ; scoremodule:u_score|score_bottomtank:uscore_b|score_reg[1]                                      ; u_pll|uPLL|altpll_component|auto_generated|pll1|clk[0]        ; u_pll|uPLL|altpll_component|auto_generated|pll1|clk[0] ; 0.000        ; 0.081      ; 0.942      ;
; 0.676  ; scoremodule:u_score|score_toptank:uscore_t|score_reg[0]                                        ; scoremodule:u_score|score_toptank:uscore_t|score_reg[1]                                         ; u_pll|uPLL|altpll_component|auto_generated|pll1|clk[0]        ; u_pll|uPLL|altpll_component|auto_generated|pll1|clk[0] ; 0.000        ; 0.081      ; 0.943      ;
; 0.681  ; bullet_top_top:u_bullets_top|tank_bullet_top_refine:\gen_bullets:2:u_bullet|fire_reg           ; bullet_top_top:u_bullets_top|tank_bullet_top_refine:\gen_bullets:2:u_bullet|state_reg           ; u_pll|uPLL|altpll_component|auto_generated|pll1|clk[0]        ; u_pll|uPLL|altpll_component|auto_generated|pll1|clk[0] ; 0.000        ; 0.081      ; 0.948      ;
; 0.683  ; PLL_clock_top:u_pll|counter_accum[0]                                                           ; PLL_clock_top:u_pll|counter_accum[0]                                                            ; u_pll|uPLL|altpll_component|auto_generated|pll1|clk[0]        ; u_pll|uPLL|altpll_component|auto_generated|pll1|clk[0] ; 0.000        ; 0.081      ; 0.950      ;
; 0.686  ; scoremodule:u_score|score_bottomtank:uscore_b|score_reg[1]                                     ; scoremodule:u_score|score_bottomtank:uscore_b|freeze_reg                                        ; u_pll|uPLL|altpll_component|auto_generated|pll1|clk[0]        ; u_pll|uPLL|altpll_component|auto_generated|pll1|clk[0] ; 0.000        ; 0.081      ; 0.953      ;
; 0.704  ; bullet_top_top:u_bullets_top|tank_bullet_top_refine:\gen_bullets:3:u_bullet|active_reg         ; bullet_top_top:u_bullets_top|tank_bullet_top_refine:\gen_bullets:3:u_bullet|fire_reg            ; u_pll|uPLL|altpll_component|auto_generated|pll1|clk[0]        ; u_pll|uPLL|altpll_component|auto_generated|pll1|clk[0] ; 0.000        ; 0.082      ; 0.972      ;
; 0.705  ; bullet_bottom_top:u_bullets_bottom|tank_bullet_bottom_refine:\gen_bullets:3:u_bullet|state_reg ; bullet_bottom_top:u_bullets_bottom|tank_bullet_bottom_refine:\gen_bullets:3:u_bullet|active_reg ; u_pll|uPLL|altpll_component|auto_generated|pll1|clk[0]        ; u_pll|uPLL|altpll_component|auto_generated|pll1|clk[0] ; 0.000        ; 0.133      ; 1.024      ;
; 0.706  ; bullet_top_top:u_bullets_top|tank_bullet_top_refine:\gen_bullets:1:u_bullet|fire_reg           ; bullet_top_top:u_bullets_top|tank_bullet_top_refine:\gen_bullets:1:u_bullet|active_reg          ; u_pll|uPLL|altpll_component|auto_generated|pll1|clk[0]        ; u_pll|uPLL|altpll_component|auto_generated|pll1|clk[0] ; 0.000        ; 0.478      ; 1.370      ;
; 0.717  ; bullet_top_top:u_bullets_top|tank_bullet_top_refine:\gen_bullets:0:u_bullet|state_reg          ; bullet_top_top:u_bullets_top|tank_bullet_top_refine:\gen_bullets:0:u_bullet|y_reg[9]            ; u_pll|uPLL|altpll_component|auto_generated|pll1|clk[0]        ; u_pll|uPLL|altpll_component|auto_generated|pll1|clk[0] ; 0.000        ; 0.511      ; 1.414      ;
; 0.735  ; scoremodule:u_score|score_toptank:uscore_t|score_reg[0]                                        ; scoremodule:u_score|score_toptank:uscore_t|freeze_reg                                           ; u_pll|uPLL|altpll_component|auto_generated|pll1|clk[0]        ; u_pll|uPLL|altpll_component|auto_generated|pll1|clk[0] ; 0.000        ; 0.081      ; 1.002      ;
; 0.751  ; bullet_bottom_top:u_bullets_bottom|tank_bullet_bottom_refine:\gen_bullets:3:u_bullet|fire_reg  ; bullet_bottom_top:u_bullets_bottom|tank_bullet_bottom_refine:\gen_bullets:3:u_bullet|active_reg ; u_pll|uPLL|altpll_component|auto_generated|pll1|clk[0]        ; u_pll|uPLL|altpll_component|auto_generated|pll1|clk[0] ; 0.000        ; 0.523      ; 1.460      ;
; 0.753  ; bullet_top_top:u_bullets_top|tank_bullet_top_refine:\gen_bullets:0:u_bullet|state_reg          ; bullet_top_top:u_bullets_top|tank_bullet_top_refine:\gen_bullets:0:u_bullet|active_reg          ; u_pll|uPLL|altpll_component|auto_generated|pll1|clk[0]        ; u_pll|uPLL|altpll_component|auto_generated|pll1|clk[0] ; 0.000        ; 0.507      ; 1.446      ;
; 0.764  ; bullet_bottom_top:u_bullets_bottom|tank_bullet_bottom_refine:\gen_bullets:4:u_bullet|state_reg ; bullet_bottom_top:u_bullets_bottom|tank_bullet_bottom_refine:\gen_bullets:4:u_bullet|y_reg[6]   ; u_pll|uPLL|altpll_component|auto_generated|pll1|clk[0]        ; u_pll|uPLL|altpll_component|auto_generated|pll1|clk[0] ; 0.000        ; 0.082      ; 1.032      ;
; 0.764  ; bullet_bottom_top:u_bullets_bottom|tank_bullet_bottom_refine:\gen_bullets:4:u_bullet|state_reg ; bullet_bottom_top:u_bullets_bottom|tank_bullet_bottom_refine:\gen_bullets:4:u_bullet|y_reg[3]   ; u_pll|uPLL|altpll_component|auto_generated|pll1|clk[0]        ; u_pll|uPLL|altpll_component|auto_generated|pll1|clk[0] ; 0.000        ; 0.082      ; 1.032      ;
; 0.765  ; bullet_bottom_top:u_bullets_bottom|tank_bullet_bottom_refine:\gen_bullets:4:u_bullet|state_reg ; bullet_bottom_top:u_bullets_bottom|tank_bullet_bottom_refine:\gen_bullets:4:u_bullet|y_reg[8]   ; u_pll|uPLL|altpll_component|auto_generated|pll1|clk[0]        ; u_pll|uPLL|altpll_component|auto_generated|pll1|clk[0] ; 0.000        ; 0.082      ; 1.033      ;
+--------+------------------------------------------------------------------------------------------------+-------------------------------------------------------------------------------------------------+---------------------------------------------------------------+--------------------------------------------------------+--------------+------------+------------+


+--------------------------------------------------------------------------------------------------------------------------------------------------------------------------------------------------------------------------------------------------------------------------------------------+
; Slow 1200mV 85C Model Hold: 'keyboard_top:u_kbd|ps2:uPS2|keyboard:u1|keyboard_clk_filtered'                                                                                                                                                                                                ;
+-------+----------------------------------------------------+------------------------------------------------------+---------------------------------------------------------------+---------------------------------------------------------------+--------------+------------+------------+
; Slack ; From Node                                          ; To Node                                              ; Launch Clock                                                  ; Latch Clock                                                   ; Relationship ; Clock Skew ; Data Delay ;
+-------+----------------------------------------------------+------------------------------------------------------+---------------------------------------------------------------+---------------------------------------------------------------+--------------+------------+------------+
; 0.402 ; keyboard_top:u_kbd|ps2:uPS2|keyboard:u1|READ_CHAR  ; keyboard_top:u_kbd|ps2:uPS2|keyboard:u1|READ_CHAR    ; keyboard_top:u_kbd|ps2:uPS2|keyboard:u1|keyboard_clk_filtered ; keyboard_top:u_kbd|ps2:uPS2|keyboard:u1|keyboard_clk_filtered ; 0.000        ; 0.081      ; 0.669      ;
; 0.402 ; keyboard_top:u_kbd|ps2:uPS2|keyboard:u1|INCNT[1]   ; keyboard_top:u_kbd|ps2:uPS2|keyboard:u1|INCNT[1]     ; keyboard_top:u_kbd|ps2:uPS2|keyboard:u1|keyboard_clk_filtered ; keyboard_top:u_kbd|ps2:uPS2|keyboard:u1|keyboard_clk_filtered ; 0.000        ; 0.081      ; 0.669      ;
; 0.407 ; keyboard_top:u_kbd|ps2:uPS2|keyboard:u1|INCNT[0]   ; keyboard_top:u_kbd|ps2:uPS2|keyboard:u1|INCNT[0]     ; keyboard_top:u_kbd|ps2:uPS2|keyboard:u1|keyboard_clk_filtered ; keyboard_top:u_kbd|ps2:uPS2|keyboard:u1|keyboard_clk_filtered ; 0.000        ; 0.081      ; 0.674      ;
; 0.414 ; keyboard_top:u_kbd|ps2:uPS2|keyboard:u1|SHIFTIN[8] ; keyboard_top:u_kbd|ps2:uPS2|keyboard:u1|SHIFTIN[7]   ; keyboard_top:u_kbd|ps2:uPS2|keyboard:u1|keyboard_clk_filtered ; keyboard_top:u_kbd|ps2:uPS2|keyboard:u1|keyboard_clk_filtered ; 0.000        ; 0.097      ; 0.697      ;
; 0.421 ; keyboard_top:u_kbd|ps2:uPS2|keyboard:u1|SHIFTIN[2] ; keyboard_top:u_kbd|ps2:uPS2|keyboard:u1|SHIFTIN[1]   ; keyboard_top:u_kbd|ps2:uPS2|keyboard:u1|keyboard_clk_filtered ; keyboard_top:u_kbd|ps2:uPS2|keyboard:u1|keyboard_clk_filtered ; 0.000        ; 0.097      ; 0.704      ;
; 0.543 ; keyboard_top:u_kbd|ps2:uPS2|keyboard:u1|SHIFTIN[3] ; keyboard_top:u_kbd|ps2:uPS2|keyboard:u1|SHIFTIN[2]   ; keyboard_top:u_kbd|ps2:uPS2|keyboard:u1|keyboard_clk_filtered ; keyboard_top:u_kbd|ps2:uPS2|keyboard:u1|keyboard_clk_filtered ; 0.000        ; 0.097      ; 0.826      ;
; 0.544 ; keyboard_top:u_kbd|ps2:uPS2|keyboard:u1|SHIFTIN[5] ; keyboard_top:u_kbd|ps2:uPS2|keyboard:u1|SHIFTIN[4]   ; keyboard_top:u_kbd|ps2:uPS2|keyboard:u1|keyboard_clk_filtered ; keyboard_top:u_kbd|ps2:uPS2|keyboard:u1|keyboard_clk_filtered ; 0.000        ; 0.097      ; 0.827      ;
; 0.592 ; keyboard_top:u_kbd|ps2:uPS2|keyboard:u1|SHIFTIN[1] ; keyboard_top:u_kbd|ps2:uPS2|keyboard:u1|SHIFTIN[0]   ; keyboard_top:u_kbd|ps2:uPS2|keyboard:u1|keyboard_clk_filtered ; keyboard_top:u_kbd|ps2:uPS2|keyboard:u1|keyboard_clk_filtered ; 0.000        ; 0.097      ; 0.875      ;
; 0.641 ; keyboard_top:u_kbd|ps2:uPS2|keyboard:u1|SHIFTIN[6] ; keyboard_top:u_kbd|ps2:uPS2|keyboard:u1|SHIFTIN[5]   ; keyboard_top:u_kbd|ps2:uPS2|keyboard:u1|keyboard_clk_filtered ; keyboard_top:u_kbd|ps2:uPS2|keyboard:u1|keyboard_clk_filtered ; 0.000        ; 0.097      ; 0.924      ;
; 0.659 ; keyboard_top:u_kbd|ps2:uPS2|keyboard:u1|INCNT[0]   ; keyboard_top:u_kbd|ps2:uPS2|keyboard:u1|INCNT[1]     ; keyboard_top:u_kbd|ps2:uPS2|keyboard:u1|keyboard_clk_filtered ; keyboard_top:u_kbd|ps2:uPS2|keyboard:u1|keyboard_clk_filtered ; 0.000        ; 0.081      ; 0.926      ;
; 0.742 ; keyboard_top:u_kbd|ps2:uPS2|keyboard:u1|SHIFTIN[4] ; keyboard_top:u_kbd|ps2:uPS2|keyboard:u1|SHIFTIN[3]   ; keyboard_top:u_kbd|ps2:uPS2|keyboard:u1|keyboard_clk_filtered ; keyboard_top:u_kbd|ps2:uPS2|keyboard:u1|keyboard_clk_filtered ; 0.000        ; 0.097      ; 1.025      ;
; 0.821 ; keyboard_top:u_kbd|ps2:uPS2|keyboard:u1|SHIFTIN[2] ; keyboard_top:u_kbd|ps2:uPS2|keyboard:u1|scan_code[2] ; keyboard_top:u_kbd|ps2:uPS2|keyboard:u1|keyboard_clk_filtered ; keyboard_top:u_kbd|ps2:uPS2|keyboard:u1|keyboard_clk_filtered ; 0.000        ; -0.302     ; 0.705      ;
; 0.990 ; keyboard_top:u_kbd|ps2:uPS2|keyboard:u1|SHIFTIN[5] ; keyboard_top:u_kbd|ps2:uPS2|keyboard:u1|scan_code[5] ; keyboard_top:u_kbd|ps2:uPS2|keyboard:u1|keyboard_clk_filtered ; keyboard_top:u_kbd|ps2:uPS2|keyboard:u1|keyboard_clk_filtered ; 0.000        ; -0.302     ; 0.874      ;
; 0.991 ; keyboard_top:u_kbd|ps2:uPS2|keyboard:u1|SHIFTIN[1] ; keyboard_top:u_kbd|ps2:uPS2|keyboard:u1|scan_code[1] ; keyboard_top:u_kbd|ps2:uPS2|keyboard:u1|keyboard_clk_filtered ; keyboard_top:u_kbd|ps2:uPS2|keyboard:u1|keyboard_clk_filtered ; 0.000        ; -0.302     ; 0.875      ;
; 0.991 ; keyboard_top:u_kbd|ps2:uPS2|keyboard:u1|SHIFTIN[3] ; keyboard_top:u_kbd|ps2:uPS2|keyboard:u1|scan_code[3] ; keyboard_top:u_kbd|ps2:uPS2|keyboard:u1|keyboard_clk_filtered ; keyboard_top:u_kbd|ps2:uPS2|keyboard:u1|keyboard_clk_filtered ; 0.000        ; -0.302     ; 0.875      ;
; 0.991 ; keyboard_top:u_kbd|ps2:uPS2|keyboard:u1|SHIFTIN[7] ; keyboard_top:u_kbd|ps2:uPS2|keyboard:u1|SHIFTIN[6]   ; keyboard_top:u_kbd|ps2:uPS2|keyboard:u1|keyboard_clk_filtered ; keyboard_top:u_kbd|ps2:uPS2|keyboard:u1|keyboard_clk_filtered ; 0.000        ; 0.117      ; 1.294      ;
; 0.997 ; keyboard_top:u_kbd|ps2:uPS2|keyboard:u1|INCNT[0]   ; keyboard_top:u_kbd|ps2:uPS2|keyboard:u1|INCNT[3]     ; keyboard_top:u_kbd|ps2:uPS2|keyboard:u1|keyboard_clk_filtered ; keyboard_top:u_kbd|ps2:uPS2|keyboard:u1|keyboard_clk_filtered ; 0.000        ; 0.081      ; 1.264      ;
; 0.999 ; keyboard_top:u_kbd|ps2:uPS2|keyboard:u1|INCNT[0]   ; keyboard_top:u_kbd|ps2:uPS2|keyboard:u1|INCNT[2]     ; keyboard_top:u_kbd|ps2:uPS2|keyboard:u1|keyboard_clk_filtered ; keyboard_top:u_kbd|ps2:uPS2|keyboard:u1|keyboard_clk_filtered ; 0.000        ; 0.081      ; 1.266      ;
; 1.004 ; keyboard_top:u_kbd|ps2:uPS2|keyboard:u1|SHIFTIN[6] ; keyboard_top:u_kbd|ps2:uPS2|keyboard:u1|scan_code[6] ; keyboard_top:u_kbd|ps2:uPS2|keyboard:u1|keyboard_clk_filtered ; keyboard_top:u_kbd|ps2:uPS2|keyboard:u1|keyboard_clk_filtered ; 0.000        ; -0.302     ; 0.888      ;
; 1.011 ; keyboard_top:u_kbd|ps2:uPS2|keyboard:u1|INCNT[2]   ; keyboard_top:u_kbd|ps2:uPS2|keyboard:u1|INCNT[2]     ; keyboard_top:u_kbd|ps2:uPS2|keyboard:u1|keyboard_clk_filtered ; keyboard_top:u_kbd|ps2:uPS2|keyboard:u1|keyboard_clk_filtered ; 0.000        ; 0.081      ; 1.278      ;
; 1.119 ; keyboard_top:u_kbd|ps2:uPS2|keyboard:u1|INCNT[1]   ; keyboard_top:u_kbd|ps2:uPS2|keyboard:u1|INCNT[3]     ; keyboard_top:u_kbd|ps2:uPS2|keyboard:u1|keyboard_clk_filtered ; keyboard_top:u_kbd|ps2:uPS2|keyboard:u1|keyboard_clk_filtered ; 0.000        ; 0.081      ; 1.386      ;
; 1.120 ; keyboard_top:u_kbd|ps2:uPS2|keyboard:u1|INCNT[1]   ; keyboard_top:u_kbd|ps2:uPS2|keyboard:u1|INCNT[2]     ; keyboard_top:u_kbd|ps2:uPS2|keyboard:u1|keyboard_clk_filtered ; keyboard_top:u_kbd|ps2:uPS2|keyboard:u1|keyboard_clk_filtered ; 0.000        ; 0.081      ; 1.387      ;
; 1.136 ; keyboard_top:u_kbd|ps2:uPS2|keyboard:u1|ready_set  ; keyboard_top:u_kbd|ps2:uPS2|keyboard:u1|ready_set    ; keyboard_top:u_kbd|ps2:uPS2|keyboard:u1|ready_set             ; keyboard_top:u_kbd|ps2:uPS2|keyboard:u1|keyboard_clk_filtered ; 0.000        ; 3.027      ; 4.591      ;
; 1.189 ; keyboard_top:u_kbd|ps2:uPS2|keyboard:u1|SHIFTIN[4] ; keyboard_top:u_kbd|ps2:uPS2|keyboard:u1|scan_code[4] ; keyboard_top:u_kbd|ps2:uPS2|keyboard:u1|keyboard_clk_filtered ; keyboard_top:u_kbd|ps2:uPS2|keyboard:u1|keyboard_clk_filtered ; 0.000        ; -0.302     ; 1.073      ;
; 1.207 ; keyboard_top:u_kbd|ps2:uPS2|keyboard:u1|INCNT[3]   ; keyboard_top:u_kbd|ps2:uPS2|keyboard:u1|INCNT[3]     ; keyboard_top:u_kbd|ps2:uPS2|keyboard:u1|keyboard_clk_filtered ; keyboard_top:u_kbd|ps2:uPS2|keyboard:u1|keyboard_clk_filtered ; 0.000        ; 0.081      ; 1.474      ;
; 1.214 ; keyboard_top:u_kbd|ps2:uPS2|keyboard:u1|INCNT[1]   ; keyboard_top:u_kbd|ps2:uPS2|keyboard:u1|READ_CHAR    ; keyboard_top:u_kbd|ps2:uPS2|keyboard:u1|keyboard_clk_filtered ; keyboard_top:u_kbd|ps2:uPS2|keyboard:u1|keyboard_clk_filtered ; 0.000        ; 0.081      ; 1.481      ;
; 1.218 ; keyboard_top:u_kbd|ps2:uPS2|keyboard:u1|INCNT[1]   ; keyboard_top:u_kbd|ps2:uPS2|keyboard:u1|INCNT[0]     ; keyboard_top:u_kbd|ps2:uPS2|keyboard:u1|keyboard_clk_filtered ; keyboard_top:u_kbd|ps2:uPS2|keyboard:u1|keyboard_clk_filtered ; 0.000        ; 0.081      ; 1.485      ;
; 1.336 ; keyboard_top:u_kbd|ps2:uPS2|keyboard:u1|INCNT[0]   ; keyboard_top:u_kbd|ps2:uPS2|keyboard:u1|READ_CHAR    ; keyboard_top:u_kbd|ps2:uPS2|keyboard:u1|keyboard_clk_filtered ; keyboard_top:u_kbd|ps2:uPS2|keyboard:u1|keyboard_clk_filtered ; 0.000        ; 0.081      ; 1.603      ;
; 1.360 ; keyboard_top:u_kbd|ps2:uPS2|keyboard:u1|READ_CHAR  ; keyboard_top:u_kbd|ps2:uPS2|keyboard:u1|SHIFTIN[7]   ; keyboard_top:u_kbd|ps2:uPS2|keyboard:u1|keyboard_clk_filtered ; keyboard_top:u_kbd|ps2:uPS2|keyboard:u1|keyboard_clk_filtered ; 0.000        ; 0.475      ; 2.021      ;
; 1.360 ; keyboard_top:u_kbd|ps2:uPS2|keyboard:u1|READ_CHAR  ; keyboard_top:u_kbd|ps2:uPS2|keyboard:u1|SHIFTIN[8]   ; keyboard_top:u_kbd|ps2:uPS2|keyboard:u1|keyboard_clk_filtered ; keyboard_top:u_kbd|ps2:uPS2|keyboard:u1|keyboard_clk_filtered ; 0.000        ; 0.475      ; 2.021      ;
; 1.406 ; keyboard_top:u_kbd|ps2:uPS2|keyboard:u1|READ_CHAR  ; keyboard_top:u_kbd|ps2:uPS2|keyboard:u1|SHIFTIN[6]   ; keyboard_top:u_kbd|ps2:uPS2|keyboard:u1|keyboard_clk_filtered ; keyboard_top:u_kbd|ps2:uPS2|keyboard:u1|keyboard_clk_filtered ; 0.000        ; 0.495      ; 2.087      ;
; 1.406 ; keyboard_top:u_kbd|ps2:uPS2|keyboard:u1|READ_CHAR  ; keyboard_top:u_kbd|ps2:uPS2|keyboard:u1|SHIFTIN[3]   ; keyboard_top:u_kbd|ps2:uPS2|keyboard:u1|keyboard_clk_filtered ; keyboard_top:u_kbd|ps2:uPS2|keyboard:u1|keyboard_clk_filtered ; 0.000        ; 0.495      ; 2.087      ;
; 1.406 ; keyboard_top:u_kbd|ps2:uPS2|keyboard:u1|READ_CHAR  ; keyboard_top:u_kbd|ps2:uPS2|keyboard:u1|SHIFTIN[4]   ; keyboard_top:u_kbd|ps2:uPS2|keyboard:u1|keyboard_clk_filtered ; keyboard_top:u_kbd|ps2:uPS2|keyboard:u1|keyboard_clk_filtered ; 0.000        ; 0.495      ; 2.087      ;
; 1.406 ; keyboard_top:u_kbd|ps2:uPS2|keyboard:u1|READ_CHAR  ; keyboard_top:u_kbd|ps2:uPS2|keyboard:u1|SHIFTIN[5]   ; keyboard_top:u_kbd|ps2:uPS2|keyboard:u1|keyboard_clk_filtered ; keyboard_top:u_kbd|ps2:uPS2|keyboard:u1|keyboard_clk_filtered ; 0.000        ; 0.495      ; 2.087      ;
; 1.406 ; keyboard_top:u_kbd|ps2:uPS2|keyboard:u1|READ_CHAR  ; keyboard_top:u_kbd|ps2:uPS2|keyboard:u1|SHIFTIN[1]   ; keyboard_top:u_kbd|ps2:uPS2|keyboard:u1|keyboard_clk_filtered ; keyboard_top:u_kbd|ps2:uPS2|keyboard:u1|keyboard_clk_filtered ; 0.000        ; 0.495      ; 2.087      ;
; 1.406 ; keyboard_top:u_kbd|ps2:uPS2|keyboard:u1|READ_CHAR  ; keyboard_top:u_kbd|ps2:uPS2|keyboard:u1|SHIFTIN[2]   ; keyboard_top:u_kbd|ps2:uPS2|keyboard:u1|keyboard_clk_filtered ; keyboard_top:u_kbd|ps2:uPS2|keyboard:u1|keyboard_clk_filtered ; 0.000        ; 0.495      ; 2.087      ;
; 1.406 ; keyboard_top:u_kbd|ps2:uPS2|keyboard:u1|READ_CHAR  ; keyboard_top:u_kbd|ps2:uPS2|keyboard:u1|SHIFTIN[0]   ; keyboard_top:u_kbd|ps2:uPS2|keyboard:u1|keyboard_clk_filtered ; keyboard_top:u_kbd|ps2:uPS2|keyboard:u1|keyboard_clk_filtered ; 0.000        ; 0.495      ; 2.087      ;
; 1.417 ; keyboard_top:u_kbd|ps2:uPS2|keyboard:u1|SHIFTIN[0] ; keyboard_top:u_kbd|ps2:uPS2|keyboard:u1|scan_code[0] ; keyboard_top:u_kbd|ps2:uPS2|keyboard:u1|keyboard_clk_filtered ; keyboard_top:u_kbd|ps2:uPS2|keyboard:u1|keyboard_clk_filtered ; 0.000        ; -0.302     ; 1.301      ;
; 1.438 ; keyboard_top:u_kbd|ps2:uPS2|keyboard:u1|SHIFTIN[7] ; keyboard_top:u_kbd|ps2:uPS2|keyboard:u1|scan_code[7] ; keyboard_top:u_kbd|ps2:uPS2|keyboard:u1|keyboard_clk_filtered ; keyboard_top:u_kbd|ps2:uPS2|keyboard:u1|keyboard_clk_filtered ; 0.000        ; -0.282     ; 1.342      ;
; 1.441 ; keyboard_top:u_kbd|ps2:uPS2|keyboard:u1|INCNT[2]   ; keyboard_top:u_kbd|ps2:uPS2|keyboard:u1|INCNT[3]     ; keyboard_top:u_kbd|ps2:uPS2|keyboard:u1|keyboard_clk_filtered ; keyboard_top:u_kbd|ps2:uPS2|keyboard:u1|keyboard_clk_filtered ; 0.000        ; 0.081      ; 1.708      ;
; 1.457 ; keyboard_top:u_kbd|ps2:uPS2|keyboard:u1|INCNT[3]   ; keyboard_top:u_kbd|ps2:uPS2|keyboard:u1|READ_CHAR    ; keyboard_top:u_kbd|ps2:uPS2|keyboard:u1|keyboard_clk_filtered ; keyboard_top:u_kbd|ps2:uPS2|keyboard:u1|keyboard_clk_filtered ; 0.000        ; 0.081      ; 1.724      ;
; 1.461 ; keyboard_top:u_kbd|ps2:uPS2|keyboard:u1|INCNT[3]   ; keyboard_top:u_kbd|ps2:uPS2|keyboard:u1|INCNT[0]     ; keyboard_top:u_kbd|ps2:uPS2|keyboard:u1|keyboard_clk_filtered ; keyboard_top:u_kbd|ps2:uPS2|keyboard:u1|keyboard_clk_filtered ; 0.000        ; 0.081      ; 1.728      ;
; 1.541 ; keyboard_top:u_kbd|ps2:uPS2|keyboard:u1|INCNT[2]   ; keyboard_top:u_kbd|ps2:uPS2|keyboard:u1|READ_CHAR    ; keyboard_top:u_kbd|ps2:uPS2|keyboard:u1|keyboard_clk_filtered ; keyboard_top:u_kbd|ps2:uPS2|keyboard:u1|keyboard_clk_filtered ; 0.000        ; 0.081      ; 1.808      ;
; 1.545 ; keyboard_top:u_kbd|ps2:uPS2|keyboard:u1|INCNT[2]   ; keyboard_top:u_kbd|ps2:uPS2|keyboard:u1|INCNT[0]     ; keyboard_top:u_kbd|ps2:uPS2|keyboard:u1|keyboard_clk_filtered ; keyboard_top:u_kbd|ps2:uPS2|keyboard:u1|keyboard_clk_filtered ; 0.000        ; 0.081      ; 1.812      ;
; 1.553 ; keyboard_top:u_kbd|ps2:uPS2|keyboard:u1|INCNT[1]   ; keyboard_top:u_kbd|ps2:uPS2|keyboard:u1|SHIFTIN[7]   ; keyboard_top:u_kbd|ps2:uPS2|keyboard:u1|keyboard_clk_filtered ; keyboard_top:u_kbd|ps2:uPS2|keyboard:u1|keyboard_clk_filtered ; 0.000        ; 0.475      ; 2.214      ;
; 1.553 ; keyboard_top:u_kbd|ps2:uPS2|keyboard:u1|INCNT[1]   ; keyboard_top:u_kbd|ps2:uPS2|keyboard:u1|SHIFTIN[8]   ; keyboard_top:u_kbd|ps2:uPS2|keyboard:u1|keyboard_clk_filtered ; keyboard_top:u_kbd|ps2:uPS2|keyboard:u1|keyboard_clk_filtered ; 0.000        ; 0.475      ; 2.214      ;
; 1.564 ; keyboard_top:u_kbd|ps2:uPS2|keyboard:u1|READ_CHAR  ; keyboard_top:u_kbd|ps2:uPS2|keyboard:u1|INCNT[1]     ; keyboard_top:u_kbd|ps2:uPS2|keyboard:u1|keyboard_clk_filtered ; keyboard_top:u_kbd|ps2:uPS2|keyboard:u1|keyboard_clk_filtered ; 0.000        ; 0.081      ; 1.831      ;
; 1.564 ; keyboard_top:u_kbd|ps2:uPS2|keyboard:u1|READ_CHAR  ; keyboard_top:u_kbd|ps2:uPS2|keyboard:u1|INCNT[0]     ; keyboard_top:u_kbd|ps2:uPS2|keyboard:u1|keyboard_clk_filtered ; keyboard_top:u_kbd|ps2:uPS2|keyboard:u1|keyboard_clk_filtered ; 0.000        ; 0.081      ; 1.831      ;
; 1.564 ; keyboard_top:u_kbd|ps2:uPS2|keyboard:u1|READ_CHAR  ; keyboard_top:u_kbd|ps2:uPS2|keyboard:u1|INCNT[3]     ; keyboard_top:u_kbd|ps2:uPS2|keyboard:u1|keyboard_clk_filtered ; keyboard_top:u_kbd|ps2:uPS2|keyboard:u1|keyboard_clk_filtered ; 0.000        ; 0.081      ; 1.831      ;
; 1.564 ; keyboard_top:u_kbd|ps2:uPS2|keyboard:u1|READ_CHAR  ; keyboard_top:u_kbd|ps2:uPS2|keyboard:u1|INCNT[2]     ; keyboard_top:u_kbd|ps2:uPS2|keyboard:u1|keyboard_clk_filtered ; keyboard_top:u_kbd|ps2:uPS2|keyboard:u1|keyboard_clk_filtered ; 0.000        ; 0.081      ; 1.831      ;
; 1.612 ; keyboard_top:u_kbd|ps2:uPS2|keyboard:u1|INCNT[1]   ; keyboard_top:u_kbd|ps2:uPS2|keyboard:u1|SHIFTIN[6]   ; keyboard_top:u_kbd|ps2:uPS2|keyboard:u1|keyboard_clk_filtered ; keyboard_top:u_kbd|ps2:uPS2|keyboard:u1|keyboard_clk_filtered ; 0.000        ; 0.495      ; 2.293      ;
; 1.612 ; keyboard_top:u_kbd|ps2:uPS2|keyboard:u1|INCNT[1]   ; keyboard_top:u_kbd|ps2:uPS2|keyboard:u1|SHIFTIN[3]   ; keyboard_top:u_kbd|ps2:uPS2|keyboard:u1|keyboard_clk_filtered ; keyboard_top:u_kbd|ps2:uPS2|keyboard:u1|keyboard_clk_filtered ; 0.000        ; 0.495      ; 2.293      ;
; 1.612 ; keyboard_top:u_kbd|ps2:uPS2|keyboard:u1|INCNT[1]   ; keyboard_top:u_kbd|ps2:uPS2|keyboard:u1|SHIFTIN[4]   ; keyboard_top:u_kbd|ps2:uPS2|keyboard:u1|keyboard_clk_filtered ; keyboard_top:u_kbd|ps2:uPS2|keyboard:u1|keyboard_clk_filtered ; 0.000        ; 0.495      ; 2.293      ;
; 1.612 ; keyboard_top:u_kbd|ps2:uPS2|keyboard:u1|INCNT[1]   ; keyboard_top:u_kbd|ps2:uPS2|keyboard:u1|SHIFTIN[5]   ; keyboard_top:u_kbd|ps2:uPS2|keyboard:u1|keyboard_clk_filtered ; keyboard_top:u_kbd|ps2:uPS2|keyboard:u1|keyboard_clk_filtered ; 0.000        ; 0.495      ; 2.293      ;
; 1.612 ; keyboard_top:u_kbd|ps2:uPS2|keyboard:u1|INCNT[1]   ; keyboard_top:u_kbd|ps2:uPS2|keyboard:u1|SHIFTIN[1]   ; keyboard_top:u_kbd|ps2:uPS2|keyboard:u1|keyboard_clk_filtered ; keyboard_top:u_kbd|ps2:uPS2|keyboard:u1|keyboard_clk_filtered ; 0.000        ; 0.495      ; 2.293      ;
; 1.612 ; keyboard_top:u_kbd|ps2:uPS2|keyboard:u1|INCNT[1]   ; keyboard_top:u_kbd|ps2:uPS2|keyboard:u1|SHIFTIN[2]   ; keyboard_top:u_kbd|ps2:uPS2|keyboard:u1|keyboard_clk_filtered ; keyboard_top:u_kbd|ps2:uPS2|keyboard:u1|keyboard_clk_filtered ; 0.000        ; 0.495      ; 2.293      ;
; 1.612 ; keyboard_top:u_kbd|ps2:uPS2|keyboard:u1|INCNT[1]   ; keyboard_top:u_kbd|ps2:uPS2|keyboard:u1|SHIFTIN[0]   ; keyboard_top:u_kbd|ps2:uPS2|keyboard:u1|keyboard_clk_filtered ; keyboard_top:u_kbd|ps2:uPS2|keyboard:u1|keyboard_clk_filtered ; 0.000        ; 0.495      ; 2.293      ;
; 1.646 ; keyboard_top:u_kbd|ps2:uPS2|keyboard:u1|ready_set  ; keyboard_top:u_kbd|ps2:uPS2|keyboard:u1|ready_set    ; keyboard_top:u_kbd|ps2:uPS2|keyboard:u1|ready_set             ; keyboard_top:u_kbd|ps2:uPS2|keyboard:u1|keyboard_clk_filtered ; -0.500       ; 3.027      ; 4.601      ;
; 1.675 ; keyboard_top:u_kbd|ps2:uPS2|keyboard:u1|INCNT[0]   ; keyboard_top:u_kbd|ps2:uPS2|keyboard:u1|SHIFTIN[7]   ; keyboard_top:u_kbd|ps2:uPS2|keyboard:u1|keyboard_clk_filtered ; keyboard_top:u_kbd|ps2:uPS2|keyboard:u1|keyboard_clk_filtered ; 0.000        ; 0.475      ; 2.336      ;
; 1.675 ; keyboard_top:u_kbd|ps2:uPS2|keyboard:u1|INCNT[0]   ; keyboard_top:u_kbd|ps2:uPS2|keyboard:u1|SHIFTIN[8]   ; keyboard_top:u_kbd|ps2:uPS2|keyboard:u1|keyboard_clk_filtered ; keyboard_top:u_kbd|ps2:uPS2|keyboard:u1|keyboard_clk_filtered ; 0.000        ; 0.475      ; 2.336      ;
; 1.728 ; keyboard_top:u_kbd|ps2:uPS2|keyboard:u1|INCNT[3]   ; keyboard_top:u_kbd|ps2:uPS2|keyboard:u1|INCNT[1]     ; keyboard_top:u_kbd|ps2:uPS2|keyboard:u1|keyboard_clk_filtered ; keyboard_top:u_kbd|ps2:uPS2|keyboard:u1|keyboard_clk_filtered ; 0.000        ; 0.081      ; 1.995      ;
; 1.728 ; keyboard_top:u_kbd|ps2:uPS2|keyboard:u1|INCNT[3]   ; keyboard_top:u_kbd|ps2:uPS2|keyboard:u1|INCNT[2]     ; keyboard_top:u_kbd|ps2:uPS2|keyboard:u1|keyboard_clk_filtered ; keyboard_top:u_kbd|ps2:uPS2|keyboard:u1|keyboard_clk_filtered ; 0.000        ; 0.081      ; 1.995      ;
; 1.734 ; keyboard_top:u_kbd|ps2:uPS2|keyboard:u1|INCNT[0]   ; keyboard_top:u_kbd|ps2:uPS2|keyboard:u1|SHIFTIN[6]   ; keyboard_top:u_kbd|ps2:uPS2|keyboard:u1|keyboard_clk_filtered ; keyboard_top:u_kbd|ps2:uPS2|keyboard:u1|keyboard_clk_filtered ; 0.000        ; 0.495      ; 2.415      ;
; 1.734 ; keyboard_top:u_kbd|ps2:uPS2|keyboard:u1|INCNT[0]   ; keyboard_top:u_kbd|ps2:uPS2|keyboard:u1|SHIFTIN[3]   ; keyboard_top:u_kbd|ps2:uPS2|keyboard:u1|keyboard_clk_filtered ; keyboard_top:u_kbd|ps2:uPS2|keyboard:u1|keyboard_clk_filtered ; 0.000        ; 0.495      ; 2.415      ;
; 1.734 ; keyboard_top:u_kbd|ps2:uPS2|keyboard:u1|INCNT[0]   ; keyboard_top:u_kbd|ps2:uPS2|keyboard:u1|SHIFTIN[4]   ; keyboard_top:u_kbd|ps2:uPS2|keyboard:u1|keyboard_clk_filtered ; keyboard_top:u_kbd|ps2:uPS2|keyboard:u1|keyboard_clk_filtered ; 0.000        ; 0.495      ; 2.415      ;
; 1.734 ; keyboard_top:u_kbd|ps2:uPS2|keyboard:u1|INCNT[0]   ; keyboard_top:u_kbd|ps2:uPS2|keyboard:u1|SHIFTIN[5]   ; keyboard_top:u_kbd|ps2:uPS2|keyboard:u1|keyboard_clk_filtered ; keyboard_top:u_kbd|ps2:uPS2|keyboard:u1|keyboard_clk_filtered ; 0.000        ; 0.495      ; 2.415      ;
; 1.734 ; keyboard_top:u_kbd|ps2:uPS2|keyboard:u1|INCNT[0]   ; keyboard_top:u_kbd|ps2:uPS2|keyboard:u1|SHIFTIN[1]   ; keyboard_top:u_kbd|ps2:uPS2|keyboard:u1|keyboard_clk_filtered ; keyboard_top:u_kbd|ps2:uPS2|keyboard:u1|keyboard_clk_filtered ; 0.000        ; 0.495      ; 2.415      ;
; 1.734 ; keyboard_top:u_kbd|ps2:uPS2|keyboard:u1|INCNT[0]   ; keyboard_top:u_kbd|ps2:uPS2|keyboard:u1|SHIFTIN[2]   ; keyboard_top:u_kbd|ps2:uPS2|keyboard:u1|keyboard_clk_filtered ; keyboard_top:u_kbd|ps2:uPS2|keyboard:u1|keyboard_clk_filtered ; 0.000        ; 0.495      ; 2.415      ;
; 1.734 ; keyboard_top:u_kbd|ps2:uPS2|keyboard:u1|INCNT[0]   ; keyboard_top:u_kbd|ps2:uPS2|keyboard:u1|SHIFTIN[0]   ; keyboard_top:u_kbd|ps2:uPS2|keyboard:u1|keyboard_clk_filtered ; keyboard_top:u_kbd|ps2:uPS2|keyboard:u1|keyboard_clk_filtered ; 0.000        ; 0.495      ; 2.415      ;
; 1.796 ; keyboard_top:u_kbd|ps2:uPS2|keyboard:u1|INCNT[3]   ; keyboard_top:u_kbd|ps2:uPS2|keyboard:u1|SHIFTIN[7]   ; keyboard_top:u_kbd|ps2:uPS2|keyboard:u1|keyboard_clk_filtered ; keyboard_top:u_kbd|ps2:uPS2|keyboard:u1|keyboard_clk_filtered ; 0.000        ; 0.475      ; 2.457      ;
; 1.796 ; keyboard_top:u_kbd|ps2:uPS2|keyboard:u1|INCNT[3]   ; keyboard_top:u_kbd|ps2:uPS2|keyboard:u1|SHIFTIN[8]   ; keyboard_top:u_kbd|ps2:uPS2|keyboard:u1|keyboard_clk_filtered ; keyboard_top:u_kbd|ps2:uPS2|keyboard:u1|keyboard_clk_filtered ; 0.000        ; 0.475      ; 2.457      ;
; 1.812 ; keyboard_top:u_kbd|ps2:uPS2|keyboard:u1|INCNT[2]   ; keyboard_top:u_kbd|ps2:uPS2|keyboard:u1|INCNT[1]     ; keyboard_top:u_kbd|ps2:uPS2|keyboard:u1|keyboard_clk_filtered ; keyboard_top:u_kbd|ps2:uPS2|keyboard:u1|keyboard_clk_filtered ; 0.000        ; 0.081      ; 2.079      ;
; 1.855 ; keyboard_top:u_kbd|ps2:uPS2|keyboard:u1|INCNT[3]   ; keyboard_top:u_kbd|ps2:uPS2|keyboard:u1|SHIFTIN[6]   ; keyboard_top:u_kbd|ps2:uPS2|keyboard:u1|keyboard_clk_filtered ; keyboard_top:u_kbd|ps2:uPS2|keyboard:u1|keyboard_clk_filtered ; 0.000        ; 0.495      ; 2.536      ;
; 1.855 ; keyboard_top:u_kbd|ps2:uPS2|keyboard:u1|INCNT[3]   ; keyboard_top:u_kbd|ps2:uPS2|keyboard:u1|SHIFTIN[3]   ; keyboard_top:u_kbd|ps2:uPS2|keyboard:u1|keyboard_clk_filtered ; keyboard_top:u_kbd|ps2:uPS2|keyboard:u1|keyboard_clk_filtered ; 0.000        ; 0.495      ; 2.536      ;
; 1.855 ; keyboard_top:u_kbd|ps2:uPS2|keyboard:u1|INCNT[3]   ; keyboard_top:u_kbd|ps2:uPS2|keyboard:u1|SHIFTIN[4]   ; keyboard_top:u_kbd|ps2:uPS2|keyboard:u1|keyboard_clk_filtered ; keyboard_top:u_kbd|ps2:uPS2|keyboard:u1|keyboard_clk_filtered ; 0.000        ; 0.495      ; 2.536      ;
; 1.855 ; keyboard_top:u_kbd|ps2:uPS2|keyboard:u1|INCNT[3]   ; keyboard_top:u_kbd|ps2:uPS2|keyboard:u1|SHIFTIN[5]   ; keyboard_top:u_kbd|ps2:uPS2|keyboard:u1|keyboard_clk_filtered ; keyboard_top:u_kbd|ps2:uPS2|keyboard:u1|keyboard_clk_filtered ; 0.000        ; 0.495      ; 2.536      ;
; 1.855 ; keyboard_top:u_kbd|ps2:uPS2|keyboard:u1|INCNT[3]   ; keyboard_top:u_kbd|ps2:uPS2|keyboard:u1|SHIFTIN[1]   ; keyboard_top:u_kbd|ps2:uPS2|keyboard:u1|keyboard_clk_filtered ; keyboard_top:u_kbd|ps2:uPS2|keyboard:u1|keyboard_clk_filtered ; 0.000        ; 0.495      ; 2.536      ;
; 1.855 ; keyboard_top:u_kbd|ps2:uPS2|keyboard:u1|INCNT[3]   ; keyboard_top:u_kbd|ps2:uPS2|keyboard:u1|SHIFTIN[2]   ; keyboard_top:u_kbd|ps2:uPS2|keyboard:u1|keyboard_clk_filtered ; keyboard_top:u_kbd|ps2:uPS2|keyboard:u1|keyboard_clk_filtered ; 0.000        ; 0.495      ; 2.536      ;
; 1.855 ; keyboard_top:u_kbd|ps2:uPS2|keyboard:u1|INCNT[3]   ; keyboard_top:u_kbd|ps2:uPS2|keyboard:u1|SHIFTIN[0]   ; keyboard_top:u_kbd|ps2:uPS2|keyboard:u1|keyboard_clk_filtered ; keyboard_top:u_kbd|ps2:uPS2|keyboard:u1|keyboard_clk_filtered ; 0.000        ; 0.495      ; 2.536      ;
; 1.880 ; keyboard_top:u_kbd|ps2:uPS2|keyboard:u1|INCNT[2]   ; keyboard_top:u_kbd|ps2:uPS2|keyboard:u1|SHIFTIN[7]   ; keyboard_top:u_kbd|ps2:uPS2|keyboard:u1|keyboard_clk_filtered ; keyboard_top:u_kbd|ps2:uPS2|keyboard:u1|keyboard_clk_filtered ; 0.000        ; 0.475      ; 2.541      ;
; 1.880 ; keyboard_top:u_kbd|ps2:uPS2|keyboard:u1|INCNT[2]   ; keyboard_top:u_kbd|ps2:uPS2|keyboard:u1|SHIFTIN[8]   ; keyboard_top:u_kbd|ps2:uPS2|keyboard:u1|keyboard_clk_filtered ; keyboard_top:u_kbd|ps2:uPS2|keyboard:u1|keyboard_clk_filtered ; 0.000        ; 0.475      ; 2.541      ;
; 1.938 ; keyboard_top:u_kbd|ps2:uPS2|keyboard:u1|READ_CHAR  ; keyboard_top:u_kbd|ps2:uPS2|keyboard:u1|scan_code[7] ; keyboard_top:u_kbd|ps2:uPS2|keyboard:u1|keyboard_clk_filtered ; keyboard_top:u_kbd|ps2:uPS2|keyboard:u1|keyboard_clk_filtered ; 0.000        ; 0.096      ; 2.220      ;
; 1.938 ; keyboard_top:u_kbd|ps2:uPS2|keyboard:u1|READ_CHAR  ; keyboard_top:u_kbd|ps2:uPS2|keyboard:u1|scan_code[3] ; keyboard_top:u_kbd|ps2:uPS2|keyboard:u1|keyboard_clk_filtered ; keyboard_top:u_kbd|ps2:uPS2|keyboard:u1|keyboard_clk_filtered ; 0.000        ; 0.096      ; 2.220      ;
; 1.938 ; keyboard_top:u_kbd|ps2:uPS2|keyboard:u1|READ_CHAR  ; keyboard_top:u_kbd|ps2:uPS2|keyboard:u1|scan_code[4] ; keyboard_top:u_kbd|ps2:uPS2|keyboard:u1|keyboard_clk_filtered ; keyboard_top:u_kbd|ps2:uPS2|keyboard:u1|keyboard_clk_filtered ; 0.000        ; 0.096      ; 2.220      ;
; 1.938 ; keyboard_top:u_kbd|ps2:uPS2|keyboard:u1|READ_CHAR  ; keyboard_top:u_kbd|ps2:uPS2|keyboard:u1|scan_code[1] ; keyboard_top:u_kbd|ps2:uPS2|keyboard:u1|keyboard_clk_filtered ; keyboard_top:u_kbd|ps2:uPS2|keyboard:u1|keyboard_clk_filtered ; 0.000        ; 0.096      ; 2.220      ;
; 1.938 ; keyboard_top:u_kbd|ps2:uPS2|keyboard:u1|READ_CHAR  ; keyboard_top:u_kbd|ps2:uPS2|keyboard:u1|scan_code[6] ; keyboard_top:u_kbd|ps2:uPS2|keyboard:u1|keyboard_clk_filtered ; keyboard_top:u_kbd|ps2:uPS2|keyboard:u1|keyboard_clk_filtered ; 0.000        ; 0.096      ; 2.220      ;
; 1.938 ; keyboard_top:u_kbd|ps2:uPS2|keyboard:u1|READ_CHAR  ; keyboard_top:u_kbd|ps2:uPS2|keyboard:u1|scan_code[5] ; keyboard_top:u_kbd|ps2:uPS2|keyboard:u1|keyboard_clk_filtered ; keyboard_top:u_kbd|ps2:uPS2|keyboard:u1|keyboard_clk_filtered ; 0.000        ; 0.096      ; 2.220      ;
; 1.938 ; keyboard_top:u_kbd|ps2:uPS2|keyboard:u1|READ_CHAR  ; keyboard_top:u_kbd|ps2:uPS2|keyboard:u1|scan_code[0] ; keyboard_top:u_kbd|ps2:uPS2|keyboard:u1|keyboard_clk_filtered ; keyboard_top:u_kbd|ps2:uPS2|keyboard:u1|keyboard_clk_filtered ; 0.000        ; 0.096      ; 2.220      ;
; 1.938 ; keyboard_top:u_kbd|ps2:uPS2|keyboard:u1|READ_CHAR  ; keyboard_top:u_kbd|ps2:uPS2|keyboard:u1|scan_code[2] ; keyboard_top:u_kbd|ps2:uPS2|keyboard:u1|keyboard_clk_filtered ; keyboard_top:u_kbd|ps2:uPS2|keyboard:u1|keyboard_clk_filtered ; 0.000        ; 0.096      ; 2.220      ;
; 1.939 ; keyboard_top:u_kbd|ps2:uPS2|keyboard:u1|INCNT[2]   ; keyboard_top:u_kbd|ps2:uPS2|keyboard:u1|SHIFTIN[6]   ; keyboard_top:u_kbd|ps2:uPS2|keyboard:u1|keyboard_clk_filtered ; keyboard_top:u_kbd|ps2:uPS2|keyboard:u1|keyboard_clk_filtered ; 0.000        ; 0.495      ; 2.620      ;
; 1.939 ; keyboard_top:u_kbd|ps2:uPS2|keyboard:u1|INCNT[2]   ; keyboard_top:u_kbd|ps2:uPS2|keyboard:u1|SHIFTIN[3]   ; keyboard_top:u_kbd|ps2:uPS2|keyboard:u1|keyboard_clk_filtered ; keyboard_top:u_kbd|ps2:uPS2|keyboard:u1|keyboard_clk_filtered ; 0.000        ; 0.495      ; 2.620      ;
; 1.939 ; keyboard_top:u_kbd|ps2:uPS2|keyboard:u1|INCNT[2]   ; keyboard_top:u_kbd|ps2:uPS2|keyboard:u1|SHIFTIN[4]   ; keyboard_top:u_kbd|ps2:uPS2|keyboard:u1|keyboard_clk_filtered ; keyboard_top:u_kbd|ps2:uPS2|keyboard:u1|keyboard_clk_filtered ; 0.000        ; 0.495      ; 2.620      ;
; 1.939 ; keyboard_top:u_kbd|ps2:uPS2|keyboard:u1|INCNT[2]   ; keyboard_top:u_kbd|ps2:uPS2|keyboard:u1|SHIFTIN[5]   ; keyboard_top:u_kbd|ps2:uPS2|keyboard:u1|keyboard_clk_filtered ; keyboard_top:u_kbd|ps2:uPS2|keyboard:u1|keyboard_clk_filtered ; 0.000        ; 0.495      ; 2.620      ;
; 1.939 ; keyboard_top:u_kbd|ps2:uPS2|keyboard:u1|INCNT[2]   ; keyboard_top:u_kbd|ps2:uPS2|keyboard:u1|SHIFTIN[1]   ; keyboard_top:u_kbd|ps2:uPS2|keyboard:u1|keyboard_clk_filtered ; keyboard_top:u_kbd|ps2:uPS2|keyboard:u1|keyboard_clk_filtered ; 0.000        ; 0.495      ; 2.620      ;
; 1.939 ; keyboard_top:u_kbd|ps2:uPS2|keyboard:u1|INCNT[2]   ; keyboard_top:u_kbd|ps2:uPS2|keyboard:u1|SHIFTIN[2]   ; keyboard_top:u_kbd|ps2:uPS2|keyboard:u1|keyboard_clk_filtered ; keyboard_top:u_kbd|ps2:uPS2|keyboard:u1|keyboard_clk_filtered ; 0.000        ; 0.495      ; 2.620      ;
; 1.939 ; keyboard_top:u_kbd|ps2:uPS2|keyboard:u1|INCNT[2]   ; keyboard_top:u_kbd|ps2:uPS2|keyboard:u1|SHIFTIN[0]   ; keyboard_top:u_kbd|ps2:uPS2|keyboard:u1|keyboard_clk_filtered ; keyboard_top:u_kbd|ps2:uPS2|keyboard:u1|keyboard_clk_filtered ; 0.000        ; 0.495      ; 2.620      ;
; 2.178 ; keyboard_top:u_kbd|ps2:uPS2|keyboard:u1|INCNT[1]   ; keyboard_top:u_kbd|ps2:uPS2|keyboard:u1|scan_code[7] ; keyboard_top:u_kbd|ps2:uPS2|keyboard:u1|keyboard_clk_filtered ; keyboard_top:u_kbd|ps2:uPS2|keyboard:u1|keyboard_clk_filtered ; 0.000        ; 0.096      ; 2.460      ;
; 2.178 ; keyboard_top:u_kbd|ps2:uPS2|keyboard:u1|INCNT[1]   ; keyboard_top:u_kbd|ps2:uPS2|keyboard:u1|scan_code[3] ; keyboard_top:u_kbd|ps2:uPS2|keyboard:u1|keyboard_clk_filtered ; keyboard_top:u_kbd|ps2:uPS2|keyboard:u1|keyboard_clk_filtered ; 0.000        ; 0.096      ; 2.460      ;
; 2.178 ; keyboard_top:u_kbd|ps2:uPS2|keyboard:u1|INCNT[1]   ; keyboard_top:u_kbd|ps2:uPS2|keyboard:u1|scan_code[4] ; keyboard_top:u_kbd|ps2:uPS2|keyboard:u1|keyboard_clk_filtered ; keyboard_top:u_kbd|ps2:uPS2|keyboard:u1|keyboard_clk_filtered ; 0.000        ; 0.096      ; 2.460      ;
; 2.178 ; keyboard_top:u_kbd|ps2:uPS2|keyboard:u1|INCNT[1]   ; keyboard_top:u_kbd|ps2:uPS2|keyboard:u1|scan_code[1] ; keyboard_top:u_kbd|ps2:uPS2|keyboard:u1|keyboard_clk_filtered ; keyboard_top:u_kbd|ps2:uPS2|keyboard:u1|keyboard_clk_filtered ; 0.000        ; 0.096      ; 2.460      ;
+-------+----------------------------------------------------+------------------------------------------------------+---------------------------------------------------------------+---------------------------------------------------------------+--------------+------------+------------+


+-----------------------------------------------------------------------------------------------------------------------------------------------------------------------------------+
; Slow 1200mV 85C Model Hold: 'CLOCK_50'                                                                                                                                            ;
+-------+--------------------------------------+--------------------------------------+--------------------------------------+-------------+--------------+------------+------------+
; Slack ; From Node                            ; To Node                              ; Launch Clock                         ; Latch Clock ; Relationship ; Clock Skew ; Data Delay ;
+-------+--------------------------------------+--------------------------------------+--------------------------------------+-------------+--------------+------------+------------+
; 0.578 ; vga_sync_pipe:u_sync|pixel_clock_int ; vga_sync_pipe:u_sync|pixel_clock_int ; vga_sync_pipe:u_sync|pixel_clock_int ; CLOCK_50    ; 0.000        ; 1.737      ; 2.763      ;
; 1.144 ; vga_sync_pipe:u_sync|pixel_clock_int ; vga_sync_pipe:u_sync|pixel_clock_int ; vga_sync_pipe:u_sync|pixel_clock_int ; CLOCK_50    ; -0.500       ; 1.737      ; 2.829      ;
+-------+--------------------------------------+--------------------------------------+--------------------------------------+-------------+--------------+------------+------------+


+-----------------------------------------------------------------------------------------------------------------------------------------------------------------------------------------------------------------------------------------------------------------------------------------------------------+
; Slow 1200mV 85C Model Hold: 'vga_sync_pipe:u_sync|pixel_clock_int'                                                                                                                                                                                                                                        ;
+-------+-----------------------------------------------------------------------------------------------+----------------------------------------------------------+--------------------------------------------------------+--------------------------------------+--------------+------------+------------+
; Slack ; From Node                                                                                     ; To Node                                                  ; Launch Clock                                           ; Latch Clock                          ; Relationship ; Clock Skew ; Data Delay ;
+-------+-----------------------------------------------------------------------------------------------+----------------------------------------------------------+--------------------------------------------------------+--------------------------------------+--------------+------------+------------+
; 0.639 ; vga_sync_pipe:u_sync|h_count[7]                                                               ; vga_sync_pipe:u_sync|h_count[7]                          ; vga_sync_pipe:u_sync|pixel_clock_int                   ; vga_sync_pipe:u_sync|pixel_clock_int ; 0.000        ; 0.081      ; 0.906      ;
; 0.644 ; vga_sync_pipe:u_sync|h_count[6]                                                               ; vga_sync_pipe:u_sync|h_count[6]                          ; vga_sync_pipe:u_sync|pixel_clock_int                   ; vga_sync_pipe:u_sync|pixel_clock_int ; 0.000        ; 0.081      ; 0.911      ;
; 0.653 ; vga_sync_pipe:u_sync|h_count[1]                                                               ; vga_sync_pipe:u_sync|h_count[1]                          ; vga_sync_pipe:u_sync|pixel_clock_int                   ; vga_sync_pipe:u_sync|pixel_clock_int ; 0.000        ; 0.081      ; 0.920      ;
; 0.957 ; vga_sync_pipe:u_sync|horiz_sync                                                               ; vga_sync_pipe:u_sync|horiz_sync_out                      ; vga_sync_pipe:u_sync|pixel_clock_int                   ; vga_sync_pipe:u_sync|pixel_clock_int ; 0.000        ; -0.331     ; 0.812      ;
; 0.959 ; vga_sync_pipe:u_sync|h_count[5]                                                               ; vga_sync_pipe:u_sync|h_count[6]                          ; vga_sync_pipe:u_sync|pixel_clock_int                   ; vga_sync_pipe:u_sync|pixel_clock_int ; 0.000        ; 0.081      ; 1.226      ;
; 0.970 ; vga_sync_pipe:u_sync|h_count[0]                                                               ; vga_sync_pipe:u_sync|horiz_sync                          ; vga_sync_pipe:u_sync|pixel_clock_int                   ; vga_sync_pipe:u_sync|pixel_clock_int ; 0.000        ; 0.509      ; 1.665      ;
; 0.970 ; vga_sync_pipe:u_sync|h_count[4]                                                               ; vga_sync_pipe:u_sync|h_count[6]                          ; vga_sync_pipe:u_sync|pixel_clock_int                   ; vga_sync_pipe:u_sync|pixel_clock_int ; 0.000        ; 0.081      ; 1.237      ;
; 0.971 ; vga_sync_pipe:u_sync|h_count[6]                                                               ; vga_sync_pipe:u_sync|h_count[7]                          ; vga_sync_pipe:u_sync|pixel_clock_int                   ; vga_sync_pipe:u_sync|pixel_clock_int ; 0.000        ; 0.081      ; 1.238      ;
; 0.985 ; vga_sync_pipe:u_sync|h_count[0]                                                               ; vga_sync_pipe:u_sync|h_count[1]                          ; vga_sync_pipe:u_sync|pixel_clock_int                   ; vga_sync_pipe:u_sync|pixel_clock_int ; 0.000        ; 0.081      ; 1.252      ;
; 1.047 ; vga_sync_pipe:u_sync|h_count[4]                                                               ; vga_sync_pipe:u_sync|horiz_sync                          ; vga_sync_pipe:u_sync|pixel_clock_int                   ; vga_sync_pipe:u_sync|pixel_clock_int ; 0.000        ; 0.509      ; 1.742      ;
; 1.075 ; vga_sync_pipe:u_sync|h_count[5]                                                               ; vga_sync_pipe:u_sync|horiz_sync                          ; vga_sync_pipe:u_sync|pixel_clock_int                   ; vga_sync_pipe:u_sync|pixel_clock_int ; 0.000        ; 0.509      ; 1.770      ;
; 1.080 ; vga_sync_pipe:u_sync|h_count[5]                                                               ; vga_sync_pipe:u_sync|h_count[7]                          ; vga_sync_pipe:u_sync|pixel_clock_int                   ; vga_sync_pipe:u_sync|pixel_clock_int ; 0.000        ; 0.081      ; 1.347      ;
; 1.091 ; vga_sync_pipe:u_sync|h_count[4]                                                               ; vga_sync_pipe:u_sync|h_count[7]                          ; vga_sync_pipe:u_sync|pixel_clock_int                   ; vga_sync_pipe:u_sync|pixel_clock_int ; 0.000        ; 0.081      ; 1.358      ;
; 1.093 ; vga_sync_pipe:u_sync|h_count[2]                                                               ; vga_sync_pipe:u_sync|horiz_sync                          ; vga_sync_pipe:u_sync|pixel_clock_int                   ; vga_sync_pipe:u_sync|pixel_clock_int ; 0.000        ; 0.509      ; 1.788      ;
; 1.116 ; vga_sync_pipe:u_sync|h_count[2]                                                               ; vga_sync_pipe:u_sync|h_count[6]                          ; vga_sync_pipe:u_sync|pixel_clock_int                   ; vga_sync_pipe:u_sync|pixel_clock_int ; 0.000        ; 0.081      ; 1.383      ;
; 1.223 ; vga_sync_pipe:u_sync|h_count[1]                                                               ; vga_sync_pipe:u_sync|h_count[6]                          ; vga_sync_pipe:u_sync|pixel_clock_int                   ; vga_sync_pipe:u_sync|pixel_clock_int ; 0.000        ; 0.081      ; 1.490      ;
; 1.234 ; vga_sync_pipe:u_sync|h_count[8]                                                               ; vga_sync_pipe:u_sync|horiz_sync                          ; vga_sync_pipe:u_sync|pixel_clock_int                   ; vga_sync_pipe:u_sync|pixel_clock_int ; 0.000        ; 0.509      ; 1.929      ;
; 1.237 ; vga_sync_pipe:u_sync|h_count[2]                                                               ; vga_sync_pipe:u_sync|h_count[7]                          ; vga_sync_pipe:u_sync|pixel_clock_int                   ; vga_sync_pipe:u_sync|pixel_clock_int ; 0.000        ; 0.081      ; 1.504      ;
; 1.242 ; vga_sync_pipe:u_sync|h_count[0]                                                               ; vga_sync_pipe:u_sync|h_count[6]                          ; vga_sync_pipe:u_sync|pixel_clock_int                   ; vga_sync_pipe:u_sync|pixel_clock_int ; 0.000        ; 0.081      ; 1.509      ;
; 1.269 ; vga_sync_pipe:u_sync|h_count[3]                                                               ; vga_sync_pipe:u_sync|horiz_sync                          ; vga_sync_pipe:u_sync|pixel_clock_int                   ; vga_sync_pipe:u_sync|pixel_clock_int ; 0.000        ; 0.509      ; 1.964      ;
; 1.269 ; vga_sync_pipe:u_sync|h_count[9]                                                               ; vga_sync_pipe:u_sync|horiz_sync                          ; vga_sync_pipe:u_sync|pixel_clock_int                   ; vga_sync_pipe:u_sync|pixel_clock_int ; 0.000        ; 0.510      ; 1.965      ;
; 1.298 ; vga_sync_pipe:u_sync|h_count[3]                                                               ; vga_sync_pipe:u_sync|h_count[6]                          ; vga_sync_pipe:u_sync|pixel_clock_int                   ; vga_sync_pipe:u_sync|pixel_clock_int ; 0.000        ; 0.081      ; 1.565      ;
; 1.307 ; vga_sync_pipe:u_sync|h_count[1]                                                               ; vga_sync_pipe:u_sync|horiz_sync                          ; vga_sync_pipe:u_sync|pixel_clock_int                   ; vga_sync_pipe:u_sync|pixel_clock_int ; 0.000        ; 0.509      ; 2.002      ;
; 1.309 ; vga_sync_pipe:u_sync|h_count[7]                                                               ; vga_sync_pipe:u_sync|horiz_sync                          ; vga_sync_pipe:u_sync|pixel_clock_int                   ; vga_sync_pipe:u_sync|pixel_clock_int ; 0.000        ; 0.509      ; 2.004      ;
; 1.311 ; vga_sync_pipe:u_sync|h_count[6]                                                               ; vga_sync_pipe:u_sync|horiz_sync                          ; vga_sync_pipe:u_sync|pixel_clock_int                   ; vga_sync_pipe:u_sync|pixel_clock_int ; 0.000        ; 0.509      ; 2.006      ;
; 1.340 ; vga_sync_pipe:u_sync|h_count[2]                                                               ; vga_sync_pipe:u_sync|h_count[2]                          ; vga_sync_pipe:u_sync|pixel_clock_int                   ; vga_sync_pipe:u_sync|pixel_clock_int ; 0.000        ; 0.081      ; 1.607      ;
; 1.344 ; vga_sync_pipe:u_sync|h_count[1]                                                               ; vga_sync_pipe:u_sync|h_count[7]                          ; vga_sync_pipe:u_sync|pixel_clock_int                   ; vga_sync_pipe:u_sync|pixel_clock_int ; 0.000        ; 0.081      ; 1.611      ;
; 1.363 ; vga_sync_pipe:u_sync|h_count[0]                                                               ; vga_sync_pipe:u_sync|h_count[7]                          ; vga_sync_pipe:u_sync|pixel_clock_int                   ; vga_sync_pipe:u_sync|pixel_clock_int ; 0.000        ; 0.081      ; 1.630      ;
; 1.371 ; vga_sync_pipe:u_sync|v_count[9]                                                               ; vga_sync_pipe:u_sync|video_on_v                          ; vga_sync_pipe:u_sync|pixel_clock_int                   ; vga_sync_pipe:u_sync|pixel_clock_int ; 0.000        ; 0.105      ; 1.662      ;
; 1.389 ; vga_sync_pipe:u_sync|h_count[4]                                                               ; vga_sync_pipe:u_sync|h_count[4]                          ; vga_sync_pipe:u_sync|pixel_clock_int                   ; vga_sync_pipe:u_sync|pixel_clock_int ; 0.000        ; 0.081      ; 1.656      ;
; 1.399 ; vga_sync_pipe:u_sync|h_count[0]                                                               ; vga_sync_pipe:u_sync|h_count[9]                          ; vga_sync_pipe:u_sync|pixel_clock_int                   ; vga_sync_pipe:u_sync|pixel_clock_int ; 0.000        ; 0.080      ; 1.665      ;
; 1.419 ; vga_sync_pipe:u_sync|h_count[3]                                                               ; vga_sync_pipe:u_sync|h_count[7]                          ; vga_sync_pipe:u_sync|pixel_clock_int                   ; vga_sync_pipe:u_sync|pixel_clock_int ; 0.000        ; 0.081      ; 1.686      ;
; 1.459 ; vga_sync_pipe:u_sync|v_count[8]                                                               ; vga_sync_pipe:u_sync|video_on_v                          ; vga_sync_pipe:u_sync|pixel_clock_int                   ; vga_sync_pipe:u_sync|pixel_clock_int ; 0.000        ; 0.098      ; 1.743      ;
; 1.464 ; vga_sync_pipe:u_sync|v_count[9]                                                               ; vga_sync_pipe:u_sync|pixel_row[9]                        ; vga_sync_pipe:u_sync|pixel_clock_int                   ; vga_sync_pipe:u_sync|pixel_clock_int ; 0.000        ; 0.063      ; 1.713      ;
; 1.476 ; vga_sync_pipe:u_sync|h_count[4]                                                               ; vga_sync_pipe:u_sync|h_count[9]                          ; vga_sync_pipe:u_sync|pixel_clock_int                   ; vga_sync_pipe:u_sync|pixel_clock_int ; 0.000        ; 0.080      ; 1.742      ;
; 1.491 ; vga_sync_pipe:u_sync|v_count[4]                                                               ; vga_sync_pipe:u_sync|pixel_row[4]                        ; vga_sync_pipe:u_sync|pixel_clock_int                   ; vga_sync_pipe:u_sync|pixel_clock_int ; 0.000        ; 0.063      ; 1.740      ;
; 1.504 ; vga_sync_pipe:u_sync|h_count[5]                                                               ; vga_sync_pipe:u_sync|h_count[9]                          ; vga_sync_pipe:u_sync|pixel_clock_int                   ; vga_sync_pipe:u_sync|pixel_clock_int ; 0.000        ; 0.080      ; 1.770      ;
; 1.522 ; vga_sync_pipe:u_sync|h_count[2]                                                               ; vga_sync_pipe:u_sync|h_count[9]                          ; vga_sync_pipe:u_sync|pixel_clock_int                   ; vga_sync_pipe:u_sync|pixel_clock_int ; 0.000        ; 0.080      ; 1.788      ;
; 1.578 ; vga_sync_pipe:u_sync|v_count[8]                                                               ; vga_sync_pipe:u_sync|pixel_row[8]                        ; vga_sync_pipe:u_sync|pixel_clock_int                   ; vga_sync_pipe:u_sync|pixel_clock_int ; 0.000        ; -0.333     ; 1.431      ;
; 1.583 ; vga_sync_pipe:u_sync|v_count[7]                                                               ; vga_sync_pipe:u_sync|pixel_row[7]                        ; vga_sync_pipe:u_sync|pixel_clock_int                   ; vga_sync_pipe:u_sync|pixel_clock_int ; 0.000        ; 0.063      ; 1.832      ;
; 1.594 ; vga_sync_pipe:u_sync|v_count[3]                                                               ; vga_sync_pipe:u_sync|pixel_row[3]                        ; vga_sync_pipe:u_sync|pixel_clock_int                   ; vga_sync_pipe:u_sync|pixel_clock_int ; 0.000        ; -0.333     ; 1.447      ;
; 1.637 ; vga_sync_pipe:u_sync|verti_sync                                                               ; vga_sync_pipe:u_sync|verti_syn_out                       ; vga_sync_pipe:u_sync|pixel_clock_int                   ; vga_sync_pipe:u_sync|pixel_clock_int ; 0.000        ; 0.115      ; 1.938      ;
; 1.653 ; vga_sync_pipe:u_sync|h_count[1]                                                               ; vga_sync_pipe:u_sync|h_count[2]                          ; vga_sync_pipe:u_sync|pixel_clock_int                   ; vga_sync_pipe:u_sync|pixel_clock_int ; 0.000        ; 0.081      ; 1.920      ;
; 1.656 ; vga_sync_pipe:u_sync|v_count[8]                                                               ; vga_sync_pipe:u_sync|pixel_row[9]                        ; vga_sync_pipe:u_sync|pixel_clock_int                   ; vga_sync_pipe:u_sync|pixel_clock_int ; 0.000        ; 0.104      ; 1.946      ;
; 1.663 ; vga_sync_pipe:u_sync|h_count[8]                                                               ; vga_sync_pipe:u_sync|h_count[9]                          ; vga_sync_pipe:u_sync|pixel_clock_int                   ; vga_sync_pipe:u_sync|pixel_clock_int ; 0.000        ; 0.080      ; 1.929      ;
; 1.672 ; vga_sync_pipe:u_sync|v_count[3]                                                               ; vga_sync_pipe:u_sync|pixel_row[4]                        ; vga_sync_pipe:u_sync|pixel_clock_int                   ; vga_sync_pipe:u_sync|pixel_clock_int ; 0.000        ; 0.104      ; 1.962      ;
; 1.672 ; vga_sync_pipe:u_sync|h_count[0]                                                               ; vga_sync_pipe:u_sync|h_count[2]                          ; vga_sync_pipe:u_sync|pixel_clock_int                   ; vga_sync_pipe:u_sync|pixel_clock_int ; 0.000        ; 0.081      ; 1.939      ;
; 1.688 ; vga_sync_pipe:u_sync|v_count[8]                                                               ; vga_sync_pipe:u_sync|v_count[8]                          ; vga_sync_pipe:u_sync|pixel_clock_int                   ; vga_sync_pipe:u_sync|pixel_clock_int ; 0.000        ; 0.098      ; 1.972      ;
; 1.698 ; vga_sync_pipe:u_sync|h_count[3]                                                               ; vga_sync_pipe:u_sync|h_count[9]                          ; vga_sync_pipe:u_sync|pixel_clock_int                   ; vga_sync_pipe:u_sync|pixel_clock_int ; 0.000        ; 0.080      ; 1.964      ;
; 1.698 ; vga_sync_pipe:u_sync|h_count[9]                                                               ; vga_sync_pipe:u_sync|h_count[9]                          ; vga_sync_pipe:u_sync|pixel_clock_int                   ; vga_sync_pipe:u_sync|pixel_clock_int ; 0.000        ; 0.081      ; 1.965      ;
; 1.709 ; vga_sync_pipe:u_sync|v_count[1]                                                               ; vga_sync_pipe:u_sync|pixel_row[1]                        ; vga_sync_pipe:u_sync|pixel_clock_int                   ; vga_sync_pipe:u_sync|pixel_clock_int ; 0.000        ; -0.333     ; 1.562      ;
; 1.718 ; vga_sync_pipe:u_sync|v_count[7]                                                               ; vga_sync_pipe:u_sync|video_on_v                          ; vga_sync_pipe:u_sync|pixel_clock_int                   ; vga_sync_pipe:u_sync|pixel_clock_int ; 0.000        ; 0.105      ; 2.009      ;
; 1.724 ; vga_sync_pipe:u_sync|v_count[2]                                                               ; vga_sync_pipe:u_sync|pixel_row[4]                        ; vga_sync_pipe:u_sync|pixel_clock_int                   ; vga_sync_pipe:u_sync|pixel_clock_int ; 0.000        ; 0.095      ; 2.005      ;
; 1.736 ; vga_sync_pipe:u_sync|h_count[1]                                                               ; vga_sync_pipe:u_sync|h_count[9]                          ; vga_sync_pipe:u_sync|pixel_clock_int                   ; vga_sync_pipe:u_sync|pixel_clock_int ; 0.000        ; 0.080      ; 2.002      ;
; 1.738 ; vga_sync_pipe:u_sync|h_count[7]                                                               ; vga_sync_pipe:u_sync|h_count[9]                          ; vga_sync_pipe:u_sync|pixel_clock_int                   ; vga_sync_pipe:u_sync|pixel_clock_int ; 0.000        ; 0.080      ; 2.004      ;
; 1.740 ; vga_sync_pipe:u_sync|h_count[6]                                                               ; vga_sync_pipe:u_sync|h_count[9]                          ; vga_sync_pipe:u_sync|pixel_clock_int                   ; vga_sync_pipe:u_sync|pixel_clock_int ; 0.000        ; 0.080      ; 2.006      ;
; 1.741 ; vga_sync_pipe:u_sync|h_count[2]                                                               ; vga_sync_pipe:u_sync|h_count[4]                          ; vga_sync_pipe:u_sync|pixel_clock_int                   ; vga_sync_pipe:u_sync|pixel_clock_int ; 0.000        ; 0.081      ; 2.008      ;
; 1.763 ; bullet_bottom_top:u_bullets_bottom|tank_bullet_bottom_refine:\gen_bullets:0:u_bullet|y_reg[3] ; pixelGenerator_dynamicbulletmodule:u_pix|colorAddress[1] ; u_pll|uPLL|altpll_component|auto_generated|pll1|clk[0] ; vga_sync_pipe:u_sync|pixel_clock_int ; 0.000        ; 3.031      ; 5.050      ;
; 1.773 ; vga_sync_pipe:u_sync|v_count[3]                                                               ; vga_sync_pipe:u_sync|verti_sync                          ; vga_sync_pipe:u_sync|pixel_clock_int                   ; vga_sync_pipe:u_sync|pixel_clock_int ; 0.000        ; 0.140      ; 2.099      ;
; 1.779 ; bullet_bottom_top:u_bullets_bottom|tank_bullet_bottom_refine:\gen_bullets:0:u_bullet|y_reg[3] ; pixelGenerator_dynamicbulletmodule:u_pix|colorAddress[2] ; u_pll|uPLL|altpll_component|auto_generated|pll1|clk[0] ; vga_sync_pipe:u_sync|pixel_clock_int ; 0.000        ; 3.031      ; 5.066      ;
; 1.780 ; vga_sync_pipe:u_sync|h_count[0]                                                               ; vga_sync_pipe:u_sync|h_count[5]                          ; vga_sync_pipe:u_sync|pixel_clock_int                   ; vga_sync_pipe:u_sync|pixel_clock_int ; 0.000        ; 0.081      ; 2.047      ;
; 1.793 ; vga_sync_pipe:u_sync|v_count[1]                                                               ; vga_sync_pipe:u_sync|pixel_row[4]                        ; vga_sync_pipe:u_sync|pixel_clock_int                   ; vga_sync_pipe:u_sync|pixel_clock_int ; 0.000        ; 0.104      ; 2.083      ;
; 1.804 ; bullet_top_top:u_bullets_top|tank_bullet_top_refine:\gen_bullets:4:u_bullet|y_reg[3]          ; pixelGenerator_dynamicbulletmodule:u_pix|colorAddress[0] ; u_pll|uPLL|altpll_component|auto_generated|pll1|clk[0] ; vga_sync_pipe:u_sync|pixel_clock_int ; 0.000        ; 3.022      ; 5.082      ;
; 1.806 ; tank_bottom:u_tank_bottom|x_reg[8]                                                            ; pixelGenerator_dynamicbulletmodule:u_pix|colorAddress[2] ; u_pll|uPLL|altpll_component|auto_generated|pll1|clk[0] ; vga_sync_pipe:u_sync|pixel_clock_int ; 0.000        ; 3.015      ; 5.077      ;
; 1.809 ; bullet_top_top:u_bullets_top|tank_bullet_top_refine:\gen_bullets:4:u_bullet|y_reg[3]          ; pixelGenerator_dynamicbulletmodule:u_pix|colorAddress[1] ; u_pll|uPLL|altpll_component|auto_generated|pll1|clk[0] ; vga_sync_pipe:u_sync|pixel_clock_int ; 0.000        ; 3.022      ; 5.087      ;
; 1.811 ; bullet_bottom_top:u_bullets_bottom|tank_bullet_bottom_refine:\gen_bullets:0:u_bullet|y_reg[3] ; pixelGenerator_dynamicbulletmodule:u_pix|colorAddress[0] ; u_pll|uPLL|altpll_component|auto_generated|pll1|clk[0] ; vga_sync_pipe:u_sync|pixel_clock_int ; 0.000        ; 3.031      ; 5.098      ;
; 1.825 ; bullet_top_top:u_bullets_top|tank_bullet_top_refine:\gen_bullets:4:u_bullet|y_reg[3]          ; pixelGenerator_dynamicbulletmodule:u_pix|colorAddress[2] ; u_pll|uPLL|altpll_component|auto_generated|pll1|clk[0] ; vga_sync_pipe:u_sync|pixel_clock_int ; 0.000        ; 3.022      ; 5.103      ;
; 1.825 ; bullet_top_top:u_bullets_top|tank_bullet_top_refine:\gen_bullets:4:u_bullet|y_reg[4]          ; pixelGenerator_dynamicbulletmodule:u_pix|colorAddress[0] ; u_pll|uPLL|altpll_component|auto_generated|pll1|clk[0] ; vga_sync_pipe:u_sync|pixel_clock_int ; 0.000        ; 3.022      ; 5.103      ;
; 1.830 ; bullet_top_top:u_bullets_top|tank_bullet_top_refine:\gen_bullets:4:u_bullet|y_reg[4]          ; pixelGenerator_dynamicbulletmodule:u_pix|colorAddress[1] ; u_pll|uPLL|altpll_component|auto_generated|pll1|clk[0] ; vga_sync_pipe:u_sync|pixel_clock_int ; 0.000        ; 3.022      ; 5.108      ;
; 1.846 ; bullet_top_top:u_bullets_top|tank_bullet_top_refine:\gen_bullets:4:u_bullet|y_reg[4]          ; pixelGenerator_dynamicbulletmodule:u_pix|colorAddress[2] ; u_pll|uPLL|altpll_component|auto_generated|pll1|clk[0] ; vga_sync_pipe:u_sync|pixel_clock_int ; 0.000        ; 3.022      ; 5.124      ;
; 1.848 ; vga_sync_pipe:u_sync|h_count[1]                                                               ; vga_sync_pipe:u_sync|h_count[4]                          ; vga_sync_pipe:u_sync|pixel_clock_int                   ; vga_sync_pipe:u_sync|pixel_clock_int ; 0.000        ; 0.081      ; 2.115      ;
; 1.852 ; bullet_bottom_top:u_bullets_bottom|tank_bullet_bottom_refine:\gen_bullets:3:u_bullet|x_reg[5] ; pixelGenerator_dynamicbulletmodule:u_pix|colorAddress[2] ; u_pll|uPLL|altpll_component|auto_generated|pll1|clk[0] ; vga_sync_pipe:u_sync|pixel_clock_int ; 0.000        ; 3.023      ; 5.131      ;
; 1.854 ; vga_sync_pipe:u_sync|h_count[7]                                                               ; vga_sync_pipe:u_sync|pixel_column[7]                     ; vga_sync_pipe:u_sync|pixel_clock_int                   ; vga_sync_pipe:u_sync|pixel_clock_int ; 0.000        ; 0.089      ; 2.129      ;
; 1.862 ; vga_sync_pipe:u_sync|v_count[7]                                                               ; vga_sync_pipe:u_sync|pixel_row[9]                        ; vga_sync_pipe:u_sync|pixel_clock_int                   ; vga_sync_pipe:u_sync|pixel_clock_int ; 0.000        ; 0.063      ; 2.111      ;
; 1.867 ; vga_sync_pipe:u_sync|h_count[0]                                                               ; vga_sync_pipe:u_sync|h_count[4]                          ; vga_sync_pipe:u_sync|pixel_clock_int                   ; vga_sync_pipe:u_sync|pixel_clock_int ; 0.000        ; 0.081      ; 2.134      ;
; 1.868 ; vga_sync_pipe:u_sync|h_count[2]                                                               ; vga_sync_pipe:u_sync|pixel_column[2]                     ; vga_sync_pipe:u_sync|pixel_clock_int                   ; vga_sync_pipe:u_sync|pixel_clock_int ; 0.000        ; 0.089      ; 2.143      ;
; 1.869 ; bullet_bottom_top:u_bullets_bottom|tank_bullet_bottom_refine:\gen_bullets:0:u_bullet|y_reg[7] ; pixelGenerator_dynamicbulletmodule:u_pix|colorAddress[1] ; u_pll|uPLL|altpll_component|auto_generated|pll1|clk[0] ; vga_sync_pipe:u_sync|pixel_clock_int ; 0.000        ; 3.031      ; 5.156      ;
; 1.871 ; vga_sync_pipe:u_sync|v_count[3]                                                               ; vga_sync_pipe:u_sync|v_count[3]                          ; vga_sync_pipe:u_sync|pixel_clock_int                   ; vga_sync_pipe:u_sync|pixel_clock_int ; 0.000        ; 0.098      ; 2.155      ;
; 1.876 ; bullet_bottom_top:u_bullets_bottom|tank_bullet_bottom_refine:\gen_bullets:3:u_bullet|x_reg[5] ; pixelGenerator_dynamicbulletmodule:u_pix|colorAddress[1] ; u_pll|uPLL|altpll_component|auto_generated|pll1|clk[0] ; vga_sync_pipe:u_sync|pixel_clock_int ; 0.000        ; 3.023      ; 5.155      ;
; 1.881 ; bullet_bottom_top:u_bullets_bottom|tank_bullet_bottom_refine:\gen_bullets:3:u_bullet|x_reg[5] ; pixelGenerator_dynamicbulletmodule:u_pix|colorAddress[0] ; u_pll|uPLL|altpll_component|auto_generated|pll1|clk[0] ; vga_sync_pipe:u_sync|pixel_clock_int ; 0.000        ; 3.023      ; 5.160      ;
; 1.885 ; bullet_bottom_top:u_bullets_bottom|tank_bullet_bottom_refine:\gen_bullets:0:u_bullet|y_reg[7] ; pixelGenerator_dynamicbulletmodule:u_pix|colorAddress[2] ; u_pll|uPLL|altpll_component|auto_generated|pll1|clk[0] ; vga_sync_pipe:u_sync|pixel_clock_int ; 0.000        ; 3.031      ; 5.172      ;
; 1.895 ; vga_sync_pipe:u_sync|h_count[8]                                                               ; vga_sync_pipe:u_sync|h_count[5]                          ; vga_sync_pipe:u_sync|pixel_clock_int                   ; vga_sync_pipe:u_sync|pixel_clock_int ; 0.000        ; 0.081      ; 2.162      ;
; 1.896 ; bullet_bottom_top:u_bullets_bottom|tank_bullet_bottom_refine:\gen_bullets:3:u_bullet|y_reg[4] ; pixelGenerator_dynamicbulletmodule:u_pix|colorAddress[2] ; u_pll|uPLL|altpll_component|auto_generated|pll1|clk[0] ; vga_sync_pipe:u_sync|pixel_clock_int ; 0.000        ; 3.028      ; 5.180      ;
; 1.901 ; vga_sync_pipe:u_sync|h_count[2]                                                               ; vga_sync_pipe:u_sync|h_count[5]                          ; vga_sync_pipe:u_sync|pixel_clock_int                   ; vga_sync_pipe:u_sync|pixel_clock_int ; 0.000        ; 0.081      ; 2.168      ;
; 1.906 ; tank_bottom:u_tank_bottom|x_reg[7]                                                            ; pixelGenerator_dynamicbulletmodule:u_pix|colorAddress[2] ; u_pll|uPLL|altpll_component|auto_generated|pll1|clk[0] ; vga_sync_pipe:u_sync|pixel_clock_int ; 0.000        ; 3.015      ; 5.177      ;
; 1.914 ; bullet_bottom_top:u_bullets_bottom|tank_bullet_bottom_refine:\gen_bullets:3:u_bullet|x_reg[4] ; pixelGenerator_dynamicbulletmodule:u_pix|colorAddress[2] ; u_pll|uPLL|altpll_component|auto_generated|pll1|clk[0] ; vga_sync_pipe:u_sync|pixel_clock_int ; 0.000        ; 3.023      ; 5.193      ;
; 1.917 ; bullet_bottom_top:u_bullets_bottom|tank_bullet_bottom_refine:\gen_bullets:0:u_bullet|y_reg[7] ; pixelGenerator_dynamicbulletmodule:u_pix|colorAddress[0] ; u_pll|uPLL|altpll_component|auto_generated|pll1|clk[0] ; vga_sync_pipe:u_sync|pixel_clock_int ; 0.000        ; 3.031      ; 5.204      ;
; 1.920 ; bullet_bottom_top:u_bullets_bottom|tank_bullet_bottom_refine:\gen_bullets:3:u_bullet|y_reg[4] ; pixelGenerator_dynamicbulletmodule:u_pix|colorAddress[1] ; u_pll|uPLL|altpll_component|auto_generated|pll1|clk[0] ; vga_sync_pipe:u_sync|pixel_clock_int ; 0.000        ; 3.028      ; 5.204      ;
; 1.921 ; bullet_top_top:u_bullets_top|tank_bullet_top_refine:\gen_bullets:4:u_bullet|y_reg[1]          ; pixelGenerator_dynamicbulletmodule:u_pix|colorAddress[0] ; u_pll|uPLL|altpll_component|auto_generated|pll1|clk[0] ; vga_sync_pipe:u_sync|pixel_clock_int ; 0.000        ; 3.021      ; 5.198      ;
; 1.923 ; vga_sync_pipe:u_sync|h_count[3]                                                               ; vga_sync_pipe:u_sync|h_count[4]                          ; vga_sync_pipe:u_sync|pixel_clock_int                   ; vga_sync_pipe:u_sync|pixel_clock_int ; 0.000        ; 0.081      ; 2.190      ;
; 1.925 ; bullet_bottom_top:u_bullets_bottom|tank_bullet_bottom_refine:\gen_bullets:3:u_bullet|y_reg[4] ; pixelGenerator_dynamicbulletmodule:u_pix|colorAddress[0] ; u_pll|uPLL|altpll_component|auto_generated|pll1|clk[0] ; vga_sync_pipe:u_sync|pixel_clock_int ; 0.000        ; 3.028      ; 5.209      ;
; 1.926 ; bullet_top_top:u_bullets_top|tank_bullet_top_refine:\gen_bullets:4:u_bullet|y_reg[1]          ; pixelGenerator_dynamicbulletmodule:u_pix|colorAddress[1] ; u_pll|uPLL|altpll_component|auto_generated|pll1|clk[0] ; vga_sync_pipe:u_sync|pixel_clock_int ; 0.000        ; 3.021      ; 5.203      ;
; 1.926 ; bullet_bottom_top:u_bullets_bottom|tank_bullet_bottom_refine:\gen_bullets:2:u_bullet|x_reg[6] ; pixelGenerator_dynamicbulletmodule:u_pix|colorAddress[2] ; u_pll|uPLL|altpll_component|auto_generated|pll1|clk[0] ; vga_sync_pipe:u_sync|pixel_clock_int ; 0.000        ; 3.022      ; 5.204      ;
; 1.930 ; bullet_top_top:u_bullets_top|tank_bullet_top_refine:\gen_bullets:4:u_bullet|y_reg[8]          ; pixelGenerator_dynamicbulletmodule:u_pix|colorAddress[2] ; u_pll|uPLL|altpll_component|auto_generated|pll1|clk[0] ; vga_sync_pipe:u_sync|pixel_clock_int ; 0.000        ; 3.022      ; 5.208      ;
; 1.930 ; bullet_bottom_top:u_bullets_bottom|tank_bullet_bottom_refine:\gen_bullets:3:u_bullet|y_reg[3] ; pixelGenerator_dynamicbulletmodule:u_pix|colorAddress[2] ; u_pll|uPLL|altpll_component|auto_generated|pll1|clk[0] ; vga_sync_pipe:u_sync|pixel_clock_int ; 0.000        ; 3.028      ; 5.214      ;
; 1.930 ; bullet_bottom_top:u_bullets_bottom|tank_bullet_bottom_refine:\gen_bullets:2:u_bullet|x_reg[6] ; pixelGenerator_dynamicbulletmodule:u_pix|colorAddress[1] ; u_pll|uPLL|altpll_component|auto_generated|pll1|clk[0] ; vga_sync_pipe:u_sync|pixel_clock_int ; 0.000        ; 3.022      ; 5.208      ;
; 1.930 ; vga_sync_pipe:u_sync|h_count[9]                                                               ; vga_sync_pipe:u_sync|h_count[5]                          ; vga_sync_pipe:u_sync|pixel_clock_int                   ; vga_sync_pipe:u_sync|pixel_clock_int ; 0.000        ; 0.082      ; 2.198      ;
; 1.931 ; bullet_top_top:u_bullets_top|tank_bullet_top_refine:\gen_bullets:4:u_bullet|y_reg[2]          ; pixelGenerator_dynamicbulletmodule:u_pix|colorAddress[0] ; u_pll|uPLL|altpll_component|auto_generated|pll1|clk[0] ; vga_sync_pipe:u_sync|pixel_clock_int ; 0.000        ; 3.022      ; 5.209      ;
; 1.932 ; bullet_top_top:u_bullets_top|tank_bullet_top_refine:\gen_bullets:1:u_bullet|x_reg[8]          ; pixelGenerator_dynamicbulletmodule:u_pix|colorAddress[2] ; u_pll|uPLL|altpll_component|auto_generated|pll1|clk[0] ; vga_sync_pipe:u_sync|pixel_clock_int ; 0.000        ; 3.018      ; 5.206      ;
; 1.933 ; bullet_bottom_top:u_bullets_bottom|tank_bullet_bottom_refine:\gen_bullets:3:u_bullet|x_reg[6] ; pixelGenerator_dynamicbulletmodule:u_pix|colorAddress[2] ; u_pll|uPLL|altpll_component|auto_generated|pll1|clk[0] ; vga_sync_pipe:u_sync|pixel_clock_int ; 0.000        ; 3.023      ; 5.212      ;
+-------+-----------------------------------------------------------------------------------------------+----------------------------------------------------------+--------------------------------------------------------+--------------------------------------+--------------+------------+------------+


+--------------------------------------------------------------------------------------------------------------------------------------------------------------------------------------------------------------------------------------------------------------------------+
; Slow 1200mV 85C Model Recovery: 'keyboard_top:u_kbd|ps2:uPS2|keyboard:u1|ready_set'                                                                                                                                                                                      ;
+--------+------------------------------------------------------+----------------------------------------------------+--------------------------------------------------------+---------------------------------------------------+--------------+------------+------------+
; Slack  ; From Node                                            ; To Node                                            ; Launch Clock                                           ; Latch Clock                                       ; Relationship ; Clock Skew ; Data Delay ;
+--------+------------------------------------------------------+----------------------------------------------------+--------------------------------------------------------+---------------------------------------------------+--------------+------------+------------+
; -1.547 ; keyboard_top:u_kbd|ps2:uPS2|oneshot:pulser|pulse_out ; keyboard_top:u_kbd|ps2:uPS2|keyboard:u1|scan_ready ; u_pll|uPLL|altpll_component|auto_generated|pll1|clk[0] ; keyboard_top:u_kbd|ps2:uPS2|keyboard:u1|ready_set ; 1.000        ; 0.929      ; 3.404      ;
+--------+------------------------------------------------------+----------------------------------------------------+--------------------------------------------------------+---------------------------------------------------+--------------+------------+------------+


+-------------------------------------------------------------------------------------------------------------------------------------------------------------------------------------------------------------------------------------------------------------------------+
; Slow 1200mV 85C Model Removal: 'keyboard_top:u_kbd|ps2:uPS2|keyboard:u1|ready_set'                                                                                                                                                                                      ;
+-------+------------------------------------------------------+----------------------------------------------------+--------------------------------------------------------+---------------------------------------------------+--------------+------------+------------+
; Slack ; From Node                                            ; To Node                                            ; Launch Clock                                           ; Latch Clock                                       ; Relationship ; Clock Skew ; Data Delay ;
+-------+------------------------------------------------------+----------------------------------------------------+--------------------------------------------------------+---------------------------------------------------+--------------+------------+------------+
; 1.513 ; keyboard_top:u_kbd|ps2:uPS2|oneshot:pulser|pulse_out ; keyboard_top:u_kbd|ps2:uPS2|keyboard:u1|scan_ready ; u_pll|uPLL|altpll_component|auto_generated|pll1|clk[0] ; keyboard_top:u_kbd|ps2:uPS2|keyboard:u1|ready_set ; 0.000        ; 1.488      ; 3.247      ;
+-------+------------------------------------------------------+----------------------------------------------------+--------------------------------------------------------+---------------------------------------------------+--------------+------------+------------+


-----------------------------------------------
; Slow 1200mV 85C Model Metastability Summary ;
-----------------------------------------------
Design MTBF is not calculated because the design doesn't meet its timing requirements.



+-----------------------------------------------------------------------------------------------------+
; Slow 1200mV 0C Model Fmax Summary                                                                   ;
+------------+-----------------+---------------------------------------------------------------+------+
; Fmax       ; Restricted Fmax ; Clock Name                                                    ; Note ;
+------------+-----------------+---------------------------------------------------------------+------+
; 110.07 MHz ; 110.07 MHz      ; u_pll|uPLL|altpll_component|auto_generated|pll1|clk[0]        ;      ;
; 137.19 MHz ; 137.19 MHz      ; vga_sync_pipe:u_sync|pixel_clock_int                          ;      ;
; 296.74 MHz ; 296.74 MHz      ; keyboard_top:u_kbd|ps2:uPS2|keyboard:u1|keyboard_clk_filtered ;      ;
+------------+-----------------+---------------------------------------------------------------+------+
This panel reports FMAX for every clock in the design, regardless of the user-specified clock periods.  FMAX is only computed for paths where the source and destination registers or ports are driven by the same clock.  Paths of different clocks, including generated clocks, are ignored.  For paths between a clock and its inversion, FMAX is computed as if the rising and falling edges are scaled along with FMAX, such that the duty cycle (in terms of a percentage) is maintained. Altera recommends that you always use clock constraints and other slack reports for sign-off analysis.


+----------------------------------------------------------------------------------------+
; Slow 1200mV 0C Model Setup Summary                                                     ;
+---------------------------------------------------------------+--------+---------------+
; Clock                                                         ; Slack  ; End Point TNS ;
+---------------------------------------------------------------+--------+---------------+
; vga_sync_pipe:u_sync|pixel_clock_int                          ; -6.289 ; -195.380      ;
; u_pll|uPLL|altpll_component|auto_generated|pll1|clk[0]        ; -4.648 ; -33.950       ;
; keyboard_top:u_kbd|ps2:uPS2|keyboard:u1|keyboard_clk_filtered ; -2.370 ; -31.569       ;
; CLOCK_50                                                      ; -0.518 ; -0.518        ;
+---------------------------------------------------------------+--------+---------------+


+----------------------------------------------------------------------------------------+
; Slow 1200mV 0C Model Hold Summary                                                      ;
+---------------------------------------------------------------+--------+---------------+
; Clock                                                         ; Slack  ; End Point TNS ;
+---------------------------------------------------------------+--------+---------------+
; u_pll|uPLL|altpll_component|auto_generated|pll1|clk[0]        ; -0.323 ; -0.323        ;
; keyboard_top:u_kbd|ps2:uPS2|keyboard:u1|keyboard_clk_filtered ; 0.353  ; 0.000         ;
; CLOCK_50                                                      ; 0.498  ; 0.000         ;
; vga_sync_pipe:u_sync|pixel_clock_int                          ; 0.585  ; 0.000         ;
+---------------------------------------------------------------+--------+---------------+


+----------------------------------------------------------------------------+
; Slow 1200mV 0C Model Recovery Summary                                      ;
+---------------------------------------------------+--------+---------------+
; Clock                                             ; Slack  ; End Point TNS ;
+---------------------------------------------------+--------+---------------+
; keyboard_top:u_kbd|ps2:uPS2|keyboard:u1|ready_set ; -1.425 ; -1.425        ;
+---------------------------------------------------+--------+---------------+


+---------------------------------------------------------------------------+
; Slow 1200mV 0C Model Removal Summary                                      ;
+---------------------------------------------------+-------+---------------+
; Clock                                             ; Slack ; End Point TNS ;
+---------------------------------------------------+-------+---------------+
; keyboard_top:u_kbd|ps2:uPS2|keyboard:u1|ready_set ; 1.433 ; 0.000         ;
+---------------------------------------------------+-------+---------------+


+----------------------------------------------------------------------------------------+
; Slow 1200mV 0C Model Minimum Pulse Width Summary                                       ;
+---------------------------------------------------------------+--------+---------------+
; Clock                                                         ; Slack  ; End Point TNS ;
+---------------------------------------------------------------+--------+---------------+
; vga_sync_pipe:u_sync|pixel_clock_int                          ; -2.649 ; -64.329       ;
; keyboard_top:u_kbd|ps2:uPS2|keyboard:u1|keyboard_clk_filtered ; -1.285 ; -29.555       ;
; keyboard_top:u_kbd|ps2:uPS2|keyboard:u1|ready_set             ; -1.285 ; -1.285        ;
; u_pll|uPLL|altpll_component|auto_generated|pll1|clk[0]        ; 4.685  ; 0.000         ;
; CLOCK_50                                                      ; 9.724  ; 0.000         ;
+---------------------------------------------------------------+--------+---------------+


+---------------------------------------------------------------------------------------------------------------------------------------------------------------------------------------------------------------------------------+
; Slow 1200mV 0C Model Setup: 'vga_sync_pipe:u_sync|pixel_clock_int'                                                                                                                                                              ;
+--------+--------------------------------------+----------------------------------------------------------+--------------------------------------+--------------------------------------+--------------+------------+------------+
; Slack  ; From Node                            ; To Node                                                  ; Launch Clock                         ; Latch Clock                          ; Relationship ; Clock Skew ; Data Delay ;
+--------+--------------------------------------+----------------------------------------------------------+--------------------------------------+--------------------------------------+--------------+------------+------------+
; -6.289 ; vga_sync_pipe:u_sync|h_count[1]      ; vga_sync_pipe:u_sync|pixel_row[2]                        ; vga_sync_pipe:u_sync|pixel_clock_int ; vga_sync_pipe:u_sync|pixel_clock_int ; 1.000        ; 0.261      ; 7.549      ;
; -6.289 ; vga_sync_pipe:u_sync|h_count[1]      ; vga_sync_pipe:u_sync|pixel_row[6]                        ; vga_sync_pipe:u_sync|pixel_clock_int ; vga_sync_pipe:u_sync|pixel_clock_int ; 1.000        ; 0.261      ; 7.549      ;
; -6.257 ; vga_sync_pipe:u_sync|h_count[3]      ; vga_sync_pipe:u_sync|pixel_row[2]                        ; vga_sync_pipe:u_sync|pixel_clock_int ; vga_sync_pipe:u_sync|pixel_clock_int ; 1.000        ; 0.261      ; 7.517      ;
; -6.257 ; vga_sync_pipe:u_sync|h_count[3]      ; vga_sync_pipe:u_sync|pixel_row[6]                        ; vga_sync_pipe:u_sync|pixel_clock_int ; vga_sync_pipe:u_sync|pixel_clock_int ; 1.000        ; 0.261      ; 7.517      ;
; -6.248 ; vga_sync_pipe:u_sync|h_count[0]      ; vga_sync_pipe:u_sync|pixel_row[2]                        ; vga_sync_pipe:u_sync|pixel_clock_int ; vga_sync_pipe:u_sync|pixel_clock_int ; 1.000        ; 0.261      ; 7.508      ;
; -6.248 ; vga_sync_pipe:u_sync|h_count[0]      ; vga_sync_pipe:u_sync|pixel_row[6]                        ; vga_sync_pipe:u_sync|pixel_clock_int ; vga_sync_pipe:u_sync|pixel_clock_int ; 1.000        ; 0.261      ; 7.508      ;
; -6.203 ; vga_sync_pipe:u_sync|pixel_row[4]    ; pixelGenerator_dynamicbulletmodule:u_pix|colorAddress[0] ; vga_sync_pipe:u_sync|pixel_clock_int ; vga_sync_pipe:u_sync|pixel_clock_int ; 1.000        ; -0.431     ; 6.771      ;
; -6.198 ; vga_sync_pipe:u_sync|pixel_row[4]    ; pixelGenerator_dynamicbulletmodule:u_pix|colorAddress[1] ; vga_sync_pipe:u_sync|pixel_clock_int ; vga_sync_pipe:u_sync|pixel_clock_int ; 1.000        ; -0.431     ; 6.766      ;
; -6.197 ; vga_sync_pipe:u_sync|h_count[1]      ; vga_sync_pipe:u_sync|pixel_row[1]                        ; vga_sync_pipe:u_sync|pixel_clock_int ; vga_sync_pipe:u_sync|pixel_clock_int ; 1.000        ; -0.097     ; 7.099      ;
; -6.197 ; vga_sync_pipe:u_sync|h_count[1]      ; vga_sync_pipe:u_sync|pixel_row[3]                        ; vga_sync_pipe:u_sync|pixel_clock_int ; vga_sync_pipe:u_sync|pixel_clock_int ; 1.000        ; -0.097     ; 7.099      ;
; -6.197 ; vga_sync_pipe:u_sync|h_count[1]      ; vga_sync_pipe:u_sync|pixel_row[5]                        ; vga_sync_pipe:u_sync|pixel_clock_int ; vga_sync_pipe:u_sync|pixel_clock_int ; 1.000        ; -0.097     ; 7.099      ;
; -6.197 ; vga_sync_pipe:u_sync|h_count[1]      ; vga_sync_pipe:u_sync|pixel_row[8]                        ; vga_sync_pipe:u_sync|pixel_clock_int ; vga_sync_pipe:u_sync|pixel_clock_int ; 1.000        ; -0.097     ; 7.099      ;
; -6.193 ; vga_sync_pipe:u_sync|pixel_row[4]    ; pixelGenerator_dynamicbulletmodule:u_pix|colorAddress[2] ; vga_sync_pipe:u_sync|pixel_clock_int ; vga_sync_pipe:u_sync|pixel_clock_int ; 1.000        ; -0.431     ; 6.761      ;
; -6.186 ; vga_sync_pipe:u_sync|h_count[7]      ; vga_sync_pipe:u_sync|pixel_row[2]                        ; vga_sync_pipe:u_sync|pixel_clock_int ; vga_sync_pipe:u_sync|pixel_clock_int ; 1.000        ; 0.261      ; 7.446      ;
; -6.186 ; vga_sync_pipe:u_sync|h_count[7]      ; vga_sync_pipe:u_sync|pixel_row[6]                        ; vga_sync_pipe:u_sync|pixel_clock_int ; vga_sync_pipe:u_sync|pixel_clock_int ; 1.000        ; 0.261      ; 7.446      ;
; -6.178 ; vga_sync_pipe:u_sync|h_count[6]      ; vga_sync_pipe:u_sync|pixel_row[2]                        ; vga_sync_pipe:u_sync|pixel_clock_int ; vga_sync_pipe:u_sync|pixel_clock_int ; 1.000        ; 0.261      ; 7.438      ;
; -6.178 ; vga_sync_pipe:u_sync|h_count[6]      ; vga_sync_pipe:u_sync|pixel_row[6]                        ; vga_sync_pipe:u_sync|pixel_clock_int ; vga_sync_pipe:u_sync|pixel_clock_int ; 1.000        ; 0.261      ; 7.438      ;
; -6.165 ; vga_sync_pipe:u_sync|h_count[3]      ; vga_sync_pipe:u_sync|pixel_row[1]                        ; vga_sync_pipe:u_sync|pixel_clock_int ; vga_sync_pipe:u_sync|pixel_clock_int ; 1.000        ; -0.097     ; 7.067      ;
; -6.165 ; vga_sync_pipe:u_sync|h_count[3]      ; vga_sync_pipe:u_sync|pixel_row[3]                        ; vga_sync_pipe:u_sync|pixel_clock_int ; vga_sync_pipe:u_sync|pixel_clock_int ; 1.000        ; -0.097     ; 7.067      ;
; -6.165 ; vga_sync_pipe:u_sync|h_count[3]      ; vga_sync_pipe:u_sync|pixel_row[5]                        ; vga_sync_pipe:u_sync|pixel_clock_int ; vga_sync_pipe:u_sync|pixel_clock_int ; 1.000        ; -0.097     ; 7.067      ;
; -6.165 ; vga_sync_pipe:u_sync|h_count[3]      ; vga_sync_pipe:u_sync|pixel_row[8]                        ; vga_sync_pipe:u_sync|pixel_clock_int ; vga_sync_pipe:u_sync|pixel_clock_int ; 1.000        ; -0.097     ; 7.067      ;
; -6.156 ; vga_sync_pipe:u_sync|h_count[0]      ; vga_sync_pipe:u_sync|pixel_row[1]                        ; vga_sync_pipe:u_sync|pixel_clock_int ; vga_sync_pipe:u_sync|pixel_clock_int ; 1.000        ; -0.097     ; 7.058      ;
; -6.156 ; vga_sync_pipe:u_sync|h_count[0]      ; vga_sync_pipe:u_sync|pixel_row[3]                        ; vga_sync_pipe:u_sync|pixel_clock_int ; vga_sync_pipe:u_sync|pixel_clock_int ; 1.000        ; -0.097     ; 7.058      ;
; -6.156 ; vga_sync_pipe:u_sync|h_count[0]      ; vga_sync_pipe:u_sync|pixel_row[5]                        ; vga_sync_pipe:u_sync|pixel_clock_int ; vga_sync_pipe:u_sync|pixel_clock_int ; 1.000        ; -0.097     ; 7.058      ;
; -6.156 ; vga_sync_pipe:u_sync|h_count[0]      ; vga_sync_pipe:u_sync|pixel_row[8]                        ; vga_sync_pipe:u_sync|pixel_clock_int ; vga_sync_pipe:u_sync|pixel_clock_int ; 1.000        ; -0.097     ; 7.058      ;
; -6.109 ; vga_sync_pipe:u_sync|pixel_row[2]    ; pixelGenerator_dynamicbulletmodule:u_pix|colorAddress[0] ; vga_sync_pipe:u_sync|pixel_clock_int ; vga_sync_pipe:u_sync|pixel_clock_int ; 1.000        ; -0.450     ; 6.658      ;
; -6.104 ; vga_sync_pipe:u_sync|pixel_row[2]    ; pixelGenerator_dynamicbulletmodule:u_pix|colorAddress[1] ; vga_sync_pipe:u_sync|pixel_clock_int ; vga_sync_pipe:u_sync|pixel_clock_int ; 1.000        ; -0.450     ; 6.653      ;
; -6.103 ; vga_sync_pipe:u_sync|h_count[2]      ; vga_sync_pipe:u_sync|pixel_row[2]                        ; vga_sync_pipe:u_sync|pixel_clock_int ; vga_sync_pipe:u_sync|pixel_clock_int ; 1.000        ; 0.261      ; 7.363      ;
; -6.103 ; vga_sync_pipe:u_sync|h_count[2]      ; vga_sync_pipe:u_sync|pixel_row[6]                        ; vga_sync_pipe:u_sync|pixel_clock_int ; vga_sync_pipe:u_sync|pixel_clock_int ; 1.000        ; 0.261      ; 7.363      ;
; -6.099 ; vga_sync_pipe:u_sync|pixel_row[2]    ; pixelGenerator_dynamicbulletmodule:u_pix|colorAddress[2] ; vga_sync_pipe:u_sync|pixel_clock_int ; vga_sync_pipe:u_sync|pixel_clock_int ; 1.000        ; -0.450     ; 6.648      ;
; -6.094 ; vga_sync_pipe:u_sync|h_count[7]      ; vga_sync_pipe:u_sync|pixel_row[1]                        ; vga_sync_pipe:u_sync|pixel_clock_int ; vga_sync_pipe:u_sync|pixel_clock_int ; 1.000        ; -0.097     ; 6.996      ;
; -6.094 ; vga_sync_pipe:u_sync|h_count[7]      ; vga_sync_pipe:u_sync|pixel_row[3]                        ; vga_sync_pipe:u_sync|pixel_clock_int ; vga_sync_pipe:u_sync|pixel_clock_int ; 1.000        ; -0.097     ; 6.996      ;
; -6.094 ; vga_sync_pipe:u_sync|h_count[7]      ; vga_sync_pipe:u_sync|pixel_row[5]                        ; vga_sync_pipe:u_sync|pixel_clock_int ; vga_sync_pipe:u_sync|pixel_clock_int ; 1.000        ; -0.097     ; 6.996      ;
; -6.094 ; vga_sync_pipe:u_sync|h_count[7]      ; vga_sync_pipe:u_sync|pixel_row[8]                        ; vga_sync_pipe:u_sync|pixel_clock_int ; vga_sync_pipe:u_sync|pixel_clock_int ; 1.000        ; -0.097     ; 6.996      ;
; -6.086 ; vga_sync_pipe:u_sync|h_count[6]      ; vga_sync_pipe:u_sync|pixel_row[1]                        ; vga_sync_pipe:u_sync|pixel_clock_int ; vga_sync_pipe:u_sync|pixel_clock_int ; 1.000        ; -0.097     ; 6.988      ;
; -6.086 ; vga_sync_pipe:u_sync|h_count[6]      ; vga_sync_pipe:u_sync|pixel_row[3]                        ; vga_sync_pipe:u_sync|pixel_clock_int ; vga_sync_pipe:u_sync|pixel_clock_int ; 1.000        ; -0.097     ; 6.988      ;
; -6.086 ; vga_sync_pipe:u_sync|h_count[6]      ; vga_sync_pipe:u_sync|pixel_row[5]                        ; vga_sync_pipe:u_sync|pixel_clock_int ; vga_sync_pipe:u_sync|pixel_clock_int ; 1.000        ; -0.097     ; 6.988      ;
; -6.086 ; vga_sync_pipe:u_sync|h_count[6]      ; vga_sync_pipe:u_sync|pixel_row[8]                        ; vga_sync_pipe:u_sync|pixel_clock_int ; vga_sync_pipe:u_sync|pixel_clock_int ; 1.000        ; -0.097     ; 6.988      ;
; -6.026 ; vga_sync_pipe:u_sync|pixel_row[7]    ; pixelGenerator_dynamicbulletmodule:u_pix|colorAddress[0] ; vga_sync_pipe:u_sync|pixel_clock_int ; vga_sync_pipe:u_sync|pixel_clock_int ; 1.000        ; -0.431     ; 6.594      ;
; -6.015 ; vga_sync_pipe:u_sync|pixel_row[7]    ; pixelGenerator_dynamicbulletmodule:u_pix|colorAddress[1] ; vga_sync_pipe:u_sync|pixel_clock_int ; vga_sync_pipe:u_sync|pixel_clock_int ; 1.000        ; -0.431     ; 6.583      ;
; -6.015 ; vga_sync_pipe:u_sync|h_count[1]      ; vga_sync_pipe:u_sync|pixel_row[9]                        ; vga_sync_pipe:u_sync|pixel_clock_int ; vga_sync_pipe:u_sync|pixel_clock_int ; 1.000        ; 0.284      ; 7.298      ;
; -6.015 ; vga_sync_pipe:u_sync|h_count[1]      ; vga_sync_pipe:u_sync|pixel_row[4]                        ; vga_sync_pipe:u_sync|pixel_clock_int ; vga_sync_pipe:u_sync|pixel_clock_int ; 1.000        ; 0.284      ; 7.298      ;
; -6.015 ; vga_sync_pipe:u_sync|h_count[1]      ; vga_sync_pipe:u_sync|pixel_row[7]                        ; vga_sync_pipe:u_sync|pixel_clock_int ; vga_sync_pipe:u_sync|pixel_clock_int ; 1.000        ; 0.284      ; 7.298      ;
; -6.011 ; vga_sync_pipe:u_sync|h_count[2]      ; vga_sync_pipe:u_sync|pixel_row[1]                        ; vga_sync_pipe:u_sync|pixel_clock_int ; vga_sync_pipe:u_sync|pixel_clock_int ; 1.000        ; -0.097     ; 6.913      ;
; -6.011 ; vga_sync_pipe:u_sync|h_count[2]      ; vga_sync_pipe:u_sync|pixel_row[3]                        ; vga_sync_pipe:u_sync|pixel_clock_int ; vga_sync_pipe:u_sync|pixel_clock_int ; 1.000        ; -0.097     ; 6.913      ;
; -6.011 ; vga_sync_pipe:u_sync|h_count[2]      ; vga_sync_pipe:u_sync|pixel_row[5]                        ; vga_sync_pipe:u_sync|pixel_clock_int ; vga_sync_pipe:u_sync|pixel_clock_int ; 1.000        ; -0.097     ; 6.913      ;
; -6.011 ; vga_sync_pipe:u_sync|h_count[2]      ; vga_sync_pipe:u_sync|pixel_row[8]                        ; vga_sync_pipe:u_sync|pixel_clock_int ; vga_sync_pipe:u_sync|pixel_clock_int ; 1.000        ; -0.097     ; 6.913      ;
; -6.003 ; vga_sync_pipe:u_sync|pixel_row[7]    ; pixelGenerator_dynamicbulletmodule:u_pix|colorAddress[2] ; vga_sync_pipe:u_sync|pixel_clock_int ; vga_sync_pipe:u_sync|pixel_clock_int ; 1.000        ; -0.431     ; 6.571      ;
; -5.983 ; vga_sync_pipe:u_sync|h_count[3]      ; vga_sync_pipe:u_sync|pixel_row[9]                        ; vga_sync_pipe:u_sync|pixel_clock_int ; vga_sync_pipe:u_sync|pixel_clock_int ; 1.000        ; 0.284      ; 7.266      ;
; -5.983 ; vga_sync_pipe:u_sync|h_count[3]      ; vga_sync_pipe:u_sync|pixel_row[4]                        ; vga_sync_pipe:u_sync|pixel_clock_int ; vga_sync_pipe:u_sync|pixel_clock_int ; 1.000        ; 0.284      ; 7.266      ;
; -5.983 ; vga_sync_pipe:u_sync|h_count[3]      ; vga_sync_pipe:u_sync|pixel_row[7]                        ; vga_sync_pipe:u_sync|pixel_clock_int ; vga_sync_pipe:u_sync|pixel_clock_int ; 1.000        ; 0.284      ; 7.266      ;
; -5.974 ; vga_sync_pipe:u_sync|h_count[0]      ; vga_sync_pipe:u_sync|pixel_row[9]                        ; vga_sync_pipe:u_sync|pixel_clock_int ; vga_sync_pipe:u_sync|pixel_clock_int ; 1.000        ; 0.284      ; 7.257      ;
; -5.974 ; vga_sync_pipe:u_sync|h_count[0]      ; vga_sync_pipe:u_sync|pixel_row[4]                        ; vga_sync_pipe:u_sync|pixel_clock_int ; vga_sync_pipe:u_sync|pixel_clock_int ; 1.000        ; 0.284      ; 7.257      ;
; -5.974 ; vga_sync_pipe:u_sync|h_count[0]      ; vga_sync_pipe:u_sync|pixel_row[7]                        ; vga_sync_pipe:u_sync|pixel_clock_int ; vga_sync_pipe:u_sync|pixel_clock_int ; 1.000        ; 0.284      ; 7.257      ;
; -5.944 ; vga_sync_pipe:u_sync|pixel_row[9]    ; pixelGenerator_dynamicbulletmodule:u_pix|colorAddress[0] ; vga_sync_pipe:u_sync|pixel_clock_int ; vga_sync_pipe:u_sync|pixel_clock_int ; 1.000        ; -0.431     ; 6.512      ;
; -5.920 ; vga_sync_pipe:u_sync|pixel_row[9]    ; pixelGenerator_dynamicbulletmodule:u_pix|colorAddress[1] ; vga_sync_pipe:u_sync|pixel_clock_int ; vga_sync_pipe:u_sync|pixel_clock_int ; 1.000        ; -0.431     ; 6.488      ;
; -5.914 ; vga_sync_pipe:u_sync|pixel_row[5]    ; pixelGenerator_dynamicbulletmodule:u_pix|colorAddress[0] ; vga_sync_pipe:u_sync|pixel_clock_int ; vga_sync_pipe:u_sync|pixel_clock_int ; 1.000        ; -0.077     ; 6.836      ;
; -5.912 ; vga_sync_pipe:u_sync|h_count[7]      ; vga_sync_pipe:u_sync|pixel_row[9]                        ; vga_sync_pipe:u_sync|pixel_clock_int ; vga_sync_pipe:u_sync|pixel_clock_int ; 1.000        ; 0.284      ; 7.195      ;
; -5.912 ; vga_sync_pipe:u_sync|h_count[7]      ; vga_sync_pipe:u_sync|pixel_row[4]                        ; vga_sync_pipe:u_sync|pixel_clock_int ; vga_sync_pipe:u_sync|pixel_clock_int ; 1.000        ; 0.284      ; 7.195      ;
; -5.912 ; vga_sync_pipe:u_sync|h_count[7]      ; vga_sync_pipe:u_sync|pixel_row[7]                        ; vga_sync_pipe:u_sync|pixel_clock_int ; vga_sync_pipe:u_sync|pixel_clock_int ; 1.000        ; 0.284      ; 7.195      ;
; -5.910 ; vga_sync_pipe:u_sync|pixel_row[9]    ; pixelGenerator_dynamicbulletmodule:u_pix|colorAddress[2] ; vga_sync_pipe:u_sync|pixel_clock_int ; vga_sync_pipe:u_sync|pixel_clock_int ; 1.000        ; -0.431     ; 6.478      ;
; -5.909 ; vga_sync_pipe:u_sync|pixel_row[5]    ; pixelGenerator_dynamicbulletmodule:u_pix|colorAddress[1] ; vga_sync_pipe:u_sync|pixel_clock_int ; vga_sync_pipe:u_sync|pixel_clock_int ; 1.000        ; -0.077     ; 6.831      ;
; -5.907 ; vga_sync_pipe:u_sync|h_count[5]      ; vga_sync_pipe:u_sync|pixel_row[2]                        ; vga_sync_pipe:u_sync|pixel_clock_int ; vga_sync_pipe:u_sync|pixel_clock_int ; 1.000        ; 0.261      ; 7.167      ;
; -5.907 ; vga_sync_pipe:u_sync|h_count[5]      ; vga_sync_pipe:u_sync|pixel_row[6]                        ; vga_sync_pipe:u_sync|pixel_clock_int ; vga_sync_pipe:u_sync|pixel_clock_int ; 1.000        ; 0.261      ; 7.167      ;
; -5.904 ; vga_sync_pipe:u_sync|pixel_row[5]    ; pixelGenerator_dynamicbulletmodule:u_pix|colorAddress[2] ; vga_sync_pipe:u_sync|pixel_clock_int ; vga_sync_pipe:u_sync|pixel_clock_int ; 1.000        ; -0.077     ; 6.826      ;
; -5.904 ; vga_sync_pipe:u_sync|h_count[6]      ; vga_sync_pipe:u_sync|pixel_row[9]                        ; vga_sync_pipe:u_sync|pixel_clock_int ; vga_sync_pipe:u_sync|pixel_clock_int ; 1.000        ; 0.284      ; 7.187      ;
; -5.904 ; vga_sync_pipe:u_sync|h_count[6]      ; vga_sync_pipe:u_sync|pixel_row[4]                        ; vga_sync_pipe:u_sync|pixel_clock_int ; vga_sync_pipe:u_sync|pixel_clock_int ; 1.000        ; 0.284      ; 7.187      ;
; -5.904 ; vga_sync_pipe:u_sync|h_count[6]      ; vga_sync_pipe:u_sync|pixel_row[7]                        ; vga_sync_pipe:u_sync|pixel_clock_int ; vga_sync_pipe:u_sync|pixel_clock_int ; 1.000        ; 0.284      ; 7.187      ;
; -5.901 ; vga_sync_pipe:u_sync|pixel_row[6]    ; pixelGenerator_dynamicbulletmodule:u_pix|colorAddress[0] ; vga_sync_pipe:u_sync|pixel_clock_int ; vga_sync_pipe:u_sync|pixel_clock_int ; 1.000        ; -0.450     ; 6.450      ;
; -5.896 ; vga_sync_pipe:u_sync|pixel_row[6]    ; pixelGenerator_dynamicbulletmodule:u_pix|colorAddress[1] ; vga_sync_pipe:u_sync|pixel_clock_int ; vga_sync_pipe:u_sync|pixel_clock_int ; 1.000        ; -0.450     ; 6.445      ;
; -5.891 ; vga_sync_pipe:u_sync|pixel_row[6]    ; pixelGenerator_dynamicbulletmodule:u_pix|colorAddress[2] ; vga_sync_pipe:u_sync|pixel_clock_int ; vga_sync_pipe:u_sync|pixel_clock_int ; 1.000        ; -0.450     ; 6.440      ;
; -5.885 ; vga_sync_pipe:u_sync|h_count[4]      ; vga_sync_pipe:u_sync|pixel_row[2]                        ; vga_sync_pipe:u_sync|pixel_clock_int ; vga_sync_pipe:u_sync|pixel_clock_int ; 1.000        ; 0.261      ; 7.145      ;
; -5.885 ; vga_sync_pipe:u_sync|h_count[4]      ; vga_sync_pipe:u_sync|pixel_row[6]                        ; vga_sync_pipe:u_sync|pixel_clock_int ; vga_sync_pipe:u_sync|pixel_clock_int ; 1.000        ; 0.261      ; 7.145      ;
; -5.836 ; vga_sync_pipe:u_sync|pixel_row[3]    ; pixelGenerator_dynamicbulletmodule:u_pix|colorAddress[2] ; vga_sync_pipe:u_sync|pixel_clock_int ; vga_sync_pipe:u_sync|pixel_clock_int ; 1.000        ; -0.077     ; 6.758      ;
; -5.829 ; vga_sync_pipe:u_sync|h_count[2]      ; vga_sync_pipe:u_sync|pixel_row[9]                        ; vga_sync_pipe:u_sync|pixel_clock_int ; vga_sync_pipe:u_sync|pixel_clock_int ; 1.000        ; 0.284      ; 7.112      ;
; -5.829 ; vga_sync_pipe:u_sync|h_count[2]      ; vga_sync_pipe:u_sync|pixel_row[4]                        ; vga_sync_pipe:u_sync|pixel_clock_int ; vga_sync_pipe:u_sync|pixel_clock_int ; 1.000        ; 0.284      ; 7.112      ;
; -5.829 ; vga_sync_pipe:u_sync|h_count[2]      ; vga_sync_pipe:u_sync|pixel_row[7]                        ; vga_sync_pipe:u_sync|pixel_clock_int ; vga_sync_pipe:u_sync|pixel_clock_int ; 1.000        ; 0.284      ; 7.112      ;
; -5.827 ; vga_sync_pipe:u_sync|pixel_row[3]    ; pixelGenerator_dynamicbulletmodule:u_pix|colorAddress[0] ; vga_sync_pipe:u_sync|pixel_clock_int ; vga_sync_pipe:u_sync|pixel_clock_int ; 1.000        ; -0.077     ; 6.749      ;
; -5.827 ; vga_sync_pipe:u_sync|pixel_row[3]    ; pixelGenerator_dynamicbulletmodule:u_pix|colorAddress[1] ; vga_sync_pipe:u_sync|pixel_clock_int ; vga_sync_pipe:u_sync|pixel_clock_int ; 1.000        ; -0.077     ; 6.749      ;
; -5.815 ; vga_sync_pipe:u_sync|h_count[5]      ; vga_sync_pipe:u_sync|pixel_row[1]                        ; vga_sync_pipe:u_sync|pixel_clock_int ; vga_sync_pipe:u_sync|pixel_clock_int ; 1.000        ; -0.097     ; 6.717      ;
; -5.815 ; vga_sync_pipe:u_sync|h_count[5]      ; vga_sync_pipe:u_sync|pixel_row[3]                        ; vga_sync_pipe:u_sync|pixel_clock_int ; vga_sync_pipe:u_sync|pixel_clock_int ; 1.000        ; -0.097     ; 6.717      ;
; -5.815 ; vga_sync_pipe:u_sync|h_count[5]      ; vga_sync_pipe:u_sync|pixel_row[5]                        ; vga_sync_pipe:u_sync|pixel_clock_int ; vga_sync_pipe:u_sync|pixel_clock_int ; 1.000        ; -0.097     ; 6.717      ;
; -5.815 ; vga_sync_pipe:u_sync|h_count[5]      ; vga_sync_pipe:u_sync|pixel_row[8]                        ; vga_sync_pipe:u_sync|pixel_clock_int ; vga_sync_pipe:u_sync|pixel_clock_int ; 1.000        ; -0.097     ; 6.717      ;
; -5.813 ; vga_sync_pipe:u_sync|h_count[1]      ; vga_sync_pipe:u_sync|verti_sync                          ; vga_sync_pipe:u_sync|pixel_clock_int ; vga_sync_pipe:u_sync|pixel_clock_int ; 1.000        ; 0.319      ; 7.131      ;
; -5.799 ; vga_sync_pipe:u_sync|pixel_row[1]    ; pixelGenerator_dynamicbulletmodule:u_pix|colorAddress[2] ; vga_sync_pipe:u_sync|pixel_clock_int ; vga_sync_pipe:u_sync|pixel_clock_int ; 1.000        ; -0.077     ; 6.721      ;
; -5.793 ; vga_sync_pipe:u_sync|h_count[4]      ; vga_sync_pipe:u_sync|pixel_row[1]                        ; vga_sync_pipe:u_sync|pixel_clock_int ; vga_sync_pipe:u_sync|pixel_clock_int ; 1.000        ; -0.097     ; 6.695      ;
; -5.793 ; vga_sync_pipe:u_sync|h_count[4]      ; vga_sync_pipe:u_sync|pixel_row[3]                        ; vga_sync_pipe:u_sync|pixel_clock_int ; vga_sync_pipe:u_sync|pixel_clock_int ; 1.000        ; -0.097     ; 6.695      ;
; -5.793 ; vga_sync_pipe:u_sync|h_count[4]      ; vga_sync_pipe:u_sync|pixel_row[5]                        ; vga_sync_pipe:u_sync|pixel_clock_int ; vga_sync_pipe:u_sync|pixel_clock_int ; 1.000        ; -0.097     ; 6.695      ;
; -5.793 ; vga_sync_pipe:u_sync|h_count[4]      ; vga_sync_pipe:u_sync|pixel_row[8]                        ; vga_sync_pipe:u_sync|pixel_clock_int ; vga_sync_pipe:u_sync|pixel_clock_int ; 1.000        ; -0.097     ; 6.695      ;
; -5.786 ; vga_sync_pipe:u_sync|pixel_row[1]    ; pixelGenerator_dynamicbulletmodule:u_pix|colorAddress[1] ; vga_sync_pipe:u_sync|pixel_clock_int ; vga_sync_pipe:u_sync|pixel_clock_int ; 1.000        ; -0.077     ; 6.708      ;
; -5.783 ; vga_sync_pipe:u_sync|pixel_row[1]    ; pixelGenerator_dynamicbulletmodule:u_pix|colorAddress[0] ; vga_sync_pipe:u_sync|pixel_clock_int ; vga_sync_pipe:u_sync|pixel_clock_int ; 1.000        ; -0.077     ; 6.705      ;
; -5.781 ; vga_sync_pipe:u_sync|h_count[3]      ; vga_sync_pipe:u_sync|verti_sync                          ; vga_sync_pipe:u_sync|pixel_clock_int ; vga_sync_pipe:u_sync|pixel_clock_int ; 1.000        ; 0.319      ; 7.099      ;
; -5.772 ; vga_sync_pipe:u_sync|h_count[0]      ; vga_sync_pipe:u_sync|verti_sync                          ; vga_sync_pipe:u_sync|pixel_clock_int ; vga_sync_pipe:u_sync|pixel_clock_int ; 1.000        ; 0.319      ; 7.090      ;
; -5.710 ; vga_sync_pipe:u_sync|h_count[7]      ; vga_sync_pipe:u_sync|verti_sync                          ; vga_sync_pipe:u_sync|pixel_clock_int ; vga_sync_pipe:u_sync|pixel_clock_int ; 1.000        ; 0.319      ; 7.028      ;
; -5.702 ; vga_sync_pipe:u_sync|h_count[6]      ; vga_sync_pipe:u_sync|verti_sync                          ; vga_sync_pipe:u_sync|pixel_clock_int ; vga_sync_pipe:u_sync|pixel_clock_int ; 1.000        ; 0.319      ; 7.020      ;
; -5.657 ; vga_sync_pipe:u_sync|pixel_column[0] ; pixelGenerator_dynamicbulletmodule:u_pix|colorAddress[0] ; vga_sync_pipe:u_sync|pixel_clock_int ; vga_sync_pipe:u_sync|pixel_clock_int ; 1.000        ; -0.060     ; 6.596      ;
; -5.633 ; vga_sync_pipe:u_sync|pixel_column[0] ; pixelGenerator_dynamicbulletmodule:u_pix|colorAddress[1] ; vga_sync_pipe:u_sync|pixel_clock_int ; vga_sync_pipe:u_sync|pixel_clock_int ; 1.000        ; -0.060     ; 6.572      ;
; -5.633 ; vga_sync_pipe:u_sync|h_count[5]      ; vga_sync_pipe:u_sync|pixel_row[9]                        ; vga_sync_pipe:u_sync|pixel_clock_int ; vga_sync_pipe:u_sync|pixel_clock_int ; 1.000        ; 0.284      ; 6.916      ;
; -5.633 ; vga_sync_pipe:u_sync|h_count[5]      ; vga_sync_pipe:u_sync|pixel_row[4]                        ; vga_sync_pipe:u_sync|pixel_clock_int ; vga_sync_pipe:u_sync|pixel_clock_int ; 1.000        ; 0.284      ; 6.916      ;
; -5.633 ; vga_sync_pipe:u_sync|h_count[5]      ; vga_sync_pipe:u_sync|pixel_row[7]                        ; vga_sync_pipe:u_sync|pixel_clock_int ; vga_sync_pipe:u_sync|pixel_clock_int ; 1.000        ; 0.284      ; 6.916      ;
+--------+--------------------------------------+----------------------------------------------------------+--------------------------------------+--------------------------------------+--------------+------------+------------+


+-------------------------------------------------------------------------------------------------------------------------------------------------------------------------------------------------------------------------------------------------------------------------------------------------------------------------------------------------+
; Slow 1200mV 0C Model Setup: 'u_pll|uPLL|altpll_component|auto_generated|pll1|clk[0]'                                                                                                                                                                                                                                                            ;
+--------+----------------------------------------------------------------------+-----------------------------------------------------------------------------------------------+---------------------------------------------------------------+--------------------------------------------------------+--------------+------------+------------+
; Slack  ; From Node                                                            ; To Node                                                                                       ; Launch Clock                                                  ; Latch Clock                                            ; Relationship ; Clock Skew ; Data Delay ;
+--------+----------------------------------------------------------------------+-----------------------------------------------------------------------------------------------+---------------------------------------------------------------+--------------------------------------------------------+--------------+------------+------------+
; -4.648 ; keyboard_top:u_kbd|ps2:uPS2|keyboard:u1|scan_code[4]                 ; keyboard_top:u_kbd|keyboard_ctrl:Ukeycontrol|speed_sel_bottom_reg[1]                          ; keyboard_top:u_kbd|ps2:uPS2|keyboard:u1|keyboard_clk_filtered ; u_pll|uPLL|altpll_component|auto_generated|pll1|clk[0] ; 1.000        ; -2.723     ; 2.874      ;
; -4.648 ; keyboard_top:u_kbd|ps2:uPS2|keyboard:u1|scan_code[4]                 ; keyboard_top:u_kbd|keyboard_ctrl:Ukeycontrol|speed_sel_bottom_reg[0]                          ; keyboard_top:u_kbd|ps2:uPS2|keyboard:u1|keyboard_clk_filtered ; u_pll|uPLL|altpll_component|auto_generated|pll1|clk[0] ; 1.000        ; -2.723     ; 2.874      ;
; -4.613 ; keyboard_top:u_kbd|ps2:uPS2|keyboard:u1|scan_code[3]                 ; keyboard_top:u_kbd|keyboard_ctrl:Ukeycontrol|speed_sel_bottom_reg[1]                          ; keyboard_top:u_kbd|ps2:uPS2|keyboard:u1|keyboard_clk_filtered ; u_pll|uPLL|altpll_component|auto_generated|pll1|clk[0] ; 1.000        ; -2.723     ; 2.839      ;
; -4.613 ; keyboard_top:u_kbd|ps2:uPS2|keyboard:u1|scan_code[3]                 ; keyboard_top:u_kbd|keyboard_ctrl:Ukeycontrol|speed_sel_bottom_reg[0]                          ; keyboard_top:u_kbd|ps2:uPS2|keyboard:u1|keyboard_clk_filtered ; u_pll|uPLL|altpll_component|auto_generated|pll1|clk[0] ; 1.000        ; -2.723     ; 2.839      ;
; -4.544 ; keyboard_top:u_kbd|ps2:uPS2|keyboard:u1|scan_code[0]                 ; keyboard_top:u_kbd|keyboard_ctrl:Ukeycontrol|speed_sel_top_reg[0]                             ; keyboard_top:u_kbd|ps2:uPS2|keyboard:u1|keyboard_clk_filtered ; u_pll|uPLL|altpll_component|auto_generated|pll1|clk[0] ; 1.000        ; -2.725     ; 2.768      ;
; -4.544 ; keyboard_top:u_kbd|ps2:uPS2|keyboard:u1|scan_code[0]                 ; keyboard_top:u_kbd|keyboard_ctrl:Ukeycontrol|speed_sel_top_reg[1]                             ; keyboard_top:u_kbd|ps2:uPS2|keyboard:u1|keyboard_clk_filtered ; u_pll|uPLL|altpll_component|auto_generated|pll1|clk[0] ; 1.000        ; -2.725     ; 2.768      ;
; -4.461 ; keyboard_top:u_kbd|ps2:uPS2|keyboard:u1|scan_code[0]                 ; keyboard_top:u_kbd|keyboard_ctrl:Ukeycontrol|speed_sel_bottom_reg[1]                          ; keyboard_top:u_kbd|ps2:uPS2|keyboard:u1|keyboard_clk_filtered ; u_pll|uPLL|altpll_component|auto_generated|pll1|clk[0] ; 1.000        ; -2.723     ; 2.687      ;
; -4.461 ; keyboard_top:u_kbd|ps2:uPS2|keyboard:u1|scan_code[0]                 ; keyboard_top:u_kbd|keyboard_ctrl:Ukeycontrol|speed_sel_bottom_reg[0]                          ; keyboard_top:u_kbd|ps2:uPS2|keyboard:u1|keyboard_clk_filtered ; u_pll|uPLL|altpll_component|auto_generated|pll1|clk[0] ; 1.000        ; -2.723     ; 2.687      ;
; -4.456 ; keyboard_top:u_kbd|ps2:uPS2|keyboard:u1|scan_code[5]                 ; keyboard_top:u_kbd|keyboard_ctrl:Ukeycontrol|speed_sel_top_reg[0]                             ; keyboard_top:u_kbd|ps2:uPS2|keyboard:u1|keyboard_clk_filtered ; u_pll|uPLL|altpll_component|auto_generated|pll1|clk[0] ; 1.000        ; -2.725     ; 2.680      ;
; -4.456 ; keyboard_top:u_kbd|ps2:uPS2|keyboard:u1|scan_code[5]                 ; keyboard_top:u_kbd|keyboard_ctrl:Ukeycontrol|speed_sel_top_reg[1]                             ; keyboard_top:u_kbd|ps2:uPS2|keyboard:u1|keyboard_clk_filtered ; u_pll|uPLL|altpll_component|auto_generated|pll1|clk[0] ; 1.000        ; -2.725     ; 2.680      ;
; -4.389 ; keyboard_top:u_kbd|ps2:uPS2|keyboard:u1|scan_code[3]                 ; keyboard_top:u_kbd|keyboard_ctrl:Ukeycontrol|state_reg                                        ; keyboard_top:u_kbd|ps2:uPS2|keyboard:u1|keyboard_clk_filtered ; u_pll|uPLL|altpll_component|auto_generated|pll1|clk[0] ; 1.000        ; -2.345     ; 2.993      ;
; -4.381 ; keyboard_top:u_kbd|ps2:uPS2|keyboard:u1|scan_code[4]                 ; keyboard_top:u_kbd|keyboard_ctrl:Ukeycontrol|state_reg                                        ; keyboard_top:u_kbd|ps2:uPS2|keyboard:u1|keyboard_clk_filtered ; u_pll|uPLL|altpll_component|auto_generated|pll1|clk[0] ; 1.000        ; -2.345     ; 2.985      ;
; -4.356 ; keyboard_top:u_kbd|ps2:uPS2|keyboard:u1|scan_code[3]                 ; keyboard_top:u_kbd|keyboard_ctrl:Ukeycontrol|speed_sel_top_reg[0]                             ; keyboard_top:u_kbd|ps2:uPS2|keyboard:u1|keyboard_clk_filtered ; u_pll|uPLL|altpll_component|auto_generated|pll1|clk[0] ; 1.000        ; -2.725     ; 2.580      ;
; -4.356 ; keyboard_top:u_kbd|ps2:uPS2|keyboard:u1|scan_code[3]                 ; keyboard_top:u_kbd|keyboard_ctrl:Ukeycontrol|speed_sel_top_reg[1]                             ; keyboard_top:u_kbd|ps2:uPS2|keyboard:u1|keyboard_clk_filtered ; u_pll|uPLL|altpll_component|auto_generated|pll1|clk[0] ; 1.000        ; -2.725     ; 2.580      ;
; -4.340 ; keyboard_top:u_kbd|ps2:uPS2|keyboard:u1|scan_code[1]                 ; keyboard_top:u_kbd|keyboard_ctrl:Ukeycontrol|speed_sel_top_reg[0]                             ; keyboard_top:u_kbd|ps2:uPS2|keyboard:u1|keyboard_clk_filtered ; u_pll|uPLL|altpll_component|auto_generated|pll1|clk[0] ; 1.000        ; -2.725     ; 2.564      ;
; -4.340 ; keyboard_top:u_kbd|ps2:uPS2|keyboard:u1|scan_code[1]                 ; keyboard_top:u_kbd|keyboard_ctrl:Ukeycontrol|speed_sel_top_reg[1]                             ; keyboard_top:u_kbd|ps2:uPS2|keyboard:u1|keyboard_clk_filtered ; u_pll|uPLL|altpll_component|auto_generated|pll1|clk[0] ; 1.000        ; -2.725     ; 2.564      ;
; -4.292 ; keyboard_top:u_kbd|ps2:uPS2|keyboard:u1|scan_code[4]                 ; keyboard_top:u_kbd|keyboard_ctrl:Ukeycontrol|speed_sel_top_reg[0]                             ; keyboard_top:u_kbd|ps2:uPS2|keyboard:u1|keyboard_clk_filtered ; u_pll|uPLL|altpll_component|auto_generated|pll1|clk[0] ; 1.000        ; -2.725     ; 2.516      ;
; -4.292 ; keyboard_top:u_kbd|ps2:uPS2|keyboard:u1|scan_code[4]                 ; keyboard_top:u_kbd|keyboard_ctrl:Ukeycontrol|speed_sel_top_reg[1]                             ; keyboard_top:u_kbd|ps2:uPS2|keyboard:u1|keyboard_clk_filtered ; u_pll|uPLL|altpll_component|auto_generated|pll1|clk[0] ; 1.000        ; -2.725     ; 2.516      ;
; -4.277 ; keyboard_top:u_kbd|ps2:uPS2|keyboard:u1|scan_code[2]                 ; keyboard_top:u_kbd|keyboard_ctrl:Ukeycontrol|speed_sel_bottom_reg[1]                          ; keyboard_top:u_kbd|ps2:uPS2|keyboard:u1|keyboard_clk_filtered ; u_pll|uPLL|altpll_component|auto_generated|pll1|clk[0] ; 1.000        ; -2.723     ; 2.503      ;
; -4.277 ; keyboard_top:u_kbd|ps2:uPS2|keyboard:u1|scan_code[2]                 ; keyboard_top:u_kbd|keyboard_ctrl:Ukeycontrol|speed_sel_bottom_reg[0]                          ; keyboard_top:u_kbd|ps2:uPS2|keyboard:u1|keyboard_clk_filtered ; u_pll|uPLL|altpll_component|auto_generated|pll1|clk[0] ; 1.000        ; -2.723     ; 2.503      ;
; -4.241 ; keyboard_top:u_kbd|ps2:uPS2|keyboard:u1|scan_code[2]                 ; keyboard_top:u_kbd|keyboard_ctrl:Ukeycontrol|speed_sel_top_reg[0]                             ; keyboard_top:u_kbd|ps2:uPS2|keyboard:u1|keyboard_clk_filtered ; u_pll|uPLL|altpll_component|auto_generated|pll1|clk[0] ; 1.000        ; -2.725     ; 2.465      ;
; -4.241 ; keyboard_top:u_kbd|ps2:uPS2|keyboard:u1|scan_code[2]                 ; keyboard_top:u_kbd|keyboard_ctrl:Ukeycontrol|speed_sel_top_reg[1]                             ; keyboard_top:u_kbd|ps2:uPS2|keyboard:u1|keyboard_clk_filtered ; u_pll|uPLL|altpll_component|auto_generated|pll1|clk[0] ; 1.000        ; -2.725     ; 2.465      ;
; -4.175 ; keyboard_top:u_kbd|ps2:uPS2|keyboard:u1|scan_code[1]                 ; keyboard_top:u_kbd|keyboard_ctrl:Ukeycontrol|speed_sel_bottom_reg[1]                          ; keyboard_top:u_kbd|ps2:uPS2|keyboard:u1|keyboard_clk_filtered ; u_pll|uPLL|altpll_component|auto_generated|pll1|clk[0] ; 1.000        ; -2.723     ; 2.401      ;
; -4.175 ; keyboard_top:u_kbd|ps2:uPS2|keyboard:u1|scan_code[1]                 ; keyboard_top:u_kbd|keyboard_ctrl:Ukeycontrol|speed_sel_bottom_reg[0]                          ; keyboard_top:u_kbd|ps2:uPS2|keyboard:u1|keyboard_clk_filtered ; u_pll|uPLL|altpll_component|auto_generated|pll1|clk[0] ; 1.000        ; -2.723     ; 2.401      ;
; -4.165 ; keyboard_top:u_kbd|ps2:uPS2|keyboard:u1|scan_code[6]                 ; keyboard_top:u_kbd|keyboard_ctrl:Ukeycontrol|speed_sel_top_reg[0]                             ; keyboard_top:u_kbd|ps2:uPS2|keyboard:u1|keyboard_clk_filtered ; u_pll|uPLL|altpll_component|auto_generated|pll1|clk[0] ; 1.000        ; -2.725     ; 2.389      ;
; -4.165 ; keyboard_top:u_kbd|ps2:uPS2|keyboard:u1|scan_code[6]                 ; keyboard_top:u_kbd|keyboard_ctrl:Ukeycontrol|speed_sel_top_reg[1]                             ; keyboard_top:u_kbd|ps2:uPS2|keyboard:u1|keyboard_clk_filtered ; u_pll|uPLL|altpll_component|auto_generated|pll1|clk[0] ; 1.000        ; -2.725     ; 2.389      ;
; -4.145 ; keyboard_top:u_kbd|ps2:uPS2|keyboard:u1|scan_code[7]                 ; keyboard_top:u_kbd|keyboard_ctrl:Ukeycontrol|speed_sel_bottom_reg[1]                          ; keyboard_top:u_kbd|ps2:uPS2|keyboard:u1|keyboard_clk_filtered ; u_pll|uPLL|altpll_component|auto_generated|pll1|clk[0] ; 1.000        ; -2.723     ; 2.371      ;
; -4.145 ; keyboard_top:u_kbd|ps2:uPS2|keyboard:u1|scan_code[7]                 ; keyboard_top:u_kbd|keyboard_ctrl:Ukeycontrol|speed_sel_bottom_reg[0]                          ; keyboard_top:u_kbd|ps2:uPS2|keyboard:u1|keyboard_clk_filtered ; u_pll|uPLL|altpll_component|auto_generated|pll1|clk[0] ; 1.000        ; -2.723     ; 2.371      ;
; -4.113 ; keyboard_top:u_kbd|ps2:uPS2|keyboard:u1|scan_code[6]                 ; keyboard_top:u_kbd|keyboard_ctrl:Ukeycontrol|state_reg                                        ; keyboard_top:u_kbd|ps2:uPS2|keyboard:u1|keyboard_clk_filtered ; u_pll|uPLL|altpll_component|auto_generated|pll1|clk[0] ; 1.000        ; -2.345     ; 2.717      ;
; -4.007 ; keyboard_top:u_kbd|ps2:uPS2|keyboard:u1|scan_code[1]                 ; keyboard_top:u_kbd|keyboard_ctrl:Ukeycontrol|state_reg                                        ; keyboard_top:u_kbd|ps2:uPS2|keyboard:u1|keyboard_clk_filtered ; u_pll|uPLL|altpll_component|auto_generated|pll1|clk[0] ; 1.000        ; -2.345     ; 2.611      ;
; -3.999 ; keyboard_top:u_kbd|ps2:uPS2|keyboard:u1|scan_code[6]                 ; keyboard_top:u_kbd|keyboard_ctrl:Ukeycontrol|speed_sel_bottom_reg[1]                          ; keyboard_top:u_kbd|ps2:uPS2|keyboard:u1|keyboard_clk_filtered ; u_pll|uPLL|altpll_component|auto_generated|pll1|clk[0] ; 1.000        ; -2.723     ; 2.225      ;
; -3.999 ; keyboard_top:u_kbd|ps2:uPS2|keyboard:u1|scan_code[6]                 ; keyboard_top:u_kbd|keyboard_ctrl:Ukeycontrol|speed_sel_bottom_reg[0]                          ; keyboard_top:u_kbd|ps2:uPS2|keyboard:u1|keyboard_clk_filtered ; u_pll|uPLL|altpll_component|auto_generated|pll1|clk[0] ; 1.000        ; -2.723     ; 2.225      ;
; -3.932 ; keyboard_top:u_kbd|ps2:uPS2|keyboard:u1|scan_code[0]                 ; keyboard_top:u_kbd|keyboard_ctrl:Ukeycontrol|state_reg                                        ; keyboard_top:u_kbd|ps2:uPS2|keyboard:u1|keyboard_clk_filtered ; u_pll|uPLL|altpll_component|auto_generated|pll1|clk[0] ; 1.000        ; -2.345     ; 2.536      ;
; -3.906 ; keyboard_top:u_kbd|ps2:uPS2|keyboard:u1|scan_code[5]                 ; keyboard_top:u_kbd|keyboard_ctrl:Ukeycontrol|speed_sel_bottom_reg[1]                          ; keyboard_top:u_kbd|ps2:uPS2|keyboard:u1|keyboard_clk_filtered ; u_pll|uPLL|altpll_component|auto_generated|pll1|clk[0] ; 1.000        ; -2.723     ; 2.132      ;
; -3.906 ; keyboard_top:u_kbd|ps2:uPS2|keyboard:u1|scan_code[5]                 ; keyboard_top:u_kbd|keyboard_ctrl:Ukeycontrol|speed_sel_bottom_reg[0]                          ; keyboard_top:u_kbd|ps2:uPS2|keyboard:u1|keyboard_clk_filtered ; u_pll|uPLL|altpll_component|auto_generated|pll1|clk[0] ; 1.000        ; -2.723     ; 2.132      ;
; -3.853 ; keyboard_top:u_kbd|ps2:uPS2|keyboard:u1|scan_code[7]                 ; keyboard_top:u_kbd|keyboard_ctrl:Ukeycontrol|speed_sel_top_reg[0]                             ; keyboard_top:u_kbd|ps2:uPS2|keyboard:u1|keyboard_clk_filtered ; u_pll|uPLL|altpll_component|auto_generated|pll1|clk[0] ; 1.000        ; -2.725     ; 2.077      ;
; -3.853 ; keyboard_top:u_kbd|ps2:uPS2|keyboard:u1|scan_code[7]                 ; keyboard_top:u_kbd|keyboard_ctrl:Ukeycontrol|speed_sel_top_reg[1]                             ; keyboard_top:u_kbd|ps2:uPS2|keyboard:u1|keyboard_clk_filtered ; u_pll|uPLL|altpll_component|auto_generated|pll1|clk[0] ; 1.000        ; -2.725     ; 2.077      ;
; -3.627 ; keyboard_top:u_kbd|ps2:uPS2|keyboard:u1|scan_code[5]                 ; keyboard_top:u_kbd|keyboard_ctrl:Ukeycontrol|state_reg                                        ; keyboard_top:u_kbd|ps2:uPS2|keyboard:u1|keyboard_clk_filtered ; u_pll|uPLL|altpll_component|auto_generated|pll1|clk[0] ; 1.000        ; -2.345     ; 2.231      ;
; -3.625 ; keyboard_top:u_kbd|ps2:uPS2|keyboard:u1|scan_code[2]                 ; keyboard_top:u_kbd|keyboard_ctrl:Ukeycontrol|fire_pulse_top_reg                               ; keyboard_top:u_kbd|ps2:uPS2|keyboard:u1|keyboard_clk_filtered ; u_pll|uPLL|altpll_component|auto_generated|pll1|clk[0] ; 1.000        ; -2.378     ; 2.196      ;
; -3.622 ; keyboard_top:u_kbd|ps2:uPS2|keyboard:u1|scan_code[2]                 ; keyboard_top:u_kbd|keyboard_ctrl:Ukeycontrol|fire_pulse_bottom_reg                            ; keyboard_top:u_kbd|ps2:uPS2|keyboard:u1|keyboard_clk_filtered ; u_pll|uPLL|altpll_component|auto_generated|pll1|clk[0] ; 1.000        ; -2.378     ; 2.193      ;
; -3.493 ; keyboard_top:u_kbd|ps2:uPS2|keyboard:u1|scan_code[7]                 ; keyboard_top:u_kbd|keyboard_ctrl:Ukeycontrol|fire_pulse_top_reg                               ; keyboard_top:u_kbd|ps2:uPS2|keyboard:u1|keyboard_clk_filtered ; u_pll|uPLL|altpll_component|auto_generated|pll1|clk[0] ; 1.000        ; -2.378     ; 2.064      ;
; -3.490 ; keyboard_top:u_kbd|ps2:uPS2|keyboard:u1|scan_code[7]                 ; keyboard_top:u_kbd|keyboard_ctrl:Ukeycontrol|fire_pulse_bottom_reg                            ; keyboard_top:u_kbd|ps2:uPS2|keyboard:u1|keyboard_clk_filtered ; u_pll|uPLL|altpll_component|auto_generated|pll1|clk[0] ; 1.000        ; -2.378     ; 2.061      ;
; -3.474 ; keyboard_top:u_kbd|ps2:uPS2|keyboard:u1|scan_code[3]                 ; keyboard_top:u_kbd|keyboard_ctrl:Ukeycontrol|fire_pulse_top_reg                               ; keyboard_top:u_kbd|ps2:uPS2|keyboard:u1|keyboard_clk_filtered ; u_pll|uPLL|altpll_component|auto_generated|pll1|clk[0] ; 1.000        ; -2.378     ; 2.045      ;
; -3.445 ; keyboard_top:u_kbd|ps2:uPS2|keyboard:u1|scan_code[3]                 ; keyboard_top:u_kbd|keyboard_ctrl:Ukeycontrol|fire_pulse_bottom_reg                            ; keyboard_top:u_kbd|ps2:uPS2|keyboard:u1|keyboard_clk_filtered ; u_pll|uPLL|altpll_component|auto_generated|pll1|clk[0] ; 1.000        ; -2.378     ; 2.016      ;
; -3.388 ; keyboard_top:u_kbd|ps2:uPS2|keyboard:u1|scan_code[0]                 ; keyboard_top:u_kbd|keyboard_ctrl:Ukeycontrol|fire_pulse_top_reg                               ; keyboard_top:u_kbd|ps2:uPS2|keyboard:u1|keyboard_clk_filtered ; u_pll|uPLL|altpll_component|auto_generated|pll1|clk[0] ; 1.000        ; -2.378     ; 1.959      ;
; -3.344 ; keyboard_top:u_kbd|ps2:uPS2|keyboard:u1|scan_code[0]                 ; keyboard_top:u_kbd|keyboard_ctrl:Ukeycontrol|fire_pulse_bottom_reg                            ; keyboard_top:u_kbd|ps2:uPS2|keyboard:u1|keyboard_clk_filtered ; u_pll|uPLL|altpll_component|auto_generated|pll1|clk[0] ; 1.000        ; -2.378     ; 1.915      ;
; -3.185 ; keyboard_top:u_kbd|ps2:uPS2|keyboard:u1|scan_code[4]                 ; keyboard_top:u_kbd|keyboard_ctrl:Ukeycontrol|fire_pulse_bottom_reg                            ; keyboard_top:u_kbd|ps2:uPS2|keyboard:u1|keyboard_clk_filtered ; u_pll|uPLL|altpll_component|auto_generated|pll1|clk[0] ; 1.000        ; -2.378     ; 1.756      ;
; -3.164 ; keyboard_top:u_kbd|ps2:uPS2|keyboard:u1|scan_code[4]                 ; keyboard_top:u_kbd|keyboard_ctrl:Ukeycontrol|fire_pulse_top_reg                               ; keyboard_top:u_kbd|ps2:uPS2|keyboard:u1|keyboard_clk_filtered ; u_pll|uPLL|altpll_component|auto_generated|pll1|clk[0] ; 1.000        ; -2.378     ; 1.735      ;
; -3.070 ; keyboard_top:u_kbd|ps2:uPS2|keyboard:u1|scan_code[1]                 ; keyboard_top:u_kbd|keyboard_ctrl:Ukeycontrol|fire_pulse_top_reg                               ; keyboard_top:u_kbd|ps2:uPS2|keyboard:u1|keyboard_clk_filtered ; u_pll|uPLL|altpll_component|auto_generated|pll1|clk[0] ; 1.000        ; -2.378     ; 1.641      ;
; -3.066 ; keyboard_top:u_kbd|ps2:uPS2|keyboard:u1|scan_code[1]                 ; keyboard_top:u_kbd|keyboard_ctrl:Ukeycontrol|fire_pulse_bottom_reg                            ; keyboard_top:u_kbd|ps2:uPS2|keyboard:u1|keyboard_clk_filtered ; u_pll|uPLL|altpll_component|auto_generated|pll1|clk[0] ; 1.000        ; -2.378     ; 1.637      ;
; -2.809 ; keyboard_top:u_kbd|ps2:uPS2|keyboard:u1|scan_code[7]                 ; keyboard_top:u_kbd|keyboard_ctrl:Ukeycontrol|state_reg                                        ; keyboard_top:u_kbd|ps2:uPS2|keyboard:u1|keyboard_clk_filtered ; u_pll|uPLL|altpll_component|auto_generated|pll1|clk[0] ; 1.000        ; -2.345     ; 1.413      ;
; -2.784 ; keyboard_top:u_kbd|ps2:uPS2|keyboard:u1|scan_code[6]                 ; keyboard_top:u_kbd|keyboard_ctrl:Ukeycontrol|fire_pulse_top_reg                               ; keyboard_top:u_kbd|ps2:uPS2|keyboard:u1|keyboard_clk_filtered ; u_pll|uPLL|altpll_component|auto_generated|pll1|clk[0] ; 1.000        ; -2.378     ; 1.355      ;
; -2.754 ; keyboard_top:u_kbd|ps2:uPS2|keyboard:u1|scan_code[6]                 ; keyboard_top:u_kbd|keyboard_ctrl:Ukeycontrol|fire_pulse_bottom_reg                            ; keyboard_top:u_kbd|ps2:uPS2|keyboard:u1|keyboard_clk_filtered ; u_pll|uPLL|altpll_component|auto_generated|pll1|clk[0] ; 1.000        ; -2.378     ; 1.325      ;
; -2.720 ; keyboard_top:u_kbd|ps2:uPS2|keyboard:u1|scan_code[2]                 ; keyboard_top:u_kbd|keyboard_ctrl:Ukeycontrol|state_reg                                        ; keyboard_top:u_kbd|ps2:uPS2|keyboard:u1|keyboard_clk_filtered ; u_pll|uPLL|altpll_component|auto_generated|pll1|clk[0] ; 1.000        ; -2.345     ; 1.324      ;
; -2.583 ; keyboard_top:u_kbd|ps2:uPS2|keyboard:u1|scan_code[5]                 ; keyboard_top:u_kbd|keyboard_ctrl:Ukeycontrol|fire_pulse_bottom_reg                            ; keyboard_top:u_kbd|ps2:uPS2|keyboard:u1|keyboard_clk_filtered ; u_pll|uPLL|altpll_component|auto_generated|pll1|clk[0] ; 1.000        ; -2.378     ; 1.154      ;
; -2.535 ; keyboard_top:u_kbd|ps2:uPS2|keyboard:u1|scan_code[5]                 ; keyboard_top:u_kbd|keyboard_ctrl:Ukeycontrol|fire_pulse_top_reg                               ; keyboard_top:u_kbd|ps2:uPS2|keyboard:u1|keyboard_clk_filtered ; u_pll|uPLL|altpll_component|auto_generated|pll1|clk[0] ; 1.000        ; -2.378     ; 1.106      ;
; -2.124 ; keyboard_top:u_kbd|ps2:uPS2|keyboard:u1|scan_ready                   ; keyboard_top:u_kbd|keyboard_ctrl:Ukeycontrol|speed_sel_bottom_reg[1]                          ; keyboard_top:u_kbd|ps2:uPS2|keyboard:u1|ready_set             ; u_pll|uPLL|altpll_component|auto_generated|pll1|clk[0] ; 1.000        ; -1.270     ; 1.813      ;
; -2.124 ; keyboard_top:u_kbd|ps2:uPS2|keyboard:u1|scan_ready                   ; keyboard_top:u_kbd|keyboard_ctrl:Ukeycontrol|speed_sel_bottom_reg[0]                          ; keyboard_top:u_kbd|ps2:uPS2|keyboard:u1|ready_set             ; u_pll|uPLL|altpll_component|auto_generated|pll1|clk[0] ; 1.000        ; -1.270     ; 1.813      ;
; -1.950 ; keyboard_top:u_kbd|ps2:uPS2|keyboard:u1|scan_ready                   ; keyboard_top:u_kbd|keyboard_ctrl:Ukeycontrol|speed_sel_top_reg[0]                             ; keyboard_top:u_kbd|ps2:uPS2|keyboard:u1|ready_set             ; u_pll|uPLL|altpll_component|auto_generated|pll1|clk[0] ; 1.000        ; -1.272     ; 1.637      ;
; -1.950 ; keyboard_top:u_kbd|ps2:uPS2|keyboard:u1|scan_ready                   ; keyboard_top:u_kbd|keyboard_ctrl:Ukeycontrol|speed_sel_top_reg[1]                             ; keyboard_top:u_kbd|ps2:uPS2|keyboard:u1|ready_set             ; u_pll|uPLL|altpll_component|auto_generated|pll1|clk[0] ; 1.000        ; -1.272     ; 1.637      ;
; -1.546 ; keyboard_top:u_kbd|ps2:uPS2|keyboard:u1|scan_ready                   ; keyboard_top:u_kbd|keyboard_ctrl:Ukeycontrol|state_reg                                        ; keyboard_top:u_kbd|ps2:uPS2|keyboard:u1|ready_set             ; u_pll|uPLL|altpll_component|auto_generated|pll1|clk[0] ; 1.000        ; -0.892     ; 1.613      ;
; -1.506 ; keyboard_top:u_kbd|ps2:uPS2|keyboard:u1|scan_ready                   ; keyboard_top:u_kbd|ps2:uPS2|oneshot:pulser|delay                                              ; keyboard_top:u_kbd|ps2:uPS2|keyboard:u1|ready_set             ; u_pll|uPLL|altpll_component|auto_generated|pll1|clk[0] ; 1.000        ; -1.271     ; 1.194      ;
; -1.470 ; keyboard_top:u_kbd|ps2:uPS2|keyboard:u1|scan_ready                   ; keyboard_top:u_kbd|keyboard_ctrl:Ukeycontrol|fire_pulse_top_reg                               ; keyboard_top:u_kbd|ps2:uPS2|keyboard:u1|ready_set             ; u_pll|uPLL|altpll_component|auto_generated|pll1|clk[0] ; 1.000        ; -0.925     ; 1.504      ;
; -1.467 ; keyboard_top:u_kbd|ps2:uPS2|keyboard:u1|scan_ready                   ; keyboard_top:u_kbd|keyboard_ctrl:Ukeycontrol|fire_pulse_bottom_reg                            ; keyboard_top:u_kbd|ps2:uPS2|keyboard:u1|ready_set             ; u_pll|uPLL|altpll_component|auto_generated|pll1|clk[0] ; 1.000        ; -0.925     ; 1.501      ;
; -1.374 ; keyboard_top:u_kbd|ps2:uPS2|keyboard:u1|scan_ready                   ; keyboard_top:u_kbd|ps2:uPS2|oneshot:pulser|pulse_out                                          ; keyboard_top:u_kbd|ps2:uPS2|keyboard:u1|ready_set             ; u_pll|uPLL|altpll_component|auto_generated|pll1|clk[0] ; 1.000        ; -1.271     ; 1.062      ;
; -1.050 ; keyboard_top:u_kbd|ps2:uPS2|keyboard:u1|keyboard_clk_filtered        ; keyboard_top:u_kbd|ps2:uPS2|keyboard:u1|keyboard_clk_filtered                                 ; keyboard_top:u_kbd|ps2:uPS2|keyboard:u1|keyboard_clk_filtered ; u_pll|uPLL|altpll_component|auto_generated|pll1|clk[0] ; 0.500        ; 0.020      ; 1.732      ;
; -0.534 ; keyboard_top:u_kbd|ps2:uPS2|keyboard:u1|keyboard_clk_filtered        ; keyboard_top:u_kbd|ps2:uPS2|keyboard:u1|keyboard_clk_filtered                                 ; keyboard_top:u_kbd|ps2:uPS2|keyboard:u1|keyboard_clk_filtered ; u_pll|uPLL|altpll_component|auto_generated|pll1|clk[0] ; 1.000        ; 0.020      ; 1.716      ;
; 0.915  ; keyboard_top:u_kbd|keyboard_ctrl:Ukeycontrol|speed_sel_bottom_reg[1] ; bullet_bottom_top:u_bullets_bottom|tank_bullet_bottom_refine:\gen_bullets:1:u_bullet|x_reg[8] ; u_pll|uPLL|altpll_component|auto_generated|pll1|clk[0]        ; u_pll|uPLL|altpll_component|auto_generated|pll1|clk[0] ; 10.000       ; -0.074     ; 9.010      ;
; 1.002  ; keyboard_top:u_kbd|keyboard_ctrl:Ukeycontrol|speed_sel_bottom_reg[1] ; bullet_bottom_top:u_bullets_bottom|tank_bullet_bottom_refine:\gen_bullets:2:u_bullet|x_reg[8] ; u_pll|uPLL|altpll_component|auto_generated|pll1|clk[0]        ; u_pll|uPLL|altpll_component|auto_generated|pll1|clk[0] ; 10.000       ; -0.082     ; 8.915      ;
; 1.015  ; keyboard_top:u_kbd|keyboard_ctrl:Ukeycontrol|speed_sel_bottom_reg[0] ; bullet_bottom_top:u_bullets_bottom|tank_bullet_bottom_refine:\gen_bullets:1:u_bullet|x_reg[8] ; u_pll|uPLL|altpll_component|auto_generated|pll1|clk[0]        ; u_pll|uPLL|altpll_component|auto_generated|pll1|clk[0] ; 10.000       ; -0.074     ; 8.910      ;
; 1.022  ; keyboard_top:u_kbd|keyboard_ctrl:Ukeycontrol|speed_sel_bottom_reg[1] ; bullet_bottom_top:u_bullets_bottom|tank_bullet_bottom_refine:\gen_bullets:4:u_bullet|x_reg[8] ; u_pll|uPLL|altpll_component|auto_generated|pll1|clk[0]        ; u_pll|uPLL|altpll_component|auto_generated|pll1|clk[0] ; 10.000       ; 0.289      ; 9.266      ;
; 1.051  ; keyboard_top:u_kbd|keyboard_ctrl:Ukeycontrol|speed_sel_bottom_reg[1] ; bullet_bottom_top:u_bullets_bottom|tank_bullet_bottom_refine:\gen_bullets:1:u_bullet|x_reg[9] ; u_pll|uPLL|altpll_component|auto_generated|pll1|clk[0]        ; u_pll|uPLL|altpll_component|auto_generated|pll1|clk[0] ; 10.000       ; -0.074     ; 8.874      ;
; 1.102  ; keyboard_top:u_kbd|keyboard_ctrl:Ukeycontrol|speed_sel_bottom_reg[0] ; bullet_bottom_top:u_bullets_bottom|tank_bullet_bottom_refine:\gen_bullets:2:u_bullet|x_reg[8] ; u_pll|uPLL|altpll_component|auto_generated|pll1|clk[0]        ; u_pll|uPLL|altpll_component|auto_generated|pll1|clk[0] ; 10.000       ; -0.082     ; 8.815      ;
; 1.122  ; keyboard_top:u_kbd|keyboard_ctrl:Ukeycontrol|speed_sel_bottom_reg[0] ; bullet_bottom_top:u_bullets_bottom|tank_bullet_bottom_refine:\gen_bullets:4:u_bullet|x_reg[8] ; u_pll|uPLL|altpll_component|auto_generated|pll1|clk[0]        ; u_pll|uPLL|altpll_component|auto_generated|pll1|clk[0] ; 10.000       ; 0.289      ; 9.166      ;
; 1.151  ; keyboard_top:u_kbd|keyboard_ctrl:Ukeycontrol|speed_sel_bottom_reg[1] ; bullet_bottom_top:u_bullets_bottom|tank_bullet_bottom_refine:\gen_bullets:1:u_bullet|x_reg[7] ; u_pll|uPLL|altpll_component|auto_generated|pll1|clk[0]        ; u_pll|uPLL|altpll_component|auto_generated|pll1|clk[0] ; 10.000       ; -0.074     ; 8.774      ;
; 1.151  ; keyboard_top:u_kbd|keyboard_ctrl:Ukeycontrol|speed_sel_bottom_reg[0] ; bullet_bottom_top:u_bullets_bottom|tank_bullet_bottom_refine:\gen_bullets:1:u_bullet|x_reg[9] ; u_pll|uPLL|altpll_component|auto_generated|pll1|clk[0]        ; u_pll|uPLL|altpll_component|auto_generated|pll1|clk[0] ; 10.000       ; -0.074     ; 8.774      ;
; 1.163  ; keyboard_top:u_kbd|keyboard_ctrl:Ukeycontrol|speed_sel_top_reg[1]    ; bullet_top_top:u_bullets_top|tank_bullet_top_refine:\gen_bullets:1:u_bullet|x_reg[9]          ; u_pll|uPLL|altpll_component|auto_generated|pll1|clk[0]        ; u_pll|uPLL|altpll_component|auto_generated|pll1|clk[0] ; 10.000       ; -0.079     ; 8.757      ;
; 1.184  ; keyboard_top:u_kbd|keyboard_ctrl:Ukeycontrol|speed_sel_bottom_reg[1] ; bullet_bottom_top:u_bullets_bottom|tank_bullet_bottom_refine:\gen_bullets:4:u_bullet|x_reg[6] ; u_pll|uPLL|altpll_component|auto_generated|pll1|clk[0]        ; u_pll|uPLL|altpll_component|auto_generated|pll1|clk[0] ; 10.000       ; 0.289      ; 9.104      ;
; 1.202  ; keyboard_top:u_kbd|keyboard_ctrl:Ukeycontrol|speed_sel_bottom_reg[1] ; bullet_bottom_top:u_bullets_bottom|tank_bullet_bottom_refine:\gen_bullets:1:u_bullet|x_reg[6] ; u_pll|uPLL|altpll_component|auto_generated|pll1|clk[0]        ; u_pll|uPLL|altpll_component|auto_generated|pll1|clk[0] ; 10.000       ; -0.074     ; 8.723      ;
; 1.238  ; keyboard_top:u_kbd|keyboard_ctrl:Ukeycontrol|speed_sel_top_reg[1]    ; bullet_top_top:u_bullets_top|tank_bullet_top_refine:\gen_bullets:1:u_bullet|x_reg[8]          ; u_pll|uPLL|altpll_component|auto_generated|pll1|clk[0]        ; u_pll|uPLL|altpll_component|auto_generated|pll1|clk[0] ; 10.000       ; -0.079     ; 8.682      ;
; 1.251  ; keyboard_top:u_kbd|keyboard_ctrl:Ukeycontrol|speed_sel_bottom_reg[0] ; bullet_bottom_top:u_bullets_bottom|tank_bullet_bottom_refine:\gen_bullets:1:u_bullet|x_reg[7] ; u_pll|uPLL|altpll_component|auto_generated|pll1|clk[0]        ; u_pll|uPLL|altpll_component|auto_generated|pll1|clk[0] ; 10.000       ; -0.074     ; 8.674      ;
; 1.257  ; keyboard_top:u_kbd|keyboard_ctrl:Ukeycontrol|speed_sel_bottom_reg[1] ; bullet_bottom_top:u_bullets_bottom|tank_bullet_bottom_refine:\gen_bullets:2:u_bullet|x_reg[9] ; u_pll|uPLL|altpll_component|auto_generated|pll1|clk[0]        ; u_pll|uPLL|altpll_component|auto_generated|pll1|clk[0] ; 10.000       ; -0.082     ; 8.660      ;
; 1.264  ; keyboard_top:u_kbd|keyboard_ctrl:Ukeycontrol|speed_sel_top_reg[1]    ; bullet_top_top:u_bullets_top|tank_bullet_top_refine:\gen_bullets:1:u_bullet|x_reg[6]          ; u_pll|uPLL|altpll_component|auto_generated|pll1|clk[0]        ; u_pll|uPLL|altpll_component|auto_generated|pll1|clk[0] ; 10.000       ; -0.079     ; 8.656      ;
; 1.284  ; keyboard_top:u_kbd|keyboard_ctrl:Ukeycontrol|speed_sel_bottom_reg[1] ; bullet_bottom_top:u_bullets_bottom|tank_bullet_bottom_refine:\gen_bullets:4:u_bullet|x_reg[9] ; u_pll|uPLL|altpll_component|auto_generated|pll1|clk[0]        ; u_pll|uPLL|altpll_component|auto_generated|pll1|clk[0] ; 10.000       ; 0.289      ; 9.004      ;
; 1.284  ; keyboard_top:u_kbd|keyboard_ctrl:Ukeycontrol|speed_sel_bottom_reg[0] ; bullet_bottom_top:u_bullets_bottom|tank_bullet_bottom_refine:\gen_bullets:4:u_bullet|x_reg[6] ; u_pll|uPLL|altpll_component|auto_generated|pll1|clk[0]        ; u_pll|uPLL|altpll_component|auto_generated|pll1|clk[0] ; 10.000       ; 0.289      ; 9.004      ;
; 1.288  ; tank_top:u_tank_top|dir_reg                                          ; bullet_top_top:u_bullets_top|tank_bullet_top_refine:\gen_bullets:1:u_bullet|x_reg[9]          ; u_pll|uPLL|altpll_component|auto_generated|pll1|clk[0]        ; u_pll|uPLL|altpll_component|auto_generated|pll1|clk[0] ; 10.000       ; -0.082     ; 8.629      ;
; 1.302  ; keyboard_top:u_kbd|keyboard_ctrl:Ukeycontrol|speed_sel_bottom_reg[0] ; bullet_bottom_top:u_bullets_bottom|tank_bullet_bottom_refine:\gen_bullets:1:u_bullet|x_reg[6] ; u_pll|uPLL|altpll_component|auto_generated|pll1|clk[0]        ; u_pll|uPLL|altpll_component|auto_generated|pll1|clk[0] ; 10.000       ; -0.074     ; 8.623      ;
; 1.303  ; keyboard_top:u_kbd|keyboard_ctrl:Ukeycontrol|speed_sel_bottom_reg[1] ; bullet_bottom_top:u_bullets_bottom|tank_bullet_bottom_refine:\gen_bullets:3:u_bullet|x_reg[6] ; u_pll|uPLL|altpll_component|auto_generated|pll1|clk[0]        ; u_pll|uPLL|altpll_component|auto_generated|pll1|clk[0] ; 10.000       ; -0.085     ; 8.611      ;
; 1.304  ; keyboard_top:u_kbd|keyboard_ctrl:Ukeycontrol|speed_sel_bottom_reg[1] ; bullet_bottom_top:u_bullets_bottom|tank_bullet_bottom_refine:\gen_bullets:4:u_bullet|x_reg[5] ; u_pll|uPLL|altpll_component|auto_generated|pll1|clk[0]        ; u_pll|uPLL|altpll_component|auto_generated|pll1|clk[0] ; 10.000       ; -0.091     ; 8.604      ;
; 1.336  ; keyboard_top:u_kbd|keyboard_ctrl:Ukeycontrol|speed_sel_bottom_reg[1] ; bullet_bottom_top:u_bullets_bottom|tank_bullet_bottom_refine:\gen_bullets:2:u_bullet|x_reg[6] ; u_pll|uPLL|altpll_component|auto_generated|pll1|clk[0]        ; u_pll|uPLL|altpll_component|auto_generated|pll1|clk[0] ; 10.000       ; -0.082     ; 8.581      ;
; 1.346  ; keyboard_top:u_kbd|keyboard_ctrl:Ukeycontrol|speed_sel_bottom_reg[1] ; bullet_bottom_top:u_bullets_bottom|tank_bullet_bottom_refine:\gen_bullets:3:u_bullet|x_reg[8] ; u_pll|uPLL|altpll_component|auto_generated|pll1|clk[0]        ; u_pll|uPLL|altpll_component|auto_generated|pll1|clk[0] ; 10.000       ; 0.295      ; 8.948      ;
; 1.357  ; keyboard_top:u_kbd|keyboard_ctrl:Ukeycontrol|speed_sel_bottom_reg[0] ; bullet_bottom_top:u_bullets_bottom|tank_bullet_bottom_refine:\gen_bullets:2:u_bullet|x_reg[9] ; u_pll|uPLL|altpll_component|auto_generated|pll1|clk[0]        ; u_pll|uPLL|altpll_component|auto_generated|pll1|clk[0] ; 10.000       ; -0.082     ; 8.560      ;
; 1.362  ; keyboard_top:u_kbd|keyboard_ctrl:Ukeycontrol|speed_sel_top_reg[0]    ; bullet_top_top:u_bullets_top|tank_bullet_top_refine:\gen_bullets:1:u_bullet|x_reg[9]          ; u_pll|uPLL|altpll_component|auto_generated|pll1|clk[0]        ; u_pll|uPLL|altpll_component|auto_generated|pll1|clk[0] ; 10.000       ; -0.079     ; 8.558      ;
; 1.363  ; tank_top:u_tank_top|dir_reg                                          ; bullet_top_top:u_bullets_top|tank_bullet_top_refine:\gen_bullets:1:u_bullet|x_reg[8]          ; u_pll|uPLL|altpll_component|auto_generated|pll1|clk[0]        ; u_pll|uPLL|altpll_component|auto_generated|pll1|clk[0] ; 10.000       ; -0.082     ; 8.554      ;
; 1.370  ; keyboard_top:u_kbd|keyboard_ctrl:Ukeycontrol|speed_sel_bottom_reg[1] ; bullet_bottom_top:u_bullets_bottom|tank_bullet_bottom_refine:\gen_bullets:2:u_bullet|x_reg[7] ; u_pll|uPLL|altpll_component|auto_generated|pll1|clk[0]        ; u_pll|uPLL|altpll_component|auto_generated|pll1|clk[0] ; 10.000       ; -0.082     ; 8.547      ;
; 1.384  ; keyboard_top:u_kbd|keyboard_ctrl:Ukeycontrol|speed_sel_bottom_reg[0] ; bullet_bottom_top:u_bullets_bottom|tank_bullet_bottom_refine:\gen_bullets:4:u_bullet|x_reg[9] ; u_pll|uPLL|altpll_component|auto_generated|pll1|clk[0]        ; u_pll|uPLL|altpll_component|auto_generated|pll1|clk[0] ; 10.000       ; 0.289      ; 8.904      ;
; 1.389  ; tank_top:u_tank_top|dir_reg                                          ; bullet_top_top:u_bullets_top|tank_bullet_top_refine:\gen_bullets:1:u_bullet|x_reg[6]          ; u_pll|uPLL|altpll_component|auto_generated|pll1|clk[0]        ; u_pll|uPLL|altpll_component|auto_generated|pll1|clk[0] ; 10.000       ; -0.082     ; 8.528      ;
; 1.403  ; keyboard_top:u_kbd|keyboard_ctrl:Ukeycontrol|speed_sel_bottom_reg[0] ; bullet_bottom_top:u_bullets_bottom|tank_bullet_bottom_refine:\gen_bullets:3:u_bullet|x_reg[6] ; u_pll|uPLL|altpll_component|auto_generated|pll1|clk[0]        ; u_pll|uPLL|altpll_component|auto_generated|pll1|clk[0] ; 10.000       ; -0.085     ; 8.511      ;
; 1.404  ; keyboard_top:u_kbd|keyboard_ctrl:Ukeycontrol|speed_sel_bottom_reg[0] ; bullet_bottom_top:u_bullets_bottom|tank_bullet_bottom_refine:\gen_bullets:4:u_bullet|x_reg[5] ; u_pll|uPLL|altpll_component|auto_generated|pll1|clk[0]        ; u_pll|uPLL|altpll_component|auto_generated|pll1|clk[0] ; 10.000       ; -0.091     ; 8.504      ;
; 1.405  ; tank_bottom:u_tank_bottom|dir_reg                                    ; bullet_bottom_top:u_bullets_bottom|tank_bullet_bottom_refine:\gen_bullets:1:u_bullet|x_reg[8] ; u_pll|uPLL|altpll_component|auto_generated|pll1|clk[0]        ; u_pll|uPLL|altpll_component|auto_generated|pll1|clk[0] ; 10.000       ; -0.067     ; 8.527      ;
+--------+----------------------------------------------------------------------+-----------------------------------------------------------------------------------------------+---------------------------------------------------------------+--------------------------------------------------------+--------------+------------+------------+


+--------------------------------------------------------------------------------------------------------------------------------------------------------------------------------------------------------------------------------------------------------------------------------------------+
; Slow 1200mV 0C Model Setup: 'keyboard_top:u_kbd|ps2:uPS2|keyboard:u1|keyboard_clk_filtered'                                                                                                                                                                                                ;
+--------+---------------------------------------------------+------------------------------------------------------+---------------------------------------------------------------+---------------------------------------------------------------+--------------+------------+------------+
; Slack  ; From Node                                         ; To Node                                              ; Launch Clock                                                  ; Latch Clock                                                   ; Relationship ; Clock Skew ; Data Delay ;
+--------+---------------------------------------------------+------------------------------------------------------+---------------------------------------------------------------+---------------------------------------------------------------+--------------+------------+------------+
; -2.370 ; keyboard_top:u_kbd|ps2:uPS2|keyboard:u1|INCNT[2]  ; keyboard_top:u_kbd|ps2:uPS2|keyboard:u1|ready_set    ; keyboard_top:u_kbd|ps2:uPS2|keyboard:u1|keyboard_clk_filtered ; keyboard_top:u_kbd|ps2:uPS2|keyboard:u1|keyboard_clk_filtered ; 1.000        ; -0.074     ; 3.295      ;
; -2.358 ; keyboard_top:u_kbd|ps2:uPS2|keyboard:u1|INCNT[3]  ; keyboard_top:u_kbd|ps2:uPS2|keyboard:u1|ready_set    ; keyboard_top:u_kbd|ps2:uPS2|keyboard:u1|keyboard_clk_filtered ; keyboard_top:u_kbd|ps2:uPS2|keyboard:u1|keyboard_clk_filtered ; 1.000        ; -0.074     ; 3.283      ;
; -2.174 ; keyboard_top:u_kbd|ps2:uPS2|keyboard:u1|INCNT[0]  ; keyboard_top:u_kbd|ps2:uPS2|keyboard:u1|ready_set    ; keyboard_top:u_kbd|ps2:uPS2|keyboard:u1|keyboard_clk_filtered ; keyboard_top:u_kbd|ps2:uPS2|keyboard:u1|keyboard_clk_filtered ; 1.000        ; -0.074     ; 3.099      ;
; -2.065 ; keyboard_top:u_kbd|ps2:uPS2|keyboard:u1|INCNT[1]  ; keyboard_top:u_kbd|ps2:uPS2|keyboard:u1|ready_set    ; keyboard_top:u_kbd|ps2:uPS2|keyboard:u1|keyboard_clk_filtered ; keyboard_top:u_kbd|ps2:uPS2|keyboard:u1|keyboard_clk_filtered ; 1.000        ; -0.074     ; 2.990      ;
; -1.651 ; keyboard_top:u_kbd|ps2:uPS2|keyboard:u1|INCNT[2]  ; keyboard_top:u_kbd|ps2:uPS2|keyboard:u1|scan_code[7] ; keyboard_top:u_kbd|ps2:uPS2|keyboard:u1|keyboard_clk_filtered ; keyboard_top:u_kbd|ps2:uPS2|keyboard:u1|keyboard_clk_filtered ; 1.000        ; -0.103     ; 2.547      ;
; -1.651 ; keyboard_top:u_kbd|ps2:uPS2|keyboard:u1|INCNT[2]  ; keyboard_top:u_kbd|ps2:uPS2|keyboard:u1|scan_code[3] ; keyboard_top:u_kbd|ps2:uPS2|keyboard:u1|keyboard_clk_filtered ; keyboard_top:u_kbd|ps2:uPS2|keyboard:u1|keyboard_clk_filtered ; 1.000        ; -0.103     ; 2.547      ;
; -1.651 ; keyboard_top:u_kbd|ps2:uPS2|keyboard:u1|INCNT[2]  ; keyboard_top:u_kbd|ps2:uPS2|keyboard:u1|scan_code[4] ; keyboard_top:u_kbd|ps2:uPS2|keyboard:u1|keyboard_clk_filtered ; keyboard_top:u_kbd|ps2:uPS2|keyboard:u1|keyboard_clk_filtered ; 1.000        ; -0.103     ; 2.547      ;
; -1.651 ; keyboard_top:u_kbd|ps2:uPS2|keyboard:u1|INCNT[2]  ; keyboard_top:u_kbd|ps2:uPS2|keyboard:u1|scan_code[1] ; keyboard_top:u_kbd|ps2:uPS2|keyboard:u1|keyboard_clk_filtered ; keyboard_top:u_kbd|ps2:uPS2|keyboard:u1|keyboard_clk_filtered ; 1.000        ; -0.103     ; 2.547      ;
; -1.651 ; keyboard_top:u_kbd|ps2:uPS2|keyboard:u1|INCNT[2]  ; keyboard_top:u_kbd|ps2:uPS2|keyboard:u1|scan_code[6] ; keyboard_top:u_kbd|ps2:uPS2|keyboard:u1|keyboard_clk_filtered ; keyboard_top:u_kbd|ps2:uPS2|keyboard:u1|keyboard_clk_filtered ; 1.000        ; -0.103     ; 2.547      ;
; -1.651 ; keyboard_top:u_kbd|ps2:uPS2|keyboard:u1|INCNT[2]  ; keyboard_top:u_kbd|ps2:uPS2|keyboard:u1|scan_code[5] ; keyboard_top:u_kbd|ps2:uPS2|keyboard:u1|keyboard_clk_filtered ; keyboard_top:u_kbd|ps2:uPS2|keyboard:u1|keyboard_clk_filtered ; 1.000        ; -0.103     ; 2.547      ;
; -1.651 ; keyboard_top:u_kbd|ps2:uPS2|keyboard:u1|INCNT[2]  ; keyboard_top:u_kbd|ps2:uPS2|keyboard:u1|scan_code[0] ; keyboard_top:u_kbd|ps2:uPS2|keyboard:u1|keyboard_clk_filtered ; keyboard_top:u_kbd|ps2:uPS2|keyboard:u1|keyboard_clk_filtered ; 1.000        ; -0.103     ; 2.547      ;
; -1.651 ; keyboard_top:u_kbd|ps2:uPS2|keyboard:u1|INCNT[2]  ; keyboard_top:u_kbd|ps2:uPS2|keyboard:u1|scan_code[2] ; keyboard_top:u_kbd|ps2:uPS2|keyboard:u1|keyboard_clk_filtered ; keyboard_top:u_kbd|ps2:uPS2|keyboard:u1|keyboard_clk_filtered ; 1.000        ; -0.103     ; 2.547      ;
; -1.645 ; keyboard_top:u_kbd|ps2:uPS2|keyboard:u1|INCNT[3]  ; keyboard_top:u_kbd|ps2:uPS2|keyboard:u1|scan_code[7] ; keyboard_top:u_kbd|ps2:uPS2|keyboard:u1|keyboard_clk_filtered ; keyboard_top:u_kbd|ps2:uPS2|keyboard:u1|keyboard_clk_filtered ; 1.000        ; -0.103     ; 2.541      ;
; -1.645 ; keyboard_top:u_kbd|ps2:uPS2|keyboard:u1|INCNT[3]  ; keyboard_top:u_kbd|ps2:uPS2|keyboard:u1|scan_code[3] ; keyboard_top:u_kbd|ps2:uPS2|keyboard:u1|keyboard_clk_filtered ; keyboard_top:u_kbd|ps2:uPS2|keyboard:u1|keyboard_clk_filtered ; 1.000        ; -0.103     ; 2.541      ;
; -1.645 ; keyboard_top:u_kbd|ps2:uPS2|keyboard:u1|INCNT[3]  ; keyboard_top:u_kbd|ps2:uPS2|keyboard:u1|scan_code[4] ; keyboard_top:u_kbd|ps2:uPS2|keyboard:u1|keyboard_clk_filtered ; keyboard_top:u_kbd|ps2:uPS2|keyboard:u1|keyboard_clk_filtered ; 1.000        ; -0.103     ; 2.541      ;
; -1.645 ; keyboard_top:u_kbd|ps2:uPS2|keyboard:u1|INCNT[3]  ; keyboard_top:u_kbd|ps2:uPS2|keyboard:u1|scan_code[1] ; keyboard_top:u_kbd|ps2:uPS2|keyboard:u1|keyboard_clk_filtered ; keyboard_top:u_kbd|ps2:uPS2|keyboard:u1|keyboard_clk_filtered ; 1.000        ; -0.103     ; 2.541      ;
; -1.645 ; keyboard_top:u_kbd|ps2:uPS2|keyboard:u1|INCNT[3]  ; keyboard_top:u_kbd|ps2:uPS2|keyboard:u1|scan_code[6] ; keyboard_top:u_kbd|ps2:uPS2|keyboard:u1|keyboard_clk_filtered ; keyboard_top:u_kbd|ps2:uPS2|keyboard:u1|keyboard_clk_filtered ; 1.000        ; -0.103     ; 2.541      ;
; -1.645 ; keyboard_top:u_kbd|ps2:uPS2|keyboard:u1|INCNT[3]  ; keyboard_top:u_kbd|ps2:uPS2|keyboard:u1|scan_code[5] ; keyboard_top:u_kbd|ps2:uPS2|keyboard:u1|keyboard_clk_filtered ; keyboard_top:u_kbd|ps2:uPS2|keyboard:u1|keyboard_clk_filtered ; 1.000        ; -0.103     ; 2.541      ;
; -1.645 ; keyboard_top:u_kbd|ps2:uPS2|keyboard:u1|INCNT[3]  ; keyboard_top:u_kbd|ps2:uPS2|keyboard:u1|scan_code[0] ; keyboard_top:u_kbd|ps2:uPS2|keyboard:u1|keyboard_clk_filtered ; keyboard_top:u_kbd|ps2:uPS2|keyboard:u1|keyboard_clk_filtered ; 1.000        ; -0.103     ; 2.541      ;
; -1.645 ; keyboard_top:u_kbd|ps2:uPS2|keyboard:u1|INCNT[3]  ; keyboard_top:u_kbd|ps2:uPS2|keyboard:u1|scan_code[2] ; keyboard_top:u_kbd|ps2:uPS2|keyboard:u1|keyboard_clk_filtered ; keyboard_top:u_kbd|ps2:uPS2|keyboard:u1|keyboard_clk_filtered ; 1.000        ; -0.103     ; 2.541      ;
; -1.634 ; keyboard_top:u_kbd|ps2:uPS2|keyboard:u1|READ_CHAR ; keyboard_top:u_kbd|ps2:uPS2|keyboard:u1|ready_set    ; keyboard_top:u_kbd|ps2:uPS2|keyboard:u1|keyboard_clk_filtered ; keyboard_top:u_kbd|ps2:uPS2|keyboard:u1|keyboard_clk_filtered ; 1.000        ; -0.074     ; 2.559      ;
; -1.456 ; keyboard_top:u_kbd|ps2:uPS2|keyboard:u1|INCNT[0]  ; keyboard_top:u_kbd|ps2:uPS2|keyboard:u1|scan_code[7] ; keyboard_top:u_kbd|ps2:uPS2|keyboard:u1|keyboard_clk_filtered ; keyboard_top:u_kbd|ps2:uPS2|keyboard:u1|keyboard_clk_filtered ; 1.000        ; -0.103     ; 2.352      ;
; -1.456 ; keyboard_top:u_kbd|ps2:uPS2|keyboard:u1|INCNT[0]  ; keyboard_top:u_kbd|ps2:uPS2|keyboard:u1|scan_code[3] ; keyboard_top:u_kbd|ps2:uPS2|keyboard:u1|keyboard_clk_filtered ; keyboard_top:u_kbd|ps2:uPS2|keyboard:u1|keyboard_clk_filtered ; 1.000        ; -0.103     ; 2.352      ;
; -1.456 ; keyboard_top:u_kbd|ps2:uPS2|keyboard:u1|INCNT[0]  ; keyboard_top:u_kbd|ps2:uPS2|keyboard:u1|scan_code[4] ; keyboard_top:u_kbd|ps2:uPS2|keyboard:u1|keyboard_clk_filtered ; keyboard_top:u_kbd|ps2:uPS2|keyboard:u1|keyboard_clk_filtered ; 1.000        ; -0.103     ; 2.352      ;
; -1.456 ; keyboard_top:u_kbd|ps2:uPS2|keyboard:u1|INCNT[0]  ; keyboard_top:u_kbd|ps2:uPS2|keyboard:u1|scan_code[1] ; keyboard_top:u_kbd|ps2:uPS2|keyboard:u1|keyboard_clk_filtered ; keyboard_top:u_kbd|ps2:uPS2|keyboard:u1|keyboard_clk_filtered ; 1.000        ; -0.103     ; 2.352      ;
; -1.456 ; keyboard_top:u_kbd|ps2:uPS2|keyboard:u1|INCNT[0]  ; keyboard_top:u_kbd|ps2:uPS2|keyboard:u1|scan_code[6] ; keyboard_top:u_kbd|ps2:uPS2|keyboard:u1|keyboard_clk_filtered ; keyboard_top:u_kbd|ps2:uPS2|keyboard:u1|keyboard_clk_filtered ; 1.000        ; -0.103     ; 2.352      ;
; -1.456 ; keyboard_top:u_kbd|ps2:uPS2|keyboard:u1|INCNT[0]  ; keyboard_top:u_kbd|ps2:uPS2|keyboard:u1|scan_code[5] ; keyboard_top:u_kbd|ps2:uPS2|keyboard:u1|keyboard_clk_filtered ; keyboard_top:u_kbd|ps2:uPS2|keyboard:u1|keyboard_clk_filtered ; 1.000        ; -0.103     ; 2.352      ;
; -1.456 ; keyboard_top:u_kbd|ps2:uPS2|keyboard:u1|INCNT[0]  ; keyboard_top:u_kbd|ps2:uPS2|keyboard:u1|scan_code[0] ; keyboard_top:u_kbd|ps2:uPS2|keyboard:u1|keyboard_clk_filtered ; keyboard_top:u_kbd|ps2:uPS2|keyboard:u1|keyboard_clk_filtered ; 1.000        ; -0.103     ; 2.352      ;
; -1.456 ; keyboard_top:u_kbd|ps2:uPS2|keyboard:u1|INCNT[0]  ; keyboard_top:u_kbd|ps2:uPS2|keyboard:u1|scan_code[2] ; keyboard_top:u_kbd|ps2:uPS2|keyboard:u1|keyboard_clk_filtered ; keyboard_top:u_kbd|ps2:uPS2|keyboard:u1|keyboard_clk_filtered ; 1.000        ; -0.103     ; 2.352      ;
; -1.341 ; keyboard_top:u_kbd|ps2:uPS2|keyboard:u1|INCNT[1]  ; keyboard_top:u_kbd|ps2:uPS2|keyboard:u1|scan_code[7] ; keyboard_top:u_kbd|ps2:uPS2|keyboard:u1|keyboard_clk_filtered ; keyboard_top:u_kbd|ps2:uPS2|keyboard:u1|keyboard_clk_filtered ; 1.000        ; -0.103     ; 2.237      ;
; -1.341 ; keyboard_top:u_kbd|ps2:uPS2|keyboard:u1|INCNT[1]  ; keyboard_top:u_kbd|ps2:uPS2|keyboard:u1|scan_code[3] ; keyboard_top:u_kbd|ps2:uPS2|keyboard:u1|keyboard_clk_filtered ; keyboard_top:u_kbd|ps2:uPS2|keyboard:u1|keyboard_clk_filtered ; 1.000        ; -0.103     ; 2.237      ;
; -1.341 ; keyboard_top:u_kbd|ps2:uPS2|keyboard:u1|INCNT[1]  ; keyboard_top:u_kbd|ps2:uPS2|keyboard:u1|scan_code[4] ; keyboard_top:u_kbd|ps2:uPS2|keyboard:u1|keyboard_clk_filtered ; keyboard_top:u_kbd|ps2:uPS2|keyboard:u1|keyboard_clk_filtered ; 1.000        ; -0.103     ; 2.237      ;
; -1.341 ; keyboard_top:u_kbd|ps2:uPS2|keyboard:u1|INCNT[1]  ; keyboard_top:u_kbd|ps2:uPS2|keyboard:u1|scan_code[1] ; keyboard_top:u_kbd|ps2:uPS2|keyboard:u1|keyboard_clk_filtered ; keyboard_top:u_kbd|ps2:uPS2|keyboard:u1|keyboard_clk_filtered ; 1.000        ; -0.103     ; 2.237      ;
; -1.341 ; keyboard_top:u_kbd|ps2:uPS2|keyboard:u1|INCNT[1]  ; keyboard_top:u_kbd|ps2:uPS2|keyboard:u1|scan_code[6] ; keyboard_top:u_kbd|ps2:uPS2|keyboard:u1|keyboard_clk_filtered ; keyboard_top:u_kbd|ps2:uPS2|keyboard:u1|keyboard_clk_filtered ; 1.000        ; -0.103     ; 2.237      ;
; -1.341 ; keyboard_top:u_kbd|ps2:uPS2|keyboard:u1|INCNT[1]  ; keyboard_top:u_kbd|ps2:uPS2|keyboard:u1|scan_code[5] ; keyboard_top:u_kbd|ps2:uPS2|keyboard:u1|keyboard_clk_filtered ; keyboard_top:u_kbd|ps2:uPS2|keyboard:u1|keyboard_clk_filtered ; 1.000        ; -0.103     ; 2.237      ;
; -1.341 ; keyboard_top:u_kbd|ps2:uPS2|keyboard:u1|INCNT[1]  ; keyboard_top:u_kbd|ps2:uPS2|keyboard:u1|scan_code[0] ; keyboard_top:u_kbd|ps2:uPS2|keyboard:u1|keyboard_clk_filtered ; keyboard_top:u_kbd|ps2:uPS2|keyboard:u1|keyboard_clk_filtered ; 1.000        ; -0.103     ; 2.237      ;
; -1.341 ; keyboard_top:u_kbd|ps2:uPS2|keyboard:u1|INCNT[1]  ; keyboard_top:u_kbd|ps2:uPS2|keyboard:u1|scan_code[2] ; keyboard_top:u_kbd|ps2:uPS2|keyboard:u1|keyboard_clk_filtered ; keyboard_top:u_kbd|ps2:uPS2|keyboard:u1|keyboard_clk_filtered ; 1.000        ; -0.103     ; 2.237      ;
; -1.219 ; keyboard_top:u_kbd|ps2:uPS2|keyboard:u1|INCNT[2]  ; keyboard_top:u_kbd|ps2:uPS2|keyboard:u1|SHIFTIN[6]   ; keyboard_top:u_kbd|ps2:uPS2|keyboard:u1|keyboard_clk_filtered ; keyboard_top:u_kbd|ps2:uPS2|keyboard:u1|keyboard_clk_filtered ; 1.000        ; 0.247      ; 2.465      ;
; -1.219 ; keyboard_top:u_kbd|ps2:uPS2|keyboard:u1|INCNT[2]  ; keyboard_top:u_kbd|ps2:uPS2|keyboard:u1|SHIFTIN[3]   ; keyboard_top:u_kbd|ps2:uPS2|keyboard:u1|keyboard_clk_filtered ; keyboard_top:u_kbd|ps2:uPS2|keyboard:u1|keyboard_clk_filtered ; 1.000        ; 0.247      ; 2.465      ;
; -1.219 ; keyboard_top:u_kbd|ps2:uPS2|keyboard:u1|INCNT[2]  ; keyboard_top:u_kbd|ps2:uPS2|keyboard:u1|SHIFTIN[4]   ; keyboard_top:u_kbd|ps2:uPS2|keyboard:u1|keyboard_clk_filtered ; keyboard_top:u_kbd|ps2:uPS2|keyboard:u1|keyboard_clk_filtered ; 1.000        ; 0.247      ; 2.465      ;
; -1.219 ; keyboard_top:u_kbd|ps2:uPS2|keyboard:u1|INCNT[2]  ; keyboard_top:u_kbd|ps2:uPS2|keyboard:u1|SHIFTIN[5]   ; keyboard_top:u_kbd|ps2:uPS2|keyboard:u1|keyboard_clk_filtered ; keyboard_top:u_kbd|ps2:uPS2|keyboard:u1|keyboard_clk_filtered ; 1.000        ; 0.247      ; 2.465      ;
; -1.219 ; keyboard_top:u_kbd|ps2:uPS2|keyboard:u1|INCNT[2]  ; keyboard_top:u_kbd|ps2:uPS2|keyboard:u1|SHIFTIN[1]   ; keyboard_top:u_kbd|ps2:uPS2|keyboard:u1|keyboard_clk_filtered ; keyboard_top:u_kbd|ps2:uPS2|keyboard:u1|keyboard_clk_filtered ; 1.000        ; 0.247      ; 2.465      ;
; -1.219 ; keyboard_top:u_kbd|ps2:uPS2|keyboard:u1|INCNT[2]  ; keyboard_top:u_kbd|ps2:uPS2|keyboard:u1|SHIFTIN[2]   ; keyboard_top:u_kbd|ps2:uPS2|keyboard:u1|keyboard_clk_filtered ; keyboard_top:u_kbd|ps2:uPS2|keyboard:u1|keyboard_clk_filtered ; 1.000        ; 0.247      ; 2.465      ;
; -1.219 ; keyboard_top:u_kbd|ps2:uPS2|keyboard:u1|INCNT[2]  ; keyboard_top:u_kbd|ps2:uPS2|keyboard:u1|SHIFTIN[0]   ; keyboard_top:u_kbd|ps2:uPS2|keyboard:u1|keyboard_clk_filtered ; keyboard_top:u_kbd|ps2:uPS2|keyboard:u1|keyboard_clk_filtered ; 1.000        ; 0.247      ; 2.465      ;
; -1.207 ; keyboard_top:u_kbd|ps2:uPS2|keyboard:u1|INCNT[3]  ; keyboard_top:u_kbd|ps2:uPS2|keyboard:u1|SHIFTIN[6]   ; keyboard_top:u_kbd|ps2:uPS2|keyboard:u1|keyboard_clk_filtered ; keyboard_top:u_kbd|ps2:uPS2|keyboard:u1|keyboard_clk_filtered ; 1.000        ; 0.247      ; 2.453      ;
; -1.207 ; keyboard_top:u_kbd|ps2:uPS2|keyboard:u1|INCNT[3]  ; keyboard_top:u_kbd|ps2:uPS2|keyboard:u1|SHIFTIN[3]   ; keyboard_top:u_kbd|ps2:uPS2|keyboard:u1|keyboard_clk_filtered ; keyboard_top:u_kbd|ps2:uPS2|keyboard:u1|keyboard_clk_filtered ; 1.000        ; 0.247      ; 2.453      ;
; -1.207 ; keyboard_top:u_kbd|ps2:uPS2|keyboard:u1|INCNT[3]  ; keyboard_top:u_kbd|ps2:uPS2|keyboard:u1|SHIFTIN[4]   ; keyboard_top:u_kbd|ps2:uPS2|keyboard:u1|keyboard_clk_filtered ; keyboard_top:u_kbd|ps2:uPS2|keyboard:u1|keyboard_clk_filtered ; 1.000        ; 0.247      ; 2.453      ;
; -1.207 ; keyboard_top:u_kbd|ps2:uPS2|keyboard:u1|INCNT[3]  ; keyboard_top:u_kbd|ps2:uPS2|keyboard:u1|SHIFTIN[5]   ; keyboard_top:u_kbd|ps2:uPS2|keyboard:u1|keyboard_clk_filtered ; keyboard_top:u_kbd|ps2:uPS2|keyboard:u1|keyboard_clk_filtered ; 1.000        ; 0.247      ; 2.453      ;
; -1.207 ; keyboard_top:u_kbd|ps2:uPS2|keyboard:u1|INCNT[3]  ; keyboard_top:u_kbd|ps2:uPS2|keyboard:u1|SHIFTIN[1]   ; keyboard_top:u_kbd|ps2:uPS2|keyboard:u1|keyboard_clk_filtered ; keyboard_top:u_kbd|ps2:uPS2|keyboard:u1|keyboard_clk_filtered ; 1.000        ; 0.247      ; 2.453      ;
; -1.207 ; keyboard_top:u_kbd|ps2:uPS2|keyboard:u1|INCNT[3]  ; keyboard_top:u_kbd|ps2:uPS2|keyboard:u1|SHIFTIN[2]   ; keyboard_top:u_kbd|ps2:uPS2|keyboard:u1|keyboard_clk_filtered ; keyboard_top:u_kbd|ps2:uPS2|keyboard:u1|keyboard_clk_filtered ; 1.000        ; 0.247      ; 2.453      ;
; -1.207 ; keyboard_top:u_kbd|ps2:uPS2|keyboard:u1|INCNT[3]  ; keyboard_top:u_kbd|ps2:uPS2|keyboard:u1|SHIFTIN[0]   ; keyboard_top:u_kbd|ps2:uPS2|keyboard:u1|keyboard_clk_filtered ; keyboard_top:u_kbd|ps2:uPS2|keyboard:u1|keyboard_clk_filtered ; 1.000        ; 0.247      ; 2.453      ;
; -1.146 ; keyboard_top:u_kbd|ps2:uPS2|keyboard:u1|INCNT[2]  ; keyboard_top:u_kbd|ps2:uPS2|keyboard:u1|INCNT[1]     ; keyboard_top:u_kbd|ps2:uPS2|keyboard:u1|keyboard_clk_filtered ; keyboard_top:u_kbd|ps2:uPS2|keyboard:u1|keyboard_clk_filtered ; 1.000        ; -0.073     ; 2.072      ;
; -1.137 ; keyboard_top:u_kbd|ps2:uPS2|keyboard:u1|INCNT[2]  ; keyboard_top:u_kbd|ps2:uPS2|keyboard:u1|SHIFTIN[7]   ; keyboard_top:u_kbd|ps2:uPS2|keyboard:u1|keyboard_clk_filtered ; keyboard_top:u_kbd|ps2:uPS2|keyboard:u1|keyboard_clk_filtered ; 1.000        ; 0.270      ; 2.406      ;
; -1.137 ; keyboard_top:u_kbd|ps2:uPS2|keyboard:u1|INCNT[2]  ; keyboard_top:u_kbd|ps2:uPS2|keyboard:u1|SHIFTIN[8]   ; keyboard_top:u_kbd|ps2:uPS2|keyboard:u1|keyboard_clk_filtered ; keyboard_top:u_kbd|ps2:uPS2|keyboard:u1|keyboard_clk_filtered ; 1.000        ; 0.270      ; 2.406      ;
; -1.134 ; keyboard_top:u_kbd|ps2:uPS2|keyboard:u1|INCNT[3]  ; keyboard_top:u_kbd|ps2:uPS2|keyboard:u1|INCNT[1]     ; keyboard_top:u_kbd|ps2:uPS2|keyboard:u1|keyboard_clk_filtered ; keyboard_top:u_kbd|ps2:uPS2|keyboard:u1|keyboard_clk_filtered ; 1.000        ; -0.073     ; 2.060      ;
; -1.125 ; keyboard_top:u_kbd|ps2:uPS2|keyboard:u1|INCNT[3]  ; keyboard_top:u_kbd|ps2:uPS2|keyboard:u1|SHIFTIN[7]   ; keyboard_top:u_kbd|ps2:uPS2|keyboard:u1|keyboard_clk_filtered ; keyboard_top:u_kbd|ps2:uPS2|keyboard:u1|keyboard_clk_filtered ; 1.000        ; 0.270      ; 2.394      ;
; -1.125 ; keyboard_top:u_kbd|ps2:uPS2|keyboard:u1|INCNT[3]  ; keyboard_top:u_kbd|ps2:uPS2|keyboard:u1|SHIFTIN[8]   ; keyboard_top:u_kbd|ps2:uPS2|keyboard:u1|keyboard_clk_filtered ; keyboard_top:u_kbd|ps2:uPS2|keyboard:u1|keyboard_clk_filtered ; 1.000        ; 0.270      ; 2.394      ;
; -1.119 ; keyboard_top:u_kbd|ps2:uPS2|keyboard:u1|READ_CHAR ; keyboard_top:u_kbd|ps2:uPS2|keyboard:u1|scan_code[7] ; keyboard_top:u_kbd|ps2:uPS2|keyboard:u1|keyboard_clk_filtered ; keyboard_top:u_kbd|ps2:uPS2|keyboard:u1|keyboard_clk_filtered ; 1.000        ; -0.103     ; 2.015      ;
; -1.119 ; keyboard_top:u_kbd|ps2:uPS2|keyboard:u1|READ_CHAR ; keyboard_top:u_kbd|ps2:uPS2|keyboard:u1|scan_code[3] ; keyboard_top:u_kbd|ps2:uPS2|keyboard:u1|keyboard_clk_filtered ; keyboard_top:u_kbd|ps2:uPS2|keyboard:u1|keyboard_clk_filtered ; 1.000        ; -0.103     ; 2.015      ;
; -1.119 ; keyboard_top:u_kbd|ps2:uPS2|keyboard:u1|READ_CHAR ; keyboard_top:u_kbd|ps2:uPS2|keyboard:u1|scan_code[4] ; keyboard_top:u_kbd|ps2:uPS2|keyboard:u1|keyboard_clk_filtered ; keyboard_top:u_kbd|ps2:uPS2|keyboard:u1|keyboard_clk_filtered ; 1.000        ; -0.103     ; 2.015      ;
; -1.119 ; keyboard_top:u_kbd|ps2:uPS2|keyboard:u1|READ_CHAR ; keyboard_top:u_kbd|ps2:uPS2|keyboard:u1|scan_code[1] ; keyboard_top:u_kbd|ps2:uPS2|keyboard:u1|keyboard_clk_filtered ; keyboard_top:u_kbd|ps2:uPS2|keyboard:u1|keyboard_clk_filtered ; 1.000        ; -0.103     ; 2.015      ;
; -1.119 ; keyboard_top:u_kbd|ps2:uPS2|keyboard:u1|READ_CHAR ; keyboard_top:u_kbd|ps2:uPS2|keyboard:u1|scan_code[6] ; keyboard_top:u_kbd|ps2:uPS2|keyboard:u1|keyboard_clk_filtered ; keyboard_top:u_kbd|ps2:uPS2|keyboard:u1|keyboard_clk_filtered ; 1.000        ; -0.103     ; 2.015      ;
; -1.119 ; keyboard_top:u_kbd|ps2:uPS2|keyboard:u1|READ_CHAR ; keyboard_top:u_kbd|ps2:uPS2|keyboard:u1|scan_code[5] ; keyboard_top:u_kbd|ps2:uPS2|keyboard:u1|keyboard_clk_filtered ; keyboard_top:u_kbd|ps2:uPS2|keyboard:u1|keyboard_clk_filtered ; 1.000        ; -0.103     ; 2.015      ;
; -1.119 ; keyboard_top:u_kbd|ps2:uPS2|keyboard:u1|READ_CHAR ; keyboard_top:u_kbd|ps2:uPS2|keyboard:u1|scan_code[0] ; keyboard_top:u_kbd|ps2:uPS2|keyboard:u1|keyboard_clk_filtered ; keyboard_top:u_kbd|ps2:uPS2|keyboard:u1|keyboard_clk_filtered ; 1.000        ; -0.103     ; 2.015      ;
; -1.119 ; keyboard_top:u_kbd|ps2:uPS2|keyboard:u1|READ_CHAR ; keyboard_top:u_kbd|ps2:uPS2|keyboard:u1|scan_code[2] ; keyboard_top:u_kbd|ps2:uPS2|keyboard:u1|keyboard_clk_filtered ; keyboard_top:u_kbd|ps2:uPS2|keyboard:u1|keyboard_clk_filtered ; 1.000        ; -0.103     ; 2.015      ;
; -1.109 ; keyboard_top:u_kbd|ps2:uPS2|keyboard:u1|INCNT[2]  ; keyboard_top:u_kbd|ps2:uPS2|keyboard:u1|INCNT[2]     ; keyboard_top:u_kbd|ps2:uPS2|keyboard:u1|keyboard_clk_filtered ; keyboard_top:u_kbd|ps2:uPS2|keyboard:u1|keyboard_clk_filtered ; 1.000        ; -0.073     ; 2.035      ;
; -1.107 ; keyboard_top:u_kbd|ps2:uPS2|keyboard:u1|INCNT[2]  ; keyboard_top:u_kbd|ps2:uPS2|keyboard:u1|INCNT[3]     ; keyboard_top:u_kbd|ps2:uPS2|keyboard:u1|keyboard_clk_filtered ; keyboard_top:u_kbd|ps2:uPS2|keyboard:u1|keyboard_clk_filtered ; 1.000        ; -0.073     ; 2.033      ;
; -1.097 ; keyboard_top:u_kbd|ps2:uPS2|keyboard:u1|INCNT[3]  ; keyboard_top:u_kbd|ps2:uPS2|keyboard:u1|INCNT[2]     ; keyboard_top:u_kbd|ps2:uPS2|keyboard:u1|keyboard_clk_filtered ; keyboard_top:u_kbd|ps2:uPS2|keyboard:u1|keyboard_clk_filtered ; 1.000        ; -0.073     ; 2.023      ;
; -1.095 ; keyboard_top:u_kbd|ps2:uPS2|keyboard:u1|INCNT[3]  ; keyboard_top:u_kbd|ps2:uPS2|keyboard:u1|INCNT[3]     ; keyboard_top:u_kbd|ps2:uPS2|keyboard:u1|keyboard_clk_filtered ; keyboard_top:u_kbd|ps2:uPS2|keyboard:u1|keyboard_clk_filtered ; 1.000        ; -0.073     ; 2.021      ;
; -1.023 ; keyboard_top:u_kbd|ps2:uPS2|keyboard:u1|INCNT[0]  ; keyboard_top:u_kbd|ps2:uPS2|keyboard:u1|SHIFTIN[6]   ; keyboard_top:u_kbd|ps2:uPS2|keyboard:u1|keyboard_clk_filtered ; keyboard_top:u_kbd|ps2:uPS2|keyboard:u1|keyboard_clk_filtered ; 1.000        ; 0.247      ; 2.269      ;
; -1.023 ; keyboard_top:u_kbd|ps2:uPS2|keyboard:u1|INCNT[0]  ; keyboard_top:u_kbd|ps2:uPS2|keyboard:u1|SHIFTIN[3]   ; keyboard_top:u_kbd|ps2:uPS2|keyboard:u1|keyboard_clk_filtered ; keyboard_top:u_kbd|ps2:uPS2|keyboard:u1|keyboard_clk_filtered ; 1.000        ; 0.247      ; 2.269      ;
; -1.023 ; keyboard_top:u_kbd|ps2:uPS2|keyboard:u1|INCNT[0]  ; keyboard_top:u_kbd|ps2:uPS2|keyboard:u1|SHIFTIN[4]   ; keyboard_top:u_kbd|ps2:uPS2|keyboard:u1|keyboard_clk_filtered ; keyboard_top:u_kbd|ps2:uPS2|keyboard:u1|keyboard_clk_filtered ; 1.000        ; 0.247      ; 2.269      ;
; -1.023 ; keyboard_top:u_kbd|ps2:uPS2|keyboard:u1|INCNT[0]  ; keyboard_top:u_kbd|ps2:uPS2|keyboard:u1|SHIFTIN[5]   ; keyboard_top:u_kbd|ps2:uPS2|keyboard:u1|keyboard_clk_filtered ; keyboard_top:u_kbd|ps2:uPS2|keyboard:u1|keyboard_clk_filtered ; 1.000        ; 0.247      ; 2.269      ;
; -1.023 ; keyboard_top:u_kbd|ps2:uPS2|keyboard:u1|INCNT[0]  ; keyboard_top:u_kbd|ps2:uPS2|keyboard:u1|SHIFTIN[1]   ; keyboard_top:u_kbd|ps2:uPS2|keyboard:u1|keyboard_clk_filtered ; keyboard_top:u_kbd|ps2:uPS2|keyboard:u1|keyboard_clk_filtered ; 1.000        ; 0.247      ; 2.269      ;
; -1.023 ; keyboard_top:u_kbd|ps2:uPS2|keyboard:u1|INCNT[0]  ; keyboard_top:u_kbd|ps2:uPS2|keyboard:u1|SHIFTIN[2]   ; keyboard_top:u_kbd|ps2:uPS2|keyboard:u1|keyboard_clk_filtered ; keyboard_top:u_kbd|ps2:uPS2|keyboard:u1|keyboard_clk_filtered ; 1.000        ; 0.247      ; 2.269      ;
; -1.023 ; keyboard_top:u_kbd|ps2:uPS2|keyboard:u1|INCNT[0]  ; keyboard_top:u_kbd|ps2:uPS2|keyboard:u1|SHIFTIN[0]   ; keyboard_top:u_kbd|ps2:uPS2|keyboard:u1|keyboard_clk_filtered ; keyboard_top:u_kbd|ps2:uPS2|keyboard:u1|keyboard_clk_filtered ; 1.000        ; 0.247      ; 2.269      ;
; -1.006 ; keyboard_top:u_kbd|ps2:uPS2|keyboard:u1|ready_set ; keyboard_top:u_kbd|ps2:uPS2|keyboard:u1|ready_set    ; keyboard_top:u_kbd|ps2:uPS2|keyboard:u1|ready_set             ; keyboard_top:u_kbd|ps2:uPS2|keyboard:u1|keyboard_clk_filtered ; 0.500        ; 2.600      ; 4.328      ;
; -0.950 ; keyboard_top:u_kbd|ps2:uPS2|keyboard:u1|INCNT[0]  ; keyboard_top:u_kbd|ps2:uPS2|keyboard:u1|INCNT[1]     ; keyboard_top:u_kbd|ps2:uPS2|keyboard:u1|keyboard_clk_filtered ; keyboard_top:u_kbd|ps2:uPS2|keyboard:u1|keyboard_clk_filtered ; 1.000        ; -0.073     ; 1.876      ;
; -0.941 ; keyboard_top:u_kbd|ps2:uPS2|keyboard:u1|INCNT[0]  ; keyboard_top:u_kbd|ps2:uPS2|keyboard:u1|SHIFTIN[7]   ; keyboard_top:u_kbd|ps2:uPS2|keyboard:u1|keyboard_clk_filtered ; keyboard_top:u_kbd|ps2:uPS2|keyboard:u1|keyboard_clk_filtered ; 1.000        ; 0.270      ; 2.210      ;
; -0.941 ; keyboard_top:u_kbd|ps2:uPS2|keyboard:u1|INCNT[0]  ; keyboard_top:u_kbd|ps2:uPS2|keyboard:u1|SHIFTIN[8]   ; keyboard_top:u_kbd|ps2:uPS2|keyboard:u1|keyboard_clk_filtered ; keyboard_top:u_kbd|ps2:uPS2|keyboard:u1|keyboard_clk_filtered ; 1.000        ; 0.270      ; 2.210      ;
; -0.914 ; keyboard_top:u_kbd|ps2:uPS2|keyboard:u1|INCNT[1]  ; keyboard_top:u_kbd|ps2:uPS2|keyboard:u1|SHIFTIN[6]   ; keyboard_top:u_kbd|ps2:uPS2|keyboard:u1|keyboard_clk_filtered ; keyboard_top:u_kbd|ps2:uPS2|keyboard:u1|keyboard_clk_filtered ; 1.000        ; 0.247      ; 2.160      ;
; -0.914 ; keyboard_top:u_kbd|ps2:uPS2|keyboard:u1|INCNT[1]  ; keyboard_top:u_kbd|ps2:uPS2|keyboard:u1|SHIFTIN[3]   ; keyboard_top:u_kbd|ps2:uPS2|keyboard:u1|keyboard_clk_filtered ; keyboard_top:u_kbd|ps2:uPS2|keyboard:u1|keyboard_clk_filtered ; 1.000        ; 0.247      ; 2.160      ;
; -0.914 ; keyboard_top:u_kbd|ps2:uPS2|keyboard:u1|INCNT[1]  ; keyboard_top:u_kbd|ps2:uPS2|keyboard:u1|SHIFTIN[4]   ; keyboard_top:u_kbd|ps2:uPS2|keyboard:u1|keyboard_clk_filtered ; keyboard_top:u_kbd|ps2:uPS2|keyboard:u1|keyboard_clk_filtered ; 1.000        ; 0.247      ; 2.160      ;
; -0.914 ; keyboard_top:u_kbd|ps2:uPS2|keyboard:u1|INCNT[1]  ; keyboard_top:u_kbd|ps2:uPS2|keyboard:u1|SHIFTIN[5]   ; keyboard_top:u_kbd|ps2:uPS2|keyboard:u1|keyboard_clk_filtered ; keyboard_top:u_kbd|ps2:uPS2|keyboard:u1|keyboard_clk_filtered ; 1.000        ; 0.247      ; 2.160      ;
; -0.914 ; keyboard_top:u_kbd|ps2:uPS2|keyboard:u1|INCNT[1]  ; keyboard_top:u_kbd|ps2:uPS2|keyboard:u1|SHIFTIN[1]   ; keyboard_top:u_kbd|ps2:uPS2|keyboard:u1|keyboard_clk_filtered ; keyboard_top:u_kbd|ps2:uPS2|keyboard:u1|keyboard_clk_filtered ; 1.000        ; 0.247      ; 2.160      ;
; -0.914 ; keyboard_top:u_kbd|ps2:uPS2|keyboard:u1|INCNT[1]  ; keyboard_top:u_kbd|ps2:uPS2|keyboard:u1|SHIFTIN[2]   ; keyboard_top:u_kbd|ps2:uPS2|keyboard:u1|keyboard_clk_filtered ; keyboard_top:u_kbd|ps2:uPS2|keyboard:u1|keyboard_clk_filtered ; 1.000        ; 0.247      ; 2.160      ;
; -0.914 ; keyboard_top:u_kbd|ps2:uPS2|keyboard:u1|INCNT[1]  ; keyboard_top:u_kbd|ps2:uPS2|keyboard:u1|SHIFTIN[0]   ; keyboard_top:u_kbd|ps2:uPS2|keyboard:u1|keyboard_clk_filtered ; keyboard_top:u_kbd|ps2:uPS2|keyboard:u1|keyboard_clk_filtered ; 1.000        ; 0.247      ; 2.160      ;
; -0.913 ; keyboard_top:u_kbd|ps2:uPS2|keyboard:u1|INCNT[2]  ; keyboard_top:u_kbd|ps2:uPS2|keyboard:u1|INCNT[0]     ; keyboard_top:u_kbd|ps2:uPS2|keyboard:u1|keyboard_clk_filtered ; keyboard_top:u_kbd|ps2:uPS2|keyboard:u1|keyboard_clk_filtered ; 1.000        ; -0.073     ; 1.839      ;
; -0.913 ; keyboard_top:u_kbd|ps2:uPS2|keyboard:u1|INCNT[0]  ; keyboard_top:u_kbd|ps2:uPS2|keyboard:u1|INCNT[2]     ; keyboard_top:u_kbd|ps2:uPS2|keyboard:u1|keyboard_clk_filtered ; keyboard_top:u_kbd|ps2:uPS2|keyboard:u1|keyboard_clk_filtered ; 1.000        ; -0.073     ; 1.839      ;
; -0.911 ; keyboard_top:u_kbd|ps2:uPS2|keyboard:u1|INCNT[0]  ; keyboard_top:u_kbd|ps2:uPS2|keyboard:u1|INCNT[3]     ; keyboard_top:u_kbd|ps2:uPS2|keyboard:u1|keyboard_clk_filtered ; keyboard_top:u_kbd|ps2:uPS2|keyboard:u1|keyboard_clk_filtered ; 1.000        ; -0.073     ; 1.837      ;
; -0.909 ; keyboard_top:u_kbd|ps2:uPS2|keyboard:u1|INCNT[2]  ; keyboard_top:u_kbd|ps2:uPS2|keyboard:u1|READ_CHAR    ; keyboard_top:u_kbd|ps2:uPS2|keyboard:u1|keyboard_clk_filtered ; keyboard_top:u_kbd|ps2:uPS2|keyboard:u1|keyboard_clk_filtered ; 1.000        ; -0.073     ; 1.835      ;
; -0.901 ; keyboard_top:u_kbd|ps2:uPS2|keyboard:u1|INCNT[3]  ; keyboard_top:u_kbd|ps2:uPS2|keyboard:u1|INCNT[0]     ; keyboard_top:u_kbd|ps2:uPS2|keyboard:u1|keyboard_clk_filtered ; keyboard_top:u_kbd|ps2:uPS2|keyboard:u1|keyboard_clk_filtered ; 1.000        ; -0.073     ; 1.827      ;
; -0.897 ; keyboard_top:u_kbd|ps2:uPS2|keyboard:u1|INCNT[3]  ; keyboard_top:u_kbd|ps2:uPS2|keyboard:u1|READ_CHAR    ; keyboard_top:u_kbd|ps2:uPS2|keyboard:u1|keyboard_clk_filtered ; keyboard_top:u_kbd|ps2:uPS2|keyboard:u1|keyboard_clk_filtered ; 1.000        ; -0.073     ; 1.823      ;
; -0.841 ; keyboard_top:u_kbd|ps2:uPS2|keyboard:u1|INCNT[1]  ; keyboard_top:u_kbd|ps2:uPS2|keyboard:u1|INCNT[1]     ; keyboard_top:u_kbd|ps2:uPS2|keyboard:u1|keyboard_clk_filtered ; keyboard_top:u_kbd|ps2:uPS2|keyboard:u1|keyboard_clk_filtered ; 1.000        ; -0.073     ; 1.767      ;
; -0.832 ; keyboard_top:u_kbd|ps2:uPS2|keyboard:u1|INCNT[1]  ; keyboard_top:u_kbd|ps2:uPS2|keyboard:u1|SHIFTIN[7]   ; keyboard_top:u_kbd|ps2:uPS2|keyboard:u1|keyboard_clk_filtered ; keyboard_top:u_kbd|ps2:uPS2|keyboard:u1|keyboard_clk_filtered ; 1.000        ; 0.270      ; 2.101      ;
; -0.832 ; keyboard_top:u_kbd|ps2:uPS2|keyboard:u1|INCNT[1]  ; keyboard_top:u_kbd|ps2:uPS2|keyboard:u1|SHIFTIN[8]   ; keyboard_top:u_kbd|ps2:uPS2|keyboard:u1|keyboard_clk_filtered ; keyboard_top:u_kbd|ps2:uPS2|keyboard:u1|keyboard_clk_filtered ; 1.000        ; 0.270      ; 2.101      ;
; -0.804 ; keyboard_top:u_kbd|ps2:uPS2|keyboard:u1|INCNT[1]  ; keyboard_top:u_kbd|ps2:uPS2|keyboard:u1|INCNT[2]     ; keyboard_top:u_kbd|ps2:uPS2|keyboard:u1|keyboard_clk_filtered ; keyboard_top:u_kbd|ps2:uPS2|keyboard:u1|keyboard_clk_filtered ; 1.000        ; -0.073     ; 1.730      ;
; -0.802 ; keyboard_top:u_kbd|ps2:uPS2|keyboard:u1|INCNT[1]  ; keyboard_top:u_kbd|ps2:uPS2|keyboard:u1|INCNT[3]     ; keyboard_top:u_kbd|ps2:uPS2|keyboard:u1|keyboard_clk_filtered ; keyboard_top:u_kbd|ps2:uPS2|keyboard:u1|keyboard_clk_filtered ; 1.000        ; -0.073     ; 1.728      ;
; -0.759 ; keyboard_top:u_kbd|ps2:uPS2|keyboard:u1|READ_CHAR ; keyboard_top:u_kbd|ps2:uPS2|keyboard:u1|INCNT[1]     ; keyboard_top:u_kbd|ps2:uPS2|keyboard:u1|keyboard_clk_filtered ; keyboard_top:u_kbd|ps2:uPS2|keyboard:u1|keyboard_clk_filtered ; 1.000        ; -0.073     ; 1.685      ;
; -0.759 ; keyboard_top:u_kbd|ps2:uPS2|keyboard:u1|READ_CHAR ; keyboard_top:u_kbd|ps2:uPS2|keyboard:u1|INCNT[0]     ; keyboard_top:u_kbd|ps2:uPS2|keyboard:u1|keyboard_clk_filtered ; keyboard_top:u_kbd|ps2:uPS2|keyboard:u1|keyboard_clk_filtered ; 1.000        ; -0.073     ; 1.685      ;
+--------+---------------------------------------------------+------------------------------------------------------+---------------------------------------------------------------+---------------------------------------------------------------+--------------+------------+------------+


+------------------------------------------------------------------------------------------------------------------------------------------------------------------------------------+
; Slow 1200mV 0C Model Setup: 'CLOCK_50'                                                                                                                                             ;
+--------+--------------------------------------+--------------------------------------+--------------------------------------+-------------+--------------+------------+------------+
; Slack  ; From Node                            ; To Node                              ; Launch Clock                         ; Latch Clock ; Relationship ; Clock Skew ; Data Delay ;
+--------+--------------------------------------+--------------------------------------+--------------------------------------+-------------+--------------+------------+------------+
; -0.518 ; vga_sync_pipe:u_sync|pixel_clock_int ; vga_sync_pipe:u_sync|pixel_clock_int ; vga_sync_pipe:u_sync|pixel_clock_int ; CLOCK_50    ; 0.500        ; 1.565      ; 2.785      ;
; 0.048  ; vga_sync_pipe:u_sync|pixel_clock_int ; vga_sync_pipe:u_sync|pixel_clock_int ; vga_sync_pipe:u_sync|pixel_clock_int ; CLOCK_50    ; 1.000        ; 1.565      ; 2.719      ;
+--------+--------------------------------------+--------------------------------------+--------------------------------------+-------------+--------------+------------+------------+


+-----------------------------------------------------------------------------------------------------------------------------------------------------------------------------------------------------------------------------------------------------------------------------------------------------------------------------------------------------------------------------+
; Slow 1200mV 0C Model Hold: 'u_pll|uPLL|altpll_component|auto_generated|pll1|clk[0]'                                                                                                                                                                                                                                                                                         ;
+--------+------------------------------------------------------------------------------------------------+-------------------------------------------------------------------------------------------------+---------------------------------------------------------------+--------------------------------------------------------+--------------+------------+------------+
; Slack  ; From Node                                                                                      ; To Node                                                                                         ; Launch Clock                                                  ; Latch Clock                                            ; Relationship ; Clock Skew ; Data Delay ;
+--------+------------------------------------------------------------------------------------------------+-------------------------------------------------------------------------------------------------+---------------------------------------------------------------+--------------------------------------------------------+--------------+------------+------------+
; -0.323 ; keyboard_top:u_kbd|ps2:uPS2|keyboard:u1|keyboard_clk_filtered                                  ; keyboard_top:u_kbd|ps2:uPS2|keyboard:u1|keyboard_clk_filtered                                   ; keyboard_top:u_kbd|ps2:uPS2|keyboard:u1|keyboard_clk_filtered ; u_pll|uPLL|altpll_component|auto_generated|pll1|clk[0] ; 0.000        ; 0.451      ; 0.612      ;
; 0.162  ; keyboard_top:u_kbd|ps2:uPS2|keyboard:u1|keyboard_clk_filtered                                  ; keyboard_top:u_kbd|ps2:uPS2|keyboard:u1|keyboard_clk_filtered                                   ; keyboard_top:u_kbd|ps2:uPS2|keyboard:u1|keyboard_clk_filtered ; u_pll|uPLL|altpll_component|auto_generated|pll1|clk[0] ; -0.500       ; 0.451      ; 0.597      ;
; 0.337  ; bullet_bottom_top:u_bullets_bottom|tank_bullet_bottom_refine:\gen_bullets:3:u_bullet|colli_reg ; bullet_bottom_top:u_bullets_bottom|tank_bullet_bottom_refine:\gen_bullets:3:u_bullet|colli_reg  ; u_pll|uPLL|altpll_component|auto_generated|pll1|clk[0]        ; u_pll|uPLL|altpll_component|auto_generated|pll1|clk[0] ; 0.000        ; 0.089      ; 0.597      ;
; 0.338  ; keyboard_top:u_kbd|keyboard_ctrl:Ukeycontrol|state_reg                                         ; keyboard_top:u_kbd|keyboard_ctrl:Ukeycontrol|state_reg                                          ; u_pll|uPLL|altpll_component|auto_generated|pll1|clk[0]        ; u_pll|uPLL|altpll_component|auto_generated|pll1|clk[0] ; 0.000        ; 0.088      ; 0.597      ;
; 0.338  ; bullet_bottom_top:u_bullets_bottom|tank_bullet_bottom_refine:\gen_bullets:1:u_bullet|state_reg ; bullet_bottom_top:u_bullets_bottom|tank_bullet_bottom_refine:\gen_bullets:1:u_bullet|state_reg  ; u_pll|uPLL|altpll_component|auto_generated|pll1|clk[0]        ; u_pll|uPLL|altpll_component|auto_generated|pll1|clk[0] ; 0.000        ; 0.088      ; 0.597      ;
; 0.339  ; bullet_bottom_top:u_bullets_bottom|tank_bullet_bottom_refine:\gen_bullets:3:u_bullet|state_reg ; bullet_bottom_top:u_bullets_bottom|tank_bullet_bottom_refine:\gen_bullets:3:u_bullet|state_reg  ; u_pll|uPLL|altpll_component|auto_generated|pll1|clk[0]        ; u_pll|uPLL|altpll_component|auto_generated|pll1|clk[0] ; 0.000        ; 0.087      ; 0.597      ;
; 0.349  ; keyboard_top:u_kbd|ps2:uPS2|keyboard:u1|clock_enable                                           ; keyboard_top:u_kbd|ps2:uPS2|keyboard:u1|clock_enable                                            ; u_pll|uPLL|altpll_component|auto_generated|pll1|clk[0]        ; u_pll|uPLL|altpll_component|auto_generated|pll1|clk[0] ; 0.000        ; 0.088      ; 0.608      ;
; 0.353  ; bullet_top_top:u_bullets_top|tank_bullet_top_refine:\gen_bullets:0:u_bullet|fire_reg           ; bullet_top_top:u_bullets_top|tank_bullet_top_refine:\gen_bullets:0:u_bullet|fire_reg            ; u_pll|uPLL|altpll_component|auto_generated|pll1|clk[0]        ; u_pll|uPLL|altpll_component|auto_generated|pll1|clk[0] ; 0.000        ; 0.073      ; 0.597      ;
; 0.353  ; bullet_top_top:u_bullets_top|tank_bullet_top_refine:\gen_bullets:0:u_bullet|colli_reg          ; bullet_top_top:u_bullets_top|tank_bullet_top_refine:\gen_bullets:0:u_bullet|colli_reg           ; u_pll|uPLL|altpll_component|auto_generated|pll1|clk[0]        ; u_pll|uPLL|altpll_component|auto_generated|pll1|clk[0] ; 0.000        ; 0.073      ; 0.597      ;
; 0.353  ; scoremodule:u_score|score_toptank:uscore_t|freeze_reg                                          ; scoremodule:u_score|score_toptank:uscore_t|freeze_reg                                           ; u_pll|uPLL|altpll_component|auto_generated|pll1|clk[0]        ; u_pll|uPLL|altpll_component|auto_generated|pll1|clk[0] ; 0.000        ; 0.073      ; 0.597      ;
; 0.353  ; scoremodule:u_score|score_toptank:uscore_t|state_reg                                           ; scoremodule:u_score|score_toptank:uscore_t|state_reg                                            ; u_pll|uPLL|altpll_component|auto_generated|pll1|clk[0]        ; u_pll|uPLL|altpll_component|auto_generated|pll1|clk[0] ; 0.000        ; 0.073      ; 0.597      ;
; 0.353  ; scoremodule:u_score|score_toptank:uscore_t|score_reg[0]                                        ; scoremodule:u_score|score_toptank:uscore_t|score_reg[0]                                         ; u_pll|uPLL|altpll_component|auto_generated|pll1|clk[0]        ; u_pll|uPLL|altpll_component|auto_generated|pll1|clk[0] ; 0.000        ; 0.073      ; 0.597      ;
; 0.353  ; scoremodule:u_score|score_toptank:uscore_t|score_reg[1]                                        ; scoremodule:u_score|score_toptank:uscore_t|score_reg[1]                                         ; u_pll|uPLL|altpll_component|auto_generated|pll1|clk[0]        ; u_pll|uPLL|altpll_component|auto_generated|pll1|clk[0] ; 0.000        ; 0.073      ; 0.597      ;
; 0.353  ; bullet_top_top:u_bullets_top|tank_bullet_top_refine:\gen_bullets:4:u_bullet|colli_reg          ; bullet_top_top:u_bullets_top|tank_bullet_top_refine:\gen_bullets:4:u_bullet|colli_reg           ; u_pll|uPLL|altpll_component|auto_generated|pll1|clk[0]        ; u_pll|uPLL|altpll_component|auto_generated|pll1|clk[0] ; 0.000        ; 0.073      ; 0.597      ;
; 0.353  ; bullet_top_top:u_bullets_top|tank_bullet_top_refine:\gen_bullets:4:u_bullet|fire_reg           ; bullet_top_top:u_bullets_top|tank_bullet_top_refine:\gen_bullets:4:u_bullet|fire_reg            ; u_pll|uPLL|altpll_component|auto_generated|pll1|clk[0]        ; u_pll|uPLL|altpll_component|auto_generated|pll1|clk[0] ; 0.000        ; 0.073      ; 0.597      ;
; 0.353  ; bullet_top_top:u_bullets_top|tank_bullet_top_refine:\gen_bullets:3:u_bullet|colli_reg          ; bullet_top_top:u_bullets_top|tank_bullet_top_refine:\gen_bullets:3:u_bullet|colli_reg           ; u_pll|uPLL|altpll_component|auto_generated|pll1|clk[0]        ; u_pll|uPLL|altpll_component|auto_generated|pll1|clk[0] ; 0.000        ; 0.073      ; 0.597      ;
; 0.353  ; bullet_top_top:u_bullets_top|tank_bullet_top_refine:\gen_bullets:3:u_bullet|fire_reg           ; bullet_top_top:u_bullets_top|tank_bullet_top_refine:\gen_bullets:3:u_bullet|fire_reg            ; u_pll|uPLL|altpll_component|auto_generated|pll1|clk[0]        ; u_pll|uPLL|altpll_component|auto_generated|pll1|clk[0] ; 0.000        ; 0.073      ; 0.597      ;
; 0.353  ; tank_top:u_tank_top|dir_reg                                                                    ; tank_top:u_tank_top|dir_reg                                                                     ; u_pll|uPLL|altpll_component|auto_generated|pll1|clk[0]        ; u_pll|uPLL|altpll_component|auto_generated|pll1|clk[0] ; 0.000        ; 0.073      ; 0.597      ;
; 0.353  ; bullet_bottom_top:u_bullets_bottom|tank_bullet_bottom_refine:\gen_bullets:2:u_bullet|colli_reg ; bullet_bottom_top:u_bullets_bottom|tank_bullet_bottom_refine:\gen_bullets:2:u_bullet|colli_reg  ; u_pll|uPLL|altpll_component|auto_generated|pll1|clk[0]        ; u_pll|uPLL|altpll_component|auto_generated|pll1|clk[0] ; 0.000        ; 0.073      ; 0.597      ;
; 0.353  ; bullet_bottom_top:u_bullets_bottom|tank_bullet_bottom_refine:\gen_bullets:1:u_bullet|colli_reg ; bullet_bottom_top:u_bullets_bottom|tank_bullet_bottom_refine:\gen_bullets:1:u_bullet|colli_reg  ; u_pll|uPLL|altpll_component|auto_generated|pll1|clk[0]        ; u_pll|uPLL|altpll_component|auto_generated|pll1|clk[0] ; 0.000        ; 0.073      ; 0.597      ;
; 0.353  ; bullet_bottom_top:u_bullets_bottom|tank_bullet_bottom_refine:\gen_bullets:4:u_bullet|state_reg ; bullet_bottom_top:u_bullets_bottom|tank_bullet_bottom_refine:\gen_bullets:4:u_bullet|state_reg  ; u_pll|uPLL|altpll_component|auto_generated|pll1|clk[0]        ; u_pll|uPLL|altpll_component|auto_generated|pll1|clk[0] ; 0.000        ; 0.073      ; 0.597      ;
; 0.353  ; bullet_bottom_top:u_bullets_bottom|tank_bullet_bottom_refine:\gen_bullets:3:u_bullet|fire_reg  ; bullet_bottom_top:u_bullets_bottom|tank_bullet_bottom_refine:\gen_bullets:3:u_bullet|fire_reg   ; u_pll|uPLL|altpll_component|auto_generated|pll1|clk[0]        ; u_pll|uPLL|altpll_component|auto_generated|pll1|clk[0] ; 0.000        ; 0.073      ; 0.597      ;
; 0.353  ; bullet_bottom_top:u_bullets_bottom|tank_bullet_bottom_refine:\gen_bullets:2:u_bullet|fire_reg  ; bullet_bottom_top:u_bullets_bottom|tank_bullet_bottom_refine:\gen_bullets:2:u_bullet|fire_reg   ; u_pll|uPLL|altpll_component|auto_generated|pll1|clk[0]        ; u_pll|uPLL|altpll_component|auto_generated|pll1|clk[0] ; 0.000        ; 0.073      ; 0.597      ;
; 0.353  ; bullet_bottom_top:u_bullets_bottom|tank_bullet_bottom_refine:\gen_bullets:2:u_bullet|state_reg ; bullet_bottom_top:u_bullets_bottom|tank_bullet_bottom_refine:\gen_bullets:2:u_bullet|state_reg  ; u_pll|uPLL|altpll_component|auto_generated|pll1|clk[0]        ; u_pll|uPLL|altpll_component|auto_generated|pll1|clk[0] ; 0.000        ; 0.073      ; 0.597      ;
; 0.353  ; bullet_bottom_top:u_bullets_bottom|tank_bullet_bottom_refine:\gen_bullets:1:u_bullet|fire_reg  ; bullet_bottom_top:u_bullets_bottom|tank_bullet_bottom_refine:\gen_bullets:1:u_bullet|fire_reg   ; u_pll|uPLL|altpll_component|auto_generated|pll1|clk[0]        ; u_pll|uPLL|altpll_component|auto_generated|pll1|clk[0] ; 0.000        ; 0.073      ; 0.597      ;
; 0.353  ; tank_bottom:u_tank_bottom|x_reg[0]                                                             ; tank_bottom:u_tank_bottom|x_reg[0]                                                              ; u_pll|uPLL|altpll_component|auto_generated|pll1|clk[0]        ; u_pll|uPLL|altpll_component|auto_generated|pll1|clk[0] ; 0.000        ; 0.073      ; 0.597      ;
; 0.353  ; tank_bottom:u_tank_bottom|dir_reg                                                              ; tank_bottom:u_tank_bottom|dir_reg                                                               ; u_pll|uPLL|altpll_component|auto_generated|pll1|clk[0]        ; u_pll|uPLL|altpll_component|auto_generated|pll1|clk[0] ; 0.000        ; 0.073      ; 0.597      ;
; 0.353  ; bullet_top_top:u_bullets_top|tank_bullet_top_refine:\gen_bullets:2:u_bullet|colli_reg          ; bullet_top_top:u_bullets_top|tank_bullet_top_refine:\gen_bullets:2:u_bullet|colli_reg           ; u_pll|uPLL|altpll_component|auto_generated|pll1|clk[0]        ; u_pll|uPLL|altpll_component|auto_generated|pll1|clk[0] ; 0.000        ; 0.073      ; 0.597      ;
; 0.354  ; bullet_top_top:u_bullets_top|tank_bullet_top_refine:\gen_bullets:1:u_bullet|colli_reg          ; bullet_top_top:u_bullets_top|tank_bullet_top_refine:\gen_bullets:1:u_bullet|colli_reg           ; u_pll|uPLL|altpll_component|auto_generated|pll1|clk[0]        ; u_pll|uPLL|altpll_component|auto_generated|pll1|clk[0] ; 0.000        ; 0.072      ; 0.597      ;
; 0.354  ; bullet_top_top:u_bullets_top|tank_bullet_top_refine:\gen_bullets:1:u_bullet|fire_reg           ; bullet_top_top:u_bullets_top|tank_bullet_top_refine:\gen_bullets:1:u_bullet|fire_reg            ; u_pll|uPLL|altpll_component|auto_generated|pll1|clk[0]        ; u_pll|uPLL|altpll_component|auto_generated|pll1|clk[0] ; 0.000        ; 0.072      ; 0.597      ;
; 0.354  ; PLL_clock_top:u_pll|freeze_reg                                                                 ; PLL_clock_top:u_pll|freeze_reg                                                                  ; u_pll|uPLL|altpll_component|auto_generated|pll1|clk[0]        ; u_pll|uPLL|altpll_component|auto_generated|pll1|clk[0] ; 0.000        ; 0.072      ; 0.597      ;
; 0.354  ; scoremodule:u_score|score_bottomtank:uscore_b|freeze_reg                                       ; scoremodule:u_score|score_bottomtank:uscore_b|freeze_reg                                        ; u_pll|uPLL|altpll_component|auto_generated|pll1|clk[0]        ; u_pll|uPLL|altpll_component|auto_generated|pll1|clk[0] ; 0.000        ; 0.072      ; 0.597      ;
; 0.354  ; scoremodule:u_score|score_bottomtank:uscore_b|score_reg[0]                                     ; scoremodule:u_score|score_bottomtank:uscore_b|score_reg[0]                                      ; u_pll|uPLL|altpll_component|auto_generated|pll1|clk[0]        ; u_pll|uPLL|altpll_component|auto_generated|pll1|clk[0] ; 0.000        ; 0.072      ; 0.597      ;
; 0.354  ; scoremodule:u_score|score_bottomtank:uscore_b|score_reg[1]                                     ; scoremodule:u_score|score_bottomtank:uscore_b|score_reg[1]                                      ; u_pll|uPLL|altpll_component|auto_generated|pll1|clk[0]        ; u_pll|uPLL|altpll_component|auto_generated|pll1|clk[0] ; 0.000        ; 0.072      ; 0.597      ;
; 0.354  ; scoremodule:u_score|score_bottomtank:uscore_b|state_reg                                        ; scoremodule:u_score|score_bottomtank:uscore_b|state_reg                                         ; u_pll|uPLL|altpll_component|auto_generated|pll1|clk[0]        ; u_pll|uPLL|altpll_component|auto_generated|pll1|clk[0] ; 0.000        ; 0.072      ; 0.597      ;
; 0.354  ; bullet_bottom_top:u_bullets_bottom|tank_bullet_bottom_refine:\gen_bullets:0:u_bullet|colli_reg ; bullet_bottom_top:u_bullets_bottom|tank_bullet_bottom_refine:\gen_bullets:0:u_bullet|colli_reg  ; u_pll|uPLL|altpll_component|auto_generated|pll1|clk[0]        ; u_pll|uPLL|altpll_component|auto_generated|pll1|clk[0] ; 0.000        ; 0.072      ; 0.597      ;
; 0.354  ; bullet_bottom_top:u_bullets_bottom|tank_bullet_bottom_refine:\gen_bullets:0:u_bullet|fire_reg  ; bullet_bottom_top:u_bullets_bottom|tank_bullet_bottom_refine:\gen_bullets:0:u_bullet|fire_reg   ; u_pll|uPLL|altpll_component|auto_generated|pll1|clk[0]        ; u_pll|uPLL|altpll_component|auto_generated|pll1|clk[0] ; 0.000        ; 0.072      ; 0.597      ;
; 0.354  ; bullet_bottom_top:u_bullets_bottom|tank_bullet_bottom_refine:\gen_bullets:0:u_bullet|state_reg ; bullet_bottom_top:u_bullets_bottom|tank_bullet_bottom_refine:\gen_bullets:0:u_bullet|state_reg  ; u_pll|uPLL|altpll_component|auto_generated|pll1|clk[0]        ; u_pll|uPLL|altpll_component|auto_generated|pll1|clk[0] ; 0.000        ; 0.072      ; 0.597      ;
; 0.354  ; keyboard_top:u_kbd|ps2:uPS2|oneshot:pulser|delay                                               ; keyboard_top:u_kbd|ps2:uPS2|oneshot:pulser|delay                                                ; u_pll|uPLL|altpll_component|auto_generated|pll1|clk[0]        ; u_pll|uPLL|altpll_component|auto_generated|pll1|clk[0] ; 0.000        ; 0.072      ; 0.597      ;
; 0.354  ; bullet_bottom_top:u_bullets_bottom|tank_bullet_bottom_refine:\gen_bullets:4:u_bullet|colli_reg ; bullet_bottom_top:u_bullets_bottom|tank_bullet_bottom_refine:\gen_bullets:4:u_bullet|colli_reg  ; u_pll|uPLL|altpll_component|auto_generated|pll1|clk[0]        ; u_pll|uPLL|altpll_component|auto_generated|pll1|clk[0] ; 0.000        ; 0.072      ; 0.597      ;
; 0.354  ; bullet_bottom_top:u_bullets_bottom|tank_bullet_bottom_refine:\gen_bullets:4:u_bullet|fire_reg  ; bullet_bottom_top:u_bullets_bottom|tank_bullet_bottom_refine:\gen_bullets:4:u_bullet|fire_reg   ; u_pll|uPLL|altpll_component|auto_generated|pll1|clk[0]        ; u_pll|uPLL|altpll_component|auto_generated|pll1|clk[0] ; 0.000        ; 0.072      ; 0.597      ;
; 0.364  ; bullet_top_top:u_bullets_top|tank_bullet_top_refine:\gen_bullets:0:u_bullet|state_reg          ; bullet_top_top:u_bullets_top|tank_bullet_top_refine:\gen_bullets:0:u_bullet|state_reg           ; u_pll|uPLL|altpll_component|auto_generated|pll1|clk[0]        ; u_pll|uPLL|altpll_component|auto_generated|pll1|clk[0] ; 0.000        ; 0.073      ; 0.608      ;
; 0.364  ; bullet_top_top:u_bullets_top|tank_bullet_top_refine:\gen_bullets:4:u_bullet|state_reg          ; bullet_top_top:u_bullets_top|tank_bullet_top_refine:\gen_bullets:4:u_bullet|state_reg           ; u_pll|uPLL|altpll_component|auto_generated|pll1|clk[0]        ; u_pll|uPLL|altpll_component|auto_generated|pll1|clk[0] ; 0.000        ; 0.073      ; 0.608      ;
; 0.364  ; bullet_top_top:u_bullets_top|tank_bullet_top_refine:\gen_bullets:3:u_bullet|state_reg          ; bullet_top_top:u_bullets_top|tank_bullet_top_refine:\gen_bullets:3:u_bullet|state_reg           ; u_pll|uPLL|altpll_component|auto_generated|pll1|clk[0]        ; u_pll|uPLL|altpll_component|auto_generated|pll1|clk[0] ; 0.000        ; 0.073      ; 0.608      ;
; 0.364  ; bullet_top_top:u_bullets_top|tank_bullet_top_refine:\gen_bullets:2:u_bullet|state_reg          ; bullet_top_top:u_bullets_top|tank_bullet_top_refine:\gen_bullets:2:u_bullet|state_reg           ; u_pll|uPLL|altpll_component|auto_generated|pll1|clk[0]        ; u_pll|uPLL|altpll_component|auto_generated|pll1|clk[0] ; 0.000        ; 0.073      ; 0.608      ;
; 0.365  ; bullet_top_top:u_bullets_top|tank_bullet_top_refine:\gen_bullets:1:u_bullet|state_reg          ; bullet_top_top:u_bullets_top|tank_bullet_top_refine:\gen_bullets:1:u_bullet|state_reg           ; u_pll|uPLL|altpll_component|auto_generated|pll1|clk[0]        ; u_pll|uPLL|altpll_component|auto_generated|pll1|clk[0] ; 0.000        ; 0.072      ; 0.608      ;
; 0.381  ; keyboard_top:u_kbd|ps2:uPS2|oneshot:pulser|delay                                               ; keyboard_top:u_kbd|ps2:uPS2|oneshot:pulser|pulse_out                                            ; u_pll|uPLL|altpll_component|auto_generated|pll1|clk[0]        ; u_pll|uPLL|altpll_component|auto_generated|pll1|clk[0] ; 0.000        ; 0.072      ; 0.624      ;
; 0.395  ; scoremodule:u_score|score_toptank:uscore_t|state_reg                                           ; scoremodule:u_score|score_toptank:uscore_t|freeze_reg                                           ; u_pll|uPLL|altpll_component|auto_generated|pll1|clk[0]        ; u_pll|uPLL|altpll_component|auto_generated|pll1|clk[0] ; 0.000        ; 0.073      ; 0.639      ;
; 0.402  ; keyboard_top:u_kbd|ps2:uPS2|keyboard:u1|filter[2]                                              ; keyboard_top:u_kbd|ps2:uPS2|keyboard:u1|filter[1]                                               ; u_pll|uPLL|altpll_component|auto_generated|pll1|clk[0]        ; u_pll|uPLL|altpll_component|auto_generated|pll1|clk[0] ; 0.000        ; 0.073      ; 0.646      ;
; 0.402  ; keyboard_top:u_kbd|ps2:uPS2|keyboard:u1|filter[5]                                              ; keyboard_top:u_kbd|ps2:uPS2|keyboard:u1|filter[4]                                               ; u_pll|uPLL|altpll_component|auto_generated|pll1|clk[0]        ; u_pll|uPLL|altpll_component|auto_generated|pll1|clk[0] ; 0.000        ; 0.073      ; 0.646      ;
; 0.407  ; PLL_clock_top:u_pll|counter_accum[0]                                                           ; PLL_clock_top:u_pll|counter_accum[7]                                                            ; u_pll|uPLL|altpll_component|auto_generated|pll1|clk[0]        ; u_pll|uPLL|altpll_component|auto_generated|pll1|clk[0] ; 0.000        ; 0.073      ; 0.651      ;
; 0.409  ; scoremodule:u_score|score_bottomtank:uscore_b|freeze_reg                                       ; tank_top:u_tank_top|state_reg                                                                   ; u_pll|uPLL|altpll_component|auto_generated|pll1|clk[0]        ; u_pll|uPLL|altpll_component|auto_generated|pll1|clk[0] ; 0.000        ; 0.072      ; 0.652      ;
; 0.411  ; scoremodule:u_score|score_bottomtank:uscore_b|freeze_reg                                       ; PLL_clock_top:u_pll|freeze_reg                                                                  ; u_pll|uPLL|altpll_component|auto_generated|pll1|clk[0]        ; u_pll|uPLL|altpll_component|auto_generated|pll1|clk[0] ; 0.000        ; 0.072      ; 0.654      ;
; 0.430  ; scoremodule:u_score|score_bottomtank:uscore_b|score_reg[0]                                     ; scoremodule:u_score|score_bottomtank:uscore_b|freeze_reg                                        ; u_pll|uPLL|altpll_component|auto_generated|pll1|clk[0]        ; u_pll|uPLL|altpll_component|auto_generated|pll1|clk[0] ; 0.000        ; 0.072      ; 0.673      ;
; 0.432  ; scoremodule:u_score|score_bottomtank:uscore_b|score_reg[0]                                     ; scoremodule:u_score|score_bottomtank:uscore_b|state_reg                                         ; u_pll|uPLL|altpll_component|auto_generated|pll1|clk[0]        ; u_pll|uPLL|altpll_component|auto_generated|pll1|clk[0] ; 0.000        ; 0.072      ; 0.675      ;
; 0.446  ; bullet_top_top:u_bullets_top|tank_bullet_top_refine:\gen_bullets:2:u_bullet|fire_reg           ; bullet_top_top:u_bullets_top|tank_bullet_top_refine:\gen_bullets:2:u_bullet|active_reg          ; u_pll|uPLL|altpll_component|auto_generated|pll1|clk[0]        ; u_pll|uPLL|altpll_component|auto_generated|pll1|clk[0] ; 0.000        ; 0.432      ; 1.049      ;
; 0.533  ; bullet_top_top:u_bullets_top|tank_bullet_top_refine:\gen_bullets:3:u_bullet|fire_reg           ; bullet_top_top:u_bullets_top|tank_bullet_top_refine:\gen_bullets:3:u_bullet|active_reg          ; u_pll|uPLL|altpll_component|auto_generated|pll1|clk[0]        ; u_pll|uPLL|altpll_component|auto_generated|pll1|clk[0] ; 0.000        ; 0.073      ; 0.777      ;
; 0.569  ; keyboard_top:u_kbd|ps2:uPS2|keyboard:u1|filter[1]                                              ; keyboard_top:u_kbd|ps2:uPS2|keyboard:u1|filter[0]                                               ; u_pll|uPLL|altpll_component|auto_generated|pll1|clk[0]        ; u_pll|uPLL|altpll_component|auto_generated|pll1|clk[0] ; 0.000        ; 0.073      ; 0.813      ;
; 0.583  ; PLL_clock_top:u_pll|counter_accum[13]                                                          ; PLL_clock_top:u_pll|counter_accum[13]                                                           ; u_pll|uPLL|altpll_component|auto_generated|pll1|clk[0]        ; u_pll|uPLL|altpll_component|auto_generated|pll1|clk[0] ; 0.000        ; 0.073      ; 0.827      ;
; 0.584  ; PLL_clock_top:u_pll|counter_accum[5]                                                           ; PLL_clock_top:u_pll|counter_accum[5]                                                            ; u_pll|uPLL|altpll_component|auto_generated|pll1|clk[0]        ; u_pll|uPLL|altpll_component|auto_generated|pll1|clk[0] ; 0.000        ; 0.073      ; 0.828      ;
; 0.586  ; PLL_clock_top:u_pll|counter_accum[11]                                                          ; PLL_clock_top:u_pll|counter_accum[11]                                                           ; u_pll|uPLL|altpll_component|auto_generated|pll1|clk[0]        ; u_pll|uPLL|altpll_component|auto_generated|pll1|clk[0] ; 0.000        ; 0.073      ; 0.830      ;
; 0.587  ; PLL_clock_top:u_pll|counter_accum[16]                                                          ; PLL_clock_top:u_pll|counter_accum[16]                                                           ; u_pll|uPLL|altpll_component|auto_generated|pll1|clk[0]        ; u_pll|uPLL|altpll_component|auto_generated|pll1|clk[0] ; 0.000        ; 0.073      ; 0.831      ;
; 0.588  ; PLL_clock_top:u_pll|counter_accum[12]                                                          ; PLL_clock_top:u_pll|counter_accum[12]                                                           ; u_pll|uPLL|altpll_component|auto_generated|pll1|clk[0]        ; u_pll|uPLL|altpll_component|auto_generated|pll1|clk[0] ; 0.000        ; 0.073      ; 0.832      ;
; 0.588  ; PLL_clock_top:u_pll|counter_accum[6]                                                           ; PLL_clock_top:u_pll|counter_accum[6]                                                            ; u_pll|uPLL|altpll_component|auto_generated|pll1|clk[0]        ; u_pll|uPLL|altpll_component|auto_generated|pll1|clk[0] ; 0.000        ; 0.073      ; 0.832      ;
; 0.588  ; PLL_clock_top:u_pll|counter_accum[1]                                                           ; PLL_clock_top:u_pll|counter_accum[1]                                                            ; u_pll|uPLL|altpll_component|auto_generated|pll1|clk[0]        ; u_pll|uPLL|altpll_component|auto_generated|pll1|clk[0] ; 0.000        ; 0.073      ; 0.832      ;
; 0.589  ; PLL_clock_top:u_pll|counter_accum[14]                                                          ; PLL_clock_top:u_pll|counter_accum[14]                                                           ; u_pll|uPLL|altpll_component|auto_generated|pll1|clk[0]        ; u_pll|uPLL|altpll_component|auto_generated|pll1|clk[0] ; 0.000        ; 0.073      ; 0.833      ;
; 0.589  ; PLL_clock_top:u_pll|counter_accum[4]                                                           ; PLL_clock_top:u_pll|counter_accum[4]                                                            ; u_pll|uPLL|altpll_component|auto_generated|pll1|clk[0]        ; u_pll|uPLL|altpll_component|auto_generated|pll1|clk[0] ; 0.000        ; 0.073      ; 0.833      ;
; 0.590  ; PLL_clock_top:u_pll|counter_accum[2]                                                           ; PLL_clock_top:u_pll|counter_accum[2]                                                            ; u_pll|uPLL|altpll_component|auto_generated|pll1|clk[0]        ; u_pll|uPLL|altpll_component|auto_generated|pll1|clk[0] ; 0.000        ; 0.073      ; 0.834      ;
; 0.596  ; PLL_clock_top:u_pll|counter_accum[9]                                                           ; PLL_clock_top:u_pll|counter_accum[9]                                                            ; u_pll|uPLL|altpll_component|auto_generated|pll1|clk[0]        ; u_pll|uPLL|altpll_component|auto_generated|pll1|clk[0] ; 0.000        ; 0.073      ; 0.840      ;
; 0.600  ; bullet_top_top:u_bullets_top|tank_bullet_top_refine:\gen_bullets:4:u_bullet|fire_reg           ; bullet_top_top:u_bullets_top|tank_bullet_top_refine:\gen_bullets:4:u_bullet|state_reg           ; u_pll|uPLL|altpll_component|auto_generated|pll1|clk[0]        ; u_pll|uPLL|altpll_component|auto_generated|pll1|clk[0] ; 0.000        ; 0.073      ; 0.844      ;
; 0.601  ; bullet_top_top:u_bullets_top|tank_bullet_top_refine:\gen_bullets:1:u_bullet|fire_reg           ; bullet_top_top:u_bullets_top|tank_bullet_top_refine:\gen_bullets:1:u_bullet|state_reg           ; u_pll|uPLL|altpll_component|auto_generated|pll1|clk[0]        ; u_pll|uPLL|altpll_component|auto_generated|pll1|clk[0] ; 0.000        ; 0.072      ; 0.844      ;
; 0.601  ; PLL_clock_top:u_pll|counter_accum[3]                                                           ; PLL_clock_top:u_pll|counter_accum[3]                                                            ; u_pll|uPLL|altpll_component|auto_generated|pll1|clk[0]        ; u_pll|uPLL|altpll_component|auto_generated|pll1|clk[0] ; 0.000        ; 0.073      ; 0.845      ;
; 0.601  ; bullet_bottom_top:u_bullets_bottom|tank_bullet_bottom_refine:\gen_bullets:2:u_bullet|state_reg ; bullet_bottom_top:u_bullets_bottom|tank_bullet_bottom_refine:\gen_bullets:2:u_bullet|y_reg[6]   ; u_pll|uPLL|altpll_component|auto_generated|pll1|clk[0]        ; u_pll|uPLL|altpll_component|auto_generated|pll1|clk[0] ; 0.000        ; 0.073      ; 0.845      ;
; 0.602  ; PLL_clock_top:u_pll|counter_accum[8]                                                           ; PLL_clock_top:u_pll|counter_accum[8]                                                            ; u_pll|uPLL|altpll_component|auto_generated|pll1|clk[0]        ; u_pll|uPLL|altpll_component|auto_generated|pll1|clk[0] ; 0.000        ; 0.073      ; 0.846      ;
; 0.602  ; bullet_bottom_top:u_bullets_bottom|tank_bullet_bottom_refine:\gen_bullets:2:u_bullet|state_reg ; bullet_bottom_top:u_bullets_bottom|tank_bullet_bottom_refine:\gen_bullets:2:u_bullet|y_reg[3]   ; u_pll|uPLL|altpll_component|auto_generated|pll1|clk[0]        ; u_pll|uPLL|altpll_component|auto_generated|pll1|clk[0] ; 0.000        ; 0.073      ; 0.846      ;
; 0.603  ; bullet_top_top:u_bullets_top|tank_bullet_top_refine:\gen_bullets:0:u_bullet|fire_reg           ; bullet_top_top:u_bullets_top|tank_bullet_top_refine:\gen_bullets:0:u_bullet|state_reg           ; u_pll|uPLL|altpll_component|auto_generated|pll1|clk[0]        ; u_pll|uPLL|altpll_component|auto_generated|pll1|clk[0] ; 0.000        ; 0.073      ; 0.847      ;
; 0.603  ; scoremodule:u_score|score_bottomtank:uscore_b|state_reg                                        ; scoremodule:u_score|score_bottomtank:uscore_b|freeze_reg                                        ; u_pll|uPLL|altpll_component|auto_generated|pll1|clk[0]        ; u_pll|uPLL|altpll_component|auto_generated|pll1|clk[0] ; 0.000        ; 0.072      ; 0.846      ;
; 0.605  ; scoremodule:u_score|score_bottomtank:uscore_b|score_reg[1]                                     ; scoremodule:u_score|score_bottomtank:uscore_b|state_reg                                         ; u_pll|uPLL|altpll_component|auto_generated|pll1|clk[0]        ; u_pll|uPLL|altpll_component|auto_generated|pll1|clk[0] ; 0.000        ; 0.072      ; 0.848      ;
; 0.606  ; bullet_top_top:u_bullets_top|tank_bullet_top_refine:\gen_bullets:3:u_bullet|fire_reg           ; bullet_top_top:u_bullets_top|tank_bullet_top_refine:\gen_bullets:3:u_bullet|state_reg           ; u_pll|uPLL|altpll_component|auto_generated|pll1|clk[0]        ; u_pll|uPLL|altpll_component|auto_generated|pll1|clk[0] ; 0.000        ; 0.073      ; 0.850      ;
; 0.608  ; bullet_bottom_top:u_bullets_bottom|tank_bullet_bottom_refine:\gen_bullets:2:u_bullet|state_reg ; bullet_bottom_top:u_bullets_bottom|tank_bullet_bottom_refine:\gen_bullets:2:u_bullet|y_reg[7]   ; u_pll|uPLL|altpll_component|auto_generated|pll1|clk[0]        ; u_pll|uPLL|altpll_component|auto_generated|pll1|clk[0] ; 0.000        ; 0.073      ; 0.852      ;
; 0.615  ; bullet_bottom_top:u_bullets_bottom|tank_bullet_bottom_refine:\gen_bullets:2:u_bullet|state_reg ; bullet_bottom_top:u_bullets_bottom|tank_bullet_bottom_refine:\gen_bullets:2:u_bullet|y_reg[5]   ; u_pll|uPLL|altpll_component|auto_generated|pll1|clk[0]        ; u_pll|uPLL|altpll_component|auto_generated|pll1|clk[0] ; 0.000        ; 0.073      ; 0.859      ;
; 0.616  ; scoremodule:u_score|score_toptank:uscore_t|score_reg[0]                                        ; scoremodule:u_score|score_toptank:uscore_t|state_reg                                            ; u_pll|uPLL|altpll_component|auto_generated|pll1|clk[0]        ; u_pll|uPLL|altpll_component|auto_generated|pll1|clk[0] ; 0.000        ; 0.073      ; 0.860      ;
; 0.616  ; bullet_bottom_top:u_bullets_bottom|tank_bullet_bottom_refine:\gen_bullets:2:u_bullet|state_reg ; bullet_bottom_top:u_bullets_bottom|tank_bullet_bottom_refine:\gen_bullets:2:u_bullet|y_reg[9]   ; u_pll|uPLL|altpll_component|auto_generated|pll1|clk[0]        ; u_pll|uPLL|altpll_component|auto_generated|pll1|clk[0] ; 0.000        ; 0.073      ; 0.860      ;
; 0.617  ; scoremodule:u_score|score_toptank:uscore_t|score_reg[0]                                        ; scoremodule:u_score|score_toptank:uscore_t|score_reg[1]                                         ; u_pll|uPLL|altpll_component|auto_generated|pll1|clk[0]        ; u_pll|uPLL|altpll_component|auto_generated|pll1|clk[0] ; 0.000        ; 0.073      ; 0.861      ;
; 0.617  ; scoremodule:u_score|score_bottomtank:uscore_b|score_reg[0]                                     ; scoremodule:u_score|score_bottomtank:uscore_b|score_reg[1]                                      ; u_pll|uPLL|altpll_component|auto_generated|pll1|clk[0]        ; u_pll|uPLL|altpll_component|auto_generated|pll1|clk[0] ; 0.000        ; 0.072      ; 0.860      ;
; 0.617  ; bullet_bottom_top:u_bullets_bottom|tank_bullet_bottom_refine:\gen_bullets:2:u_bullet|state_reg ; bullet_bottom_top:u_bullets_bottom|tank_bullet_bottom_refine:\gen_bullets:2:u_bullet|y_reg[4]   ; u_pll|uPLL|altpll_component|auto_generated|pll1|clk[0]        ; u_pll|uPLL|altpll_component|auto_generated|pll1|clk[0] ; 0.000        ; 0.073      ; 0.861      ;
; 0.622  ; bullet_top_top:u_bullets_top|tank_bullet_top_refine:\gen_bullets:2:u_bullet|fire_reg           ; bullet_top_top:u_bullets_top|tank_bullet_top_refine:\gen_bullets:2:u_bullet|state_reg           ; u_pll|uPLL|altpll_component|auto_generated|pll1|clk[0]        ; u_pll|uPLL|altpll_component|auto_generated|pll1|clk[0] ; 0.000        ; 0.073      ; 0.866      ;
; 0.624  ; PLL_clock_top:u_pll|counter_accum[0]                                                           ; PLL_clock_top:u_pll|counter_accum[0]                                                            ; u_pll|uPLL|altpll_component|auto_generated|pll1|clk[0]        ; u_pll|uPLL|altpll_component|auto_generated|pll1|clk[0] ; 0.000        ; 0.073      ; 0.868      ;
; 0.625  ; bullet_top_top:u_bullets_top|tank_bullet_top_refine:\gen_bullets:0:u_bullet|fire_reg           ; bullet_top_top:u_bullets_top|tank_bullet_top_refine:\gen_bullets:0:u_bullet|active_reg          ; u_pll|uPLL|altpll_component|auto_generated|pll1|clk[0]        ; u_pll|uPLL|altpll_component|auto_generated|pll1|clk[0] ; 0.000        ; 0.460      ; 1.256      ;
; 0.632  ; scoremodule:u_score|score_bottomtank:uscore_b|score_reg[1]                                     ; scoremodule:u_score|score_bottomtank:uscore_b|freeze_reg                                        ; u_pll|uPLL|altpll_component|auto_generated|pll1|clk[0]        ; u_pll|uPLL|altpll_component|auto_generated|pll1|clk[0] ; 0.000        ; 0.072      ; 0.875      ;
; 0.638  ; bullet_top_top:u_bullets_top|tank_bullet_top_refine:\gen_bullets:3:u_bullet|active_reg         ; bullet_top_top:u_bullets_top|tank_bullet_top_refine:\gen_bullets:3:u_bullet|fire_reg            ; u_pll|uPLL|altpll_component|auto_generated|pll1|clk[0]        ; u_pll|uPLL|altpll_component|auto_generated|pll1|clk[0] ; 0.000        ; 0.073      ; 0.882      ;
; 0.656  ; bullet_bottom_top:u_bullets_bottom|tank_bullet_bottom_refine:\gen_bullets:3:u_bullet|state_reg ; bullet_bottom_top:u_bullets_bottom|tank_bullet_bottom_refine:\gen_bullets:3:u_bullet|active_reg ; u_pll|uPLL|altpll_component|auto_generated|pll1|clk[0]        ; u_pll|uPLL|altpll_component|auto_generated|pll1|clk[0] ; 0.000        ; 0.124      ; 0.951      ;
; 0.665  ; bullet_top_top:u_bullets_top|tank_bullet_top_refine:\gen_bullets:1:u_bullet|fire_reg           ; bullet_top_top:u_bullets_top|tank_bullet_top_refine:\gen_bullets:1:u_bullet|active_reg          ; u_pll|uPLL|altpll_component|auto_generated|pll1|clk[0]        ; u_pll|uPLL|altpll_component|auto_generated|pll1|clk[0] ; 0.000        ; 0.435      ; 1.271      ;
; 0.669  ; scoremodule:u_score|score_toptank:uscore_t|score_reg[0]                                        ; scoremodule:u_score|score_toptank:uscore_t|freeze_reg                                           ; u_pll|uPLL|altpll_component|auto_generated|pll1|clk[0]        ; u_pll|uPLL|altpll_component|auto_generated|pll1|clk[0] ; 0.000        ; 0.073      ; 0.913      ;
; 0.672  ; bullet_top_top:u_bullets_top|tank_bullet_top_refine:\gen_bullets:0:u_bullet|state_reg          ; bullet_top_top:u_bullets_top|tank_bullet_top_refine:\gen_bullets:0:u_bullet|y_reg[9]            ; u_pll|uPLL|altpll_component|auto_generated|pll1|clk[0]        ; u_pll|uPLL|altpll_component|auto_generated|pll1|clk[0] ; 0.000        ; 0.465      ; 1.308      ;
; 0.696  ; bullet_top_top:u_bullets_top|tank_bullet_top_refine:\gen_bullets:0:u_bullet|state_reg          ; bullet_top_top:u_bullets_top|tank_bullet_top_refine:\gen_bullets:0:u_bullet|active_reg          ; u_pll|uPLL|altpll_component|auto_generated|pll1|clk[0]        ; u_pll|uPLL|altpll_component|auto_generated|pll1|clk[0] ; 0.000        ; 0.460      ; 1.327      ;
; 0.698  ; bullet_bottom_top:u_bullets_bottom|tank_bullet_bottom_refine:\gen_bullets:3:u_bullet|fire_reg  ; bullet_bottom_top:u_bullets_bottom|tank_bullet_bottom_refine:\gen_bullets:3:u_bullet|active_reg ; u_pll|uPLL|altpll_component|auto_generated|pll1|clk[0]        ; u_pll|uPLL|altpll_component|auto_generated|pll1|clk[0] ; 0.000        ; 0.479      ; 1.348      ;
; 0.704  ; bullet_bottom_top:u_bullets_bottom|tank_bullet_bottom_refine:\gen_bullets:4:u_bullet|state_reg ; bullet_bottom_top:u_bullets_bottom|tank_bullet_bottom_refine:\gen_bullets:4:u_bullet|y_reg[6]   ; u_pll|uPLL|altpll_component|auto_generated|pll1|clk[0]        ; u_pll|uPLL|altpll_component|auto_generated|pll1|clk[0] ; 0.000        ; 0.073      ; 0.948      ;
; 0.705  ; bullet_bottom_top:u_bullets_bottom|tank_bullet_bottom_refine:\gen_bullets:4:u_bullet|state_reg ; bullet_bottom_top:u_bullets_bottom|tank_bullet_bottom_refine:\gen_bullets:4:u_bullet|y_reg[8]   ; u_pll|uPLL|altpll_component|auto_generated|pll1|clk[0]        ; u_pll|uPLL|altpll_component|auto_generated|pll1|clk[0] ; 0.000        ; 0.073      ; 0.949      ;
; 0.705  ; bullet_bottom_top:u_bullets_bottom|tank_bullet_bottom_refine:\gen_bullets:4:u_bullet|state_reg ; bullet_bottom_top:u_bullets_bottom|tank_bullet_bottom_refine:\gen_bullets:4:u_bullet|y_reg[7]   ; u_pll|uPLL|altpll_component|auto_generated|pll1|clk[0]        ; u_pll|uPLL|altpll_component|auto_generated|pll1|clk[0] ; 0.000        ; 0.073      ; 0.949      ;
+--------+------------------------------------------------------------------------------------------------+-------------------------------------------------------------------------------------------------+---------------------------------------------------------------+--------------------------------------------------------+--------------+------------+------------+


+--------------------------------------------------------------------------------------------------------------------------------------------------------------------------------------------------------------------------------------------------------------------------------------------+
; Slow 1200mV 0C Model Hold: 'keyboard_top:u_kbd|ps2:uPS2|keyboard:u1|keyboard_clk_filtered'                                                                                                                                                                                                 ;
+-------+----------------------------------------------------+------------------------------------------------------+---------------------------------------------------------------+---------------------------------------------------------------+--------------+------------+------------+
; Slack ; From Node                                          ; To Node                                              ; Launch Clock                                                  ; Latch Clock                                                   ; Relationship ; Clock Skew ; Data Delay ;
+-------+----------------------------------------------------+------------------------------------------------------+---------------------------------------------------------------+---------------------------------------------------------------+--------------+------------+------------+
; 0.353 ; keyboard_top:u_kbd|ps2:uPS2|keyboard:u1|READ_CHAR  ; keyboard_top:u_kbd|ps2:uPS2|keyboard:u1|READ_CHAR    ; keyboard_top:u_kbd|ps2:uPS2|keyboard:u1|keyboard_clk_filtered ; keyboard_top:u_kbd|ps2:uPS2|keyboard:u1|keyboard_clk_filtered ; 0.000        ; 0.073      ; 0.597      ;
; 0.353 ; keyboard_top:u_kbd|ps2:uPS2|keyboard:u1|INCNT[1]   ; keyboard_top:u_kbd|ps2:uPS2|keyboard:u1|INCNT[1]     ; keyboard_top:u_kbd|ps2:uPS2|keyboard:u1|keyboard_clk_filtered ; keyboard_top:u_kbd|ps2:uPS2|keyboard:u1|keyboard_clk_filtered ; 0.000        ; 0.073      ; 0.597      ;
; 0.364 ; keyboard_top:u_kbd|ps2:uPS2|keyboard:u1|INCNT[0]   ; keyboard_top:u_kbd|ps2:uPS2|keyboard:u1|INCNT[0]     ; keyboard_top:u_kbd|ps2:uPS2|keyboard:u1|keyboard_clk_filtered ; keyboard_top:u_kbd|ps2:uPS2|keyboard:u1|keyboard_clk_filtered ; 0.000        ; 0.073      ; 0.608      ;
; 0.382 ; keyboard_top:u_kbd|ps2:uPS2|keyboard:u1|SHIFTIN[8] ; keyboard_top:u_kbd|ps2:uPS2|keyboard:u1|SHIFTIN[7]   ; keyboard_top:u_kbd|ps2:uPS2|keyboard:u1|keyboard_clk_filtered ; keyboard_top:u_kbd|ps2:uPS2|keyboard:u1|keyboard_clk_filtered ; 0.000        ; 0.087      ; 0.640      ;
; 0.388 ; keyboard_top:u_kbd|ps2:uPS2|keyboard:u1|SHIFTIN[2] ; keyboard_top:u_kbd|ps2:uPS2|keyboard:u1|SHIFTIN[1]   ; keyboard_top:u_kbd|ps2:uPS2|keyboard:u1|keyboard_clk_filtered ; keyboard_top:u_kbd|ps2:uPS2|keyboard:u1|keyboard_clk_filtered ; 0.000        ; 0.087      ; 0.646      ;
; 0.498 ; keyboard_top:u_kbd|ps2:uPS2|keyboard:u1|SHIFTIN[3] ; keyboard_top:u_kbd|ps2:uPS2|keyboard:u1|SHIFTIN[2]   ; keyboard_top:u_kbd|ps2:uPS2|keyboard:u1|keyboard_clk_filtered ; keyboard_top:u_kbd|ps2:uPS2|keyboard:u1|keyboard_clk_filtered ; 0.000        ; 0.087      ; 0.756      ;
; 0.499 ; keyboard_top:u_kbd|ps2:uPS2|keyboard:u1|SHIFTIN[5] ; keyboard_top:u_kbd|ps2:uPS2|keyboard:u1|SHIFTIN[4]   ; keyboard_top:u_kbd|ps2:uPS2|keyboard:u1|keyboard_clk_filtered ; keyboard_top:u_kbd|ps2:uPS2|keyboard:u1|keyboard_clk_filtered ; 0.000        ; 0.087      ; 0.757      ;
; 0.540 ; keyboard_top:u_kbd|ps2:uPS2|keyboard:u1|SHIFTIN[1] ; keyboard_top:u_kbd|ps2:uPS2|keyboard:u1|SHIFTIN[0]   ; keyboard_top:u_kbd|ps2:uPS2|keyboard:u1|keyboard_clk_filtered ; keyboard_top:u_kbd|ps2:uPS2|keyboard:u1|keyboard_clk_filtered ; 0.000        ; 0.087      ; 0.798      ;
; 0.598 ; keyboard_top:u_kbd|ps2:uPS2|keyboard:u1|SHIFTIN[6] ; keyboard_top:u_kbd|ps2:uPS2|keyboard:u1|SHIFTIN[5]   ; keyboard_top:u_kbd|ps2:uPS2|keyboard:u1|keyboard_clk_filtered ; keyboard_top:u_kbd|ps2:uPS2|keyboard:u1|keyboard_clk_filtered ; 0.000        ; 0.087      ; 0.856      ;
; 0.604 ; keyboard_top:u_kbd|ps2:uPS2|keyboard:u1|INCNT[0]   ; keyboard_top:u_kbd|ps2:uPS2|keyboard:u1|INCNT[1]     ; keyboard_top:u_kbd|ps2:uPS2|keyboard:u1|keyboard_clk_filtered ; keyboard_top:u_kbd|ps2:uPS2|keyboard:u1|keyboard_clk_filtered ; 0.000        ; 0.073      ; 0.848      ;
; 0.692 ; keyboard_top:u_kbd|ps2:uPS2|keyboard:u1|SHIFTIN[4] ; keyboard_top:u_kbd|ps2:uPS2|keyboard:u1|SHIFTIN[3]   ; keyboard_top:u_kbd|ps2:uPS2|keyboard:u1|keyboard_clk_filtered ; keyboard_top:u_kbd|ps2:uPS2|keyboard:u1|keyboard_clk_filtered ; 0.000        ; 0.087      ; 0.950      ;
; 0.754 ; keyboard_top:u_kbd|ps2:uPS2|keyboard:u1|SHIFTIN[2] ; keyboard_top:u_kbd|ps2:uPS2|keyboard:u1|scan_code[2] ; keyboard_top:u_kbd|ps2:uPS2|keyboard:u1|keyboard_clk_filtered ; keyboard_top:u_kbd|ps2:uPS2|keyboard:u1|keyboard_clk_filtered ; 0.000        ; -0.278     ; 0.647      ;
; 0.905 ; keyboard_top:u_kbd|ps2:uPS2|keyboard:u1|SHIFTIN[1] ; keyboard_top:u_kbd|ps2:uPS2|keyboard:u1|scan_code[1] ; keyboard_top:u_kbd|ps2:uPS2|keyboard:u1|keyboard_clk_filtered ; keyboard_top:u_kbd|ps2:uPS2|keyboard:u1|keyboard_clk_filtered ; 0.000        ; -0.278     ; 0.798      ;
; 0.905 ; keyboard_top:u_kbd|ps2:uPS2|keyboard:u1|SHIFTIN[5] ; keyboard_top:u_kbd|ps2:uPS2|keyboard:u1|scan_code[5] ; keyboard_top:u_kbd|ps2:uPS2|keyboard:u1|keyboard_clk_filtered ; keyboard_top:u_kbd|ps2:uPS2|keyboard:u1|keyboard_clk_filtered ; 0.000        ; -0.278     ; 0.798      ;
; 0.906 ; keyboard_top:u_kbd|ps2:uPS2|keyboard:u1|SHIFTIN[3] ; keyboard_top:u_kbd|ps2:uPS2|keyboard:u1|scan_code[3] ; keyboard_top:u_kbd|ps2:uPS2|keyboard:u1|keyboard_clk_filtered ; keyboard_top:u_kbd|ps2:uPS2|keyboard:u1|keyboard_clk_filtered ; 0.000        ; -0.278     ; 0.799      ;
; 0.909 ; keyboard_top:u_kbd|ps2:uPS2|keyboard:u1|INCNT[0]   ; keyboard_top:u_kbd|ps2:uPS2|keyboard:u1|INCNT[3]     ; keyboard_top:u_kbd|ps2:uPS2|keyboard:u1|keyboard_clk_filtered ; keyboard_top:u_kbd|ps2:uPS2|keyboard:u1|keyboard_clk_filtered ; 0.000        ; 0.073      ; 1.153      ;
; 0.910 ; keyboard_top:u_kbd|ps2:uPS2|keyboard:u1|INCNT[0]   ; keyboard_top:u_kbd|ps2:uPS2|keyboard:u1|INCNT[2]     ; keyboard_top:u_kbd|ps2:uPS2|keyboard:u1|keyboard_clk_filtered ; keyboard_top:u_kbd|ps2:uPS2|keyboard:u1|keyboard_clk_filtered ; 0.000        ; 0.073      ; 1.154      ;
; 0.912 ; keyboard_top:u_kbd|ps2:uPS2|keyboard:u1|SHIFTIN[7] ; keyboard_top:u_kbd|ps2:uPS2|keyboard:u1|SHIFTIN[6]   ; keyboard_top:u_kbd|ps2:uPS2|keyboard:u1|keyboard_clk_filtered ; keyboard_top:u_kbd|ps2:uPS2|keyboard:u1|keyboard_clk_filtered ; 0.000        ; 0.106      ; 1.189      ;
; 0.917 ; keyboard_top:u_kbd|ps2:uPS2|keyboard:u1|SHIFTIN[6] ; keyboard_top:u_kbd|ps2:uPS2|keyboard:u1|scan_code[6] ; keyboard_top:u_kbd|ps2:uPS2|keyboard:u1|keyboard_clk_filtered ; keyboard_top:u_kbd|ps2:uPS2|keyboard:u1|keyboard_clk_filtered ; 0.000        ; -0.278     ; 0.810      ;
; 0.928 ; keyboard_top:u_kbd|ps2:uPS2|keyboard:u1|INCNT[2]   ; keyboard_top:u_kbd|ps2:uPS2|keyboard:u1|INCNT[2]     ; keyboard_top:u_kbd|ps2:uPS2|keyboard:u1|keyboard_clk_filtered ; keyboard_top:u_kbd|ps2:uPS2|keyboard:u1|keyboard_clk_filtered ; 0.000        ; 0.073      ; 1.172      ;
; 1.020 ; keyboard_top:u_kbd|ps2:uPS2|keyboard:u1|INCNT[1]   ; keyboard_top:u_kbd|ps2:uPS2|keyboard:u1|INCNT[3]     ; keyboard_top:u_kbd|ps2:uPS2|keyboard:u1|keyboard_clk_filtered ; keyboard_top:u_kbd|ps2:uPS2|keyboard:u1|keyboard_clk_filtered ; 0.000        ; 0.073      ; 1.264      ;
; 1.022 ; keyboard_top:u_kbd|ps2:uPS2|keyboard:u1|INCNT[1]   ; keyboard_top:u_kbd|ps2:uPS2|keyboard:u1|INCNT[2]     ; keyboard_top:u_kbd|ps2:uPS2|keyboard:u1|keyboard_clk_filtered ; keyboard_top:u_kbd|ps2:uPS2|keyboard:u1|keyboard_clk_filtered ; 0.000        ; 0.073      ; 1.266      ;
; 1.084 ; keyboard_top:u_kbd|ps2:uPS2|keyboard:u1|INCNT[1]   ; keyboard_top:u_kbd|ps2:uPS2|keyboard:u1|READ_CHAR    ; keyboard_top:u_kbd|ps2:uPS2|keyboard:u1|keyboard_clk_filtered ; keyboard_top:u_kbd|ps2:uPS2|keyboard:u1|keyboard_clk_filtered ; 0.000        ; 0.073      ; 1.328      ;
; 1.089 ; keyboard_top:u_kbd|ps2:uPS2|keyboard:u1|INCNT[1]   ; keyboard_top:u_kbd|ps2:uPS2|keyboard:u1|INCNT[0]     ; keyboard_top:u_kbd|ps2:uPS2|keyboard:u1|keyboard_clk_filtered ; keyboard_top:u_kbd|ps2:uPS2|keyboard:u1|keyboard_clk_filtered ; 0.000        ; 0.073      ; 1.333      ;
; 1.098 ; keyboard_top:u_kbd|ps2:uPS2|keyboard:u1|SHIFTIN[4] ; keyboard_top:u_kbd|ps2:uPS2|keyboard:u1|scan_code[4] ; keyboard_top:u_kbd|ps2:uPS2|keyboard:u1|keyboard_clk_filtered ; keyboard_top:u_kbd|ps2:uPS2|keyboard:u1|keyboard_clk_filtered ; 0.000        ; -0.278     ; 0.991      ;
; 1.115 ; keyboard_top:u_kbd|ps2:uPS2|keyboard:u1|INCNT[3]   ; keyboard_top:u_kbd|ps2:uPS2|keyboard:u1|INCNT[3]     ; keyboard_top:u_kbd|ps2:uPS2|keyboard:u1|keyboard_clk_filtered ; keyboard_top:u_kbd|ps2:uPS2|keyboard:u1|keyboard_clk_filtered ; 0.000        ; 0.073      ; 1.359      ;
; 1.156 ; keyboard_top:u_kbd|ps2:uPS2|keyboard:u1|ready_set  ; keyboard_top:u_kbd|ps2:uPS2|keyboard:u1|ready_set    ; keyboard_top:u_kbd|ps2:uPS2|keyboard:u1|ready_set             ; keyboard_top:u_kbd|ps2:uPS2|keyboard:u1|keyboard_clk_filtered ; 0.000        ; 2.727      ; 4.277      ;
; 1.195 ; keyboard_top:u_kbd|ps2:uPS2|keyboard:u1|INCNT[0]   ; keyboard_top:u_kbd|ps2:uPS2|keyboard:u1|READ_CHAR    ; keyboard_top:u_kbd|ps2:uPS2|keyboard:u1|keyboard_clk_filtered ; keyboard_top:u_kbd|ps2:uPS2|keyboard:u1|keyboard_clk_filtered ; 0.000        ; 0.073      ; 1.439      ;
; 1.265 ; keyboard_top:u_kbd|ps2:uPS2|keyboard:u1|READ_CHAR  ; keyboard_top:u_kbd|ps2:uPS2|keyboard:u1|SHIFTIN[7]   ; keyboard_top:u_kbd|ps2:uPS2|keyboard:u1|keyboard_clk_filtered ; keyboard_top:u_kbd|ps2:uPS2|keyboard:u1|keyboard_clk_filtered ; 0.000        ; 0.430      ; 1.866      ;
; 1.265 ; keyboard_top:u_kbd|ps2:uPS2|keyboard:u1|READ_CHAR  ; keyboard_top:u_kbd|ps2:uPS2|keyboard:u1|SHIFTIN[8]   ; keyboard_top:u_kbd|ps2:uPS2|keyboard:u1|keyboard_clk_filtered ; keyboard_top:u_kbd|ps2:uPS2|keyboard:u1|keyboard_clk_filtered ; 0.000        ; 0.430      ; 1.866      ;
; 1.281 ; keyboard_top:u_kbd|ps2:uPS2|keyboard:u1|INCNT[2]   ; keyboard_top:u_kbd|ps2:uPS2|keyboard:u1|INCNT[3]     ; keyboard_top:u_kbd|ps2:uPS2|keyboard:u1|keyboard_clk_filtered ; keyboard_top:u_kbd|ps2:uPS2|keyboard:u1|keyboard_clk_filtered ; 0.000        ; 0.073      ; 1.525      ;
; 1.296 ; keyboard_top:u_kbd|ps2:uPS2|keyboard:u1|SHIFTIN[0] ; keyboard_top:u_kbd|ps2:uPS2|keyboard:u1|scan_code[0] ; keyboard_top:u_kbd|ps2:uPS2|keyboard:u1|keyboard_clk_filtered ; keyboard_top:u_kbd|ps2:uPS2|keyboard:u1|keyboard_clk_filtered ; 0.000        ; -0.278     ; 1.189      ;
; 1.303 ; keyboard_top:u_kbd|ps2:uPS2|keyboard:u1|READ_CHAR  ; keyboard_top:u_kbd|ps2:uPS2|keyboard:u1|SHIFTIN[6]   ; keyboard_top:u_kbd|ps2:uPS2|keyboard:u1|keyboard_clk_filtered ; keyboard_top:u_kbd|ps2:uPS2|keyboard:u1|keyboard_clk_filtered ; 0.000        ; 0.449      ; 1.923      ;
; 1.303 ; keyboard_top:u_kbd|ps2:uPS2|keyboard:u1|READ_CHAR  ; keyboard_top:u_kbd|ps2:uPS2|keyboard:u1|SHIFTIN[3]   ; keyboard_top:u_kbd|ps2:uPS2|keyboard:u1|keyboard_clk_filtered ; keyboard_top:u_kbd|ps2:uPS2|keyboard:u1|keyboard_clk_filtered ; 0.000        ; 0.449      ; 1.923      ;
; 1.303 ; keyboard_top:u_kbd|ps2:uPS2|keyboard:u1|READ_CHAR  ; keyboard_top:u_kbd|ps2:uPS2|keyboard:u1|SHIFTIN[4]   ; keyboard_top:u_kbd|ps2:uPS2|keyboard:u1|keyboard_clk_filtered ; keyboard_top:u_kbd|ps2:uPS2|keyboard:u1|keyboard_clk_filtered ; 0.000        ; 0.449      ; 1.923      ;
; 1.303 ; keyboard_top:u_kbd|ps2:uPS2|keyboard:u1|READ_CHAR  ; keyboard_top:u_kbd|ps2:uPS2|keyboard:u1|SHIFTIN[5]   ; keyboard_top:u_kbd|ps2:uPS2|keyboard:u1|keyboard_clk_filtered ; keyboard_top:u_kbd|ps2:uPS2|keyboard:u1|keyboard_clk_filtered ; 0.000        ; 0.449      ; 1.923      ;
; 1.303 ; keyboard_top:u_kbd|ps2:uPS2|keyboard:u1|READ_CHAR  ; keyboard_top:u_kbd|ps2:uPS2|keyboard:u1|SHIFTIN[1]   ; keyboard_top:u_kbd|ps2:uPS2|keyboard:u1|keyboard_clk_filtered ; keyboard_top:u_kbd|ps2:uPS2|keyboard:u1|keyboard_clk_filtered ; 0.000        ; 0.449      ; 1.923      ;
; 1.303 ; keyboard_top:u_kbd|ps2:uPS2|keyboard:u1|READ_CHAR  ; keyboard_top:u_kbd|ps2:uPS2|keyboard:u1|SHIFTIN[2]   ; keyboard_top:u_kbd|ps2:uPS2|keyboard:u1|keyboard_clk_filtered ; keyboard_top:u_kbd|ps2:uPS2|keyboard:u1|keyboard_clk_filtered ; 0.000        ; 0.449      ; 1.923      ;
; 1.303 ; keyboard_top:u_kbd|ps2:uPS2|keyboard:u1|READ_CHAR  ; keyboard_top:u_kbd|ps2:uPS2|keyboard:u1|SHIFTIN[0]   ; keyboard_top:u_kbd|ps2:uPS2|keyboard:u1|keyboard_clk_filtered ; keyboard_top:u_kbd|ps2:uPS2|keyboard:u1|keyboard_clk_filtered ; 0.000        ; 0.449      ; 1.923      ;
; 1.310 ; keyboard_top:u_kbd|ps2:uPS2|keyboard:u1|INCNT[3]   ; keyboard_top:u_kbd|ps2:uPS2|keyboard:u1|READ_CHAR    ; keyboard_top:u_kbd|ps2:uPS2|keyboard:u1|keyboard_clk_filtered ; keyboard_top:u_kbd|ps2:uPS2|keyboard:u1|keyboard_clk_filtered ; 0.000        ; 0.073      ; 1.554      ;
; 1.315 ; keyboard_top:u_kbd|ps2:uPS2|keyboard:u1|INCNT[3]   ; keyboard_top:u_kbd|ps2:uPS2|keyboard:u1|INCNT[0]     ; keyboard_top:u_kbd|ps2:uPS2|keyboard:u1|keyboard_clk_filtered ; keyboard_top:u_kbd|ps2:uPS2|keyboard:u1|keyboard_clk_filtered ; 0.000        ; 0.073      ; 1.559      ;
; 1.323 ; keyboard_top:u_kbd|ps2:uPS2|keyboard:u1|SHIFTIN[7] ; keyboard_top:u_kbd|ps2:uPS2|keyboard:u1|scan_code[7] ; keyboard_top:u_kbd|ps2:uPS2|keyboard:u1|keyboard_clk_filtered ; keyboard_top:u_kbd|ps2:uPS2|keyboard:u1|keyboard_clk_filtered ; 0.000        ; -0.259     ; 1.235      ;
; 1.382 ; keyboard_top:u_kbd|ps2:uPS2|keyboard:u1|INCNT[2]   ; keyboard_top:u_kbd|ps2:uPS2|keyboard:u1|READ_CHAR    ; keyboard_top:u_kbd|ps2:uPS2|keyboard:u1|keyboard_clk_filtered ; keyboard_top:u_kbd|ps2:uPS2|keyboard:u1|keyboard_clk_filtered ; 0.000        ; 0.073      ; 1.626      ;
; 1.387 ; keyboard_top:u_kbd|ps2:uPS2|keyboard:u1|INCNT[2]   ; keyboard_top:u_kbd|ps2:uPS2|keyboard:u1|INCNT[0]     ; keyboard_top:u_kbd|ps2:uPS2|keyboard:u1|keyboard_clk_filtered ; keyboard_top:u_kbd|ps2:uPS2|keyboard:u1|keyboard_clk_filtered ; 0.000        ; 0.073      ; 1.631      ;
; 1.413 ; keyboard_top:u_kbd|ps2:uPS2|keyboard:u1|INCNT[1]   ; keyboard_top:u_kbd|ps2:uPS2|keyboard:u1|SHIFTIN[7]   ; keyboard_top:u_kbd|ps2:uPS2|keyboard:u1|keyboard_clk_filtered ; keyboard_top:u_kbd|ps2:uPS2|keyboard:u1|keyboard_clk_filtered ; 0.000        ; 0.430      ; 2.014      ;
; 1.413 ; keyboard_top:u_kbd|ps2:uPS2|keyboard:u1|INCNT[1]   ; keyboard_top:u_kbd|ps2:uPS2|keyboard:u1|SHIFTIN[8]   ; keyboard_top:u_kbd|ps2:uPS2|keyboard:u1|keyboard_clk_filtered ; keyboard_top:u_kbd|ps2:uPS2|keyboard:u1|keyboard_clk_filtered ; 0.000        ; 0.430      ; 2.014      ;
; 1.437 ; keyboard_top:u_kbd|ps2:uPS2|keyboard:u1|READ_CHAR  ; keyboard_top:u_kbd|ps2:uPS2|keyboard:u1|INCNT[1]     ; keyboard_top:u_kbd|ps2:uPS2|keyboard:u1|keyboard_clk_filtered ; keyboard_top:u_kbd|ps2:uPS2|keyboard:u1|keyboard_clk_filtered ; 0.000        ; 0.073      ; 1.681      ;
; 1.437 ; keyboard_top:u_kbd|ps2:uPS2|keyboard:u1|READ_CHAR  ; keyboard_top:u_kbd|ps2:uPS2|keyboard:u1|INCNT[0]     ; keyboard_top:u_kbd|ps2:uPS2|keyboard:u1|keyboard_clk_filtered ; keyboard_top:u_kbd|ps2:uPS2|keyboard:u1|keyboard_clk_filtered ; 0.000        ; 0.073      ; 1.681      ;
; 1.437 ; keyboard_top:u_kbd|ps2:uPS2|keyboard:u1|READ_CHAR  ; keyboard_top:u_kbd|ps2:uPS2|keyboard:u1|INCNT[3]     ; keyboard_top:u_kbd|ps2:uPS2|keyboard:u1|keyboard_clk_filtered ; keyboard_top:u_kbd|ps2:uPS2|keyboard:u1|keyboard_clk_filtered ; 0.000        ; 0.073      ; 1.681      ;
; 1.437 ; keyboard_top:u_kbd|ps2:uPS2|keyboard:u1|READ_CHAR  ; keyboard_top:u_kbd|ps2:uPS2|keyboard:u1|INCNT[2]     ; keyboard_top:u_kbd|ps2:uPS2|keyboard:u1|keyboard_clk_filtered ; keyboard_top:u_kbd|ps2:uPS2|keyboard:u1|keyboard_clk_filtered ; 0.000        ; 0.073      ; 1.681      ;
; 1.467 ; keyboard_top:u_kbd|ps2:uPS2|keyboard:u1|INCNT[1]   ; keyboard_top:u_kbd|ps2:uPS2|keyboard:u1|SHIFTIN[6]   ; keyboard_top:u_kbd|ps2:uPS2|keyboard:u1|keyboard_clk_filtered ; keyboard_top:u_kbd|ps2:uPS2|keyboard:u1|keyboard_clk_filtered ; 0.000        ; 0.449      ; 2.087      ;
; 1.467 ; keyboard_top:u_kbd|ps2:uPS2|keyboard:u1|INCNT[1]   ; keyboard_top:u_kbd|ps2:uPS2|keyboard:u1|SHIFTIN[3]   ; keyboard_top:u_kbd|ps2:uPS2|keyboard:u1|keyboard_clk_filtered ; keyboard_top:u_kbd|ps2:uPS2|keyboard:u1|keyboard_clk_filtered ; 0.000        ; 0.449      ; 2.087      ;
; 1.467 ; keyboard_top:u_kbd|ps2:uPS2|keyboard:u1|INCNT[1]   ; keyboard_top:u_kbd|ps2:uPS2|keyboard:u1|SHIFTIN[4]   ; keyboard_top:u_kbd|ps2:uPS2|keyboard:u1|keyboard_clk_filtered ; keyboard_top:u_kbd|ps2:uPS2|keyboard:u1|keyboard_clk_filtered ; 0.000        ; 0.449      ; 2.087      ;
; 1.467 ; keyboard_top:u_kbd|ps2:uPS2|keyboard:u1|INCNT[1]   ; keyboard_top:u_kbd|ps2:uPS2|keyboard:u1|SHIFTIN[5]   ; keyboard_top:u_kbd|ps2:uPS2|keyboard:u1|keyboard_clk_filtered ; keyboard_top:u_kbd|ps2:uPS2|keyboard:u1|keyboard_clk_filtered ; 0.000        ; 0.449      ; 2.087      ;
; 1.467 ; keyboard_top:u_kbd|ps2:uPS2|keyboard:u1|INCNT[1]   ; keyboard_top:u_kbd|ps2:uPS2|keyboard:u1|SHIFTIN[1]   ; keyboard_top:u_kbd|ps2:uPS2|keyboard:u1|keyboard_clk_filtered ; keyboard_top:u_kbd|ps2:uPS2|keyboard:u1|keyboard_clk_filtered ; 0.000        ; 0.449      ; 2.087      ;
; 1.467 ; keyboard_top:u_kbd|ps2:uPS2|keyboard:u1|INCNT[1]   ; keyboard_top:u_kbd|ps2:uPS2|keyboard:u1|SHIFTIN[2]   ; keyboard_top:u_kbd|ps2:uPS2|keyboard:u1|keyboard_clk_filtered ; keyboard_top:u_kbd|ps2:uPS2|keyboard:u1|keyboard_clk_filtered ; 0.000        ; 0.449      ; 2.087      ;
; 1.467 ; keyboard_top:u_kbd|ps2:uPS2|keyboard:u1|INCNT[1]   ; keyboard_top:u_kbd|ps2:uPS2|keyboard:u1|SHIFTIN[0]   ; keyboard_top:u_kbd|ps2:uPS2|keyboard:u1|keyboard_clk_filtered ; keyboard_top:u_kbd|ps2:uPS2|keyboard:u1|keyboard_clk_filtered ; 0.000        ; 0.449      ; 2.087      ;
; 1.501 ; keyboard_top:u_kbd|ps2:uPS2|keyboard:u1|ready_set  ; keyboard_top:u_kbd|ps2:uPS2|keyboard:u1|ready_set    ; keyboard_top:u_kbd|ps2:uPS2|keyboard:u1|ready_set             ; keyboard_top:u_kbd|ps2:uPS2|keyboard:u1|keyboard_clk_filtered ; -0.500       ; 2.727      ; 4.122      ;
; 1.524 ; keyboard_top:u_kbd|ps2:uPS2|keyboard:u1|INCNT[0]   ; keyboard_top:u_kbd|ps2:uPS2|keyboard:u1|SHIFTIN[7]   ; keyboard_top:u_kbd|ps2:uPS2|keyboard:u1|keyboard_clk_filtered ; keyboard_top:u_kbd|ps2:uPS2|keyboard:u1|keyboard_clk_filtered ; 0.000        ; 0.430      ; 2.125      ;
; 1.524 ; keyboard_top:u_kbd|ps2:uPS2|keyboard:u1|INCNT[0]   ; keyboard_top:u_kbd|ps2:uPS2|keyboard:u1|SHIFTIN[8]   ; keyboard_top:u_kbd|ps2:uPS2|keyboard:u1|keyboard_clk_filtered ; keyboard_top:u_kbd|ps2:uPS2|keyboard:u1|keyboard_clk_filtered ; 0.000        ; 0.430      ; 2.125      ;
; 1.550 ; keyboard_top:u_kbd|ps2:uPS2|keyboard:u1|INCNT[3]   ; keyboard_top:u_kbd|ps2:uPS2|keyboard:u1|INCNT[1]     ; keyboard_top:u_kbd|ps2:uPS2|keyboard:u1|keyboard_clk_filtered ; keyboard_top:u_kbd|ps2:uPS2|keyboard:u1|keyboard_clk_filtered ; 0.000        ; 0.073      ; 1.794      ;
; 1.551 ; keyboard_top:u_kbd|ps2:uPS2|keyboard:u1|INCNT[3]   ; keyboard_top:u_kbd|ps2:uPS2|keyboard:u1|INCNT[2]     ; keyboard_top:u_kbd|ps2:uPS2|keyboard:u1|keyboard_clk_filtered ; keyboard_top:u_kbd|ps2:uPS2|keyboard:u1|keyboard_clk_filtered ; 0.000        ; 0.073      ; 1.795      ;
; 1.578 ; keyboard_top:u_kbd|ps2:uPS2|keyboard:u1|INCNT[0]   ; keyboard_top:u_kbd|ps2:uPS2|keyboard:u1|SHIFTIN[6]   ; keyboard_top:u_kbd|ps2:uPS2|keyboard:u1|keyboard_clk_filtered ; keyboard_top:u_kbd|ps2:uPS2|keyboard:u1|keyboard_clk_filtered ; 0.000        ; 0.449      ; 2.198      ;
; 1.578 ; keyboard_top:u_kbd|ps2:uPS2|keyboard:u1|INCNT[0]   ; keyboard_top:u_kbd|ps2:uPS2|keyboard:u1|SHIFTIN[3]   ; keyboard_top:u_kbd|ps2:uPS2|keyboard:u1|keyboard_clk_filtered ; keyboard_top:u_kbd|ps2:uPS2|keyboard:u1|keyboard_clk_filtered ; 0.000        ; 0.449      ; 2.198      ;
; 1.578 ; keyboard_top:u_kbd|ps2:uPS2|keyboard:u1|INCNT[0]   ; keyboard_top:u_kbd|ps2:uPS2|keyboard:u1|SHIFTIN[4]   ; keyboard_top:u_kbd|ps2:uPS2|keyboard:u1|keyboard_clk_filtered ; keyboard_top:u_kbd|ps2:uPS2|keyboard:u1|keyboard_clk_filtered ; 0.000        ; 0.449      ; 2.198      ;
; 1.578 ; keyboard_top:u_kbd|ps2:uPS2|keyboard:u1|INCNT[0]   ; keyboard_top:u_kbd|ps2:uPS2|keyboard:u1|SHIFTIN[5]   ; keyboard_top:u_kbd|ps2:uPS2|keyboard:u1|keyboard_clk_filtered ; keyboard_top:u_kbd|ps2:uPS2|keyboard:u1|keyboard_clk_filtered ; 0.000        ; 0.449      ; 2.198      ;
; 1.578 ; keyboard_top:u_kbd|ps2:uPS2|keyboard:u1|INCNT[0]   ; keyboard_top:u_kbd|ps2:uPS2|keyboard:u1|SHIFTIN[1]   ; keyboard_top:u_kbd|ps2:uPS2|keyboard:u1|keyboard_clk_filtered ; keyboard_top:u_kbd|ps2:uPS2|keyboard:u1|keyboard_clk_filtered ; 0.000        ; 0.449      ; 2.198      ;
; 1.578 ; keyboard_top:u_kbd|ps2:uPS2|keyboard:u1|INCNT[0]   ; keyboard_top:u_kbd|ps2:uPS2|keyboard:u1|SHIFTIN[2]   ; keyboard_top:u_kbd|ps2:uPS2|keyboard:u1|keyboard_clk_filtered ; keyboard_top:u_kbd|ps2:uPS2|keyboard:u1|keyboard_clk_filtered ; 0.000        ; 0.449      ; 2.198      ;
; 1.578 ; keyboard_top:u_kbd|ps2:uPS2|keyboard:u1|INCNT[0]   ; keyboard_top:u_kbd|ps2:uPS2|keyboard:u1|SHIFTIN[0]   ; keyboard_top:u_kbd|ps2:uPS2|keyboard:u1|keyboard_clk_filtered ; keyboard_top:u_kbd|ps2:uPS2|keyboard:u1|keyboard_clk_filtered ; 0.000        ; 0.449      ; 2.198      ;
; 1.622 ; keyboard_top:u_kbd|ps2:uPS2|keyboard:u1|INCNT[2]   ; keyboard_top:u_kbd|ps2:uPS2|keyboard:u1|INCNT[1]     ; keyboard_top:u_kbd|ps2:uPS2|keyboard:u1|keyboard_clk_filtered ; keyboard_top:u_kbd|ps2:uPS2|keyboard:u1|keyboard_clk_filtered ; 0.000        ; 0.073      ; 1.866      ;
; 1.639 ; keyboard_top:u_kbd|ps2:uPS2|keyboard:u1|INCNT[3]   ; keyboard_top:u_kbd|ps2:uPS2|keyboard:u1|SHIFTIN[7]   ; keyboard_top:u_kbd|ps2:uPS2|keyboard:u1|keyboard_clk_filtered ; keyboard_top:u_kbd|ps2:uPS2|keyboard:u1|keyboard_clk_filtered ; 0.000        ; 0.430      ; 2.240      ;
; 1.639 ; keyboard_top:u_kbd|ps2:uPS2|keyboard:u1|INCNT[3]   ; keyboard_top:u_kbd|ps2:uPS2|keyboard:u1|SHIFTIN[8]   ; keyboard_top:u_kbd|ps2:uPS2|keyboard:u1|keyboard_clk_filtered ; keyboard_top:u_kbd|ps2:uPS2|keyboard:u1|keyboard_clk_filtered ; 0.000        ; 0.430      ; 2.240      ;
; 1.693 ; keyboard_top:u_kbd|ps2:uPS2|keyboard:u1|INCNT[3]   ; keyboard_top:u_kbd|ps2:uPS2|keyboard:u1|SHIFTIN[6]   ; keyboard_top:u_kbd|ps2:uPS2|keyboard:u1|keyboard_clk_filtered ; keyboard_top:u_kbd|ps2:uPS2|keyboard:u1|keyboard_clk_filtered ; 0.000        ; 0.449      ; 2.313      ;
; 1.693 ; keyboard_top:u_kbd|ps2:uPS2|keyboard:u1|INCNT[3]   ; keyboard_top:u_kbd|ps2:uPS2|keyboard:u1|SHIFTIN[3]   ; keyboard_top:u_kbd|ps2:uPS2|keyboard:u1|keyboard_clk_filtered ; keyboard_top:u_kbd|ps2:uPS2|keyboard:u1|keyboard_clk_filtered ; 0.000        ; 0.449      ; 2.313      ;
; 1.693 ; keyboard_top:u_kbd|ps2:uPS2|keyboard:u1|INCNT[3]   ; keyboard_top:u_kbd|ps2:uPS2|keyboard:u1|SHIFTIN[4]   ; keyboard_top:u_kbd|ps2:uPS2|keyboard:u1|keyboard_clk_filtered ; keyboard_top:u_kbd|ps2:uPS2|keyboard:u1|keyboard_clk_filtered ; 0.000        ; 0.449      ; 2.313      ;
; 1.693 ; keyboard_top:u_kbd|ps2:uPS2|keyboard:u1|INCNT[3]   ; keyboard_top:u_kbd|ps2:uPS2|keyboard:u1|SHIFTIN[5]   ; keyboard_top:u_kbd|ps2:uPS2|keyboard:u1|keyboard_clk_filtered ; keyboard_top:u_kbd|ps2:uPS2|keyboard:u1|keyboard_clk_filtered ; 0.000        ; 0.449      ; 2.313      ;
; 1.693 ; keyboard_top:u_kbd|ps2:uPS2|keyboard:u1|INCNT[3]   ; keyboard_top:u_kbd|ps2:uPS2|keyboard:u1|SHIFTIN[1]   ; keyboard_top:u_kbd|ps2:uPS2|keyboard:u1|keyboard_clk_filtered ; keyboard_top:u_kbd|ps2:uPS2|keyboard:u1|keyboard_clk_filtered ; 0.000        ; 0.449      ; 2.313      ;
; 1.693 ; keyboard_top:u_kbd|ps2:uPS2|keyboard:u1|INCNT[3]   ; keyboard_top:u_kbd|ps2:uPS2|keyboard:u1|SHIFTIN[2]   ; keyboard_top:u_kbd|ps2:uPS2|keyboard:u1|keyboard_clk_filtered ; keyboard_top:u_kbd|ps2:uPS2|keyboard:u1|keyboard_clk_filtered ; 0.000        ; 0.449      ; 2.313      ;
; 1.693 ; keyboard_top:u_kbd|ps2:uPS2|keyboard:u1|INCNT[3]   ; keyboard_top:u_kbd|ps2:uPS2|keyboard:u1|SHIFTIN[0]   ; keyboard_top:u_kbd|ps2:uPS2|keyboard:u1|keyboard_clk_filtered ; keyboard_top:u_kbd|ps2:uPS2|keyboard:u1|keyboard_clk_filtered ; 0.000        ; 0.449      ; 2.313      ;
; 1.711 ; keyboard_top:u_kbd|ps2:uPS2|keyboard:u1|INCNT[2]   ; keyboard_top:u_kbd|ps2:uPS2|keyboard:u1|SHIFTIN[7]   ; keyboard_top:u_kbd|ps2:uPS2|keyboard:u1|keyboard_clk_filtered ; keyboard_top:u_kbd|ps2:uPS2|keyboard:u1|keyboard_clk_filtered ; 0.000        ; 0.430      ; 2.312      ;
; 1.711 ; keyboard_top:u_kbd|ps2:uPS2|keyboard:u1|INCNT[2]   ; keyboard_top:u_kbd|ps2:uPS2|keyboard:u1|SHIFTIN[8]   ; keyboard_top:u_kbd|ps2:uPS2|keyboard:u1|keyboard_clk_filtered ; keyboard_top:u_kbd|ps2:uPS2|keyboard:u1|keyboard_clk_filtered ; 0.000        ; 0.430      ; 2.312      ;
; 1.765 ; keyboard_top:u_kbd|ps2:uPS2|keyboard:u1|INCNT[2]   ; keyboard_top:u_kbd|ps2:uPS2|keyboard:u1|SHIFTIN[6]   ; keyboard_top:u_kbd|ps2:uPS2|keyboard:u1|keyboard_clk_filtered ; keyboard_top:u_kbd|ps2:uPS2|keyboard:u1|keyboard_clk_filtered ; 0.000        ; 0.449      ; 2.385      ;
; 1.765 ; keyboard_top:u_kbd|ps2:uPS2|keyboard:u1|INCNT[2]   ; keyboard_top:u_kbd|ps2:uPS2|keyboard:u1|SHIFTIN[3]   ; keyboard_top:u_kbd|ps2:uPS2|keyboard:u1|keyboard_clk_filtered ; keyboard_top:u_kbd|ps2:uPS2|keyboard:u1|keyboard_clk_filtered ; 0.000        ; 0.449      ; 2.385      ;
; 1.765 ; keyboard_top:u_kbd|ps2:uPS2|keyboard:u1|INCNT[2]   ; keyboard_top:u_kbd|ps2:uPS2|keyboard:u1|SHIFTIN[4]   ; keyboard_top:u_kbd|ps2:uPS2|keyboard:u1|keyboard_clk_filtered ; keyboard_top:u_kbd|ps2:uPS2|keyboard:u1|keyboard_clk_filtered ; 0.000        ; 0.449      ; 2.385      ;
; 1.765 ; keyboard_top:u_kbd|ps2:uPS2|keyboard:u1|INCNT[2]   ; keyboard_top:u_kbd|ps2:uPS2|keyboard:u1|SHIFTIN[5]   ; keyboard_top:u_kbd|ps2:uPS2|keyboard:u1|keyboard_clk_filtered ; keyboard_top:u_kbd|ps2:uPS2|keyboard:u1|keyboard_clk_filtered ; 0.000        ; 0.449      ; 2.385      ;
; 1.765 ; keyboard_top:u_kbd|ps2:uPS2|keyboard:u1|INCNT[2]   ; keyboard_top:u_kbd|ps2:uPS2|keyboard:u1|SHIFTIN[1]   ; keyboard_top:u_kbd|ps2:uPS2|keyboard:u1|keyboard_clk_filtered ; keyboard_top:u_kbd|ps2:uPS2|keyboard:u1|keyboard_clk_filtered ; 0.000        ; 0.449      ; 2.385      ;
; 1.765 ; keyboard_top:u_kbd|ps2:uPS2|keyboard:u1|INCNT[2]   ; keyboard_top:u_kbd|ps2:uPS2|keyboard:u1|SHIFTIN[2]   ; keyboard_top:u_kbd|ps2:uPS2|keyboard:u1|keyboard_clk_filtered ; keyboard_top:u_kbd|ps2:uPS2|keyboard:u1|keyboard_clk_filtered ; 0.000        ; 0.449      ; 2.385      ;
; 1.765 ; keyboard_top:u_kbd|ps2:uPS2|keyboard:u1|INCNT[2]   ; keyboard_top:u_kbd|ps2:uPS2|keyboard:u1|SHIFTIN[0]   ; keyboard_top:u_kbd|ps2:uPS2|keyboard:u1|keyboard_clk_filtered ; keyboard_top:u_kbd|ps2:uPS2|keyboard:u1|keyboard_clk_filtered ; 0.000        ; 0.449      ; 2.385      ;
; 1.789 ; keyboard_top:u_kbd|ps2:uPS2|keyboard:u1|READ_CHAR  ; keyboard_top:u_kbd|ps2:uPS2|keyboard:u1|scan_code[7] ; keyboard_top:u_kbd|ps2:uPS2|keyboard:u1|keyboard_clk_filtered ; keyboard_top:u_kbd|ps2:uPS2|keyboard:u1|keyboard_clk_filtered ; 0.000        ; 0.084      ; 2.044      ;
; 1.789 ; keyboard_top:u_kbd|ps2:uPS2|keyboard:u1|READ_CHAR  ; keyboard_top:u_kbd|ps2:uPS2|keyboard:u1|scan_code[3] ; keyboard_top:u_kbd|ps2:uPS2|keyboard:u1|keyboard_clk_filtered ; keyboard_top:u_kbd|ps2:uPS2|keyboard:u1|keyboard_clk_filtered ; 0.000        ; 0.084      ; 2.044      ;
; 1.789 ; keyboard_top:u_kbd|ps2:uPS2|keyboard:u1|READ_CHAR  ; keyboard_top:u_kbd|ps2:uPS2|keyboard:u1|scan_code[4] ; keyboard_top:u_kbd|ps2:uPS2|keyboard:u1|keyboard_clk_filtered ; keyboard_top:u_kbd|ps2:uPS2|keyboard:u1|keyboard_clk_filtered ; 0.000        ; 0.084      ; 2.044      ;
; 1.789 ; keyboard_top:u_kbd|ps2:uPS2|keyboard:u1|READ_CHAR  ; keyboard_top:u_kbd|ps2:uPS2|keyboard:u1|scan_code[1] ; keyboard_top:u_kbd|ps2:uPS2|keyboard:u1|keyboard_clk_filtered ; keyboard_top:u_kbd|ps2:uPS2|keyboard:u1|keyboard_clk_filtered ; 0.000        ; 0.084      ; 2.044      ;
; 1.789 ; keyboard_top:u_kbd|ps2:uPS2|keyboard:u1|READ_CHAR  ; keyboard_top:u_kbd|ps2:uPS2|keyboard:u1|scan_code[6] ; keyboard_top:u_kbd|ps2:uPS2|keyboard:u1|keyboard_clk_filtered ; keyboard_top:u_kbd|ps2:uPS2|keyboard:u1|keyboard_clk_filtered ; 0.000        ; 0.084      ; 2.044      ;
; 1.789 ; keyboard_top:u_kbd|ps2:uPS2|keyboard:u1|READ_CHAR  ; keyboard_top:u_kbd|ps2:uPS2|keyboard:u1|scan_code[5] ; keyboard_top:u_kbd|ps2:uPS2|keyboard:u1|keyboard_clk_filtered ; keyboard_top:u_kbd|ps2:uPS2|keyboard:u1|keyboard_clk_filtered ; 0.000        ; 0.084      ; 2.044      ;
; 1.789 ; keyboard_top:u_kbd|ps2:uPS2|keyboard:u1|READ_CHAR  ; keyboard_top:u_kbd|ps2:uPS2|keyboard:u1|scan_code[0] ; keyboard_top:u_kbd|ps2:uPS2|keyboard:u1|keyboard_clk_filtered ; keyboard_top:u_kbd|ps2:uPS2|keyboard:u1|keyboard_clk_filtered ; 0.000        ; 0.084      ; 2.044      ;
; 1.789 ; keyboard_top:u_kbd|ps2:uPS2|keyboard:u1|READ_CHAR  ; keyboard_top:u_kbd|ps2:uPS2|keyboard:u1|scan_code[2] ; keyboard_top:u_kbd|ps2:uPS2|keyboard:u1|keyboard_clk_filtered ; keyboard_top:u_kbd|ps2:uPS2|keyboard:u1|keyboard_clk_filtered ; 0.000        ; 0.084      ; 2.044      ;
; 1.981 ; keyboard_top:u_kbd|ps2:uPS2|keyboard:u1|INCNT[1]   ; keyboard_top:u_kbd|ps2:uPS2|keyboard:u1|scan_code[7] ; keyboard_top:u_kbd|ps2:uPS2|keyboard:u1|keyboard_clk_filtered ; keyboard_top:u_kbd|ps2:uPS2|keyboard:u1|keyboard_clk_filtered ; 0.000        ; 0.084      ; 2.236      ;
; 1.981 ; keyboard_top:u_kbd|ps2:uPS2|keyboard:u1|INCNT[1]   ; keyboard_top:u_kbd|ps2:uPS2|keyboard:u1|scan_code[3] ; keyboard_top:u_kbd|ps2:uPS2|keyboard:u1|keyboard_clk_filtered ; keyboard_top:u_kbd|ps2:uPS2|keyboard:u1|keyboard_clk_filtered ; 0.000        ; 0.084      ; 2.236      ;
; 1.981 ; keyboard_top:u_kbd|ps2:uPS2|keyboard:u1|INCNT[1]   ; keyboard_top:u_kbd|ps2:uPS2|keyboard:u1|scan_code[4] ; keyboard_top:u_kbd|ps2:uPS2|keyboard:u1|keyboard_clk_filtered ; keyboard_top:u_kbd|ps2:uPS2|keyboard:u1|keyboard_clk_filtered ; 0.000        ; 0.084      ; 2.236      ;
; 1.981 ; keyboard_top:u_kbd|ps2:uPS2|keyboard:u1|INCNT[1]   ; keyboard_top:u_kbd|ps2:uPS2|keyboard:u1|scan_code[1] ; keyboard_top:u_kbd|ps2:uPS2|keyboard:u1|keyboard_clk_filtered ; keyboard_top:u_kbd|ps2:uPS2|keyboard:u1|keyboard_clk_filtered ; 0.000        ; 0.084      ; 2.236      ;
+-------+----------------------------------------------------+------------------------------------------------------+---------------------------------------------------------------+---------------------------------------------------------------+--------------+------------+------------+


+-----------------------------------------------------------------------------------------------------------------------------------------------------------------------------------+
; Slow 1200mV 0C Model Hold: 'CLOCK_50'                                                                                                                                             ;
+-------+--------------------------------------+--------------------------------------+--------------------------------------+-------------+--------------+------------+------------+
; Slack ; From Node                            ; To Node                              ; Launch Clock                         ; Latch Clock ; Relationship ; Clock Skew ; Data Delay ;
+-------+--------------------------------------+--------------------------------------+--------------------------------------+-------------+--------------+------------+------------+
; 0.498 ; vga_sync_pipe:u_sync|pixel_clock_int ; vga_sync_pipe:u_sync|pixel_clock_int ; vga_sync_pipe:u_sync|pixel_clock_int ; CLOCK_50    ; 0.000        ; 1.619      ; 2.531      ;
; 1.055 ; vga_sync_pipe:u_sync|pixel_clock_int ; vga_sync_pipe:u_sync|pixel_clock_int ; vga_sync_pipe:u_sync|pixel_clock_int ; CLOCK_50    ; -0.500       ; 1.619      ; 2.588      ;
+-------+--------------------------------------+--------------------------------------+--------------------------------------+-------------+--------------+------------+------------+


+-----------------------------------------------------------------------------------------------------------------------------------------------------------------------------------------------------------------------------------------------------------------------------------------------------------+
; Slow 1200mV 0C Model Hold: 'vga_sync_pipe:u_sync|pixel_clock_int'                                                                                                                                                                                                                                         ;
+-------+-----------------------------------------------------------------------------------------------+----------------------------------------------------------+--------------------------------------------------------+--------------------------------------+--------------+------------+------------+
; Slack ; From Node                                                                                     ; To Node                                                  ; Launch Clock                                           ; Latch Clock                          ; Relationship ; Clock Skew ; Data Delay ;
+-------+-----------------------------------------------------------------------------------------------+----------------------------------------------------------+--------------------------------------------------------+--------------------------------------+--------------+------------+------------+
; 0.585 ; vga_sync_pipe:u_sync|h_count[7]                                                               ; vga_sync_pipe:u_sync|h_count[7]                          ; vga_sync_pipe:u_sync|pixel_clock_int                   ; vga_sync_pipe:u_sync|pixel_clock_int ; 0.000        ; 0.072      ; 0.828      ;
; 0.589 ; vga_sync_pipe:u_sync|h_count[6]                                                               ; vga_sync_pipe:u_sync|h_count[6]                          ; vga_sync_pipe:u_sync|pixel_clock_int                   ; vga_sync_pipe:u_sync|pixel_clock_int ; 0.000        ; 0.072      ; 0.832      ;
; 0.597 ; vga_sync_pipe:u_sync|h_count[1]                                                               ; vga_sync_pipe:u_sync|h_count[1]                          ; vga_sync_pipe:u_sync|pixel_clock_int                   ; vga_sync_pipe:u_sync|pixel_clock_int ; 0.000        ; 0.072      ; 0.840      ;
; 0.873 ; vga_sync_pipe:u_sync|horiz_sync                                                               ; vga_sync_pipe:u_sync|horiz_sync_out                      ; vga_sync_pipe:u_sync|pixel_clock_int                   ; vga_sync_pipe:u_sync|pixel_clock_int ; 0.000        ; -0.307     ; 0.737      ;
; 0.875 ; vga_sync_pipe:u_sync|h_count[5]                                                               ; vga_sync_pipe:u_sync|h_count[6]                          ; vga_sync_pipe:u_sync|pixel_clock_int                   ; vga_sync_pipe:u_sync|pixel_clock_int ; 0.000        ; 0.072      ; 1.118      ;
; 0.877 ; vga_sync_pipe:u_sync|h_count[0]                                                               ; vga_sync_pipe:u_sync|horiz_sync                          ; vga_sync_pipe:u_sync|pixel_clock_int                   ; vga_sync_pipe:u_sync|pixel_clock_int ; 0.000        ; 0.466      ; 1.514      ;
; 0.877 ; vga_sync_pipe:u_sync|h_count[6]                                                               ; vga_sync_pipe:u_sync|h_count[7]                          ; vga_sync_pipe:u_sync|pixel_clock_int                   ; vga_sync_pipe:u_sync|pixel_clock_int ; 0.000        ; 0.072      ; 1.120      ;
; 0.883 ; vga_sync_pipe:u_sync|h_count[4]                                                               ; vga_sync_pipe:u_sync|h_count[6]                          ; vga_sync_pipe:u_sync|pixel_clock_int                   ; vga_sync_pipe:u_sync|pixel_clock_int ; 0.000        ; 0.072      ; 1.126      ;
; 0.890 ; vga_sync_pipe:u_sync|h_count[0]                                                               ; vga_sync_pipe:u_sync|h_count[1]                          ; vga_sync_pipe:u_sync|pixel_clock_int                   ; vga_sync_pipe:u_sync|pixel_clock_int ; 0.000        ; 0.072      ; 1.133      ;
; 0.947 ; vga_sync_pipe:u_sync|h_count[4]                                                               ; vga_sync_pipe:u_sync|horiz_sync                          ; vga_sync_pipe:u_sync|pixel_clock_int                   ; vga_sync_pipe:u_sync|pixel_clock_int ; 0.000        ; 0.466      ; 1.584      ;
; 0.974 ; vga_sync_pipe:u_sync|h_count[5]                                                               ; vga_sync_pipe:u_sync|h_count[7]                          ; vga_sync_pipe:u_sync|pixel_clock_int                   ; vga_sync_pipe:u_sync|pixel_clock_int ; 0.000        ; 0.072      ; 1.217      ;
; 0.982 ; vga_sync_pipe:u_sync|h_count[4]                                                               ; vga_sync_pipe:u_sync|h_count[7]                          ; vga_sync_pipe:u_sync|pixel_clock_int                   ; vga_sync_pipe:u_sync|pixel_clock_int ; 0.000        ; 0.072      ; 1.225      ;
; 0.984 ; vga_sync_pipe:u_sync|h_count[2]                                                               ; vga_sync_pipe:u_sync|horiz_sync                          ; vga_sync_pipe:u_sync|pixel_clock_int                   ; vga_sync_pipe:u_sync|pixel_clock_int ; 0.000        ; 0.466      ; 1.621      ;
; 0.984 ; vga_sync_pipe:u_sync|h_count[5]                                                               ; vga_sync_pipe:u_sync|horiz_sync                          ; vga_sync_pipe:u_sync|pixel_clock_int                   ; vga_sync_pipe:u_sync|pixel_clock_int ; 0.000        ; 0.466      ; 1.621      ;
; 1.011 ; vga_sync_pipe:u_sync|h_count[2]                                                               ; vga_sync_pipe:u_sync|h_count[6]                          ; vga_sync_pipe:u_sync|pixel_clock_int                   ; vga_sync_pipe:u_sync|pixel_clock_int ; 0.000        ; 0.072      ; 1.254      ;
; 1.103 ; vga_sync_pipe:u_sync|h_count[1]                                                               ; vga_sync_pipe:u_sync|h_count[6]                          ; vga_sync_pipe:u_sync|pixel_clock_int                   ; vga_sync_pipe:u_sync|pixel_clock_int ; 0.000        ; 0.072      ; 1.346      ;
; 1.110 ; vga_sync_pipe:u_sync|h_count[2]                                                               ; vga_sync_pipe:u_sync|h_count[7]                          ; vga_sync_pipe:u_sync|pixel_clock_int                   ; vga_sync_pipe:u_sync|pixel_clock_int ; 0.000        ; 0.072      ; 1.353      ;
; 1.121 ; vga_sync_pipe:u_sync|h_count[0]                                                               ; vga_sync_pipe:u_sync|h_count[6]                          ; vga_sync_pipe:u_sync|pixel_clock_int                   ; vga_sync_pipe:u_sync|pixel_clock_int ; 0.000        ; 0.072      ; 1.364      ;
; 1.130 ; vga_sync_pipe:u_sync|h_count[8]                                                               ; vga_sync_pipe:u_sync|horiz_sync                          ; vga_sync_pipe:u_sync|pixel_clock_int                   ; vga_sync_pipe:u_sync|pixel_clock_int ; 0.000        ; 0.466      ; 1.767      ;
; 1.130 ; vga_sync_pipe:u_sync|h_count[3]                                                               ; vga_sync_pipe:u_sync|horiz_sync                          ; vga_sync_pipe:u_sync|pixel_clock_int                   ; vga_sync_pipe:u_sync|pixel_clock_int ; 0.000        ; 0.466      ; 1.767      ;
; 1.148 ; vga_sync_pipe:u_sync|h_count[9]                                                               ; vga_sync_pipe:u_sync|horiz_sync                          ; vga_sync_pipe:u_sync|pixel_clock_int                   ; vga_sync_pipe:u_sync|pixel_clock_int ; 0.000        ; 0.467      ; 1.786      ;
; 1.161 ; vga_sync_pipe:u_sync|h_count[1]                                                               ; vga_sync_pipe:u_sync|horiz_sync                          ; vga_sync_pipe:u_sync|pixel_clock_int                   ; vga_sync_pipe:u_sync|pixel_clock_int ; 0.000        ; 0.466      ; 1.798      ;
; 1.188 ; vga_sync_pipe:u_sync|h_count[3]                                                               ; vga_sync_pipe:u_sync|h_count[6]                          ; vga_sync_pipe:u_sync|pixel_clock_int                   ; vga_sync_pipe:u_sync|pixel_clock_int ; 0.000        ; 0.072      ; 1.431      ;
; 1.189 ; vga_sync_pipe:u_sync|h_count[6]                                                               ; vga_sync_pipe:u_sync|horiz_sync                          ; vga_sync_pipe:u_sync|pixel_clock_int                   ; vga_sync_pipe:u_sync|pixel_clock_int ; 0.000        ; 0.466      ; 1.826      ;
; 1.190 ; vga_sync_pipe:u_sync|h_count[7]                                                               ; vga_sync_pipe:u_sync|horiz_sync                          ; vga_sync_pipe:u_sync|pixel_clock_int                   ; vga_sync_pipe:u_sync|pixel_clock_int ; 0.000        ; 0.466      ; 1.827      ;
; 1.202 ; vga_sync_pipe:u_sync|h_count[1]                                                               ; vga_sync_pipe:u_sync|h_count[7]                          ; vga_sync_pipe:u_sync|pixel_clock_int                   ; vga_sync_pipe:u_sync|pixel_clock_int ; 0.000        ; 0.072      ; 1.445      ;
; 1.220 ; vga_sync_pipe:u_sync|h_count[0]                                                               ; vga_sync_pipe:u_sync|h_count[7]                          ; vga_sync_pipe:u_sync|pixel_clock_int                   ; vga_sync_pipe:u_sync|pixel_clock_int ; 0.000        ; 0.072      ; 1.463      ;
; 1.238 ; vga_sync_pipe:u_sync|h_count[2]                                                               ; vga_sync_pipe:u_sync|h_count[2]                          ; vga_sync_pipe:u_sync|pixel_clock_int                   ; vga_sync_pipe:u_sync|pixel_clock_int ; 0.000        ; 0.072      ; 1.481      ;
; 1.263 ; vga_sync_pipe:u_sync|v_count[9]                                                               ; vga_sync_pipe:u_sync|video_on_v                          ; vga_sync_pipe:u_sync|pixel_clock_int                   ; vga_sync_pipe:u_sync|pixel_clock_int ; 0.000        ; 0.096      ; 1.530      ;
; 1.272 ; vga_sync_pipe:u_sync|h_count[0]                                                               ; vga_sync_pipe:u_sync|h_count[9]                          ; vga_sync_pipe:u_sync|pixel_clock_int                   ; vga_sync_pipe:u_sync|pixel_clock_int ; 0.000        ; 0.071      ; 1.514      ;
; 1.276 ; vga_sync_pipe:u_sync|h_count[3]                                                               ; vga_sync_pipe:u_sync|h_count[7]                          ; vga_sync_pipe:u_sync|pixel_clock_int                   ; vga_sync_pipe:u_sync|pixel_clock_int ; 0.000        ; 0.072      ; 1.519      ;
; 1.280 ; vga_sync_pipe:u_sync|h_count[4]                                                               ; vga_sync_pipe:u_sync|h_count[4]                          ; vga_sync_pipe:u_sync|pixel_clock_int                   ; vga_sync_pipe:u_sync|pixel_clock_int ; 0.000        ; 0.072      ; 1.523      ;
; 1.338 ; vga_sync_pipe:u_sync|v_count[8]                                                               ; vga_sync_pipe:u_sync|video_on_v                          ; vga_sync_pipe:u_sync|pixel_clock_int                   ; vga_sync_pipe:u_sync|pixel_clock_int ; 0.000        ; 0.089      ; 1.598      ;
; 1.340 ; vga_sync_pipe:u_sync|v_count[9]                                                               ; vga_sync_pipe:u_sync|pixel_row[9]                        ; vga_sync_pipe:u_sync|pixel_clock_int                   ; vga_sync_pipe:u_sync|pixel_clock_int ; 0.000        ; 0.052      ; 1.563      ;
; 1.342 ; vga_sync_pipe:u_sync|h_count[4]                                                               ; vga_sync_pipe:u_sync|h_count[9]                          ; vga_sync_pipe:u_sync|pixel_clock_int                   ; vga_sync_pipe:u_sync|pixel_clock_int ; 0.000        ; 0.071      ; 1.584      ;
; 1.358 ; vga_sync_pipe:u_sync|v_count[4]                                                               ; vga_sync_pipe:u_sync|pixel_row[4]                        ; vga_sync_pipe:u_sync|pixel_clock_int                   ; vga_sync_pipe:u_sync|pixel_clock_int ; 0.000        ; 0.052      ; 1.581      ;
; 1.379 ; vga_sync_pipe:u_sync|h_count[2]                                                               ; vga_sync_pipe:u_sync|h_count[9]                          ; vga_sync_pipe:u_sync|pixel_clock_int                   ; vga_sync_pipe:u_sync|pixel_clock_int ; 0.000        ; 0.071      ; 1.621      ;
; 1.379 ; vga_sync_pipe:u_sync|h_count[5]                                                               ; vga_sync_pipe:u_sync|h_count[9]                          ; vga_sync_pipe:u_sync|pixel_clock_int                   ; vga_sync_pipe:u_sync|pixel_clock_int ; 0.000        ; 0.071      ; 1.621      ;
; 1.459 ; vga_sync_pipe:u_sync|v_count[8]                                                               ; vga_sync_pipe:u_sync|pixel_row[8]                        ; vga_sync_pipe:u_sync|pixel_clock_int                   ; vga_sync_pipe:u_sync|pixel_clock_int ; 0.000        ; -0.309     ; 1.321      ;
; 1.470 ; vga_sync_pipe:u_sync|v_count[3]                                                               ; vga_sync_pipe:u_sync|pixel_row[3]                        ; vga_sync_pipe:u_sync|pixel_clock_int                   ; vga_sync_pipe:u_sync|pixel_clock_int ; 0.000        ; -0.309     ; 1.332      ;
; 1.473 ; vga_sync_pipe:u_sync|v_count[7]                                                               ; vga_sync_pipe:u_sync|pixel_row[7]                        ; vga_sync_pipe:u_sync|pixel_clock_int                   ; vga_sync_pipe:u_sync|pixel_clock_int ; 0.000        ; 0.052      ; 1.696      ;
; 1.509 ; vga_sync_pipe:u_sync|v_count[8]                                                               ; vga_sync_pipe:u_sync|pixel_row[9]                        ; vga_sync_pipe:u_sync|pixel_clock_int                   ; vga_sync_pipe:u_sync|pixel_clock_int ; 0.000        ; 0.087      ; 1.767      ;
; 1.516 ; vga_sync_pipe:u_sync|verti_sync                                                               ; vga_sync_pipe:u_sync|verti_syn_out                       ; vga_sync_pipe:u_sync|pixel_clock_int                   ; vga_sync_pipe:u_sync|pixel_clock_int ; 0.000        ; 0.104      ; 1.791      ;
; 1.519 ; vga_sync_pipe:u_sync|h_count[1]                                                               ; vga_sync_pipe:u_sync|h_count[2]                          ; vga_sync_pipe:u_sync|pixel_clock_int                   ; vga_sync_pipe:u_sync|pixel_clock_int ; 0.000        ; 0.072      ; 1.762      ;
; 1.525 ; vga_sync_pipe:u_sync|h_count[8]                                                               ; vga_sync_pipe:u_sync|h_count[9]                          ; vga_sync_pipe:u_sync|pixel_clock_int                   ; vga_sync_pipe:u_sync|pixel_clock_int ; 0.000        ; 0.071      ; 1.767      ;
; 1.525 ; vga_sync_pipe:u_sync|h_count[3]                                                               ; vga_sync_pipe:u_sync|h_count[9]                          ; vga_sync_pipe:u_sync|pixel_clock_int                   ; vga_sync_pipe:u_sync|pixel_clock_int ; 0.000        ; 0.071      ; 1.767      ;
; 1.535 ; vga_sync_pipe:u_sync|v_count[3]                                                               ; vga_sync_pipe:u_sync|pixel_row[4]                        ; vga_sync_pipe:u_sync|pixel_clock_int                   ; vga_sync_pipe:u_sync|pixel_clock_int ; 0.000        ; 0.087      ; 1.793      ;
; 1.537 ; vga_sync_pipe:u_sync|h_count[0]                                                               ; vga_sync_pipe:u_sync|h_count[2]                          ; vga_sync_pipe:u_sync|pixel_clock_int                   ; vga_sync_pipe:u_sync|pixel_clock_int ; 0.000        ; 0.072      ; 1.780      ;
; 1.543 ; vga_sync_pipe:u_sync|h_count[9]                                                               ; vga_sync_pipe:u_sync|h_count[9]                          ; vga_sync_pipe:u_sync|pixel_clock_int                   ; vga_sync_pipe:u_sync|pixel_clock_int ; 0.000        ; 0.072      ; 1.786      ;
; 1.556 ; vga_sync_pipe:u_sync|v_count[8]                                                               ; vga_sync_pipe:u_sync|v_count[8]                          ; vga_sync_pipe:u_sync|pixel_clock_int                   ; vga_sync_pipe:u_sync|pixel_clock_int ; 0.000        ; 0.089      ; 1.816      ;
; 1.556 ; vga_sync_pipe:u_sync|h_count[1]                                                               ; vga_sync_pipe:u_sync|h_count[9]                          ; vga_sync_pipe:u_sync|pixel_clock_int                   ; vga_sync_pipe:u_sync|pixel_clock_int ; 0.000        ; 0.071      ; 1.798      ;
; 1.577 ; vga_sync_pipe:u_sync|v_count[7]                                                               ; vga_sync_pipe:u_sync|video_on_v                          ; vga_sync_pipe:u_sync|pixel_clock_int                   ; vga_sync_pipe:u_sync|pixel_clock_int ; 0.000        ; 0.096      ; 1.844      ;
; 1.580 ; vga_sync_pipe:u_sync|v_count[1]                                                               ; vga_sync_pipe:u_sync|pixel_row[1]                        ; vga_sync_pipe:u_sync|pixel_clock_int                   ; vga_sync_pipe:u_sync|pixel_clock_int ; 0.000        ; -0.309     ; 1.442      ;
; 1.581 ; vga_sync_pipe:u_sync|v_count[2]                                                               ; vga_sync_pipe:u_sync|pixel_row[4]                        ; vga_sync_pipe:u_sync|pixel_clock_int                   ; vga_sync_pipe:u_sync|pixel_clock_int ; 0.000        ; 0.079      ; 1.831      ;
; 1.584 ; vga_sync_pipe:u_sync|h_count[6]                                                               ; vga_sync_pipe:u_sync|h_count[9]                          ; vga_sync_pipe:u_sync|pixel_clock_int                   ; vga_sync_pipe:u_sync|pixel_clock_int ; 0.000        ; 0.071      ; 1.826      ;
; 1.585 ; vga_sync_pipe:u_sync|h_count[7]                                                               ; vga_sync_pipe:u_sync|h_count[9]                          ; vga_sync_pipe:u_sync|pixel_clock_int                   ; vga_sync_pipe:u_sync|pixel_clock_int ; 0.000        ; 0.071      ; 1.827      ;
; 1.597 ; vga_sync_pipe:u_sync|h_count[2]                                                               ; vga_sync_pipe:u_sync|h_count[4]                          ; vga_sync_pipe:u_sync|pixel_clock_int                   ; vga_sync_pipe:u_sync|pixel_clock_int ; 0.000        ; 0.072      ; 1.840      ;
; 1.615 ; vga_sync_pipe:u_sync|h_count[0]                                                               ; vga_sync_pipe:u_sync|h_count[5]                          ; vga_sync_pipe:u_sync|pixel_clock_int                   ; vga_sync_pipe:u_sync|pixel_clock_int ; 0.000        ; 0.072      ; 1.858      ;
; 1.635 ; vga_sync_pipe:u_sync|v_count[3]                                                               ; vga_sync_pipe:u_sync|verti_sync                          ; vga_sync_pipe:u_sync|pixel_clock_int                   ; vga_sync_pipe:u_sync|pixel_clock_int ; 0.000        ; 0.124      ; 1.930      ;
; 1.638 ; vga_sync_pipe:u_sync|v_count[1]                                                               ; vga_sync_pipe:u_sync|pixel_row[4]                        ; vga_sync_pipe:u_sync|pixel_clock_int                   ; vga_sync_pipe:u_sync|pixel_clock_int ; 0.000        ; 0.087      ; 1.896      ;
; 1.682 ; vga_sync_pipe:u_sync|h_count[7]                                                               ; vga_sync_pipe:u_sync|pixel_column[7]                     ; vga_sync_pipe:u_sync|pixel_clock_int                   ; vga_sync_pipe:u_sync|pixel_clock_int ; 0.000        ; 0.082      ; 1.935      ;
; 1.687 ; vga_sync_pipe:u_sync|v_count[7]                                                               ; vga_sync_pipe:u_sync|pixel_row[9]                        ; vga_sync_pipe:u_sync|pixel_clock_int                   ; vga_sync_pipe:u_sync|pixel_clock_int ; 0.000        ; 0.052      ; 1.910      ;
; 1.689 ; vga_sync_pipe:u_sync|h_count[1]                                                               ; vga_sync_pipe:u_sync|h_count[4]                          ; vga_sync_pipe:u_sync|pixel_clock_int                   ; vga_sync_pipe:u_sync|pixel_clock_int ; 0.000        ; 0.072      ; 1.932      ;
; 1.690 ; vga_sync_pipe:u_sync|h_count[2]                                                               ; vga_sync_pipe:u_sync|pixel_column[2]                     ; vga_sync_pipe:u_sync|pixel_clock_int                   ; vga_sync_pipe:u_sync|pixel_clock_int ; 0.000        ; 0.082      ; 1.943      ;
; 1.707 ; vga_sync_pipe:u_sync|h_count[0]                                                               ; vga_sync_pipe:u_sync|h_count[4]                          ; vga_sync_pipe:u_sync|pixel_clock_int                   ; vga_sync_pipe:u_sync|pixel_clock_int ; 0.000        ; 0.072      ; 1.950      ;
; 1.710 ; vga_sync_pipe:u_sync|v_count[3]                                                               ; vga_sync_pipe:u_sync|v_count[3]                          ; vga_sync_pipe:u_sync|pixel_clock_int                   ; vga_sync_pipe:u_sync|pixel_clock_int ; 0.000        ; 0.089      ; 1.970      ;
; 1.722 ; vga_sync_pipe:u_sync|h_count[2]                                                               ; vga_sync_pipe:u_sync|h_count[5]                          ; vga_sync_pipe:u_sync|pixel_clock_int                   ; vga_sync_pipe:u_sync|pixel_clock_int ; 0.000        ; 0.072      ; 1.965      ;
; 1.734 ; vga_sync_pipe:u_sync|h_count[8]                                                               ; vga_sync_pipe:u_sync|h_count[5]                          ; vga_sync_pipe:u_sync|pixel_clock_int                   ; vga_sync_pipe:u_sync|pixel_clock_int ; 0.000        ; 0.072      ; 1.977      ;
; 1.744 ; vga_sync_pipe:u_sync|v_count[4]                                                               ; vga_sync_pipe:u_sync|video_on_v                          ; vga_sync_pipe:u_sync|pixel_clock_int                   ; vga_sync_pipe:u_sync|pixel_clock_int ; 0.000        ; 0.096      ; 2.011      ;
; 1.749 ; vga_sync_pipe:u_sync|v_count[3]                                                               ; vga_sync_pipe:u_sync|video_on_v                          ; vga_sync_pipe:u_sync|pixel_clock_int                   ; vga_sync_pipe:u_sync|pixel_clock_int ; 0.000        ; 0.089      ; 2.009      ;
; 1.751 ; vga_sync_pipe:u_sync|h_count[0]                                                               ; vga_sync_pipe:u_sync|pixel_column[0]                     ; vga_sync_pipe:u_sync|pixel_clock_int                   ; vga_sync_pipe:u_sync|pixel_clock_int ; 0.000        ; 0.072      ; 1.994      ;
; 1.752 ; vga_sync_pipe:u_sync|h_count[9]                                                               ; vga_sync_pipe:u_sync|h_count[5]                          ; vga_sync_pipe:u_sync|pixel_clock_int                   ; vga_sync_pipe:u_sync|pixel_clock_int ; 0.000        ; 0.073      ; 1.996      ;
; 1.754 ; vga_sync_pipe:u_sync|h_count[0]                                                               ; vga_sync_pipe:u_sync|h_count[0]                          ; vga_sync_pipe:u_sync|pixel_clock_int                   ; vga_sync_pipe:u_sync|pixel_clock_int ; 0.000        ; 0.072      ; 1.997      ;
; 1.755 ; bullet_bottom_top:u_bullets_bottom|tank_bullet_bottom_refine:\gen_bullets:0:u_bullet|y_reg[3] ; pixelGenerator_dynamicbulletmodule:u_pix|colorAddress[1] ; u_pll|uPLL|altpll_component|auto_generated|pll1|clk[0] ; vga_sync_pipe:u_sync|pixel_clock_int ; 0.000        ; 2.606      ; 4.602      ;
; 1.759 ; vga_sync_pipe:u_sync|v_count[6]                                                               ; vga_sync_pipe:u_sync|video_on_v                          ; vga_sync_pipe:u_sync|pixel_clock_int                   ; vga_sync_pipe:u_sync|pixel_clock_int ; 0.000        ; 0.081      ; 2.011      ;
; 1.768 ; tank_bottom:u_tank_bottom|x_reg[8]                                                            ; pixelGenerator_dynamicbulletmodule:u_pix|colorAddress[2] ; u_pll|uPLL|altpll_component|auto_generated|pll1|clk[0] ; vga_sync_pipe:u_sync|pixel_clock_int ; 0.000        ; 2.591      ; 4.600      ;
; 1.774 ; vga_sync_pipe:u_sync|h_count[3]                                                               ; vga_sync_pipe:u_sync|h_count[4]                          ; vga_sync_pipe:u_sync|pixel_clock_int                   ; vga_sync_pipe:u_sync|pixel_clock_int ; 0.000        ; 0.072      ; 2.017      ;
; 1.775 ; bullet_bottom_top:u_bullets_bottom|tank_bullet_bottom_refine:\gen_bullets:0:u_bullet|y_reg[3] ; pixelGenerator_dynamicbulletmodule:u_pix|colorAddress[2] ; u_pll|uPLL|altpll_component|auto_generated|pll1|clk[0] ; vga_sync_pipe:u_sync|pixel_clock_int ; 0.000        ; 2.606      ; 4.622      ;
; 1.779 ; vga_sync_pipe:u_sync|v_count[2]                                                               ; vga_sync_pipe:u_sync|pixel_row[3]                        ; vga_sync_pipe:u_sync|pixel_clock_int                   ; vga_sync_pipe:u_sync|pixel_clock_int ; 0.000        ; -0.317     ; 1.633      ;
; 1.781 ; vga_sync_pipe:u_sync|v_count[1]                                                               ; vga_sync_pipe:u_sync|verti_sync                          ; vga_sync_pipe:u_sync|pixel_clock_int                   ; vga_sync_pipe:u_sync|pixel_clock_int ; 0.000        ; 0.124      ; 2.076      ;
; 1.782 ; vga_sync_pipe:u_sync|h_count[0]                                                               ; vga_sync_pipe:u_sync|h_count[8]                          ; vga_sync_pipe:u_sync|pixel_clock_int                   ; vga_sync_pipe:u_sync|pixel_clock_int ; 0.000        ; 0.072      ; 2.025      ;
; 1.784 ; vga_sync_pipe:u_sync|v_count[7]                                                               ; vga_sync_pipe:u_sync|pixel_row[8]                        ; vga_sync_pipe:u_sync|pixel_clock_int                   ; vga_sync_pipe:u_sync|pixel_clock_int ; 0.000        ; -0.302     ; 1.653      ;
; 1.789 ; bullet_bottom_top:u_bullets_bottom|tank_bullet_bottom_refine:\gen_bullets:0:u_bullet|y_reg[3] ; pixelGenerator_dynamicbulletmodule:u_pix|colorAddress[0] ; u_pll|uPLL|altpll_component|auto_generated|pll1|clk[0] ; vga_sync_pipe:u_sync|pixel_clock_int ; 0.000        ; 2.606      ; 4.636      ;
; 1.793 ; vga_sync_pipe:u_sync|h_count[0]                                                               ; vga_sync_pipe:u_sync|v_count[0]                          ; vga_sync_pipe:u_sync|pixel_clock_int                   ; vga_sync_pipe:u_sync|pixel_clock_int ; 0.000        ; 0.495      ; 2.459      ;
; 1.797 ; bullet_top_top:u_bullets_top|tank_bullet_top_refine:\gen_bullets:4:u_bullet|y_reg[3]          ; pixelGenerator_dynamicbulletmodule:u_pix|colorAddress[0] ; u_pll|uPLL|altpll_component|auto_generated|pll1|clk[0] ; vga_sync_pipe:u_sync|pixel_clock_int ; 0.000        ; 2.597      ; 4.635      ;
; 1.801 ; bullet_top_top:u_bullets_top|tank_bullet_top_refine:\gen_bullets:4:u_bullet|y_reg[3]          ; pixelGenerator_dynamicbulletmodule:u_pix|colorAddress[1] ; u_pll|uPLL|altpll_component|auto_generated|pll1|clk[0] ; vga_sync_pipe:u_sync|pixel_clock_int ; 0.000        ; 2.597      ; 4.639      ;
; 1.807 ; vga_sync_pipe:u_sync|v_count[2]                                                               ; vga_sync_pipe:u_sync|video_on_v                          ; vga_sync_pipe:u_sync|pixel_clock_int                   ; vga_sync_pipe:u_sync|pixel_clock_int ; 0.000        ; 0.081      ; 2.059      ;
; 1.810 ; vga_sync_pipe:u_sync|h_count[8]                                                               ; vga_sync_pipe:u_sync|video_on_h                          ; vga_sync_pipe:u_sync|pixel_clock_int                   ; vga_sync_pipe:u_sync|pixel_clock_int ; 0.000        ; 0.082      ; 2.063      ;
; 1.812 ; vga_sync_pipe:u_sync|v_count[2]                                                               ; vga_sync_pipe:u_sync|pixel_row[2]                        ; vga_sync_pipe:u_sync|pixel_clock_int                   ; vga_sync_pipe:u_sync|pixel_clock_int ; 0.000        ; 0.056      ; 2.039      ;
; 1.815 ; vga_sync_pipe:u_sync|h_count[4]                                                               ; vga_sync_pipe:u_sync|pixel_column[4]                     ; vga_sync_pipe:u_sync|pixel_clock_int                   ; vga_sync_pipe:u_sync|pixel_clock_int ; 0.000        ; 0.082      ; 2.068      ;
; 1.816 ; vga_sync_pipe:u_sync|v_count[3]                                                               ; vga_sync_pipe:u_sync|pixel_row[9]                        ; vga_sync_pipe:u_sync|pixel_clock_int                   ; vga_sync_pipe:u_sync|pixel_clock_int ; 0.000        ; 0.087      ; 2.074      ;
; 1.817 ; vga_sync_pipe:u_sync|v_count[1]                                                               ; vga_sync_pipe:u_sync|v_count[1]                          ; vga_sync_pipe:u_sync|pixel_clock_int                   ; vga_sync_pipe:u_sync|pixel_clock_int ; 0.000        ; 0.089      ; 2.077      ;
; 1.819 ; vga_sync_pipe:u_sync|h_count[0]                                                               ; vga_sync_pipe:u_sync|pixel_column[9]                     ; vga_sync_pipe:u_sync|pixel_clock_int                   ; vga_sync_pipe:u_sync|pixel_clock_int ; 0.000        ; 0.082      ; 2.072      ;
; 1.821 ; bullet_top_top:u_bullets_top|tank_bullet_top_refine:\gen_bullets:4:u_bullet|y_reg[3]          ; pixelGenerator_dynamicbulletmodule:u_pix|colorAddress[2] ; u_pll|uPLL|altpll_component|auto_generated|pll1|clk[0] ; vga_sync_pipe:u_sync|pixel_clock_int ; 0.000        ; 2.597      ; 4.659      ;
; 1.821 ; bullet_top_top:u_bullets_top|tank_bullet_top_refine:\gen_bullets:4:u_bullet|y_reg[4]          ; pixelGenerator_dynamicbulletmodule:u_pix|colorAddress[0] ; u_pll|uPLL|altpll_component|auto_generated|pll1|clk[0] ; vga_sync_pipe:u_sync|pixel_clock_int ; 0.000        ; 2.597      ; 4.659      ;
; 1.821 ; vga_sync_pipe:u_sync|h_count[4]                                                               ; vga_sync_pipe:u_sync|pixel_column[0]                     ; vga_sync_pipe:u_sync|pixel_clock_int                   ; vga_sync_pipe:u_sync|pixel_clock_int ; 0.000        ; 0.072      ; 2.064      ;
; 1.822 ; vga_sync_pipe:u_sync|v_count[1]                                                               ; vga_sync_pipe:u_sync|pixel_row[3]                        ; vga_sync_pipe:u_sync|pixel_clock_int                   ; vga_sync_pipe:u_sync|pixel_clock_int ; 0.000        ; -0.309     ; 1.684      ;
; 1.824 ; vga_sync_pipe:u_sync|h_count[4]                                                               ; vga_sync_pipe:u_sync|h_count[0]                          ; vga_sync_pipe:u_sync|pixel_clock_int                   ; vga_sync_pipe:u_sync|pixel_clock_int ; 0.000        ; 0.072      ; 2.067      ;
; 1.825 ; bullet_top_top:u_bullets_top|tank_bullet_top_refine:\gen_bullets:4:u_bullet|y_reg[4]          ; pixelGenerator_dynamicbulletmodule:u_pix|colorAddress[1] ; u_pll|uPLL|altpll_component|auto_generated|pll1|clk[0] ; vga_sync_pipe:u_sync|pixel_clock_int ; 0.000        ; 2.597      ; 4.663      ;
; 1.825 ; vga_sync_pipe:u_sync|h_count[4]                                                               ; vga_sync_pipe:u_sync|h_count[5]                          ; vga_sync_pipe:u_sync|pixel_clock_int                   ; vga_sync_pipe:u_sync|pixel_clock_int ; 0.000        ; 0.072      ; 2.068      ;
+-------+-----------------------------------------------------------------------------------------------+----------------------------------------------------------+--------------------------------------------------------+--------------------------------------+--------------+------------+------------+


+--------------------------------------------------------------------------------------------------------------------------------------------------------------------------------------------------------------------------------------------------------------------------+
; Slow 1200mV 0C Model Recovery: 'keyboard_top:u_kbd|ps2:uPS2|keyboard:u1|ready_set'                                                                                                                                                                                       ;
+--------+------------------------------------------------------+----------------------------------------------------+--------------------------------------------------------+---------------------------------------------------+--------------+------------+------------+
; Slack  ; From Node                                            ; To Node                                            ; Launch Clock                                           ; Latch Clock                                       ; Relationship ; Clock Skew ; Data Delay ;
+--------+------------------------------------------------------+----------------------------------------------------+--------------------------------------------------------+---------------------------------------------------+--------------+------------+------------+
; -1.425 ; keyboard_top:u_kbd|ps2:uPS2|oneshot:pulser|pulse_out ; keyboard_top:u_kbd|ps2:uPS2|keyboard:u1|scan_ready ; u_pll|uPLL|altpll_component|auto_generated|pll1|clk[0] ; keyboard_top:u_kbd|ps2:uPS2|keyboard:u1|ready_set ; 1.000        ; 0.773      ; 3.127      ;
+--------+------------------------------------------------------+----------------------------------------------------+--------------------------------------------------------+---------------------------------------------------+--------------+------------+------------+


+-------------------------------------------------------------------------------------------------------------------------------------------------------------------------------------------------------------------------------------------------------------------------+
; Slow 1200mV 0C Model Removal: 'keyboard_top:u_kbd|ps2:uPS2|keyboard:u1|ready_set'                                                                                                                                                                                       ;
+-------+------------------------------------------------------+----------------------------------------------------+--------------------------------------------------------+---------------------------------------------------+--------------+------------+------------+
; Slack ; From Node                                            ; To Node                                            ; Launch Clock                                           ; Latch Clock                                       ; Relationship ; Clock Skew ; Data Delay ;
+-------+------------------------------------------------------+----------------------------------------------------+--------------------------------------------------------+---------------------------------------------------+--------------+------------+------------+
; 1.433 ; keyboard_top:u_kbd|ps2:uPS2|oneshot:pulser|pulse_out ; keyboard_top:u_kbd|ps2:uPS2|keyboard:u1|scan_ready ; u_pll|uPLL|altpll_component|auto_generated|pll1|clk[0] ; keyboard_top:u_kbd|ps2:uPS2|keyboard:u1|ready_set ; 0.000        ; 1.271      ; 2.935      ;
+-------+------------------------------------------------------+----------------------------------------------------+--------------------------------------------------------+---------------------------------------------------+--------------+------------+------------+


----------------------------------------------
; Slow 1200mV 0C Model Metastability Summary ;
----------------------------------------------
Design MTBF is not calculated because the design doesn't meet its timing requirements.



+----------------------------------------------------------------------------------------+
; Fast 1200mV 0C Model Setup Summary                                                     ;
+---------------------------------------------------------------+--------+---------------+
; Clock                                                         ; Slack  ; End Point TNS ;
+---------------------------------------------------------------+--------+---------------+
; vga_sync_pipe:u_sync|pixel_clock_int                          ; -2.993 ; -84.238       ;
; u_pll|uPLL|altpll_component|auto_generated|pll1|clk[0]        ; -2.318 ; -16.025       ;
; keyboard_top:u_kbd|ps2:uPS2|keyboard:u1|keyboard_clk_filtered ; -0.915 ; -6.085        ;
; CLOCK_50                                                      ; -0.018 ; -0.018        ;
+---------------------------------------------------------------+--------+---------------+


+----------------------------------------------------------------------------------------+
; Fast 1200mV 0C Model Hold Summary                                                      ;
+---------------------------------------------------------------+--------+---------------+
; Clock                                                         ; Slack  ; End Point TNS ;
+---------------------------------------------------------------+--------+---------------+
; u_pll|uPLL|altpll_component|auto_generated|pll1|clk[0]        ; -0.142 ; -0.142        ;
; keyboard_top:u_kbd|ps2:uPS2|keyboard:u1|keyboard_clk_filtered ; 0.181  ; 0.000         ;
; CLOCK_50                                                      ; 0.229  ; 0.000         ;
; vga_sync_pipe:u_sync|pixel_clock_int                          ; 0.291  ; 0.000         ;
+---------------------------------------------------------------+--------+---------------+


+----------------------------------------------------------------------------+
; Fast 1200mV 0C Model Recovery Summary                                      ;
+---------------------------------------------------+--------+---------------+
; Clock                                             ; Slack  ; End Point TNS ;
+---------------------------------------------------+--------+---------------+
; keyboard_top:u_kbd|ps2:uPS2|keyboard:u1|ready_set ; -0.428 ; -0.428        ;
+---------------------------------------------------+--------+---------------+


+---------------------------------------------------------------------------+
; Fast 1200mV 0C Model Removal Summary                                      ;
+---------------------------------------------------+-------+---------------+
; Clock                                             ; Slack ; End Point TNS ;
+---------------------------------------------------+-------+---------------+
; keyboard_top:u_kbd|ps2:uPS2|keyboard:u1|ready_set ; 0.657 ; 0.000         ;
+---------------------------------------------------+-------+---------------+


+----------------------------------------------------------------------------------------+
; Fast 1200mV 0C Model Minimum Pulse Width Summary                                       ;
+---------------------------------------------------------------+--------+---------------+
; Clock                                                         ; Slack  ; End Point TNS ;
+---------------------------------------------------------------+--------+---------------+
; vga_sync_pipe:u_sync|pixel_clock_int                          ; -1.000 ; -49.000       ;
; keyboard_top:u_kbd|ps2:uPS2|keyboard:u1|keyboard_clk_filtered ; -1.000 ; -23.000       ;
; keyboard_top:u_kbd|ps2:uPS2|keyboard:u1|ready_set             ; -1.000 ; -1.000        ;
; u_pll|uPLL|altpll_component|auto_generated|pll1|clk[0]        ; 4.779  ; 0.000         ;
; CLOCK_50                                                      ; 9.457  ; 0.000         ;
+---------------------------------------------------------------+--------+---------------+


+---------------------------------------------------------------------------------------------------------------------------------------------------------------------------------------------------------------------------------+
; Fast 1200mV 0C Model Setup: 'vga_sync_pipe:u_sync|pixel_clock_int'                                                                                                                                                              ;
+--------+--------------------------------------+----------------------------------------------------------+--------------------------------------+--------------------------------------+--------------+------------+------------+
; Slack  ; From Node                            ; To Node                                                  ; Launch Clock                         ; Latch Clock                          ; Relationship ; Clock Skew ; Data Delay ;
+--------+--------------------------------------+----------------------------------------------------------+--------------------------------------+--------------------------------------+--------------+------------+------------+
; -2.993 ; vga_sync_pipe:u_sync|pixel_row[4]    ; pixelGenerator_dynamicbulletmodule:u_pix|colorAddress[2] ; vga_sync_pipe:u_sync|pixel_clock_int ; vga_sync_pipe:u_sync|pixel_clock_int ; 1.000        ; -0.227     ; 3.753      ;
; -2.987 ; vga_sync_pipe:u_sync|pixel_row[4]    ; pixelGenerator_dynamicbulletmodule:u_pix|colorAddress[0] ; vga_sync_pipe:u_sync|pixel_clock_int ; vga_sync_pipe:u_sync|pixel_clock_int ; 1.000        ; -0.227     ; 3.747      ;
; -2.983 ; vga_sync_pipe:u_sync|pixel_row[4]    ; pixelGenerator_dynamicbulletmodule:u_pix|colorAddress[1] ; vga_sync_pipe:u_sync|pixel_clock_int ; vga_sync_pipe:u_sync|pixel_clock_int ; 1.000        ; -0.227     ; 3.743      ;
; -2.932 ; vga_sync_pipe:u_sync|pixel_row[2]    ; pixelGenerator_dynamicbulletmodule:u_pix|colorAddress[2] ; vga_sync_pipe:u_sync|pixel_clock_int ; vga_sync_pipe:u_sync|pixel_clock_int ; 1.000        ; -0.239     ; 3.680      ;
; -2.926 ; vga_sync_pipe:u_sync|pixel_row[2]    ; pixelGenerator_dynamicbulletmodule:u_pix|colorAddress[0] ; vga_sync_pipe:u_sync|pixel_clock_int ; vga_sync_pipe:u_sync|pixel_clock_int ; 1.000        ; -0.239     ; 3.674      ;
; -2.922 ; vga_sync_pipe:u_sync|pixel_row[2]    ; pixelGenerator_dynamicbulletmodule:u_pix|colorAddress[1] ; vga_sync_pipe:u_sync|pixel_clock_int ; vga_sync_pipe:u_sync|pixel_clock_int ; 1.000        ; -0.239     ; 3.670      ;
; -2.922 ; vga_sync_pipe:u_sync|h_count[1]      ; vga_sync_pipe:u_sync|pixel_row[2]                        ; vga_sync_pipe:u_sync|pixel_clock_int ; vga_sync_pipe:u_sync|pixel_clock_int ; 1.000        ; 0.128      ; 4.037      ;
; -2.922 ; vga_sync_pipe:u_sync|h_count[1]      ; vga_sync_pipe:u_sync|pixel_row[6]                        ; vga_sync_pipe:u_sync|pixel_clock_int ; vga_sync_pipe:u_sync|pixel_clock_int ; 1.000        ; 0.128      ; 4.037      ;
; -2.915 ; vga_sync_pipe:u_sync|pixel_row[9]    ; pixelGenerator_dynamicbulletmodule:u_pix|colorAddress[0] ; vga_sync_pipe:u_sync|pixel_clock_int ; vga_sync_pipe:u_sync|pixel_clock_int ; 1.000        ; -0.227     ; 3.675      ;
; -2.912 ; vga_sync_pipe:u_sync|pixel_row[9]    ; pixelGenerator_dynamicbulletmodule:u_pix|colorAddress[2] ; vga_sync_pipe:u_sync|pixel_clock_int ; vga_sync_pipe:u_sync|pixel_clock_int ; 1.000        ; -0.227     ; 3.672      ;
; -2.906 ; vga_sync_pipe:u_sync|h_count[3]      ; vga_sync_pipe:u_sync|pixel_row[2]                        ; vga_sync_pipe:u_sync|pixel_clock_int ; vga_sync_pipe:u_sync|pixel_clock_int ; 1.000        ; 0.128      ; 4.021      ;
; -2.906 ; vga_sync_pipe:u_sync|h_count[3]      ; vga_sync_pipe:u_sync|pixel_row[6]                        ; vga_sync_pipe:u_sync|pixel_clock_int ; vga_sync_pipe:u_sync|pixel_clock_int ; 1.000        ; 0.128      ; 4.021      ;
; -2.902 ; vga_sync_pipe:u_sync|pixel_row[9]    ; pixelGenerator_dynamicbulletmodule:u_pix|colorAddress[1] ; vga_sync_pipe:u_sync|pixel_clock_int ; vga_sync_pipe:u_sync|pixel_clock_int ; 1.000        ; -0.227     ; 3.662      ;
; -2.885 ; vga_sync_pipe:u_sync|pixel_row[7]    ; pixelGenerator_dynamicbulletmodule:u_pix|colorAddress[2] ; vga_sync_pipe:u_sync|pixel_clock_int ; vga_sync_pipe:u_sync|pixel_clock_int ; 1.000        ; -0.227     ; 3.645      ;
; -2.884 ; vga_sync_pipe:u_sync|h_count[0]      ; vga_sync_pipe:u_sync|pixel_row[2]                        ; vga_sync_pipe:u_sync|pixel_clock_int ; vga_sync_pipe:u_sync|pixel_clock_int ; 1.000        ; 0.128      ; 3.999      ;
; -2.884 ; vga_sync_pipe:u_sync|h_count[0]      ; vga_sync_pipe:u_sync|pixel_row[6]                        ; vga_sync_pipe:u_sync|pixel_clock_int ; vga_sync_pipe:u_sync|pixel_clock_int ; 1.000        ; 0.128      ; 3.999      ;
; -2.879 ; vga_sync_pipe:u_sync|pixel_row[7]    ; pixelGenerator_dynamicbulletmodule:u_pix|colorAddress[0] ; vga_sync_pipe:u_sync|pixel_clock_int ; vga_sync_pipe:u_sync|pixel_clock_int ; 1.000        ; -0.227     ; 3.639      ;
; -2.875 ; vga_sync_pipe:u_sync|pixel_row[7]    ; pixelGenerator_dynamicbulletmodule:u_pix|colorAddress[1] ; vga_sync_pipe:u_sync|pixel_clock_int ; vga_sync_pipe:u_sync|pixel_clock_int ; 1.000        ; -0.227     ; 3.635      ;
; -2.863 ; vga_sync_pipe:u_sync|h_count[1]      ; vga_sync_pipe:u_sync|pixel_row[1]                        ; vga_sync_pipe:u_sync|pixel_clock_int ; vga_sync_pipe:u_sync|pixel_clock_int ; 1.000        ; -0.058     ; 3.792      ;
; -2.863 ; vga_sync_pipe:u_sync|h_count[1]      ; vga_sync_pipe:u_sync|pixel_row[3]                        ; vga_sync_pipe:u_sync|pixel_clock_int ; vga_sync_pipe:u_sync|pixel_clock_int ; 1.000        ; -0.058     ; 3.792      ;
; -2.863 ; vga_sync_pipe:u_sync|h_count[1]      ; vga_sync_pipe:u_sync|pixel_row[5]                        ; vga_sync_pipe:u_sync|pixel_clock_int ; vga_sync_pipe:u_sync|pixel_clock_int ; 1.000        ; -0.058     ; 3.792      ;
; -2.863 ; vga_sync_pipe:u_sync|h_count[1]      ; vga_sync_pipe:u_sync|pixel_row[8]                        ; vga_sync_pipe:u_sync|pixel_clock_int ; vga_sync_pipe:u_sync|pixel_clock_int ; 1.000        ; -0.058     ; 3.792      ;
; -2.847 ; vga_sync_pipe:u_sync|h_count[3]      ; vga_sync_pipe:u_sync|pixel_row[1]                        ; vga_sync_pipe:u_sync|pixel_clock_int ; vga_sync_pipe:u_sync|pixel_clock_int ; 1.000        ; -0.058     ; 3.776      ;
; -2.847 ; vga_sync_pipe:u_sync|h_count[3]      ; vga_sync_pipe:u_sync|pixel_row[3]                        ; vga_sync_pipe:u_sync|pixel_clock_int ; vga_sync_pipe:u_sync|pixel_clock_int ; 1.000        ; -0.058     ; 3.776      ;
; -2.847 ; vga_sync_pipe:u_sync|h_count[3]      ; vga_sync_pipe:u_sync|pixel_row[5]                        ; vga_sync_pipe:u_sync|pixel_clock_int ; vga_sync_pipe:u_sync|pixel_clock_int ; 1.000        ; -0.058     ; 3.776      ;
; -2.847 ; vga_sync_pipe:u_sync|h_count[3]      ; vga_sync_pipe:u_sync|pixel_row[8]                        ; vga_sync_pipe:u_sync|pixel_clock_int ; vga_sync_pipe:u_sync|pixel_clock_int ; 1.000        ; -0.058     ; 3.776      ;
; -2.831 ; vga_sync_pipe:u_sync|h_count[7]      ; vga_sync_pipe:u_sync|pixel_row[2]                        ; vga_sync_pipe:u_sync|pixel_clock_int ; vga_sync_pipe:u_sync|pixel_clock_int ; 1.000        ; 0.128      ; 3.946      ;
; -2.831 ; vga_sync_pipe:u_sync|h_count[7]      ; vga_sync_pipe:u_sync|pixel_row[6]                        ; vga_sync_pipe:u_sync|pixel_clock_int ; vga_sync_pipe:u_sync|pixel_clock_int ; 1.000        ; 0.128      ; 3.946      ;
; -2.831 ; vga_sync_pipe:u_sync|h_count[6]      ; vga_sync_pipe:u_sync|pixel_row[2]                        ; vga_sync_pipe:u_sync|pixel_clock_int ; vga_sync_pipe:u_sync|pixel_clock_int ; 1.000        ; 0.128      ; 3.946      ;
; -2.831 ; vga_sync_pipe:u_sync|h_count[6]      ; vga_sync_pipe:u_sync|pixel_row[6]                        ; vga_sync_pipe:u_sync|pixel_clock_int ; vga_sync_pipe:u_sync|pixel_clock_int ; 1.000        ; 0.128      ; 3.946      ;
; -2.825 ; vga_sync_pipe:u_sync|h_count[0]      ; vga_sync_pipe:u_sync|pixel_row[1]                        ; vga_sync_pipe:u_sync|pixel_clock_int ; vga_sync_pipe:u_sync|pixel_clock_int ; 1.000        ; -0.058     ; 3.754      ;
; -2.825 ; vga_sync_pipe:u_sync|h_count[0]      ; vga_sync_pipe:u_sync|pixel_row[3]                        ; vga_sync_pipe:u_sync|pixel_clock_int ; vga_sync_pipe:u_sync|pixel_clock_int ; 1.000        ; -0.058     ; 3.754      ;
; -2.825 ; vga_sync_pipe:u_sync|h_count[0]      ; vga_sync_pipe:u_sync|pixel_row[5]                        ; vga_sync_pipe:u_sync|pixel_clock_int ; vga_sync_pipe:u_sync|pixel_clock_int ; 1.000        ; -0.058     ; 3.754      ;
; -2.825 ; vga_sync_pipe:u_sync|h_count[0]      ; vga_sync_pipe:u_sync|pixel_row[8]                        ; vga_sync_pipe:u_sync|pixel_clock_int ; vga_sync_pipe:u_sync|pixel_clock_int ; 1.000        ; -0.058     ; 3.754      ;
; -2.822 ; vga_sync_pipe:u_sync|pixel_row[5]    ; pixelGenerator_dynamicbulletmodule:u_pix|colorAddress[0] ; vga_sync_pipe:u_sync|pixel_clock_int ; vga_sync_pipe:u_sync|pixel_clock_int ; 1.000        ; -0.045     ; 3.764      ;
; -2.819 ; vga_sync_pipe:u_sync|pixel_row[5]    ; pixelGenerator_dynamicbulletmodule:u_pix|colorAddress[2] ; vga_sync_pipe:u_sync|pixel_clock_int ; vga_sync_pipe:u_sync|pixel_clock_int ; 1.000        ; -0.045     ; 3.761      ;
; -2.817 ; vga_sync_pipe:u_sync|h_count[2]      ; vga_sync_pipe:u_sync|pixel_row[2]                        ; vga_sync_pipe:u_sync|pixel_clock_int ; vga_sync_pipe:u_sync|pixel_clock_int ; 1.000        ; 0.128      ; 3.932      ;
; -2.817 ; vga_sync_pipe:u_sync|h_count[2]      ; vga_sync_pipe:u_sync|pixel_row[6]                        ; vga_sync_pipe:u_sync|pixel_clock_int ; vga_sync_pipe:u_sync|pixel_clock_int ; 1.000        ; 0.128      ; 3.932      ;
; -2.816 ; vga_sync_pipe:u_sync|pixel_row[1]    ; pixelGenerator_dynamicbulletmodule:u_pix|colorAddress[0] ; vga_sync_pipe:u_sync|pixel_clock_int ; vga_sync_pipe:u_sync|pixel_clock_int ; 1.000        ; -0.045     ; 3.758      ;
; -2.810 ; vga_sync_pipe:u_sync|pixel_row[6]    ; pixelGenerator_dynamicbulletmodule:u_pix|colorAddress[2] ; vga_sync_pipe:u_sync|pixel_clock_int ; vga_sync_pipe:u_sync|pixel_clock_int ; 1.000        ; -0.239     ; 3.558      ;
; -2.809 ; vga_sync_pipe:u_sync|pixel_row[5]    ; pixelGenerator_dynamicbulletmodule:u_pix|colorAddress[1] ; vga_sync_pipe:u_sync|pixel_clock_int ; vga_sync_pipe:u_sync|pixel_clock_int ; 1.000        ; -0.045     ; 3.751      ;
; -2.804 ; vga_sync_pipe:u_sync|pixel_row[6]    ; pixelGenerator_dynamicbulletmodule:u_pix|colorAddress[0] ; vga_sync_pipe:u_sync|pixel_clock_int ; vga_sync_pipe:u_sync|pixel_clock_int ; 1.000        ; -0.239     ; 3.552      ;
; -2.804 ; vga_sync_pipe:u_sync|pixel_row[1]    ; pixelGenerator_dynamicbulletmodule:u_pix|colorAddress[2] ; vga_sync_pipe:u_sync|pixel_clock_int ; vga_sync_pipe:u_sync|pixel_clock_int ; 1.000        ; -0.045     ; 3.746      ;
; -2.800 ; vga_sync_pipe:u_sync|pixel_row[6]    ; pixelGenerator_dynamicbulletmodule:u_pix|colorAddress[1] ; vga_sync_pipe:u_sync|pixel_clock_int ; vga_sync_pipe:u_sync|pixel_clock_int ; 1.000        ; -0.239     ; 3.548      ;
; -2.794 ; vga_sync_pipe:u_sync|pixel_row[1]    ; pixelGenerator_dynamicbulletmodule:u_pix|colorAddress[1] ; vga_sync_pipe:u_sync|pixel_clock_int ; vga_sync_pipe:u_sync|pixel_clock_int ; 1.000        ; -0.045     ; 3.736      ;
; -2.772 ; vga_sync_pipe:u_sync|h_count[7]      ; vga_sync_pipe:u_sync|pixel_row[1]                        ; vga_sync_pipe:u_sync|pixel_clock_int ; vga_sync_pipe:u_sync|pixel_clock_int ; 1.000        ; -0.058     ; 3.701      ;
; -2.772 ; vga_sync_pipe:u_sync|h_count[7]      ; vga_sync_pipe:u_sync|pixel_row[3]                        ; vga_sync_pipe:u_sync|pixel_clock_int ; vga_sync_pipe:u_sync|pixel_clock_int ; 1.000        ; -0.058     ; 3.701      ;
; -2.772 ; vga_sync_pipe:u_sync|h_count[7]      ; vga_sync_pipe:u_sync|pixel_row[5]                        ; vga_sync_pipe:u_sync|pixel_clock_int ; vga_sync_pipe:u_sync|pixel_clock_int ; 1.000        ; -0.058     ; 3.701      ;
; -2.772 ; vga_sync_pipe:u_sync|h_count[7]      ; vga_sync_pipe:u_sync|pixel_row[8]                        ; vga_sync_pipe:u_sync|pixel_clock_int ; vga_sync_pipe:u_sync|pixel_clock_int ; 1.000        ; -0.058     ; 3.701      ;
; -2.772 ; vga_sync_pipe:u_sync|h_count[6]      ; vga_sync_pipe:u_sync|pixel_row[1]                        ; vga_sync_pipe:u_sync|pixel_clock_int ; vga_sync_pipe:u_sync|pixel_clock_int ; 1.000        ; -0.058     ; 3.701      ;
; -2.772 ; vga_sync_pipe:u_sync|h_count[6]      ; vga_sync_pipe:u_sync|pixel_row[3]                        ; vga_sync_pipe:u_sync|pixel_clock_int ; vga_sync_pipe:u_sync|pixel_clock_int ; 1.000        ; -0.058     ; 3.701      ;
; -2.772 ; vga_sync_pipe:u_sync|h_count[6]      ; vga_sync_pipe:u_sync|pixel_row[5]                        ; vga_sync_pipe:u_sync|pixel_clock_int ; vga_sync_pipe:u_sync|pixel_clock_int ; 1.000        ; -0.058     ; 3.701      ;
; -2.772 ; vga_sync_pipe:u_sync|h_count[6]      ; vga_sync_pipe:u_sync|pixel_row[8]                        ; vga_sync_pipe:u_sync|pixel_clock_int ; vga_sync_pipe:u_sync|pixel_clock_int ; 1.000        ; -0.058     ; 3.701      ;
; -2.767 ; vga_sync_pipe:u_sync|pixel_row[3]    ; pixelGenerator_dynamicbulletmodule:u_pix|colorAddress[0] ; vga_sync_pipe:u_sync|pixel_clock_int ; vga_sync_pipe:u_sync|pixel_clock_int ; 1.000        ; -0.045     ; 3.709      ;
; -2.765 ; vga_sync_pipe:u_sync|h_count[1]      ; vga_sync_pipe:u_sync|pixel_row[9]                        ; vga_sync_pipe:u_sync|pixel_clock_int ; vga_sync_pipe:u_sync|pixel_clock_int ; 1.000        ; 0.146      ; 3.898      ;
; -2.765 ; vga_sync_pipe:u_sync|h_count[1]      ; vga_sync_pipe:u_sync|pixel_row[4]                        ; vga_sync_pipe:u_sync|pixel_clock_int ; vga_sync_pipe:u_sync|pixel_clock_int ; 1.000        ; 0.146      ; 3.898      ;
; -2.765 ; vga_sync_pipe:u_sync|h_count[1]      ; vga_sync_pipe:u_sync|pixel_row[7]                        ; vga_sync_pipe:u_sync|pixel_clock_int ; vga_sync_pipe:u_sync|pixel_clock_int ; 1.000        ; 0.146      ; 3.898      ;
; -2.764 ; vga_sync_pipe:u_sync|pixel_row[3]    ; pixelGenerator_dynamicbulletmodule:u_pix|colorAddress[2] ; vga_sync_pipe:u_sync|pixel_clock_int ; vga_sync_pipe:u_sync|pixel_clock_int ; 1.000        ; -0.045     ; 3.706      ;
; -2.758 ; vga_sync_pipe:u_sync|h_count[2]      ; vga_sync_pipe:u_sync|pixel_row[1]                        ; vga_sync_pipe:u_sync|pixel_clock_int ; vga_sync_pipe:u_sync|pixel_clock_int ; 1.000        ; -0.058     ; 3.687      ;
; -2.758 ; vga_sync_pipe:u_sync|h_count[2]      ; vga_sync_pipe:u_sync|pixel_row[3]                        ; vga_sync_pipe:u_sync|pixel_clock_int ; vga_sync_pipe:u_sync|pixel_clock_int ; 1.000        ; -0.058     ; 3.687      ;
; -2.758 ; vga_sync_pipe:u_sync|h_count[2]      ; vga_sync_pipe:u_sync|pixel_row[5]                        ; vga_sync_pipe:u_sync|pixel_clock_int ; vga_sync_pipe:u_sync|pixel_clock_int ; 1.000        ; -0.058     ; 3.687      ;
; -2.758 ; vga_sync_pipe:u_sync|h_count[2]      ; vga_sync_pipe:u_sync|pixel_row[8]                        ; vga_sync_pipe:u_sync|pixel_clock_int ; vga_sync_pipe:u_sync|pixel_clock_int ; 1.000        ; -0.058     ; 3.687      ;
; -2.754 ; vga_sync_pipe:u_sync|pixel_row[3]    ; pixelGenerator_dynamicbulletmodule:u_pix|colorAddress[1] ; vga_sync_pipe:u_sync|pixel_clock_int ; vga_sync_pipe:u_sync|pixel_clock_int ; 1.000        ; -0.045     ; 3.696      ;
; -2.753 ; vga_sync_pipe:u_sync|h_count[5]      ; vga_sync_pipe:u_sync|pixel_row[2]                        ; vga_sync_pipe:u_sync|pixel_clock_int ; vga_sync_pipe:u_sync|pixel_clock_int ; 1.000        ; 0.128      ; 3.868      ;
; -2.753 ; vga_sync_pipe:u_sync|h_count[5]      ; vga_sync_pipe:u_sync|pixel_row[6]                        ; vga_sync_pipe:u_sync|pixel_clock_int ; vga_sync_pipe:u_sync|pixel_clock_int ; 1.000        ; 0.128      ; 3.868      ;
; -2.749 ; vga_sync_pipe:u_sync|h_count[3]      ; vga_sync_pipe:u_sync|pixel_row[9]                        ; vga_sync_pipe:u_sync|pixel_clock_int ; vga_sync_pipe:u_sync|pixel_clock_int ; 1.000        ; 0.146      ; 3.882      ;
; -2.749 ; vga_sync_pipe:u_sync|h_count[3]      ; vga_sync_pipe:u_sync|pixel_row[4]                        ; vga_sync_pipe:u_sync|pixel_clock_int ; vga_sync_pipe:u_sync|pixel_clock_int ; 1.000        ; 0.146      ; 3.882      ;
; -2.749 ; vga_sync_pipe:u_sync|h_count[3]      ; vga_sync_pipe:u_sync|pixel_row[7]                        ; vga_sync_pipe:u_sync|pixel_clock_int ; vga_sync_pipe:u_sync|pixel_clock_int ; 1.000        ; 0.146      ; 3.882      ;
; -2.732 ; vga_sync_pipe:u_sync|h_count[4]      ; vga_sync_pipe:u_sync|pixel_row[2]                        ; vga_sync_pipe:u_sync|pixel_clock_int ; vga_sync_pipe:u_sync|pixel_clock_int ; 1.000        ; 0.128      ; 3.847      ;
; -2.732 ; vga_sync_pipe:u_sync|h_count[4]      ; vga_sync_pipe:u_sync|pixel_row[6]                        ; vga_sync_pipe:u_sync|pixel_clock_int ; vga_sync_pipe:u_sync|pixel_clock_int ; 1.000        ; 0.128      ; 3.847      ;
; -2.727 ; vga_sync_pipe:u_sync|h_count[0]      ; vga_sync_pipe:u_sync|pixel_row[9]                        ; vga_sync_pipe:u_sync|pixel_clock_int ; vga_sync_pipe:u_sync|pixel_clock_int ; 1.000        ; 0.146      ; 3.860      ;
; -2.727 ; vga_sync_pipe:u_sync|h_count[0]      ; vga_sync_pipe:u_sync|pixel_row[4]                        ; vga_sync_pipe:u_sync|pixel_clock_int ; vga_sync_pipe:u_sync|pixel_clock_int ; 1.000        ; 0.146      ; 3.860      ;
; -2.727 ; vga_sync_pipe:u_sync|h_count[0]      ; vga_sync_pipe:u_sync|pixel_row[7]                        ; vga_sync_pipe:u_sync|pixel_clock_int ; vga_sync_pipe:u_sync|pixel_clock_int ; 1.000        ; 0.146      ; 3.860      ;
; -2.694 ; vga_sync_pipe:u_sync|h_count[5]      ; vga_sync_pipe:u_sync|pixel_row[1]                        ; vga_sync_pipe:u_sync|pixel_clock_int ; vga_sync_pipe:u_sync|pixel_clock_int ; 1.000        ; -0.058     ; 3.623      ;
; -2.694 ; vga_sync_pipe:u_sync|h_count[5]      ; vga_sync_pipe:u_sync|pixel_row[3]                        ; vga_sync_pipe:u_sync|pixel_clock_int ; vga_sync_pipe:u_sync|pixel_clock_int ; 1.000        ; -0.058     ; 3.623      ;
; -2.694 ; vga_sync_pipe:u_sync|h_count[5]      ; vga_sync_pipe:u_sync|pixel_row[5]                        ; vga_sync_pipe:u_sync|pixel_clock_int ; vga_sync_pipe:u_sync|pixel_clock_int ; 1.000        ; -0.058     ; 3.623      ;
; -2.694 ; vga_sync_pipe:u_sync|h_count[5]      ; vga_sync_pipe:u_sync|pixel_row[8]                        ; vga_sync_pipe:u_sync|pixel_clock_int ; vga_sync_pipe:u_sync|pixel_clock_int ; 1.000        ; -0.058     ; 3.623      ;
; -2.681 ; vga_sync_pipe:u_sync|pixel_column[0] ; pixelGenerator_dynamicbulletmodule:u_pix|colorAddress[0] ; vga_sync_pipe:u_sync|pixel_clock_int ; vga_sync_pipe:u_sync|pixel_clock_int ; 1.000        ; -0.031     ; 3.637      ;
; -2.678 ; vga_sync_pipe:u_sync|pixel_column[0] ; pixelGenerator_dynamicbulletmodule:u_pix|colorAddress[2] ; vga_sync_pipe:u_sync|pixel_clock_int ; vga_sync_pipe:u_sync|pixel_clock_int ; 1.000        ; -0.031     ; 3.634      ;
; -2.674 ; vga_sync_pipe:u_sync|h_count[7]      ; vga_sync_pipe:u_sync|pixel_row[9]                        ; vga_sync_pipe:u_sync|pixel_clock_int ; vga_sync_pipe:u_sync|pixel_clock_int ; 1.000        ; 0.146      ; 3.807      ;
; -2.674 ; vga_sync_pipe:u_sync|h_count[7]      ; vga_sync_pipe:u_sync|pixel_row[4]                        ; vga_sync_pipe:u_sync|pixel_clock_int ; vga_sync_pipe:u_sync|pixel_clock_int ; 1.000        ; 0.146      ; 3.807      ;
; -2.674 ; vga_sync_pipe:u_sync|h_count[7]      ; vga_sync_pipe:u_sync|pixel_row[7]                        ; vga_sync_pipe:u_sync|pixel_clock_int ; vga_sync_pipe:u_sync|pixel_clock_int ; 1.000        ; 0.146      ; 3.807      ;
; -2.674 ; vga_sync_pipe:u_sync|h_count[6]      ; vga_sync_pipe:u_sync|pixel_row[9]                        ; vga_sync_pipe:u_sync|pixel_clock_int ; vga_sync_pipe:u_sync|pixel_clock_int ; 1.000        ; 0.146      ; 3.807      ;
; -2.674 ; vga_sync_pipe:u_sync|h_count[6]      ; vga_sync_pipe:u_sync|pixel_row[4]                        ; vga_sync_pipe:u_sync|pixel_clock_int ; vga_sync_pipe:u_sync|pixel_clock_int ; 1.000        ; 0.146      ; 3.807      ;
; -2.674 ; vga_sync_pipe:u_sync|h_count[6]      ; vga_sync_pipe:u_sync|pixel_row[7]                        ; vga_sync_pipe:u_sync|pixel_clock_int ; vga_sync_pipe:u_sync|pixel_clock_int ; 1.000        ; 0.146      ; 3.807      ;
; -2.673 ; vga_sync_pipe:u_sync|h_count[4]      ; vga_sync_pipe:u_sync|pixel_row[1]                        ; vga_sync_pipe:u_sync|pixel_clock_int ; vga_sync_pipe:u_sync|pixel_clock_int ; 1.000        ; -0.058     ; 3.602      ;
; -2.673 ; vga_sync_pipe:u_sync|h_count[4]      ; vga_sync_pipe:u_sync|pixel_row[3]                        ; vga_sync_pipe:u_sync|pixel_clock_int ; vga_sync_pipe:u_sync|pixel_clock_int ; 1.000        ; -0.058     ; 3.602      ;
; -2.673 ; vga_sync_pipe:u_sync|h_count[4]      ; vga_sync_pipe:u_sync|pixel_row[5]                        ; vga_sync_pipe:u_sync|pixel_clock_int ; vga_sync_pipe:u_sync|pixel_clock_int ; 1.000        ; -0.058     ; 3.602      ;
; -2.673 ; vga_sync_pipe:u_sync|h_count[4]      ; vga_sync_pipe:u_sync|pixel_row[8]                        ; vga_sync_pipe:u_sync|pixel_clock_int ; vga_sync_pipe:u_sync|pixel_clock_int ; 1.000        ; -0.058     ; 3.602      ;
; -2.668 ; vga_sync_pipe:u_sync|pixel_column[0] ; pixelGenerator_dynamicbulletmodule:u_pix|colorAddress[1] ; vga_sync_pipe:u_sync|pixel_clock_int ; vga_sync_pipe:u_sync|pixel_clock_int ; 1.000        ; -0.031     ; 3.624      ;
; -2.660 ; vga_sync_pipe:u_sync|h_count[2]      ; vga_sync_pipe:u_sync|pixel_row[9]                        ; vga_sync_pipe:u_sync|pixel_clock_int ; vga_sync_pipe:u_sync|pixel_clock_int ; 1.000        ; 0.146      ; 3.793      ;
; -2.660 ; vga_sync_pipe:u_sync|h_count[2]      ; vga_sync_pipe:u_sync|pixel_row[4]                        ; vga_sync_pipe:u_sync|pixel_clock_int ; vga_sync_pipe:u_sync|pixel_clock_int ; 1.000        ; 0.146      ; 3.793      ;
; -2.660 ; vga_sync_pipe:u_sync|h_count[2]      ; vga_sync_pipe:u_sync|pixel_row[7]                        ; vga_sync_pipe:u_sync|pixel_clock_int ; vga_sync_pipe:u_sync|pixel_clock_int ; 1.000        ; 0.146      ; 3.793      ;
; -2.640 ; vga_sync_pipe:u_sync|h_count[1]      ; vga_sync_pipe:u_sync|verti_sync                          ; vga_sync_pipe:u_sync|pixel_clock_int ; vga_sync_pipe:u_sync|pixel_clock_int ; 1.000        ; 0.162      ; 3.789      ;
; -2.624 ; vga_sync_pipe:u_sync|h_count[3]      ; vga_sync_pipe:u_sync|verti_sync                          ; vga_sync_pipe:u_sync|pixel_clock_int ; vga_sync_pipe:u_sync|pixel_clock_int ; 1.000        ; 0.162      ; 3.773      ;
; -2.610 ; vga_sync_pipe:u_sync|pixel_column[2] ; pixelGenerator_dynamicbulletmodule:u_pix|colorAddress[0] ; vga_sync_pipe:u_sync|pixel_clock_int ; vga_sync_pipe:u_sync|pixel_clock_int ; 1.000        ; -0.040     ; 3.557      ;
; -2.607 ; vga_sync_pipe:u_sync|pixel_column[2] ; pixelGenerator_dynamicbulletmodule:u_pix|colorAddress[2] ; vga_sync_pipe:u_sync|pixel_clock_int ; vga_sync_pipe:u_sync|pixel_clock_int ; 1.000        ; -0.040     ; 3.554      ;
; -2.602 ; vga_sync_pipe:u_sync|h_count[0]      ; vga_sync_pipe:u_sync|verti_sync                          ; vga_sync_pipe:u_sync|pixel_clock_int ; vga_sync_pipe:u_sync|pixel_clock_int ; 1.000        ; 0.162      ; 3.751      ;
; -2.597 ; vga_sync_pipe:u_sync|pixel_row[8]    ; pixelGenerator_dynamicbulletmodule:u_pix|colorAddress[2] ; vga_sync_pipe:u_sync|pixel_clock_int ; vga_sync_pipe:u_sync|pixel_clock_int ; 1.000        ; -0.045     ; 3.539      ;
; -2.597 ; vga_sync_pipe:u_sync|pixel_column[2] ; pixelGenerator_dynamicbulletmodule:u_pix|colorAddress[1] ; vga_sync_pipe:u_sync|pixel_clock_int ; vga_sync_pipe:u_sync|pixel_clock_int ; 1.000        ; -0.040     ; 3.544      ;
+--------+--------------------------------------+----------------------------------------------------------+--------------------------------------+--------------------------------------+--------------+------------+------------+


+-------------------------------------------------------------------------------------------------------------------------------------------------------------------------------------------------------------------------------------------------------------------------------------------------------------------------------------------------+
; Fast 1200mV 0C Model Setup: 'u_pll|uPLL|altpll_component|auto_generated|pll1|clk[0]'                                                                                                                                                                                                                                                            ;
+--------+----------------------------------------------------------------------+-----------------------------------------------------------------------------------------------+---------------------------------------------------------------+--------------------------------------------------------+--------------+------------+------------+
; Slack  ; From Node                                                            ; To Node                                                                                       ; Launch Clock                                                  ; Latch Clock                                            ; Relationship ; Clock Skew ; Data Delay ;
+--------+----------------------------------------------------------------------+-----------------------------------------------------------------------------------------------+---------------------------------------------------------------+--------------------------------------------------------+--------------+------------+------------+
; -2.318 ; keyboard_top:u_kbd|ps2:uPS2|keyboard:u1|scan_code[4]                 ; keyboard_top:u_kbd|keyboard_ctrl:Ukeycontrol|speed_sel_bottom_reg[1]                          ; keyboard_top:u_kbd|ps2:uPS2|keyboard:u1|keyboard_clk_filtered ; u_pll|uPLL|altpll_component|auto_generated|pll1|clk[0] ; 1.000        ; -1.691     ; 1.564      ;
; -2.318 ; keyboard_top:u_kbd|ps2:uPS2|keyboard:u1|scan_code[4]                 ; keyboard_top:u_kbd|keyboard_ctrl:Ukeycontrol|speed_sel_bottom_reg[0]                          ; keyboard_top:u_kbd|ps2:uPS2|keyboard:u1|keyboard_clk_filtered ; u_pll|uPLL|altpll_component|auto_generated|pll1|clk[0] ; 1.000        ; -1.691     ; 1.564      ;
; -2.286 ; keyboard_top:u_kbd|ps2:uPS2|keyboard:u1|scan_code[3]                 ; keyboard_top:u_kbd|keyboard_ctrl:Ukeycontrol|speed_sel_bottom_reg[1]                          ; keyboard_top:u_kbd|ps2:uPS2|keyboard:u1|keyboard_clk_filtered ; u_pll|uPLL|altpll_component|auto_generated|pll1|clk[0] ; 1.000        ; -1.691     ; 1.532      ;
; -2.286 ; keyboard_top:u_kbd|ps2:uPS2|keyboard:u1|scan_code[3]                 ; keyboard_top:u_kbd|keyboard_ctrl:Ukeycontrol|speed_sel_bottom_reg[0]                          ; keyboard_top:u_kbd|ps2:uPS2|keyboard:u1|keyboard_clk_filtered ; u_pll|uPLL|altpll_component|auto_generated|pll1|clk[0] ; 1.000        ; -1.691     ; 1.532      ;
; -2.222 ; keyboard_top:u_kbd|ps2:uPS2|keyboard:u1|scan_code[3]                 ; keyboard_top:u_kbd|keyboard_ctrl:Ukeycontrol|state_reg                                        ; keyboard_top:u_kbd|ps2:uPS2|keyboard:u1|keyboard_clk_filtered ; u_pll|uPLL|altpll_component|auto_generated|pll1|clk[0] ; 1.000        ; -1.497     ; 1.662      ;
; -2.212 ; keyboard_top:u_kbd|ps2:uPS2|keyboard:u1|scan_code[4]                 ; keyboard_top:u_kbd|keyboard_ctrl:Ukeycontrol|state_reg                                        ; keyboard_top:u_kbd|ps2:uPS2|keyboard:u1|keyboard_clk_filtered ; u_pll|uPLL|altpll_component|auto_generated|pll1|clk[0] ; 1.000        ; -1.497     ; 1.652      ;
; -2.199 ; keyboard_top:u_kbd|ps2:uPS2|keyboard:u1|scan_code[0]                 ; keyboard_top:u_kbd|keyboard_ctrl:Ukeycontrol|speed_sel_bottom_reg[1]                          ; keyboard_top:u_kbd|ps2:uPS2|keyboard:u1|keyboard_clk_filtered ; u_pll|uPLL|altpll_component|auto_generated|pll1|clk[0] ; 1.000        ; -1.691     ; 1.445      ;
; -2.199 ; keyboard_top:u_kbd|ps2:uPS2|keyboard:u1|scan_code[0]                 ; keyboard_top:u_kbd|keyboard_ctrl:Ukeycontrol|speed_sel_bottom_reg[0]                          ; keyboard_top:u_kbd|ps2:uPS2|keyboard:u1|keyboard_clk_filtered ; u_pll|uPLL|altpll_component|auto_generated|pll1|clk[0] ; 1.000        ; -1.691     ; 1.445      ;
; -2.174 ; keyboard_top:u_kbd|ps2:uPS2|keyboard:u1|scan_code[5]                 ; keyboard_top:u_kbd|keyboard_ctrl:Ukeycontrol|speed_sel_top_reg[0]                             ; keyboard_top:u_kbd|ps2:uPS2|keyboard:u1|keyboard_clk_filtered ; u_pll|uPLL|altpll_component|auto_generated|pll1|clk[0] ; 1.000        ; -1.692     ; 1.419      ;
; -2.174 ; keyboard_top:u_kbd|ps2:uPS2|keyboard:u1|scan_code[5]                 ; keyboard_top:u_kbd|keyboard_ctrl:Ukeycontrol|speed_sel_top_reg[1]                             ; keyboard_top:u_kbd|ps2:uPS2|keyboard:u1|keyboard_clk_filtered ; u_pll|uPLL|altpll_component|auto_generated|pll1|clk[0] ; 1.000        ; -1.692     ; 1.419      ;
; -2.150 ; keyboard_top:u_kbd|ps2:uPS2|keyboard:u1|scan_code[0]                 ; keyboard_top:u_kbd|keyboard_ctrl:Ukeycontrol|speed_sel_top_reg[0]                             ; keyboard_top:u_kbd|ps2:uPS2|keyboard:u1|keyboard_clk_filtered ; u_pll|uPLL|altpll_component|auto_generated|pll1|clk[0] ; 1.000        ; -1.692     ; 1.395      ;
; -2.150 ; keyboard_top:u_kbd|ps2:uPS2|keyboard:u1|scan_code[0]                 ; keyboard_top:u_kbd|keyboard_ctrl:Ukeycontrol|speed_sel_top_reg[1]                             ; keyboard_top:u_kbd|ps2:uPS2|keyboard:u1|keyboard_clk_filtered ; u_pll|uPLL|altpll_component|auto_generated|pll1|clk[0] ; 1.000        ; -1.692     ; 1.395      ;
; -2.120 ; keyboard_top:u_kbd|ps2:uPS2|keyboard:u1|scan_code[1]                 ; keyboard_top:u_kbd|keyboard_ctrl:Ukeycontrol|speed_sel_top_reg[0]                             ; keyboard_top:u_kbd|ps2:uPS2|keyboard:u1|keyboard_clk_filtered ; u_pll|uPLL|altpll_component|auto_generated|pll1|clk[0] ; 1.000        ; -1.692     ; 1.365      ;
; -2.120 ; keyboard_top:u_kbd|ps2:uPS2|keyboard:u1|scan_code[1]                 ; keyboard_top:u_kbd|keyboard_ctrl:Ukeycontrol|speed_sel_top_reg[1]                             ; keyboard_top:u_kbd|ps2:uPS2|keyboard:u1|keyboard_clk_filtered ; u_pll|uPLL|altpll_component|auto_generated|pll1|clk[0] ; 1.000        ; -1.692     ; 1.365      ;
; -2.097 ; keyboard_top:u_kbd|ps2:uPS2|keyboard:u1|scan_code[4]                 ; keyboard_top:u_kbd|keyboard_ctrl:Ukeycontrol|speed_sel_top_reg[0]                             ; keyboard_top:u_kbd|ps2:uPS2|keyboard:u1|keyboard_clk_filtered ; u_pll|uPLL|altpll_component|auto_generated|pll1|clk[0] ; 1.000        ; -1.692     ; 1.342      ;
; -2.097 ; keyboard_top:u_kbd|ps2:uPS2|keyboard:u1|scan_code[4]                 ; keyboard_top:u_kbd|keyboard_ctrl:Ukeycontrol|speed_sel_top_reg[1]                             ; keyboard_top:u_kbd|ps2:uPS2|keyboard:u1|keyboard_clk_filtered ; u_pll|uPLL|altpll_component|auto_generated|pll1|clk[0] ; 1.000        ; -1.692     ; 1.342      ;
; -2.081 ; keyboard_top:u_kbd|ps2:uPS2|keyboard:u1|scan_code[2]                 ; keyboard_top:u_kbd|keyboard_ctrl:Ukeycontrol|speed_sel_bottom_reg[1]                          ; keyboard_top:u_kbd|ps2:uPS2|keyboard:u1|keyboard_clk_filtered ; u_pll|uPLL|altpll_component|auto_generated|pll1|clk[0] ; 1.000        ; -1.691     ; 1.327      ;
; -2.081 ; keyboard_top:u_kbd|ps2:uPS2|keyboard:u1|scan_code[2]                 ; keyboard_top:u_kbd|keyboard_ctrl:Ukeycontrol|speed_sel_bottom_reg[0]                          ; keyboard_top:u_kbd|ps2:uPS2|keyboard:u1|keyboard_clk_filtered ; u_pll|uPLL|altpll_component|auto_generated|pll1|clk[0] ; 1.000        ; -1.691     ; 1.327      ;
; -2.074 ; keyboard_top:u_kbd|ps2:uPS2|keyboard:u1|scan_code[3]                 ; keyboard_top:u_kbd|keyboard_ctrl:Ukeycontrol|speed_sel_top_reg[0]                             ; keyboard_top:u_kbd|ps2:uPS2|keyboard:u1|keyboard_clk_filtered ; u_pll|uPLL|altpll_component|auto_generated|pll1|clk[0] ; 1.000        ; -1.692     ; 1.319      ;
; -2.074 ; keyboard_top:u_kbd|ps2:uPS2|keyboard:u1|scan_code[3]                 ; keyboard_top:u_kbd|keyboard_ctrl:Ukeycontrol|speed_sel_top_reg[1]                             ; keyboard_top:u_kbd|ps2:uPS2|keyboard:u1|keyboard_clk_filtered ; u_pll|uPLL|altpll_component|auto_generated|pll1|clk[0] ; 1.000        ; -1.692     ; 1.319      ;
; -2.048 ; keyboard_top:u_kbd|ps2:uPS2|keyboard:u1|scan_code[0]                 ; keyboard_top:u_kbd|keyboard_ctrl:Ukeycontrol|state_reg                                        ; keyboard_top:u_kbd|ps2:uPS2|keyboard:u1|keyboard_clk_filtered ; u_pll|uPLL|altpll_component|auto_generated|pll1|clk[0] ; 1.000        ; -1.497     ; 1.488      ;
; -2.045 ; keyboard_top:u_kbd|ps2:uPS2|keyboard:u1|scan_code[1]                 ; keyboard_top:u_kbd|keyboard_ctrl:Ukeycontrol|speed_sel_bottom_reg[1]                          ; keyboard_top:u_kbd|ps2:uPS2|keyboard:u1|keyboard_clk_filtered ; u_pll|uPLL|altpll_component|auto_generated|pll1|clk[0] ; 1.000        ; -1.691     ; 1.291      ;
; -2.045 ; keyboard_top:u_kbd|ps2:uPS2|keyboard:u1|scan_code[1]                 ; keyboard_top:u_kbd|keyboard_ctrl:Ukeycontrol|speed_sel_bottom_reg[0]                          ; keyboard_top:u_kbd|ps2:uPS2|keyboard:u1|keyboard_clk_filtered ; u_pll|uPLL|altpll_component|auto_generated|pll1|clk[0] ; 1.000        ; -1.691     ; 1.291      ;
; -2.036 ; keyboard_top:u_kbd|ps2:uPS2|keyboard:u1|scan_code[6]                 ; keyboard_top:u_kbd|keyboard_ctrl:Ukeycontrol|state_reg                                        ; keyboard_top:u_kbd|ps2:uPS2|keyboard:u1|keyboard_clk_filtered ; u_pll|uPLL|altpll_component|auto_generated|pll1|clk[0] ; 1.000        ; -1.497     ; 1.476      ;
; -2.008 ; keyboard_top:u_kbd|ps2:uPS2|keyboard:u1|scan_code[2]                 ; keyboard_top:u_kbd|keyboard_ctrl:Ukeycontrol|speed_sel_top_reg[0]                             ; keyboard_top:u_kbd|ps2:uPS2|keyboard:u1|keyboard_clk_filtered ; u_pll|uPLL|altpll_component|auto_generated|pll1|clk[0] ; 1.000        ; -1.692     ; 1.253      ;
; -2.008 ; keyboard_top:u_kbd|ps2:uPS2|keyboard:u1|scan_code[2]                 ; keyboard_top:u_kbd|keyboard_ctrl:Ukeycontrol|speed_sel_top_reg[1]                             ; keyboard_top:u_kbd|ps2:uPS2|keyboard:u1|keyboard_clk_filtered ; u_pll|uPLL|altpll_component|auto_generated|pll1|clk[0] ; 1.000        ; -1.692     ; 1.253      ;
; -2.005 ; keyboard_top:u_kbd|ps2:uPS2|keyboard:u1|scan_code[7]                 ; keyboard_top:u_kbd|keyboard_ctrl:Ukeycontrol|speed_sel_bottom_reg[1]                          ; keyboard_top:u_kbd|ps2:uPS2|keyboard:u1|keyboard_clk_filtered ; u_pll|uPLL|altpll_component|auto_generated|pll1|clk[0] ; 1.000        ; -1.691     ; 1.251      ;
; -2.005 ; keyboard_top:u_kbd|ps2:uPS2|keyboard:u1|scan_code[7]                 ; keyboard_top:u_kbd|keyboard_ctrl:Ukeycontrol|speed_sel_bottom_reg[0]                          ; keyboard_top:u_kbd|ps2:uPS2|keyboard:u1|keyboard_clk_filtered ; u_pll|uPLL|altpll_component|auto_generated|pll1|clk[0] ; 1.000        ; -1.691     ; 1.251      ;
; -1.970 ; keyboard_top:u_kbd|ps2:uPS2|keyboard:u1|scan_code[6]                 ; keyboard_top:u_kbd|keyboard_ctrl:Ukeycontrol|speed_sel_top_reg[0]                             ; keyboard_top:u_kbd|ps2:uPS2|keyboard:u1|keyboard_clk_filtered ; u_pll|uPLL|altpll_component|auto_generated|pll1|clk[0] ; 1.000        ; -1.692     ; 1.215      ;
; -1.970 ; keyboard_top:u_kbd|ps2:uPS2|keyboard:u1|scan_code[6]                 ; keyboard_top:u_kbd|keyboard_ctrl:Ukeycontrol|speed_sel_top_reg[1]                             ; keyboard_top:u_kbd|ps2:uPS2|keyboard:u1|keyboard_clk_filtered ; u_pll|uPLL|altpll_component|auto_generated|pll1|clk[0] ; 1.000        ; -1.692     ; 1.215      ;
; -1.968 ; keyboard_top:u_kbd|ps2:uPS2|keyboard:u1|scan_code[1]                 ; keyboard_top:u_kbd|keyboard_ctrl:Ukeycontrol|state_reg                                        ; keyboard_top:u_kbd|ps2:uPS2|keyboard:u1|keyboard_clk_filtered ; u_pll|uPLL|altpll_component|auto_generated|pll1|clk[0] ; 1.000        ; -1.497     ; 1.408      ;
; -1.944 ; keyboard_top:u_kbd|ps2:uPS2|keyboard:u1|scan_code[6]                 ; keyboard_top:u_kbd|keyboard_ctrl:Ukeycontrol|speed_sel_bottom_reg[1]                          ; keyboard_top:u_kbd|ps2:uPS2|keyboard:u1|keyboard_clk_filtered ; u_pll|uPLL|altpll_component|auto_generated|pll1|clk[0] ; 1.000        ; -1.691     ; 1.190      ;
; -1.944 ; keyboard_top:u_kbd|ps2:uPS2|keyboard:u1|scan_code[6]                 ; keyboard_top:u_kbd|keyboard_ctrl:Ukeycontrol|speed_sel_bottom_reg[0]                          ; keyboard_top:u_kbd|ps2:uPS2|keyboard:u1|keyboard_clk_filtered ; u_pll|uPLL|altpll_component|auto_generated|pll1|clk[0] ; 1.000        ; -1.691     ; 1.190      ;
; -1.913 ; keyboard_top:u_kbd|ps2:uPS2|keyboard:u1|scan_code[5]                 ; keyboard_top:u_kbd|keyboard_ctrl:Ukeycontrol|speed_sel_bottom_reg[1]                          ; keyboard_top:u_kbd|ps2:uPS2|keyboard:u1|keyboard_clk_filtered ; u_pll|uPLL|altpll_component|auto_generated|pll1|clk[0] ; 1.000        ; -1.691     ; 1.159      ;
; -1.913 ; keyboard_top:u_kbd|ps2:uPS2|keyboard:u1|scan_code[5]                 ; keyboard_top:u_kbd|keyboard_ctrl:Ukeycontrol|speed_sel_bottom_reg[0]                          ; keyboard_top:u_kbd|ps2:uPS2|keyboard:u1|keyboard_clk_filtered ; u_pll|uPLL|altpll_component|auto_generated|pll1|clk[0] ; 1.000        ; -1.691     ; 1.159      ;
; -1.842 ; keyboard_top:u_kbd|ps2:uPS2|keyboard:u1|scan_code[7]                 ; keyboard_top:u_kbd|keyboard_ctrl:Ukeycontrol|speed_sel_top_reg[0]                             ; keyboard_top:u_kbd|ps2:uPS2|keyboard:u1|keyboard_clk_filtered ; u_pll|uPLL|altpll_component|auto_generated|pll1|clk[0] ; 1.000        ; -1.692     ; 1.087      ;
; -1.842 ; keyboard_top:u_kbd|ps2:uPS2|keyboard:u1|scan_code[7]                 ; keyboard_top:u_kbd|keyboard_ctrl:Ukeycontrol|speed_sel_top_reg[1]                             ; keyboard_top:u_kbd|ps2:uPS2|keyboard:u1|keyboard_clk_filtered ; u_pll|uPLL|altpll_component|auto_generated|pll1|clk[0] ; 1.000        ; -1.692     ; 1.087      ;
; -1.788 ; keyboard_top:u_kbd|ps2:uPS2|keyboard:u1|scan_code[5]                 ; keyboard_top:u_kbd|keyboard_ctrl:Ukeycontrol|state_reg                                        ; keyboard_top:u_kbd|ps2:uPS2|keyboard:u1|keyboard_clk_filtered ; u_pll|uPLL|altpll_component|auto_generated|pll1|clk[0] ; 1.000        ; -1.497     ; 1.228      ;
; -1.737 ; keyboard_top:u_kbd|ps2:uPS2|keyboard:u1|scan_code[2]                 ; keyboard_top:u_kbd|keyboard_ctrl:Ukeycontrol|fire_pulse_top_reg                               ; keyboard_top:u_kbd|ps2:uPS2|keyboard:u1|keyboard_clk_filtered ; u_pll|uPLL|altpll_component|auto_generated|pll1|clk[0] ; 1.000        ; -1.512     ; 1.162      ;
; -1.733 ; keyboard_top:u_kbd|ps2:uPS2|keyboard:u1|scan_code[2]                 ; keyboard_top:u_kbd|keyboard_ctrl:Ukeycontrol|fire_pulse_bottom_reg                            ; keyboard_top:u_kbd|ps2:uPS2|keyboard:u1|keyboard_clk_filtered ; u_pll|uPLL|altpll_component|auto_generated|pll1|clk[0] ; 1.000        ; -1.512     ; 1.158      ;
; -1.702 ; keyboard_top:u_kbd|ps2:uPS2|keyboard:u1|scan_code[3]                 ; keyboard_top:u_kbd|keyboard_ctrl:Ukeycontrol|fire_pulse_top_reg                               ; keyboard_top:u_kbd|ps2:uPS2|keyboard:u1|keyboard_clk_filtered ; u_pll|uPLL|altpll_component|auto_generated|pll1|clk[0] ; 1.000        ; -1.512     ; 1.127      ;
; -1.661 ; keyboard_top:u_kbd|ps2:uPS2|keyboard:u1|scan_code[7]                 ; keyboard_top:u_kbd|keyboard_ctrl:Ukeycontrol|fire_pulse_top_reg                               ; keyboard_top:u_kbd|ps2:uPS2|keyboard:u1|keyboard_clk_filtered ; u_pll|uPLL|altpll_component|auto_generated|pll1|clk[0] ; 1.000        ; -1.512     ; 1.086      ;
; -1.660 ; keyboard_top:u_kbd|ps2:uPS2|keyboard:u1|scan_code[0]                 ; keyboard_top:u_kbd|keyboard_ctrl:Ukeycontrol|fire_pulse_top_reg                               ; keyboard_top:u_kbd|ps2:uPS2|keyboard:u1|keyboard_clk_filtered ; u_pll|uPLL|altpll_component|auto_generated|pll1|clk[0] ; 1.000        ; -1.512     ; 1.085      ;
; -1.657 ; keyboard_top:u_kbd|ps2:uPS2|keyboard:u1|scan_code[7]                 ; keyboard_top:u_kbd|keyboard_ctrl:Ukeycontrol|fire_pulse_bottom_reg                            ; keyboard_top:u_kbd|ps2:uPS2|keyboard:u1|keyboard_clk_filtered ; u_pll|uPLL|altpll_component|auto_generated|pll1|clk[0] ; 1.000        ; -1.512     ; 1.082      ;
; -1.655 ; keyboard_top:u_kbd|ps2:uPS2|keyboard:u1|scan_code[3]                 ; keyboard_top:u_kbd|keyboard_ctrl:Ukeycontrol|fire_pulse_bottom_reg                            ; keyboard_top:u_kbd|ps2:uPS2|keyboard:u1|keyboard_clk_filtered ; u_pll|uPLL|altpll_component|auto_generated|pll1|clk[0] ; 1.000        ; -1.512     ; 1.080      ;
; -1.610 ; keyboard_top:u_kbd|ps2:uPS2|keyboard:u1|scan_code[0]                 ; keyboard_top:u_kbd|keyboard_ctrl:Ukeycontrol|fire_pulse_bottom_reg                            ; keyboard_top:u_kbd|ps2:uPS2|keyboard:u1|keyboard_clk_filtered ; u_pll|uPLL|altpll_component|auto_generated|pll1|clk[0] ; 1.000        ; -1.512     ; 1.035      ;
; -1.542 ; keyboard_top:u_kbd|ps2:uPS2|keyboard:u1|scan_code[4]                 ; keyboard_top:u_kbd|keyboard_ctrl:Ukeycontrol|fire_pulse_bottom_reg                            ; keyboard_top:u_kbd|ps2:uPS2|keyboard:u1|keyboard_clk_filtered ; u_pll|uPLL|altpll_component|auto_generated|pll1|clk[0] ; 1.000        ; -1.512     ; 0.967      ;
; -1.497 ; keyboard_top:u_kbd|ps2:uPS2|keyboard:u1|scan_code[4]                 ; keyboard_top:u_kbd|keyboard_ctrl:Ukeycontrol|fire_pulse_top_reg                               ; keyboard_top:u_kbd|ps2:uPS2|keyboard:u1|keyboard_clk_filtered ; u_pll|uPLL|altpll_component|auto_generated|pll1|clk[0] ; 1.000        ; -1.512     ; 0.922      ;
; -1.486 ; keyboard_top:u_kbd|ps2:uPS2|keyboard:u1|scan_code[1]                 ; keyboard_top:u_kbd|keyboard_ctrl:Ukeycontrol|fire_pulse_bottom_reg                            ; keyboard_top:u_kbd|ps2:uPS2|keyboard:u1|keyboard_clk_filtered ; u_pll|uPLL|altpll_component|auto_generated|pll1|clk[0] ; 1.000        ; -1.512     ; 0.911      ;
; -1.462 ; keyboard_top:u_kbd|ps2:uPS2|keyboard:u1|scan_code[1]                 ; keyboard_top:u_kbd|keyboard_ctrl:Ukeycontrol|fire_pulse_top_reg                               ; keyboard_top:u_kbd|ps2:uPS2|keyboard:u1|keyboard_clk_filtered ; u_pll|uPLL|altpll_component|auto_generated|pll1|clk[0] ; 1.000        ; -1.512     ; 0.887      ;
; -1.348 ; keyboard_top:u_kbd|ps2:uPS2|keyboard:u1|scan_code[7]                 ; keyboard_top:u_kbd|keyboard_ctrl:Ukeycontrol|state_reg                                        ; keyboard_top:u_kbd|ps2:uPS2|keyboard:u1|keyboard_clk_filtered ; u_pll|uPLL|altpll_component|auto_generated|pll1|clk[0] ; 1.000        ; -1.497     ; 0.788      ;
; -1.308 ; keyboard_top:u_kbd|ps2:uPS2|keyboard:u1|scan_code[6]                 ; keyboard_top:u_kbd|keyboard_ctrl:Ukeycontrol|fire_pulse_top_reg                               ; keyboard_top:u_kbd|ps2:uPS2|keyboard:u1|keyboard_clk_filtered ; u_pll|uPLL|altpll_component|auto_generated|pll1|clk[0] ; 1.000        ; -1.512     ; 0.733      ;
; -1.289 ; keyboard_top:u_kbd|ps2:uPS2|keyboard:u1|scan_code[6]                 ; keyboard_top:u_kbd|keyboard_ctrl:Ukeycontrol|fire_pulse_bottom_reg                            ; keyboard_top:u_kbd|ps2:uPS2|keyboard:u1|keyboard_clk_filtered ; u_pll|uPLL|altpll_component|auto_generated|pll1|clk[0] ; 1.000        ; -1.512     ; 0.714      ;
; -1.273 ; keyboard_top:u_kbd|ps2:uPS2|keyboard:u1|scan_code[2]                 ; keyboard_top:u_kbd|keyboard_ctrl:Ukeycontrol|state_reg                                        ; keyboard_top:u_kbd|ps2:uPS2|keyboard:u1|keyboard_clk_filtered ; u_pll|uPLL|altpll_component|auto_generated|pll1|clk[0] ; 1.000        ; -1.497     ; 0.713      ;
; -1.201 ; keyboard_top:u_kbd|ps2:uPS2|keyboard:u1|scan_code[5]                 ; keyboard_top:u_kbd|keyboard_ctrl:Ukeycontrol|fire_pulse_bottom_reg                            ; keyboard_top:u_kbd|ps2:uPS2|keyboard:u1|keyboard_clk_filtered ; u_pll|uPLL|altpll_component|auto_generated|pll1|clk[0] ; 1.000        ; -1.512     ; 0.626      ;
; -1.177 ; keyboard_top:u_kbd|ps2:uPS2|keyboard:u1|scan_code[5]                 ; keyboard_top:u_kbd|keyboard_ctrl:Ukeycontrol|fire_pulse_top_reg                               ; keyboard_top:u_kbd|ps2:uPS2|keyboard:u1|keyboard_clk_filtered ; u_pll|uPLL|altpll_component|auto_generated|pll1|clk[0] ; 1.000        ; -1.512     ; 0.602      ;
; -0.759 ; keyboard_top:u_kbd|ps2:uPS2|keyboard:u1|scan_ready                   ; keyboard_top:u_kbd|keyboard_ctrl:Ukeycontrol|speed_sel_bottom_reg[1]                          ; keyboard_top:u_kbd|ps2:uPS2|keyboard:u1|ready_set             ; u_pll|uPLL|altpll_component|auto_generated|pll1|clk[0] ; 1.000        ; -0.757     ; 0.949      ;
; -0.759 ; keyboard_top:u_kbd|ps2:uPS2|keyboard:u1|scan_ready                   ; keyboard_top:u_kbd|keyboard_ctrl:Ukeycontrol|speed_sel_bottom_reg[0]                          ; keyboard_top:u_kbd|ps2:uPS2|keyboard:u1|ready_set             ; u_pll|uPLL|altpll_component|auto_generated|pll1|clk[0] ; 1.000        ; -0.757     ; 0.949      ;
; -0.670 ; keyboard_top:u_kbd|ps2:uPS2|keyboard:u1|scan_ready                   ; keyboard_top:u_kbd|keyboard_ctrl:Ukeycontrol|speed_sel_top_reg[0]                             ; keyboard_top:u_kbd|ps2:uPS2|keyboard:u1|ready_set             ; u_pll|uPLL|altpll_component|auto_generated|pll1|clk[0] ; 1.000        ; -0.758     ; 0.859      ;
; -0.670 ; keyboard_top:u_kbd|ps2:uPS2|keyboard:u1|scan_ready                   ; keyboard_top:u_kbd|keyboard_ctrl:Ukeycontrol|speed_sel_top_reg[1]                             ; keyboard_top:u_kbd|ps2:uPS2|keyboard:u1|ready_set             ; u_pll|uPLL|altpll_component|auto_generated|pll1|clk[0] ; 1.000        ; -0.758     ; 0.859      ;
; -0.499 ; keyboard_top:u_kbd|ps2:uPS2|keyboard:u1|keyboard_clk_filtered        ; keyboard_top:u_kbd|ps2:uPS2|keyboard:u1|keyboard_clk_filtered                                 ; keyboard_top:u_kbd|ps2:uPS2|keyboard:u1|keyboard_clk_filtered ; u_pll|uPLL|altpll_component|auto_generated|pll1|clk[0] ; 0.500        ; -0.099     ; 0.942      ;
; -0.481 ; keyboard_top:u_kbd|ps2:uPS2|keyboard:u1|scan_ready                   ; keyboard_top:u_kbd|keyboard_ctrl:Ukeycontrol|state_reg                                        ; keyboard_top:u_kbd|ps2:uPS2|keyboard:u1|ready_set             ; u_pll|uPLL|altpll_component|auto_generated|pll1|clk[0] ; 1.000        ; -0.563     ; 0.865      ;
; -0.467 ; keyboard_top:u_kbd|ps2:uPS2|keyboard:u1|scan_ready                   ; keyboard_top:u_kbd|ps2:uPS2|oneshot:pulser|delay                                              ; keyboard_top:u_kbd|ps2:uPS2|keyboard:u1|ready_set             ; u_pll|uPLL|altpll_component|auto_generated|pll1|clk[0] ; 1.000        ; -0.757     ; 0.657      ;
; -0.458 ; keyboard_top:u_kbd|ps2:uPS2|keyboard:u1|scan_ready                   ; keyboard_top:u_kbd|keyboard_ctrl:Ukeycontrol|fire_pulse_top_reg                               ; keyboard_top:u_kbd|ps2:uPS2|keyboard:u1|ready_set             ; u_pll|uPLL|altpll_component|auto_generated|pll1|clk[0] ; 1.000        ; -0.578     ; 0.827      ;
; -0.454 ; keyboard_top:u_kbd|ps2:uPS2|keyboard:u1|scan_ready                   ; keyboard_top:u_kbd|keyboard_ctrl:Ukeycontrol|fire_pulse_bottom_reg                            ; keyboard_top:u_kbd|ps2:uPS2|keyboard:u1|ready_set             ; u_pll|uPLL|altpll_component|auto_generated|pll1|clk[0] ; 1.000        ; -0.578     ; 0.823      ;
; -0.383 ; keyboard_top:u_kbd|ps2:uPS2|keyboard:u1|scan_ready                   ; keyboard_top:u_kbd|ps2:uPS2|oneshot:pulser|pulse_out                                          ; keyboard_top:u_kbd|ps2:uPS2|keyboard:u1|ready_set             ; u_pll|uPLL|altpll_component|auto_generated|pll1|clk[0] ; 1.000        ; -0.757     ; 0.573      ;
; 0.099  ; keyboard_top:u_kbd|ps2:uPS2|keyboard:u1|keyboard_clk_filtered        ; keyboard_top:u_kbd|ps2:uPS2|keyboard:u1|keyboard_clk_filtered                                 ; keyboard_top:u_kbd|ps2:uPS2|keyboard:u1|keyboard_clk_filtered ; u_pll|uPLL|altpll_component|auto_generated|pll1|clk[0] ; 1.000        ; -0.099     ; 0.844      ;
; 5.184  ; keyboard_top:u_kbd|keyboard_ctrl:Ukeycontrol|speed_sel_bottom_reg[1] ; bullet_bottom_top:u_bullets_bottom|tank_bullet_bottom_refine:\gen_bullets:1:u_bullet|x_reg[8] ; u_pll|uPLL|altpll_component|auto_generated|pll1|clk[0]        ; u_pll|uPLL|altpll_component|auto_generated|pll1|clk[0] ; 10.000       ; -0.045     ; 4.758      ;
; 5.196  ; keyboard_top:u_kbd|keyboard_ctrl:Ukeycontrol|speed_sel_top_reg[1]    ; bullet_top_top:u_bullets_top|tank_bullet_top_refine:\gen_bullets:1:u_bullet|x_reg[9]          ; u_pll|uPLL|altpll_component|auto_generated|pll1|clk[0]        ; u_pll|uPLL|altpll_component|auto_generated|pll1|clk[0] ; 10.000       ; -0.044     ; 4.747      ;
; 5.213  ; keyboard_top:u_kbd|keyboard_ctrl:Ukeycontrol|speed_sel_bottom_reg[1] ; bullet_bottom_top:u_bullets_bottom|tank_bullet_bottom_refine:\gen_bullets:4:u_bullet|x_reg[8] ; u_pll|uPLL|altpll_component|auto_generated|pll1|clk[0]        ; u_pll|uPLL|altpll_component|auto_generated|pll1|clk[0] ; 10.000       ; 0.138      ; 4.912      ;
; 5.225  ; keyboard_top:u_kbd|keyboard_ctrl:Ukeycontrol|speed_sel_bottom_reg[0] ; bullet_bottom_top:u_bullets_bottom|tank_bullet_bottom_refine:\gen_bullets:1:u_bullet|x_reg[8] ; u_pll|uPLL|altpll_component|auto_generated|pll1|clk[0]        ; u_pll|uPLL|altpll_component|auto_generated|pll1|clk[0] ; 10.000       ; -0.045     ; 4.717      ;
; 5.227  ; keyboard_top:u_kbd|keyboard_ctrl:Ukeycontrol|speed_sel_bottom_reg[1] ; bullet_bottom_top:u_bullets_bottom|tank_bullet_bottom_refine:\gen_bullets:1:u_bullet|x_reg[9] ; u_pll|uPLL|altpll_component|auto_generated|pll1|clk[0]        ; u_pll|uPLL|altpll_component|auto_generated|pll1|clk[0] ; 10.000       ; -0.045     ; 4.715      ;
; 5.243  ; keyboard_top:u_kbd|keyboard_ctrl:Ukeycontrol|speed_sel_top_reg[1]    ; bullet_top_top:u_bullets_top|tank_bullet_top_refine:\gen_bullets:1:u_bullet|x_reg[8]          ; u_pll|uPLL|altpll_component|auto_generated|pll1|clk[0]        ; u_pll|uPLL|altpll_component|auto_generated|pll1|clk[0] ; 10.000       ; -0.044     ; 4.700      ;
; 5.248  ; keyboard_top:u_kbd|keyboard_ctrl:Ukeycontrol|speed_sel_bottom_reg[1] ; bullet_bottom_top:u_bullets_bottom|tank_bullet_bottom_refine:\gen_bullets:2:u_bullet|x_reg[8] ; u_pll|uPLL|altpll_component|auto_generated|pll1|clk[0]        ; u_pll|uPLL|altpll_component|auto_generated|pll1|clk[0] ; 10.000       ; -0.049     ; 4.690      ;
; 5.254  ; keyboard_top:u_kbd|keyboard_ctrl:Ukeycontrol|speed_sel_bottom_reg[0] ; bullet_bottom_top:u_bullets_bottom|tank_bullet_bottom_refine:\gen_bullets:4:u_bullet|x_reg[8] ; u_pll|uPLL|altpll_component|auto_generated|pll1|clk[0]        ; u_pll|uPLL|altpll_component|auto_generated|pll1|clk[0] ; 10.000       ; 0.138      ; 4.871      ;
; 5.255  ; tank_top:u_tank_top|dir_reg                                          ; bullet_top_top:u_bullets_top|tank_bullet_top_refine:\gen_bullets:1:u_bullet|x_reg[9]          ; u_pll|uPLL|altpll_component|auto_generated|pll1|clk[0]        ; u_pll|uPLL|altpll_component|auto_generated|pll1|clk[0] ; 10.000       ; -0.047     ; 4.685      ;
; 5.261  ; keyboard_top:u_kbd|keyboard_ctrl:Ukeycontrol|speed_sel_top_reg[1]    ; bullet_top_top:u_bullets_top|tank_bullet_top_refine:\gen_bullets:1:u_bullet|x_reg[6]          ; u_pll|uPLL|altpll_component|auto_generated|pll1|clk[0]        ; u_pll|uPLL|altpll_component|auto_generated|pll1|clk[0] ; 10.000       ; -0.044     ; 4.682      ;
; 5.268  ; keyboard_top:u_kbd|keyboard_ctrl:Ukeycontrol|speed_sel_bottom_reg[0] ; bullet_bottom_top:u_bullets_bottom|tank_bullet_bottom_refine:\gen_bullets:1:u_bullet|x_reg[9] ; u_pll|uPLL|altpll_component|auto_generated|pll1|clk[0]        ; u_pll|uPLL|altpll_component|auto_generated|pll1|clk[0] ; 10.000       ; -0.045     ; 4.674      ;
; 5.276  ; keyboard_top:u_kbd|keyboard_ctrl:Ukeycontrol|speed_sel_top_reg[0]    ; bullet_top_top:u_bullets_top|tank_bullet_top_refine:\gen_bullets:1:u_bullet|x_reg[9]          ; u_pll|uPLL|altpll_component|auto_generated|pll1|clk[0]        ; u_pll|uPLL|altpll_component|auto_generated|pll1|clk[0] ; 10.000       ; -0.044     ; 4.667      ;
; 5.279  ; keyboard_top:u_kbd|keyboard_ctrl:Ukeycontrol|speed_sel_bottom_reg[1] ; bullet_bottom_top:u_bullets_bottom|tank_bullet_bottom_refine:\gen_bullets:4:u_bullet|x_reg[6] ; u_pll|uPLL|altpll_component|auto_generated|pll1|clk[0]        ; u_pll|uPLL|altpll_component|auto_generated|pll1|clk[0] ; 10.000       ; 0.138      ; 4.846      ;
; 5.289  ; keyboard_top:u_kbd|keyboard_ctrl:Ukeycontrol|speed_sel_bottom_reg[0] ; bullet_bottom_top:u_bullets_bottom|tank_bullet_bottom_refine:\gen_bullets:2:u_bullet|x_reg[8] ; u_pll|uPLL|altpll_component|auto_generated|pll1|clk[0]        ; u_pll|uPLL|altpll_component|auto_generated|pll1|clk[0] ; 10.000       ; -0.049     ; 4.649      ;
; 5.293  ; keyboard_top:u_kbd|keyboard_ctrl:Ukeycontrol|speed_sel_bottom_reg[1] ; bullet_bottom_top:u_bullets_bottom|tank_bullet_bottom_refine:\gen_bullets:1:u_bullet|x_reg[7] ; u_pll|uPLL|altpll_component|auto_generated|pll1|clk[0]        ; u_pll|uPLL|altpll_component|auto_generated|pll1|clk[0] ; 10.000       ; -0.045     ; 4.649      ;
; 5.302  ; tank_top:u_tank_top|dir_reg                                          ; bullet_top_top:u_bullets_top|tank_bullet_top_refine:\gen_bullets:1:u_bullet|x_reg[8]          ; u_pll|uPLL|altpll_component|auto_generated|pll1|clk[0]        ; u_pll|uPLL|altpll_component|auto_generated|pll1|clk[0] ; 10.000       ; -0.047     ; 4.638      ;
; 5.320  ; tank_top:u_tank_top|dir_reg                                          ; bullet_top_top:u_bullets_top|tank_bullet_top_refine:\gen_bullets:1:u_bullet|x_reg[6]          ; u_pll|uPLL|altpll_component|auto_generated|pll1|clk[0]        ; u_pll|uPLL|altpll_component|auto_generated|pll1|clk[0] ; 10.000       ; -0.047     ; 4.620      ;
; 5.320  ; keyboard_top:u_kbd|keyboard_ctrl:Ukeycontrol|speed_sel_bottom_reg[0] ; bullet_bottom_top:u_bullets_bottom|tank_bullet_bottom_refine:\gen_bullets:4:u_bullet|x_reg[6] ; u_pll|uPLL|altpll_component|auto_generated|pll1|clk[0]        ; u_pll|uPLL|altpll_component|auto_generated|pll1|clk[0] ; 10.000       ; 0.138      ; 4.805      ;
; 5.322  ; keyboard_top:u_kbd|keyboard_ctrl:Ukeycontrol|speed_sel_bottom_reg[1] ; bullet_bottom_top:u_bullets_bottom|tank_bullet_bottom_refine:\gen_bullets:1:u_bullet|x_reg[6] ; u_pll|uPLL|altpll_component|auto_generated|pll1|clk[0]        ; u_pll|uPLL|altpll_component|auto_generated|pll1|clk[0] ; 10.000       ; -0.045     ; 4.620      ;
; 5.322  ; keyboard_top:u_kbd|keyboard_ctrl:Ukeycontrol|speed_sel_bottom_reg[1] ; bullet_bottom_top:u_bullets_bottom|tank_bullet_bottom_refine:\gen_bullets:4:u_bullet|x_reg[9] ; u_pll|uPLL|altpll_component|auto_generated|pll1|clk[0]        ; u_pll|uPLL|altpll_component|auto_generated|pll1|clk[0] ; 10.000       ; 0.138      ; 4.803      ;
; 5.323  ; keyboard_top:u_kbd|keyboard_ctrl:Ukeycontrol|speed_sel_top_reg[0]    ; bullet_top_top:u_bullets_top|tank_bullet_top_refine:\gen_bullets:1:u_bullet|x_reg[8]          ; u_pll|uPLL|altpll_component|auto_generated|pll1|clk[0]        ; u_pll|uPLL|altpll_component|auto_generated|pll1|clk[0] ; 10.000       ; -0.044     ; 4.620      ;
; 5.334  ; keyboard_top:u_kbd|keyboard_ctrl:Ukeycontrol|speed_sel_bottom_reg[0] ; bullet_bottom_top:u_bullets_bottom|tank_bullet_bottom_refine:\gen_bullets:1:u_bullet|x_reg[7] ; u_pll|uPLL|altpll_component|auto_generated|pll1|clk[0]        ; u_pll|uPLL|altpll_component|auto_generated|pll1|clk[0] ; 10.000       ; -0.045     ; 4.608      ;
; 5.341  ; keyboard_top:u_kbd|keyboard_ctrl:Ukeycontrol|speed_sel_top_reg[0]    ; bullet_top_top:u_bullets_top|tank_bullet_top_refine:\gen_bullets:1:u_bullet|x_reg[6]          ; u_pll|uPLL|altpll_component|auto_generated|pll1|clk[0]        ; u_pll|uPLL|altpll_component|auto_generated|pll1|clk[0] ; 10.000       ; -0.044     ; 4.602      ;
; 5.349  ; keyboard_top:u_kbd|keyboard_ctrl:Ukeycontrol|speed_sel_bottom_reg[1] ; bullet_bottom_top:u_bullets_bottom|tank_bullet_bottom_refine:\gen_bullets:2:u_bullet|x_reg[9] ; u_pll|uPLL|altpll_component|auto_generated|pll1|clk[0]        ; u_pll|uPLL|altpll_component|auto_generated|pll1|clk[0] ; 10.000       ; -0.049     ; 4.589      ;
; 5.363  ; keyboard_top:u_kbd|keyboard_ctrl:Ukeycontrol|speed_sel_bottom_reg[0] ; bullet_bottom_top:u_bullets_bottom|tank_bullet_bottom_refine:\gen_bullets:1:u_bullet|x_reg[6] ; u_pll|uPLL|altpll_component|auto_generated|pll1|clk[0]        ; u_pll|uPLL|altpll_component|auto_generated|pll1|clk[0] ; 10.000       ; -0.045     ; 4.579      ;
; 5.363  ; keyboard_top:u_kbd|keyboard_ctrl:Ukeycontrol|speed_sel_bottom_reg[0] ; bullet_bottom_top:u_bullets_bottom|tank_bullet_bottom_refine:\gen_bullets:4:u_bullet|x_reg[9] ; u_pll|uPLL|altpll_component|auto_generated|pll1|clk[0]        ; u_pll|uPLL|altpll_component|auto_generated|pll1|clk[0] ; 10.000       ; 0.138      ; 4.762      ;
; 5.369  ; keyboard_top:u_kbd|keyboard_ctrl:Ukeycontrol|speed_sel_bottom_reg[1] ; bullet_bottom_top:u_bullets_bottom|tank_bullet_bottom_refine:\gen_bullets:4:u_bullet|x_reg[5] ; u_pll|uPLL|altpll_component|auto_generated|pll1|clk[0]        ; u_pll|uPLL|altpll_component|auto_generated|pll1|clk[0] ; 10.000       ; -0.056     ; 4.562      ;
; 5.370  ; keyboard_top:u_kbd|keyboard_ctrl:Ukeycontrol|speed_sel_bottom_reg[1] ; bullet_bottom_top:u_bullets_bottom|tank_bullet_bottom_refine:\gen_bullets:3:u_bullet|x_reg[6] ; u_pll|uPLL|altpll_component|auto_generated|pll1|clk[0]        ; u_pll|uPLL|altpll_component|auto_generated|pll1|clk[0] ; 10.000       ; -0.052     ; 4.565      ;
; 5.377  ; keyboard_top:u_kbd|keyboard_ctrl:Ukeycontrol|speed_sel_top_reg[1]    ; bullet_top_top:u_bullets_top|tank_bullet_top_refine:\gen_bullets:2:u_bullet|x_reg[8]          ; u_pll|uPLL|altpll_component|auto_generated|pll1|clk[0]        ; u_pll|uPLL|altpll_component|auto_generated|pll1|clk[0] ; 10.000       ; -0.041     ; 4.569      ;
; 5.390  ; keyboard_top:u_kbd|keyboard_ctrl:Ukeycontrol|speed_sel_bottom_reg[0] ; bullet_bottom_top:u_bullets_bottom|tank_bullet_bottom_refine:\gen_bullets:2:u_bullet|x_reg[9] ; u_pll|uPLL|altpll_component|auto_generated|pll1|clk[0]        ; u_pll|uPLL|altpll_component|auto_generated|pll1|clk[0] ; 10.000       ; -0.049     ; 4.548      ;
; 5.403  ; keyboard_top:u_kbd|keyboard_ctrl:Ukeycontrol|speed_sel_top_reg[1]    ; bullet_top_top:u_bullets_top|tank_bullet_top_refine:\gen_bullets:1:u_bullet|x_reg[7]          ; u_pll|uPLL|altpll_component|auto_generated|pll1|clk[0]        ; u_pll|uPLL|altpll_component|auto_generated|pll1|clk[0] ; 10.000       ; -0.044     ; 4.540      ;
; 5.410  ; keyboard_top:u_kbd|keyboard_ctrl:Ukeycontrol|speed_sel_bottom_reg[0] ; bullet_bottom_top:u_bullets_bottom|tank_bullet_bottom_refine:\gen_bullets:4:u_bullet|x_reg[5] ; u_pll|uPLL|altpll_component|auto_generated|pll1|clk[0]        ; u_pll|uPLL|altpll_component|auto_generated|pll1|clk[0] ; 10.000       ; -0.056     ; 4.521      ;
; 5.411  ; keyboard_top:u_kbd|keyboard_ctrl:Ukeycontrol|speed_sel_bottom_reg[0] ; bullet_bottom_top:u_bullets_bottom|tank_bullet_bottom_refine:\gen_bullets:3:u_bullet|x_reg[6] ; u_pll|uPLL|altpll_component|auto_generated|pll1|clk[0]        ; u_pll|uPLL|altpll_component|auto_generated|pll1|clk[0] ; 10.000       ; -0.052     ; 4.524      ;
+--------+----------------------------------------------------------------------+-----------------------------------------------------------------------------------------------+---------------------------------------------------------------+--------------------------------------------------------+--------------+------------+------------+


+---------------------------------------------------------------------------------------------------------------------------------------------------------------------------------------------------------------------------------------------------------------------------------------------+
; Fast 1200mV 0C Model Setup: 'keyboard_top:u_kbd|ps2:uPS2|keyboard:u1|keyboard_clk_filtered'                                                                                                                                                                                                 ;
+--------+----------------------------------------------------+------------------------------------------------------+---------------------------------------------------------------+---------------------------------------------------------------+--------------+------------+------------+
; Slack  ; From Node                                          ; To Node                                              ; Launch Clock                                                  ; Latch Clock                                                   ; Relationship ; Clock Skew ; Data Delay ;
+--------+----------------------------------------------------+------------------------------------------------------+---------------------------------------------------------------+---------------------------------------------------------------+--------------+------------+------------+
; -0.915 ; keyboard_top:u_kbd|ps2:uPS2|keyboard:u1|INCNT[2]   ; keyboard_top:u_kbd|ps2:uPS2|keyboard:u1|ready_set    ; keyboard_top:u_kbd|ps2:uPS2|keyboard:u1|keyboard_clk_filtered ; keyboard_top:u_kbd|ps2:uPS2|keyboard:u1|keyboard_clk_filtered ; 1.000        ; -0.043     ; 1.859      ;
; -0.907 ; keyboard_top:u_kbd|ps2:uPS2|keyboard:u1|INCNT[3]   ; keyboard_top:u_kbd|ps2:uPS2|keyboard:u1|ready_set    ; keyboard_top:u_kbd|ps2:uPS2|keyboard:u1|keyboard_clk_filtered ; keyboard_top:u_kbd|ps2:uPS2|keyboard:u1|keyboard_clk_filtered ; 1.000        ; -0.043     ; 1.851      ;
; -0.788 ; keyboard_top:u_kbd|ps2:uPS2|keyboard:u1|INCNT[0]   ; keyboard_top:u_kbd|ps2:uPS2|keyboard:u1|ready_set    ; keyboard_top:u_kbd|ps2:uPS2|keyboard:u1|keyboard_clk_filtered ; keyboard_top:u_kbd|ps2:uPS2|keyboard:u1|keyboard_clk_filtered ; 1.000        ; -0.043     ; 1.732      ;
; -0.737 ; keyboard_top:u_kbd|ps2:uPS2|keyboard:u1|INCNT[1]   ; keyboard_top:u_kbd|ps2:uPS2|keyboard:u1|ready_set    ; keyboard_top:u_kbd|ps2:uPS2|keyboard:u1|keyboard_clk_filtered ; keyboard_top:u_kbd|ps2:uPS2|keyboard:u1|keyboard_clk_filtered ; 1.000        ; -0.043     ; 1.681      ;
; -0.496 ; keyboard_top:u_kbd|ps2:uPS2|keyboard:u1|READ_CHAR  ; keyboard_top:u_kbd|ps2:uPS2|keyboard:u1|ready_set    ; keyboard_top:u_kbd|ps2:uPS2|keyboard:u1|keyboard_clk_filtered ; keyboard_top:u_kbd|ps2:uPS2|keyboard:u1|keyboard_clk_filtered ; 1.000        ; -0.043     ; 1.440      ;
; -0.484 ; keyboard_top:u_kbd|ps2:uPS2|keyboard:u1|ready_set  ; keyboard_top:u_kbd|ps2:uPS2|keyboard:u1|ready_set    ; keyboard_top:u_kbd|ps2:uPS2|keyboard:u1|ready_set             ; keyboard_top:u_kbd|ps2:uPS2|keyboard:u1|keyboard_clk_filtered ; 0.500        ; 1.506      ; 2.592      ;
; -0.432 ; keyboard_top:u_kbd|ps2:uPS2|keyboard:u1|INCNT[2]   ; keyboard_top:u_kbd|ps2:uPS2|keyboard:u1|scan_code[7] ; keyboard_top:u_kbd|ps2:uPS2|keyboard:u1|keyboard_clk_filtered ; keyboard_top:u_kbd|ps2:uPS2|keyboard:u1|keyboard_clk_filtered ; 1.000        ; -0.063     ; 1.356      ;
; -0.432 ; keyboard_top:u_kbd|ps2:uPS2|keyboard:u1|INCNT[2]   ; keyboard_top:u_kbd|ps2:uPS2|keyboard:u1|scan_code[3] ; keyboard_top:u_kbd|ps2:uPS2|keyboard:u1|keyboard_clk_filtered ; keyboard_top:u_kbd|ps2:uPS2|keyboard:u1|keyboard_clk_filtered ; 1.000        ; -0.063     ; 1.356      ;
; -0.432 ; keyboard_top:u_kbd|ps2:uPS2|keyboard:u1|INCNT[2]   ; keyboard_top:u_kbd|ps2:uPS2|keyboard:u1|scan_code[4] ; keyboard_top:u_kbd|ps2:uPS2|keyboard:u1|keyboard_clk_filtered ; keyboard_top:u_kbd|ps2:uPS2|keyboard:u1|keyboard_clk_filtered ; 1.000        ; -0.063     ; 1.356      ;
; -0.432 ; keyboard_top:u_kbd|ps2:uPS2|keyboard:u1|INCNT[2]   ; keyboard_top:u_kbd|ps2:uPS2|keyboard:u1|scan_code[1] ; keyboard_top:u_kbd|ps2:uPS2|keyboard:u1|keyboard_clk_filtered ; keyboard_top:u_kbd|ps2:uPS2|keyboard:u1|keyboard_clk_filtered ; 1.000        ; -0.063     ; 1.356      ;
; -0.432 ; keyboard_top:u_kbd|ps2:uPS2|keyboard:u1|INCNT[2]   ; keyboard_top:u_kbd|ps2:uPS2|keyboard:u1|scan_code[6] ; keyboard_top:u_kbd|ps2:uPS2|keyboard:u1|keyboard_clk_filtered ; keyboard_top:u_kbd|ps2:uPS2|keyboard:u1|keyboard_clk_filtered ; 1.000        ; -0.063     ; 1.356      ;
; -0.432 ; keyboard_top:u_kbd|ps2:uPS2|keyboard:u1|INCNT[2]   ; keyboard_top:u_kbd|ps2:uPS2|keyboard:u1|scan_code[5] ; keyboard_top:u_kbd|ps2:uPS2|keyboard:u1|keyboard_clk_filtered ; keyboard_top:u_kbd|ps2:uPS2|keyboard:u1|keyboard_clk_filtered ; 1.000        ; -0.063     ; 1.356      ;
; -0.432 ; keyboard_top:u_kbd|ps2:uPS2|keyboard:u1|INCNT[2]   ; keyboard_top:u_kbd|ps2:uPS2|keyboard:u1|scan_code[0] ; keyboard_top:u_kbd|ps2:uPS2|keyboard:u1|keyboard_clk_filtered ; keyboard_top:u_kbd|ps2:uPS2|keyboard:u1|keyboard_clk_filtered ; 1.000        ; -0.063     ; 1.356      ;
; -0.432 ; keyboard_top:u_kbd|ps2:uPS2|keyboard:u1|INCNT[2]   ; keyboard_top:u_kbd|ps2:uPS2|keyboard:u1|scan_code[2] ; keyboard_top:u_kbd|ps2:uPS2|keyboard:u1|keyboard_clk_filtered ; keyboard_top:u_kbd|ps2:uPS2|keyboard:u1|keyboard_clk_filtered ; 1.000        ; -0.063     ; 1.356      ;
; -0.424 ; keyboard_top:u_kbd|ps2:uPS2|keyboard:u1|INCNT[3]   ; keyboard_top:u_kbd|ps2:uPS2|keyboard:u1|scan_code[7] ; keyboard_top:u_kbd|ps2:uPS2|keyboard:u1|keyboard_clk_filtered ; keyboard_top:u_kbd|ps2:uPS2|keyboard:u1|keyboard_clk_filtered ; 1.000        ; -0.063     ; 1.348      ;
; -0.424 ; keyboard_top:u_kbd|ps2:uPS2|keyboard:u1|INCNT[3]   ; keyboard_top:u_kbd|ps2:uPS2|keyboard:u1|scan_code[3] ; keyboard_top:u_kbd|ps2:uPS2|keyboard:u1|keyboard_clk_filtered ; keyboard_top:u_kbd|ps2:uPS2|keyboard:u1|keyboard_clk_filtered ; 1.000        ; -0.063     ; 1.348      ;
; -0.424 ; keyboard_top:u_kbd|ps2:uPS2|keyboard:u1|INCNT[3]   ; keyboard_top:u_kbd|ps2:uPS2|keyboard:u1|scan_code[4] ; keyboard_top:u_kbd|ps2:uPS2|keyboard:u1|keyboard_clk_filtered ; keyboard_top:u_kbd|ps2:uPS2|keyboard:u1|keyboard_clk_filtered ; 1.000        ; -0.063     ; 1.348      ;
; -0.424 ; keyboard_top:u_kbd|ps2:uPS2|keyboard:u1|INCNT[3]   ; keyboard_top:u_kbd|ps2:uPS2|keyboard:u1|scan_code[1] ; keyboard_top:u_kbd|ps2:uPS2|keyboard:u1|keyboard_clk_filtered ; keyboard_top:u_kbd|ps2:uPS2|keyboard:u1|keyboard_clk_filtered ; 1.000        ; -0.063     ; 1.348      ;
; -0.424 ; keyboard_top:u_kbd|ps2:uPS2|keyboard:u1|INCNT[3]   ; keyboard_top:u_kbd|ps2:uPS2|keyboard:u1|scan_code[6] ; keyboard_top:u_kbd|ps2:uPS2|keyboard:u1|keyboard_clk_filtered ; keyboard_top:u_kbd|ps2:uPS2|keyboard:u1|keyboard_clk_filtered ; 1.000        ; -0.063     ; 1.348      ;
; -0.424 ; keyboard_top:u_kbd|ps2:uPS2|keyboard:u1|INCNT[3]   ; keyboard_top:u_kbd|ps2:uPS2|keyboard:u1|scan_code[5] ; keyboard_top:u_kbd|ps2:uPS2|keyboard:u1|keyboard_clk_filtered ; keyboard_top:u_kbd|ps2:uPS2|keyboard:u1|keyboard_clk_filtered ; 1.000        ; -0.063     ; 1.348      ;
; -0.424 ; keyboard_top:u_kbd|ps2:uPS2|keyboard:u1|INCNT[3]   ; keyboard_top:u_kbd|ps2:uPS2|keyboard:u1|scan_code[0] ; keyboard_top:u_kbd|ps2:uPS2|keyboard:u1|keyboard_clk_filtered ; keyboard_top:u_kbd|ps2:uPS2|keyboard:u1|keyboard_clk_filtered ; 1.000        ; -0.063     ; 1.348      ;
; -0.424 ; keyboard_top:u_kbd|ps2:uPS2|keyboard:u1|INCNT[3]   ; keyboard_top:u_kbd|ps2:uPS2|keyboard:u1|scan_code[2] ; keyboard_top:u_kbd|ps2:uPS2|keyboard:u1|keyboard_clk_filtered ; keyboard_top:u_kbd|ps2:uPS2|keyboard:u1|keyboard_clk_filtered ; 1.000        ; -0.063     ; 1.348      ;
; -0.305 ; keyboard_top:u_kbd|ps2:uPS2|keyboard:u1|INCNT[0]   ; keyboard_top:u_kbd|ps2:uPS2|keyboard:u1|scan_code[7] ; keyboard_top:u_kbd|ps2:uPS2|keyboard:u1|keyboard_clk_filtered ; keyboard_top:u_kbd|ps2:uPS2|keyboard:u1|keyboard_clk_filtered ; 1.000        ; -0.063     ; 1.229      ;
; -0.305 ; keyboard_top:u_kbd|ps2:uPS2|keyboard:u1|INCNT[0]   ; keyboard_top:u_kbd|ps2:uPS2|keyboard:u1|scan_code[3] ; keyboard_top:u_kbd|ps2:uPS2|keyboard:u1|keyboard_clk_filtered ; keyboard_top:u_kbd|ps2:uPS2|keyboard:u1|keyboard_clk_filtered ; 1.000        ; -0.063     ; 1.229      ;
; -0.305 ; keyboard_top:u_kbd|ps2:uPS2|keyboard:u1|INCNT[0]   ; keyboard_top:u_kbd|ps2:uPS2|keyboard:u1|scan_code[4] ; keyboard_top:u_kbd|ps2:uPS2|keyboard:u1|keyboard_clk_filtered ; keyboard_top:u_kbd|ps2:uPS2|keyboard:u1|keyboard_clk_filtered ; 1.000        ; -0.063     ; 1.229      ;
; -0.305 ; keyboard_top:u_kbd|ps2:uPS2|keyboard:u1|INCNT[0]   ; keyboard_top:u_kbd|ps2:uPS2|keyboard:u1|scan_code[1] ; keyboard_top:u_kbd|ps2:uPS2|keyboard:u1|keyboard_clk_filtered ; keyboard_top:u_kbd|ps2:uPS2|keyboard:u1|keyboard_clk_filtered ; 1.000        ; -0.063     ; 1.229      ;
; -0.305 ; keyboard_top:u_kbd|ps2:uPS2|keyboard:u1|INCNT[0]   ; keyboard_top:u_kbd|ps2:uPS2|keyboard:u1|scan_code[6] ; keyboard_top:u_kbd|ps2:uPS2|keyboard:u1|keyboard_clk_filtered ; keyboard_top:u_kbd|ps2:uPS2|keyboard:u1|keyboard_clk_filtered ; 1.000        ; -0.063     ; 1.229      ;
; -0.305 ; keyboard_top:u_kbd|ps2:uPS2|keyboard:u1|INCNT[0]   ; keyboard_top:u_kbd|ps2:uPS2|keyboard:u1|scan_code[5] ; keyboard_top:u_kbd|ps2:uPS2|keyboard:u1|keyboard_clk_filtered ; keyboard_top:u_kbd|ps2:uPS2|keyboard:u1|keyboard_clk_filtered ; 1.000        ; -0.063     ; 1.229      ;
; -0.305 ; keyboard_top:u_kbd|ps2:uPS2|keyboard:u1|INCNT[0]   ; keyboard_top:u_kbd|ps2:uPS2|keyboard:u1|scan_code[0] ; keyboard_top:u_kbd|ps2:uPS2|keyboard:u1|keyboard_clk_filtered ; keyboard_top:u_kbd|ps2:uPS2|keyboard:u1|keyboard_clk_filtered ; 1.000        ; -0.063     ; 1.229      ;
; -0.305 ; keyboard_top:u_kbd|ps2:uPS2|keyboard:u1|INCNT[0]   ; keyboard_top:u_kbd|ps2:uPS2|keyboard:u1|scan_code[2] ; keyboard_top:u_kbd|ps2:uPS2|keyboard:u1|keyboard_clk_filtered ; keyboard_top:u_kbd|ps2:uPS2|keyboard:u1|keyboard_clk_filtered ; 1.000        ; -0.063     ; 1.229      ;
; -0.254 ; keyboard_top:u_kbd|ps2:uPS2|keyboard:u1|INCNT[1]   ; keyboard_top:u_kbd|ps2:uPS2|keyboard:u1|scan_code[7] ; keyboard_top:u_kbd|ps2:uPS2|keyboard:u1|keyboard_clk_filtered ; keyboard_top:u_kbd|ps2:uPS2|keyboard:u1|keyboard_clk_filtered ; 1.000        ; -0.063     ; 1.178      ;
; -0.254 ; keyboard_top:u_kbd|ps2:uPS2|keyboard:u1|INCNT[1]   ; keyboard_top:u_kbd|ps2:uPS2|keyboard:u1|scan_code[3] ; keyboard_top:u_kbd|ps2:uPS2|keyboard:u1|keyboard_clk_filtered ; keyboard_top:u_kbd|ps2:uPS2|keyboard:u1|keyboard_clk_filtered ; 1.000        ; -0.063     ; 1.178      ;
; -0.254 ; keyboard_top:u_kbd|ps2:uPS2|keyboard:u1|INCNT[1]   ; keyboard_top:u_kbd|ps2:uPS2|keyboard:u1|scan_code[4] ; keyboard_top:u_kbd|ps2:uPS2|keyboard:u1|keyboard_clk_filtered ; keyboard_top:u_kbd|ps2:uPS2|keyboard:u1|keyboard_clk_filtered ; 1.000        ; -0.063     ; 1.178      ;
; -0.254 ; keyboard_top:u_kbd|ps2:uPS2|keyboard:u1|INCNT[1]   ; keyboard_top:u_kbd|ps2:uPS2|keyboard:u1|scan_code[1] ; keyboard_top:u_kbd|ps2:uPS2|keyboard:u1|keyboard_clk_filtered ; keyboard_top:u_kbd|ps2:uPS2|keyboard:u1|keyboard_clk_filtered ; 1.000        ; -0.063     ; 1.178      ;
; -0.254 ; keyboard_top:u_kbd|ps2:uPS2|keyboard:u1|INCNT[1]   ; keyboard_top:u_kbd|ps2:uPS2|keyboard:u1|scan_code[6] ; keyboard_top:u_kbd|ps2:uPS2|keyboard:u1|keyboard_clk_filtered ; keyboard_top:u_kbd|ps2:uPS2|keyboard:u1|keyboard_clk_filtered ; 1.000        ; -0.063     ; 1.178      ;
; -0.254 ; keyboard_top:u_kbd|ps2:uPS2|keyboard:u1|INCNT[1]   ; keyboard_top:u_kbd|ps2:uPS2|keyboard:u1|scan_code[5] ; keyboard_top:u_kbd|ps2:uPS2|keyboard:u1|keyboard_clk_filtered ; keyboard_top:u_kbd|ps2:uPS2|keyboard:u1|keyboard_clk_filtered ; 1.000        ; -0.063     ; 1.178      ;
; -0.254 ; keyboard_top:u_kbd|ps2:uPS2|keyboard:u1|INCNT[1]   ; keyboard_top:u_kbd|ps2:uPS2|keyboard:u1|scan_code[0] ; keyboard_top:u_kbd|ps2:uPS2|keyboard:u1|keyboard_clk_filtered ; keyboard_top:u_kbd|ps2:uPS2|keyboard:u1|keyboard_clk_filtered ; 1.000        ; -0.063     ; 1.178      ;
; -0.254 ; keyboard_top:u_kbd|ps2:uPS2|keyboard:u1|INCNT[1]   ; keyboard_top:u_kbd|ps2:uPS2|keyboard:u1|scan_code[2] ; keyboard_top:u_kbd|ps2:uPS2|keyboard:u1|keyboard_clk_filtered ; keyboard_top:u_kbd|ps2:uPS2|keyboard:u1|keyboard_clk_filtered ; 1.000        ; -0.063     ; 1.178      ;
; -0.160 ; keyboard_top:u_kbd|ps2:uPS2|keyboard:u1|INCNT[2]   ; keyboard_top:u_kbd|ps2:uPS2|keyboard:u1|SHIFTIN[6]   ; keyboard_top:u_kbd|ps2:uPS2|keyboard:u1|keyboard_clk_filtered ; keyboard_top:u_kbd|ps2:uPS2|keyboard:u1|keyboard_clk_filtered ; 1.000        ; 0.119      ; 1.266      ;
; -0.160 ; keyboard_top:u_kbd|ps2:uPS2|keyboard:u1|INCNT[2]   ; keyboard_top:u_kbd|ps2:uPS2|keyboard:u1|SHIFTIN[3]   ; keyboard_top:u_kbd|ps2:uPS2|keyboard:u1|keyboard_clk_filtered ; keyboard_top:u_kbd|ps2:uPS2|keyboard:u1|keyboard_clk_filtered ; 1.000        ; 0.119      ; 1.266      ;
; -0.160 ; keyboard_top:u_kbd|ps2:uPS2|keyboard:u1|INCNT[2]   ; keyboard_top:u_kbd|ps2:uPS2|keyboard:u1|SHIFTIN[4]   ; keyboard_top:u_kbd|ps2:uPS2|keyboard:u1|keyboard_clk_filtered ; keyboard_top:u_kbd|ps2:uPS2|keyboard:u1|keyboard_clk_filtered ; 1.000        ; 0.119      ; 1.266      ;
; -0.160 ; keyboard_top:u_kbd|ps2:uPS2|keyboard:u1|INCNT[2]   ; keyboard_top:u_kbd|ps2:uPS2|keyboard:u1|SHIFTIN[5]   ; keyboard_top:u_kbd|ps2:uPS2|keyboard:u1|keyboard_clk_filtered ; keyboard_top:u_kbd|ps2:uPS2|keyboard:u1|keyboard_clk_filtered ; 1.000        ; 0.119      ; 1.266      ;
; -0.160 ; keyboard_top:u_kbd|ps2:uPS2|keyboard:u1|INCNT[2]   ; keyboard_top:u_kbd|ps2:uPS2|keyboard:u1|SHIFTIN[1]   ; keyboard_top:u_kbd|ps2:uPS2|keyboard:u1|keyboard_clk_filtered ; keyboard_top:u_kbd|ps2:uPS2|keyboard:u1|keyboard_clk_filtered ; 1.000        ; 0.119      ; 1.266      ;
; -0.160 ; keyboard_top:u_kbd|ps2:uPS2|keyboard:u1|INCNT[2]   ; keyboard_top:u_kbd|ps2:uPS2|keyboard:u1|SHIFTIN[2]   ; keyboard_top:u_kbd|ps2:uPS2|keyboard:u1|keyboard_clk_filtered ; keyboard_top:u_kbd|ps2:uPS2|keyboard:u1|keyboard_clk_filtered ; 1.000        ; 0.119      ; 1.266      ;
; -0.160 ; keyboard_top:u_kbd|ps2:uPS2|keyboard:u1|INCNT[2]   ; keyboard_top:u_kbd|ps2:uPS2|keyboard:u1|SHIFTIN[0]   ; keyboard_top:u_kbd|ps2:uPS2|keyboard:u1|keyboard_clk_filtered ; keyboard_top:u_kbd|ps2:uPS2|keyboard:u1|keyboard_clk_filtered ; 1.000        ; 0.119      ; 1.266      ;
; -0.156 ; keyboard_top:u_kbd|ps2:uPS2|keyboard:u1|READ_CHAR  ; keyboard_top:u_kbd|ps2:uPS2|keyboard:u1|scan_code[7] ; keyboard_top:u_kbd|ps2:uPS2|keyboard:u1|keyboard_clk_filtered ; keyboard_top:u_kbd|ps2:uPS2|keyboard:u1|keyboard_clk_filtered ; 1.000        ; -0.063     ; 1.080      ;
; -0.156 ; keyboard_top:u_kbd|ps2:uPS2|keyboard:u1|READ_CHAR  ; keyboard_top:u_kbd|ps2:uPS2|keyboard:u1|scan_code[3] ; keyboard_top:u_kbd|ps2:uPS2|keyboard:u1|keyboard_clk_filtered ; keyboard_top:u_kbd|ps2:uPS2|keyboard:u1|keyboard_clk_filtered ; 1.000        ; -0.063     ; 1.080      ;
; -0.156 ; keyboard_top:u_kbd|ps2:uPS2|keyboard:u1|READ_CHAR  ; keyboard_top:u_kbd|ps2:uPS2|keyboard:u1|scan_code[4] ; keyboard_top:u_kbd|ps2:uPS2|keyboard:u1|keyboard_clk_filtered ; keyboard_top:u_kbd|ps2:uPS2|keyboard:u1|keyboard_clk_filtered ; 1.000        ; -0.063     ; 1.080      ;
; -0.156 ; keyboard_top:u_kbd|ps2:uPS2|keyboard:u1|READ_CHAR  ; keyboard_top:u_kbd|ps2:uPS2|keyboard:u1|scan_code[1] ; keyboard_top:u_kbd|ps2:uPS2|keyboard:u1|keyboard_clk_filtered ; keyboard_top:u_kbd|ps2:uPS2|keyboard:u1|keyboard_clk_filtered ; 1.000        ; -0.063     ; 1.080      ;
; -0.156 ; keyboard_top:u_kbd|ps2:uPS2|keyboard:u1|READ_CHAR  ; keyboard_top:u_kbd|ps2:uPS2|keyboard:u1|scan_code[6] ; keyboard_top:u_kbd|ps2:uPS2|keyboard:u1|keyboard_clk_filtered ; keyboard_top:u_kbd|ps2:uPS2|keyboard:u1|keyboard_clk_filtered ; 1.000        ; -0.063     ; 1.080      ;
; -0.156 ; keyboard_top:u_kbd|ps2:uPS2|keyboard:u1|READ_CHAR  ; keyboard_top:u_kbd|ps2:uPS2|keyboard:u1|scan_code[5] ; keyboard_top:u_kbd|ps2:uPS2|keyboard:u1|keyboard_clk_filtered ; keyboard_top:u_kbd|ps2:uPS2|keyboard:u1|keyboard_clk_filtered ; 1.000        ; -0.063     ; 1.080      ;
; -0.156 ; keyboard_top:u_kbd|ps2:uPS2|keyboard:u1|READ_CHAR  ; keyboard_top:u_kbd|ps2:uPS2|keyboard:u1|scan_code[0] ; keyboard_top:u_kbd|ps2:uPS2|keyboard:u1|keyboard_clk_filtered ; keyboard_top:u_kbd|ps2:uPS2|keyboard:u1|keyboard_clk_filtered ; 1.000        ; -0.063     ; 1.080      ;
; -0.156 ; keyboard_top:u_kbd|ps2:uPS2|keyboard:u1|READ_CHAR  ; keyboard_top:u_kbd|ps2:uPS2|keyboard:u1|scan_code[2] ; keyboard_top:u_kbd|ps2:uPS2|keyboard:u1|keyboard_clk_filtered ; keyboard_top:u_kbd|ps2:uPS2|keyboard:u1|keyboard_clk_filtered ; 1.000        ; -0.063     ; 1.080      ;
; -0.152 ; keyboard_top:u_kbd|ps2:uPS2|keyboard:u1|INCNT[3]   ; keyboard_top:u_kbd|ps2:uPS2|keyboard:u1|SHIFTIN[6]   ; keyboard_top:u_kbd|ps2:uPS2|keyboard:u1|keyboard_clk_filtered ; keyboard_top:u_kbd|ps2:uPS2|keyboard:u1|keyboard_clk_filtered ; 1.000        ; 0.119      ; 1.258      ;
; -0.152 ; keyboard_top:u_kbd|ps2:uPS2|keyboard:u1|INCNT[3]   ; keyboard_top:u_kbd|ps2:uPS2|keyboard:u1|SHIFTIN[3]   ; keyboard_top:u_kbd|ps2:uPS2|keyboard:u1|keyboard_clk_filtered ; keyboard_top:u_kbd|ps2:uPS2|keyboard:u1|keyboard_clk_filtered ; 1.000        ; 0.119      ; 1.258      ;
; -0.152 ; keyboard_top:u_kbd|ps2:uPS2|keyboard:u1|INCNT[3]   ; keyboard_top:u_kbd|ps2:uPS2|keyboard:u1|SHIFTIN[4]   ; keyboard_top:u_kbd|ps2:uPS2|keyboard:u1|keyboard_clk_filtered ; keyboard_top:u_kbd|ps2:uPS2|keyboard:u1|keyboard_clk_filtered ; 1.000        ; 0.119      ; 1.258      ;
; -0.152 ; keyboard_top:u_kbd|ps2:uPS2|keyboard:u1|INCNT[3]   ; keyboard_top:u_kbd|ps2:uPS2|keyboard:u1|SHIFTIN[5]   ; keyboard_top:u_kbd|ps2:uPS2|keyboard:u1|keyboard_clk_filtered ; keyboard_top:u_kbd|ps2:uPS2|keyboard:u1|keyboard_clk_filtered ; 1.000        ; 0.119      ; 1.258      ;
; -0.152 ; keyboard_top:u_kbd|ps2:uPS2|keyboard:u1|INCNT[3]   ; keyboard_top:u_kbd|ps2:uPS2|keyboard:u1|SHIFTIN[1]   ; keyboard_top:u_kbd|ps2:uPS2|keyboard:u1|keyboard_clk_filtered ; keyboard_top:u_kbd|ps2:uPS2|keyboard:u1|keyboard_clk_filtered ; 1.000        ; 0.119      ; 1.258      ;
; -0.152 ; keyboard_top:u_kbd|ps2:uPS2|keyboard:u1|INCNT[3]   ; keyboard_top:u_kbd|ps2:uPS2|keyboard:u1|SHIFTIN[2]   ; keyboard_top:u_kbd|ps2:uPS2|keyboard:u1|keyboard_clk_filtered ; keyboard_top:u_kbd|ps2:uPS2|keyboard:u1|keyboard_clk_filtered ; 1.000        ; 0.119      ; 1.258      ;
; -0.152 ; keyboard_top:u_kbd|ps2:uPS2|keyboard:u1|INCNT[3]   ; keyboard_top:u_kbd|ps2:uPS2|keyboard:u1|SHIFTIN[0]   ; keyboard_top:u_kbd|ps2:uPS2|keyboard:u1|keyboard_clk_filtered ; keyboard_top:u_kbd|ps2:uPS2|keyboard:u1|keyboard_clk_filtered ; 1.000        ; 0.119      ; 1.258      ;
; -0.141 ; keyboard_top:u_kbd|ps2:uPS2|keyboard:u1|INCNT[2]   ; keyboard_top:u_kbd|ps2:uPS2|keyboard:u1|INCNT[1]     ; keyboard_top:u_kbd|ps2:uPS2|keyboard:u1|keyboard_clk_filtered ; keyboard_top:u_kbd|ps2:uPS2|keyboard:u1|keyboard_clk_filtered ; 1.000        ; -0.042     ; 1.086      ;
; -0.135 ; keyboard_top:u_kbd|ps2:uPS2|keyboard:u1|INCNT[3]   ; keyboard_top:u_kbd|ps2:uPS2|keyboard:u1|INCNT[1]     ; keyboard_top:u_kbd|ps2:uPS2|keyboard:u1|keyboard_clk_filtered ; keyboard_top:u_kbd|ps2:uPS2|keyboard:u1|keyboard_clk_filtered ; 1.000        ; -0.042     ; 1.080      ;
; -0.123 ; keyboard_top:u_kbd|ps2:uPS2|keyboard:u1|INCNT[2]   ; keyboard_top:u_kbd|ps2:uPS2|keyboard:u1|INCNT[2]     ; keyboard_top:u_kbd|ps2:uPS2|keyboard:u1|keyboard_clk_filtered ; keyboard_top:u_kbd|ps2:uPS2|keyboard:u1|keyboard_clk_filtered ; 1.000        ; -0.042     ; 1.068      ;
; -0.120 ; keyboard_top:u_kbd|ps2:uPS2|keyboard:u1|INCNT[2]   ; keyboard_top:u_kbd|ps2:uPS2|keyboard:u1|INCNT[3]     ; keyboard_top:u_kbd|ps2:uPS2|keyboard:u1|keyboard_clk_filtered ; keyboard_top:u_kbd|ps2:uPS2|keyboard:u1|keyboard_clk_filtered ; 1.000        ; -0.042     ; 1.065      ;
; -0.117 ; keyboard_top:u_kbd|ps2:uPS2|keyboard:u1|INCNT[3]   ; keyboard_top:u_kbd|ps2:uPS2|keyboard:u1|INCNT[2]     ; keyboard_top:u_kbd|ps2:uPS2|keyboard:u1|keyboard_clk_filtered ; keyboard_top:u_kbd|ps2:uPS2|keyboard:u1|keyboard_clk_filtered ; 1.000        ; -0.042     ; 1.062      ;
; -0.114 ; keyboard_top:u_kbd|ps2:uPS2|keyboard:u1|INCNT[3]   ; keyboard_top:u_kbd|ps2:uPS2|keyboard:u1|INCNT[3]     ; keyboard_top:u_kbd|ps2:uPS2|keyboard:u1|keyboard_clk_filtered ; keyboard_top:u_kbd|ps2:uPS2|keyboard:u1|keyboard_clk_filtered ; 1.000        ; -0.042     ; 1.059      ;
; -0.105 ; keyboard_top:u_kbd|ps2:uPS2|keyboard:u1|INCNT[2]   ; keyboard_top:u_kbd|ps2:uPS2|keyboard:u1|SHIFTIN[7]   ; keyboard_top:u_kbd|ps2:uPS2|keyboard:u1|keyboard_clk_filtered ; keyboard_top:u_kbd|ps2:uPS2|keyboard:u1|keyboard_clk_filtered ; 1.000        ; 0.137      ; 1.229      ;
; -0.105 ; keyboard_top:u_kbd|ps2:uPS2|keyboard:u1|INCNT[2]   ; keyboard_top:u_kbd|ps2:uPS2|keyboard:u1|SHIFTIN[8]   ; keyboard_top:u_kbd|ps2:uPS2|keyboard:u1|keyboard_clk_filtered ; keyboard_top:u_kbd|ps2:uPS2|keyboard:u1|keyboard_clk_filtered ; 1.000        ; 0.137      ; 1.229      ;
; -0.097 ; keyboard_top:u_kbd|ps2:uPS2|keyboard:u1|INCNT[3]   ; keyboard_top:u_kbd|ps2:uPS2|keyboard:u1|SHIFTIN[7]   ; keyboard_top:u_kbd|ps2:uPS2|keyboard:u1|keyboard_clk_filtered ; keyboard_top:u_kbd|ps2:uPS2|keyboard:u1|keyboard_clk_filtered ; 1.000        ; 0.137      ; 1.221      ;
; -0.097 ; keyboard_top:u_kbd|ps2:uPS2|keyboard:u1|INCNT[3]   ; keyboard_top:u_kbd|ps2:uPS2|keyboard:u1|SHIFTIN[8]   ; keyboard_top:u_kbd|ps2:uPS2|keyboard:u1|keyboard_clk_filtered ; keyboard_top:u_kbd|ps2:uPS2|keyboard:u1|keyboard_clk_filtered ; 1.000        ; 0.137      ; 1.221      ;
; -0.040 ; keyboard_top:u_kbd|ps2:uPS2|keyboard:u1|INCNT[0]   ; keyboard_top:u_kbd|ps2:uPS2|keyboard:u1|SHIFTIN[6]   ; keyboard_top:u_kbd|ps2:uPS2|keyboard:u1|keyboard_clk_filtered ; keyboard_top:u_kbd|ps2:uPS2|keyboard:u1|keyboard_clk_filtered ; 1.000        ; 0.119      ; 1.146      ;
; -0.040 ; keyboard_top:u_kbd|ps2:uPS2|keyboard:u1|INCNT[0]   ; keyboard_top:u_kbd|ps2:uPS2|keyboard:u1|SHIFTIN[3]   ; keyboard_top:u_kbd|ps2:uPS2|keyboard:u1|keyboard_clk_filtered ; keyboard_top:u_kbd|ps2:uPS2|keyboard:u1|keyboard_clk_filtered ; 1.000        ; 0.119      ; 1.146      ;
; -0.040 ; keyboard_top:u_kbd|ps2:uPS2|keyboard:u1|INCNT[0]   ; keyboard_top:u_kbd|ps2:uPS2|keyboard:u1|SHIFTIN[4]   ; keyboard_top:u_kbd|ps2:uPS2|keyboard:u1|keyboard_clk_filtered ; keyboard_top:u_kbd|ps2:uPS2|keyboard:u1|keyboard_clk_filtered ; 1.000        ; 0.119      ; 1.146      ;
; -0.040 ; keyboard_top:u_kbd|ps2:uPS2|keyboard:u1|INCNT[0]   ; keyboard_top:u_kbd|ps2:uPS2|keyboard:u1|SHIFTIN[5]   ; keyboard_top:u_kbd|ps2:uPS2|keyboard:u1|keyboard_clk_filtered ; keyboard_top:u_kbd|ps2:uPS2|keyboard:u1|keyboard_clk_filtered ; 1.000        ; 0.119      ; 1.146      ;
; -0.040 ; keyboard_top:u_kbd|ps2:uPS2|keyboard:u1|INCNT[0]   ; keyboard_top:u_kbd|ps2:uPS2|keyboard:u1|SHIFTIN[1]   ; keyboard_top:u_kbd|ps2:uPS2|keyboard:u1|keyboard_clk_filtered ; keyboard_top:u_kbd|ps2:uPS2|keyboard:u1|keyboard_clk_filtered ; 1.000        ; 0.119      ; 1.146      ;
; -0.040 ; keyboard_top:u_kbd|ps2:uPS2|keyboard:u1|INCNT[0]   ; keyboard_top:u_kbd|ps2:uPS2|keyboard:u1|SHIFTIN[2]   ; keyboard_top:u_kbd|ps2:uPS2|keyboard:u1|keyboard_clk_filtered ; keyboard_top:u_kbd|ps2:uPS2|keyboard:u1|keyboard_clk_filtered ; 1.000        ; 0.119      ; 1.146      ;
; -0.040 ; keyboard_top:u_kbd|ps2:uPS2|keyboard:u1|INCNT[0]   ; keyboard_top:u_kbd|ps2:uPS2|keyboard:u1|SHIFTIN[0]   ; keyboard_top:u_kbd|ps2:uPS2|keyboard:u1|keyboard_clk_filtered ; keyboard_top:u_kbd|ps2:uPS2|keyboard:u1|keyboard_clk_filtered ; 1.000        ; 0.119      ; 1.146      ;
; -0.036 ; keyboard_top:u_kbd|ps2:uPS2|keyboard:u1|INCNT[0]   ; keyboard_top:u_kbd|ps2:uPS2|keyboard:u1|INCNT[1]     ; keyboard_top:u_kbd|ps2:uPS2|keyboard:u1|keyboard_clk_filtered ; keyboard_top:u_kbd|ps2:uPS2|keyboard:u1|keyboard_clk_filtered ; 1.000        ; -0.042     ; 0.981      ;
; -0.018 ; keyboard_top:u_kbd|ps2:uPS2|keyboard:u1|INCNT[0]   ; keyboard_top:u_kbd|ps2:uPS2|keyboard:u1|INCNT[2]     ; keyboard_top:u_kbd|ps2:uPS2|keyboard:u1|keyboard_clk_filtered ; keyboard_top:u_kbd|ps2:uPS2|keyboard:u1|keyboard_clk_filtered ; 1.000        ; -0.042     ; 0.963      ;
; -0.015 ; keyboard_top:u_kbd|ps2:uPS2|keyboard:u1|INCNT[0]   ; keyboard_top:u_kbd|ps2:uPS2|keyboard:u1|INCNT[3]     ; keyboard_top:u_kbd|ps2:uPS2|keyboard:u1|keyboard_clk_filtered ; keyboard_top:u_kbd|ps2:uPS2|keyboard:u1|keyboard_clk_filtered ; 1.000        ; -0.042     ; 0.960      ;
; 0.009  ; keyboard_top:u_kbd|ps2:uPS2|keyboard:u1|INCNT[2]   ; keyboard_top:u_kbd|ps2:uPS2|keyboard:u1|INCNT[0]     ; keyboard_top:u_kbd|ps2:uPS2|keyboard:u1|keyboard_clk_filtered ; keyboard_top:u_kbd|ps2:uPS2|keyboard:u1|keyboard_clk_filtered ; 1.000        ; -0.042     ; 0.936      ;
; 0.013  ; keyboard_top:u_kbd|ps2:uPS2|keyboard:u1|INCNT[2]   ; keyboard_top:u_kbd|ps2:uPS2|keyboard:u1|READ_CHAR    ; keyboard_top:u_kbd|ps2:uPS2|keyboard:u1|keyboard_clk_filtered ; keyboard_top:u_kbd|ps2:uPS2|keyboard:u1|keyboard_clk_filtered ; 1.000        ; -0.042     ; 0.932      ;
; 0.016  ; keyboard_top:u_kbd|ps2:uPS2|keyboard:u1|INCNT[1]   ; keyboard_top:u_kbd|ps2:uPS2|keyboard:u1|SHIFTIN[6]   ; keyboard_top:u_kbd|ps2:uPS2|keyboard:u1|keyboard_clk_filtered ; keyboard_top:u_kbd|ps2:uPS2|keyboard:u1|keyboard_clk_filtered ; 1.000        ; 0.119      ; 1.090      ;
; 0.016  ; keyboard_top:u_kbd|ps2:uPS2|keyboard:u1|INCNT[1]   ; keyboard_top:u_kbd|ps2:uPS2|keyboard:u1|SHIFTIN[3]   ; keyboard_top:u_kbd|ps2:uPS2|keyboard:u1|keyboard_clk_filtered ; keyboard_top:u_kbd|ps2:uPS2|keyboard:u1|keyboard_clk_filtered ; 1.000        ; 0.119      ; 1.090      ;
; 0.016  ; keyboard_top:u_kbd|ps2:uPS2|keyboard:u1|INCNT[1]   ; keyboard_top:u_kbd|ps2:uPS2|keyboard:u1|SHIFTIN[4]   ; keyboard_top:u_kbd|ps2:uPS2|keyboard:u1|keyboard_clk_filtered ; keyboard_top:u_kbd|ps2:uPS2|keyboard:u1|keyboard_clk_filtered ; 1.000        ; 0.119      ; 1.090      ;
; 0.016  ; keyboard_top:u_kbd|ps2:uPS2|keyboard:u1|INCNT[1]   ; keyboard_top:u_kbd|ps2:uPS2|keyboard:u1|SHIFTIN[5]   ; keyboard_top:u_kbd|ps2:uPS2|keyboard:u1|keyboard_clk_filtered ; keyboard_top:u_kbd|ps2:uPS2|keyboard:u1|keyboard_clk_filtered ; 1.000        ; 0.119      ; 1.090      ;
; 0.016  ; keyboard_top:u_kbd|ps2:uPS2|keyboard:u1|INCNT[1]   ; keyboard_top:u_kbd|ps2:uPS2|keyboard:u1|SHIFTIN[1]   ; keyboard_top:u_kbd|ps2:uPS2|keyboard:u1|keyboard_clk_filtered ; keyboard_top:u_kbd|ps2:uPS2|keyboard:u1|keyboard_clk_filtered ; 1.000        ; 0.119      ; 1.090      ;
; 0.016  ; keyboard_top:u_kbd|ps2:uPS2|keyboard:u1|INCNT[1]   ; keyboard_top:u_kbd|ps2:uPS2|keyboard:u1|SHIFTIN[2]   ; keyboard_top:u_kbd|ps2:uPS2|keyboard:u1|keyboard_clk_filtered ; keyboard_top:u_kbd|ps2:uPS2|keyboard:u1|keyboard_clk_filtered ; 1.000        ; 0.119      ; 1.090      ;
; 0.016  ; keyboard_top:u_kbd|ps2:uPS2|keyboard:u1|INCNT[1]   ; keyboard_top:u_kbd|ps2:uPS2|keyboard:u1|SHIFTIN[0]   ; keyboard_top:u_kbd|ps2:uPS2|keyboard:u1|keyboard_clk_filtered ; keyboard_top:u_kbd|ps2:uPS2|keyboard:u1|keyboard_clk_filtered ; 1.000        ; 0.119      ; 1.090      ;
; 0.017  ; keyboard_top:u_kbd|ps2:uPS2|keyboard:u1|INCNT[3]   ; keyboard_top:u_kbd|ps2:uPS2|keyboard:u1|INCNT[0]     ; keyboard_top:u_kbd|ps2:uPS2|keyboard:u1|keyboard_clk_filtered ; keyboard_top:u_kbd|ps2:uPS2|keyboard:u1|keyboard_clk_filtered ; 1.000        ; -0.042     ; 0.928      ;
; 0.020  ; keyboard_top:u_kbd|ps2:uPS2|keyboard:u1|INCNT[1]   ; keyboard_top:u_kbd|ps2:uPS2|keyboard:u1|INCNT[1]     ; keyboard_top:u_kbd|ps2:uPS2|keyboard:u1|keyboard_clk_filtered ; keyboard_top:u_kbd|ps2:uPS2|keyboard:u1|keyboard_clk_filtered ; 1.000        ; -0.042     ; 0.925      ;
; 0.021  ; keyboard_top:u_kbd|ps2:uPS2|keyboard:u1|INCNT[3]   ; keyboard_top:u_kbd|ps2:uPS2|keyboard:u1|READ_CHAR    ; keyboard_top:u_kbd|ps2:uPS2|keyboard:u1|keyboard_clk_filtered ; keyboard_top:u_kbd|ps2:uPS2|keyboard:u1|keyboard_clk_filtered ; 1.000        ; -0.042     ; 0.924      ;
; 0.022  ; keyboard_top:u_kbd|ps2:uPS2|keyboard:u1|INCNT[0]   ; keyboard_top:u_kbd|ps2:uPS2|keyboard:u1|SHIFTIN[7]   ; keyboard_top:u_kbd|ps2:uPS2|keyboard:u1|keyboard_clk_filtered ; keyboard_top:u_kbd|ps2:uPS2|keyboard:u1|keyboard_clk_filtered ; 1.000        ; 0.137      ; 1.102      ;
; 0.022  ; keyboard_top:u_kbd|ps2:uPS2|keyboard:u1|INCNT[0]   ; keyboard_top:u_kbd|ps2:uPS2|keyboard:u1|SHIFTIN[8]   ; keyboard_top:u_kbd|ps2:uPS2|keyboard:u1|keyboard_clk_filtered ; keyboard_top:u_kbd|ps2:uPS2|keyboard:u1|keyboard_clk_filtered ; 1.000        ; 0.137      ; 1.102      ;
; 0.038  ; keyboard_top:u_kbd|ps2:uPS2|keyboard:u1|INCNT[1]   ; keyboard_top:u_kbd|ps2:uPS2|keyboard:u1|INCNT[2]     ; keyboard_top:u_kbd|ps2:uPS2|keyboard:u1|keyboard_clk_filtered ; keyboard_top:u_kbd|ps2:uPS2|keyboard:u1|keyboard_clk_filtered ; 1.000        ; -0.042     ; 0.907      ;
; 0.041  ; keyboard_top:u_kbd|ps2:uPS2|keyboard:u1|INCNT[1]   ; keyboard_top:u_kbd|ps2:uPS2|keyboard:u1|INCNT[3]     ; keyboard_top:u_kbd|ps2:uPS2|keyboard:u1|keyboard_clk_filtered ; keyboard_top:u_kbd|ps2:uPS2|keyboard:u1|keyboard_clk_filtered ; 1.000        ; -0.042     ; 0.904      ;
; 0.050  ; keyboard_top:u_kbd|ps2:uPS2|keyboard:u1|SHIFTIN[7] ; keyboard_top:u_kbd|ps2:uPS2|keyboard:u1|scan_code[7] ; keyboard_top:u_kbd|ps2:uPS2|keyboard:u1|keyboard_clk_filtered ; keyboard_top:u_kbd|ps2:uPS2|keyboard:u1|keyboard_clk_filtered ; 1.000        ; -0.249     ; 0.688      ;
; 0.067  ; keyboard_top:u_kbd|ps2:uPS2|keyboard:u1|READ_CHAR  ; keyboard_top:u_kbd|ps2:uPS2|keyboard:u1|INCNT[1]     ; keyboard_top:u_kbd|ps2:uPS2|keyboard:u1|keyboard_clk_filtered ; keyboard_top:u_kbd|ps2:uPS2|keyboard:u1|keyboard_clk_filtered ; 1.000        ; -0.042     ; 0.878      ;
; 0.067  ; keyboard_top:u_kbd|ps2:uPS2|keyboard:u1|READ_CHAR  ; keyboard_top:u_kbd|ps2:uPS2|keyboard:u1|INCNT[0]     ; keyboard_top:u_kbd|ps2:uPS2|keyboard:u1|keyboard_clk_filtered ; keyboard_top:u_kbd|ps2:uPS2|keyboard:u1|keyboard_clk_filtered ; 1.000        ; -0.042     ; 0.878      ;
; 0.067  ; keyboard_top:u_kbd|ps2:uPS2|keyboard:u1|READ_CHAR  ; keyboard_top:u_kbd|ps2:uPS2|keyboard:u1|INCNT[3]     ; keyboard_top:u_kbd|ps2:uPS2|keyboard:u1|keyboard_clk_filtered ; keyboard_top:u_kbd|ps2:uPS2|keyboard:u1|keyboard_clk_filtered ; 1.000        ; -0.042     ; 0.878      ;
+--------+----------------------------------------------------+------------------------------------------------------+---------------------------------------------------------------+---------------------------------------------------------------+--------------+------------+------------+


+------------------------------------------------------------------------------------------------------------------------------------------------------------------------------------+
; Fast 1200mV 0C Model Setup: 'CLOCK_50'                                                                                                                                             ;
+--------+--------------------------------------+--------------------------------------+--------------------------------------+-------------+--------------+------------+------------+
; Slack  ; From Node                            ; To Node                              ; Launch Clock                         ; Latch Clock ; Relationship ; Clock Skew ; Data Delay ;
+--------+--------------------------------------+--------------------------------------+--------------------------------------+-------------+--------------+------------+------------+
; -0.018 ; vga_sync_pipe:u_sync|pixel_clock_int ; vga_sync_pipe:u_sync|pixel_clock_int ; vga_sync_pipe:u_sync|pixel_clock_int ; CLOCK_50    ; 0.500        ; 0.841      ; 1.441      ;
; 0.498  ; vga_sync_pipe:u_sync|pixel_clock_int ; vga_sync_pipe:u_sync|pixel_clock_int ; vga_sync_pipe:u_sync|pixel_clock_int ; CLOCK_50    ; 1.000        ; 0.841      ; 1.425      ;
+--------+--------------------------------------+--------------------------------------+--------------------------------------+-------------+--------------+------------+------------+


+-----------------------------------------------------------------------------------------------------------------------------------------------------------------------------------------------------------------------------------------------------------------------------------------------------------------------------------------------------------------------------+
; Fast 1200mV 0C Model Hold: 'u_pll|uPLL|altpll_component|auto_generated|pll1|clk[0]'                                                                                                                                                                                                                                                                                         ;
+--------+------------------------------------------------------------------------------------------------+-------------------------------------------------------------------------------------------------+---------------------------------------------------------------+--------------------------------------------------------+--------------+------------+------------+
; Slack  ; From Node                                                                                      ; To Node                                                                                         ; Launch Clock                                                  ; Latch Clock                                            ; Relationship ; Clock Skew ; Data Delay ;
+--------+------------------------------------------------------------------------------------------------+-------------------------------------------------------------------------------------------------+---------------------------------------------------------------+--------------------------------------------------------+--------------+------------+------------+
; -0.142 ; keyboard_top:u_kbd|ps2:uPS2|keyboard:u1|keyboard_clk_filtered                                  ; keyboard_top:u_kbd|ps2:uPS2|keyboard:u1|keyboard_clk_filtered                                   ; keyboard_top:u_kbd|ps2:uPS2|keyboard:u1|keyboard_clk_filtered ; u_pll|uPLL|altpll_component|auto_generated|pll1|clk[0] ; 0.000        ; 0.160      ; 0.307      ;
; 0.172  ; bullet_bottom_top:u_bullets_bottom|tank_bullet_bottom_refine:\gen_bullets:3:u_bullet|colli_reg ; bullet_bottom_top:u_bullets_bottom|tank_bullet_bottom_refine:\gen_bullets:3:u_bullet|colli_reg  ; u_pll|uPLL|altpll_component|auto_generated|pll1|clk[0]        ; u_pll|uPLL|altpll_component|auto_generated|pll1|clk[0] ; 0.000        ; 0.051      ; 0.307      ;
; 0.174  ; keyboard_top:u_kbd|keyboard_ctrl:Ukeycontrol|state_reg                                         ; keyboard_top:u_kbd|keyboard_ctrl:Ukeycontrol|state_reg                                          ; u_pll|uPLL|altpll_component|auto_generated|pll1|clk[0]        ; u_pll|uPLL|altpll_component|auto_generated|pll1|clk[0] ; 0.000        ; 0.049      ; 0.307      ;
; 0.174  ; bullet_bottom_top:u_bullets_bottom|tank_bullet_bottom_refine:\gen_bullets:3:u_bullet|state_reg ; bullet_bottom_top:u_bullets_bottom|tank_bullet_bottom_refine:\gen_bullets:3:u_bullet|state_reg  ; u_pll|uPLL|altpll_component|auto_generated|pll1|clk[0]        ; u_pll|uPLL|altpll_component|auto_generated|pll1|clk[0] ; 0.000        ; 0.049      ; 0.307      ;
; 0.174  ; bullet_bottom_top:u_bullets_bottom|tank_bullet_bottom_refine:\gen_bullets:1:u_bullet|state_reg ; bullet_bottom_top:u_bullets_bottom|tank_bullet_bottom_refine:\gen_bullets:1:u_bullet|state_reg  ; u_pll|uPLL|altpll_component|auto_generated|pll1|clk[0]        ; u_pll|uPLL|altpll_component|auto_generated|pll1|clk[0] ; 0.000        ; 0.049      ; 0.307      ;
; 0.180  ; bullet_top_top:u_bullets_top|tank_bullet_top_refine:\gen_bullets:0:u_bullet|fire_reg           ; bullet_top_top:u_bullets_top|tank_bullet_top_refine:\gen_bullets:0:u_bullet|fire_reg            ; u_pll|uPLL|altpll_component|auto_generated|pll1|clk[0]        ; u_pll|uPLL|altpll_component|auto_generated|pll1|clk[0] ; 0.000        ; 0.043      ; 0.307      ;
; 0.180  ; bullet_top_top:u_bullets_top|tank_bullet_top_refine:\gen_bullets:0:u_bullet|colli_reg          ; bullet_top_top:u_bullets_top|tank_bullet_top_refine:\gen_bullets:0:u_bullet|colli_reg           ; u_pll|uPLL|altpll_component|auto_generated|pll1|clk[0]        ; u_pll|uPLL|altpll_component|auto_generated|pll1|clk[0] ; 0.000        ; 0.043      ; 0.307      ;
; 0.180  ; scoremodule:u_score|score_toptank:uscore_t|freeze_reg                                          ; scoremodule:u_score|score_toptank:uscore_t|freeze_reg                                           ; u_pll|uPLL|altpll_component|auto_generated|pll1|clk[0]        ; u_pll|uPLL|altpll_component|auto_generated|pll1|clk[0] ; 0.000        ; 0.043      ; 0.307      ;
; 0.180  ; scoremodule:u_score|score_toptank:uscore_t|state_reg                                           ; scoremodule:u_score|score_toptank:uscore_t|state_reg                                            ; u_pll|uPLL|altpll_component|auto_generated|pll1|clk[0]        ; u_pll|uPLL|altpll_component|auto_generated|pll1|clk[0] ; 0.000        ; 0.043      ; 0.307      ;
; 0.180  ; scoremodule:u_score|score_toptank:uscore_t|score_reg[0]                                        ; scoremodule:u_score|score_toptank:uscore_t|score_reg[0]                                         ; u_pll|uPLL|altpll_component|auto_generated|pll1|clk[0]        ; u_pll|uPLL|altpll_component|auto_generated|pll1|clk[0] ; 0.000        ; 0.043      ; 0.307      ;
; 0.180  ; scoremodule:u_score|score_toptank:uscore_t|score_reg[1]                                        ; scoremodule:u_score|score_toptank:uscore_t|score_reg[1]                                         ; u_pll|uPLL|altpll_component|auto_generated|pll1|clk[0]        ; u_pll|uPLL|altpll_component|auto_generated|pll1|clk[0] ; 0.000        ; 0.043      ; 0.307      ;
; 0.180  ; bullet_top_top:u_bullets_top|tank_bullet_top_refine:\gen_bullets:1:u_bullet|colli_reg          ; bullet_top_top:u_bullets_top|tank_bullet_top_refine:\gen_bullets:1:u_bullet|colli_reg           ; u_pll|uPLL|altpll_component|auto_generated|pll1|clk[0]        ; u_pll|uPLL|altpll_component|auto_generated|pll1|clk[0] ; 0.000        ; 0.043      ; 0.307      ;
; 0.180  ; bullet_top_top:u_bullets_top|tank_bullet_top_refine:\gen_bullets:1:u_bullet|fire_reg           ; bullet_top_top:u_bullets_top|tank_bullet_top_refine:\gen_bullets:1:u_bullet|fire_reg            ; u_pll|uPLL|altpll_component|auto_generated|pll1|clk[0]        ; u_pll|uPLL|altpll_component|auto_generated|pll1|clk[0] ; 0.000        ; 0.043      ; 0.307      ;
; 0.180  ; keyboard_top:u_kbd|ps2:uPS2|keyboard:u1|clock_enable                                           ; keyboard_top:u_kbd|ps2:uPS2|keyboard:u1|clock_enable                                            ; u_pll|uPLL|altpll_component|auto_generated|pll1|clk[0]        ; u_pll|uPLL|altpll_component|auto_generated|pll1|clk[0] ; 0.000        ; 0.050      ; 0.314      ;
; 0.180  ; tank_bottom:u_tank_bottom|x_reg[0]                                                             ; tank_bottom:u_tank_bottom|x_reg[0]                                                              ; u_pll|uPLL|altpll_component|auto_generated|pll1|clk[0]        ; u_pll|uPLL|altpll_component|auto_generated|pll1|clk[0] ; 0.000        ; 0.043      ; 0.307      ;
; 0.181  ; bullet_top_top:u_bullets_top|tank_bullet_top_refine:\gen_bullets:4:u_bullet|colli_reg          ; bullet_top_top:u_bullets_top|tank_bullet_top_refine:\gen_bullets:4:u_bullet|colli_reg           ; u_pll|uPLL|altpll_component|auto_generated|pll1|clk[0]        ; u_pll|uPLL|altpll_component|auto_generated|pll1|clk[0] ; 0.000        ; 0.042      ; 0.307      ;
; 0.181  ; bullet_top_top:u_bullets_top|tank_bullet_top_refine:\gen_bullets:4:u_bullet|fire_reg           ; bullet_top_top:u_bullets_top|tank_bullet_top_refine:\gen_bullets:4:u_bullet|fire_reg            ; u_pll|uPLL|altpll_component|auto_generated|pll1|clk[0]        ; u_pll|uPLL|altpll_component|auto_generated|pll1|clk[0] ; 0.000        ; 0.042      ; 0.307      ;
; 0.181  ; bullet_top_top:u_bullets_top|tank_bullet_top_refine:\gen_bullets:3:u_bullet|colli_reg          ; bullet_top_top:u_bullets_top|tank_bullet_top_refine:\gen_bullets:3:u_bullet|colli_reg           ; u_pll|uPLL|altpll_component|auto_generated|pll1|clk[0]        ; u_pll|uPLL|altpll_component|auto_generated|pll1|clk[0] ; 0.000        ; 0.042      ; 0.307      ;
; 0.181  ; bullet_top_top:u_bullets_top|tank_bullet_top_refine:\gen_bullets:3:u_bullet|fire_reg           ; bullet_top_top:u_bullets_top|tank_bullet_top_refine:\gen_bullets:3:u_bullet|fire_reg            ; u_pll|uPLL|altpll_component|auto_generated|pll1|clk[0]        ; u_pll|uPLL|altpll_component|auto_generated|pll1|clk[0] ; 0.000        ; 0.042      ; 0.307      ;
; 0.181  ; PLL_clock_top:u_pll|freeze_reg                                                                 ; PLL_clock_top:u_pll|freeze_reg                                                                  ; u_pll|uPLL|altpll_component|auto_generated|pll1|clk[0]        ; u_pll|uPLL|altpll_component|auto_generated|pll1|clk[0] ; 0.000        ; 0.042      ; 0.307      ;
; 0.181  ; scoremodule:u_score|score_bottomtank:uscore_b|freeze_reg                                       ; scoremodule:u_score|score_bottomtank:uscore_b|freeze_reg                                        ; u_pll|uPLL|altpll_component|auto_generated|pll1|clk[0]        ; u_pll|uPLL|altpll_component|auto_generated|pll1|clk[0] ; 0.000        ; 0.042      ; 0.307      ;
; 0.181  ; tank_top:u_tank_top|dir_reg                                                                    ; tank_top:u_tank_top|dir_reg                                                                     ; u_pll|uPLL|altpll_component|auto_generated|pll1|clk[0]        ; u_pll|uPLL|altpll_component|auto_generated|pll1|clk[0] ; 0.000        ; 0.042      ; 0.307      ;
; 0.181  ; scoremodule:u_score|score_bottomtank:uscore_b|score_reg[0]                                     ; scoremodule:u_score|score_bottomtank:uscore_b|score_reg[0]                                      ; u_pll|uPLL|altpll_component|auto_generated|pll1|clk[0]        ; u_pll|uPLL|altpll_component|auto_generated|pll1|clk[0] ; 0.000        ; 0.042      ; 0.307      ;
; 0.181  ; scoremodule:u_score|score_bottomtank:uscore_b|score_reg[1]                                     ; scoremodule:u_score|score_bottomtank:uscore_b|score_reg[1]                                      ; u_pll|uPLL|altpll_component|auto_generated|pll1|clk[0]        ; u_pll|uPLL|altpll_component|auto_generated|pll1|clk[0] ; 0.000        ; 0.042      ; 0.307      ;
; 0.181  ; scoremodule:u_score|score_bottomtank:uscore_b|state_reg                                        ; scoremodule:u_score|score_bottomtank:uscore_b|state_reg                                         ; u_pll|uPLL|altpll_component|auto_generated|pll1|clk[0]        ; u_pll|uPLL|altpll_component|auto_generated|pll1|clk[0] ; 0.000        ; 0.042      ; 0.307      ;
; 0.181  ; bullet_bottom_top:u_bullets_bottom|tank_bullet_bottom_refine:\gen_bullets:0:u_bullet|colli_reg ; bullet_bottom_top:u_bullets_bottom|tank_bullet_bottom_refine:\gen_bullets:0:u_bullet|colli_reg  ; u_pll|uPLL|altpll_component|auto_generated|pll1|clk[0]        ; u_pll|uPLL|altpll_component|auto_generated|pll1|clk[0] ; 0.000        ; 0.042      ; 0.307      ;
; 0.181  ; bullet_bottom_top:u_bullets_bottom|tank_bullet_bottom_refine:\gen_bullets:0:u_bullet|fire_reg  ; bullet_bottom_top:u_bullets_bottom|tank_bullet_bottom_refine:\gen_bullets:0:u_bullet|fire_reg   ; u_pll|uPLL|altpll_component|auto_generated|pll1|clk[0]        ; u_pll|uPLL|altpll_component|auto_generated|pll1|clk[0] ; 0.000        ; 0.042      ; 0.307      ;
; 0.181  ; bullet_bottom_top:u_bullets_bottom|tank_bullet_bottom_refine:\gen_bullets:0:u_bullet|state_reg ; bullet_bottom_top:u_bullets_bottom|tank_bullet_bottom_refine:\gen_bullets:0:u_bullet|state_reg  ; u_pll|uPLL|altpll_component|auto_generated|pll1|clk[0]        ; u_pll|uPLL|altpll_component|auto_generated|pll1|clk[0] ; 0.000        ; 0.042      ; 0.307      ;
; 0.181  ; keyboard_top:u_kbd|ps2:uPS2|oneshot:pulser|delay                                               ; keyboard_top:u_kbd|ps2:uPS2|oneshot:pulser|delay                                                ; u_pll|uPLL|altpll_component|auto_generated|pll1|clk[0]        ; u_pll|uPLL|altpll_component|auto_generated|pll1|clk[0] ; 0.000        ; 0.042      ; 0.307      ;
; 0.181  ; bullet_bottom_top:u_bullets_bottom|tank_bullet_bottom_refine:\gen_bullets:2:u_bullet|colli_reg ; bullet_bottom_top:u_bullets_bottom|tank_bullet_bottom_refine:\gen_bullets:2:u_bullet|colli_reg  ; u_pll|uPLL|altpll_component|auto_generated|pll1|clk[0]        ; u_pll|uPLL|altpll_component|auto_generated|pll1|clk[0] ; 0.000        ; 0.042      ; 0.307      ;
; 0.181  ; bullet_bottom_top:u_bullets_bottom|tank_bullet_bottom_refine:\gen_bullets:1:u_bullet|colli_reg ; bullet_bottom_top:u_bullets_bottom|tank_bullet_bottom_refine:\gen_bullets:1:u_bullet|colli_reg  ; u_pll|uPLL|altpll_component|auto_generated|pll1|clk[0]        ; u_pll|uPLL|altpll_component|auto_generated|pll1|clk[0] ; 0.000        ; 0.042      ; 0.307      ;
; 0.181  ; bullet_bottom_top:u_bullets_bottom|tank_bullet_bottom_refine:\gen_bullets:4:u_bullet|colli_reg ; bullet_bottom_top:u_bullets_bottom|tank_bullet_bottom_refine:\gen_bullets:4:u_bullet|colli_reg  ; u_pll|uPLL|altpll_component|auto_generated|pll1|clk[0]        ; u_pll|uPLL|altpll_component|auto_generated|pll1|clk[0] ; 0.000        ; 0.042      ; 0.307      ;
; 0.181  ; bullet_bottom_top:u_bullets_bottom|tank_bullet_bottom_refine:\gen_bullets:4:u_bullet|fire_reg  ; bullet_bottom_top:u_bullets_bottom|tank_bullet_bottom_refine:\gen_bullets:4:u_bullet|fire_reg   ; u_pll|uPLL|altpll_component|auto_generated|pll1|clk[0]        ; u_pll|uPLL|altpll_component|auto_generated|pll1|clk[0] ; 0.000        ; 0.042      ; 0.307      ;
; 0.181  ; bullet_bottom_top:u_bullets_bottom|tank_bullet_bottom_refine:\gen_bullets:3:u_bullet|fire_reg  ; bullet_bottom_top:u_bullets_bottom|tank_bullet_bottom_refine:\gen_bullets:3:u_bullet|fire_reg   ; u_pll|uPLL|altpll_component|auto_generated|pll1|clk[0]        ; u_pll|uPLL|altpll_component|auto_generated|pll1|clk[0] ; 0.000        ; 0.042      ; 0.307      ;
; 0.181  ; bullet_bottom_top:u_bullets_bottom|tank_bullet_bottom_refine:\gen_bullets:2:u_bullet|fire_reg  ; bullet_bottom_top:u_bullets_bottom|tank_bullet_bottom_refine:\gen_bullets:2:u_bullet|fire_reg   ; u_pll|uPLL|altpll_component|auto_generated|pll1|clk[0]        ; u_pll|uPLL|altpll_component|auto_generated|pll1|clk[0] ; 0.000        ; 0.042      ; 0.307      ;
; 0.181  ; bullet_bottom_top:u_bullets_bottom|tank_bullet_bottom_refine:\gen_bullets:2:u_bullet|state_reg ; bullet_bottom_top:u_bullets_bottom|tank_bullet_bottom_refine:\gen_bullets:2:u_bullet|state_reg  ; u_pll|uPLL|altpll_component|auto_generated|pll1|clk[0]        ; u_pll|uPLL|altpll_component|auto_generated|pll1|clk[0] ; 0.000        ; 0.042      ; 0.307      ;
; 0.181  ; bullet_bottom_top:u_bullets_bottom|tank_bullet_bottom_refine:\gen_bullets:1:u_bullet|fire_reg  ; bullet_bottom_top:u_bullets_bottom|tank_bullet_bottom_refine:\gen_bullets:1:u_bullet|fire_reg   ; u_pll|uPLL|altpll_component|auto_generated|pll1|clk[0]        ; u_pll|uPLL|altpll_component|auto_generated|pll1|clk[0] ; 0.000        ; 0.042      ; 0.307      ;
; 0.181  ; tank_bottom:u_tank_bottom|dir_reg                                                              ; tank_bottom:u_tank_bottom|dir_reg                                                               ; u_pll|uPLL|altpll_component|auto_generated|pll1|clk[0]        ; u_pll|uPLL|altpll_component|auto_generated|pll1|clk[0] ; 0.000        ; 0.042      ; 0.307      ;
; 0.181  ; bullet_top_top:u_bullets_top|tank_bullet_top_refine:\gen_bullets:2:u_bullet|colli_reg          ; bullet_top_top:u_bullets_top|tank_bullet_top_refine:\gen_bullets:2:u_bullet|colli_reg           ; u_pll|uPLL|altpll_component|auto_generated|pll1|clk[0]        ; u_pll|uPLL|altpll_component|auto_generated|pll1|clk[0] ; 0.000        ; 0.042      ; 0.307      ;
; 0.182  ; bullet_bottom_top:u_bullets_bottom|tank_bullet_bottom_refine:\gen_bullets:4:u_bullet|state_reg ; bullet_bottom_top:u_bullets_bottom|tank_bullet_bottom_refine:\gen_bullets:4:u_bullet|state_reg  ; u_pll|uPLL|altpll_component|auto_generated|pll1|clk[0]        ; u_pll|uPLL|altpll_component|auto_generated|pll1|clk[0] ; 0.000        ; 0.041      ; 0.307      ;
; 0.187  ; bullet_top_top:u_bullets_top|tank_bullet_top_refine:\gen_bullets:0:u_bullet|state_reg          ; bullet_top_top:u_bullets_top|tank_bullet_top_refine:\gen_bullets:0:u_bullet|state_reg           ; u_pll|uPLL|altpll_component|auto_generated|pll1|clk[0]        ; u_pll|uPLL|altpll_component|auto_generated|pll1|clk[0] ; 0.000        ; 0.043      ; 0.314      ;
; 0.187  ; bullet_top_top:u_bullets_top|tank_bullet_top_refine:\gen_bullets:1:u_bullet|state_reg          ; bullet_top_top:u_bullets_top|tank_bullet_top_refine:\gen_bullets:1:u_bullet|state_reg           ; u_pll|uPLL|altpll_component|auto_generated|pll1|clk[0]        ; u_pll|uPLL|altpll_component|auto_generated|pll1|clk[0] ; 0.000        ; 0.043      ; 0.314      ;
; 0.187  ; scoremodule:u_score|score_toptank:uscore_t|state_reg                                           ; scoremodule:u_score|score_toptank:uscore_t|freeze_reg                                           ; u_pll|uPLL|altpll_component|auto_generated|pll1|clk[0]        ; u_pll|uPLL|altpll_component|auto_generated|pll1|clk[0] ; 0.000        ; 0.043      ; 0.314      ;
; 0.188  ; bullet_top_top:u_bullets_top|tank_bullet_top_refine:\gen_bullets:4:u_bullet|state_reg          ; bullet_top_top:u_bullets_top|tank_bullet_top_refine:\gen_bullets:4:u_bullet|state_reg           ; u_pll|uPLL|altpll_component|auto_generated|pll1|clk[0]        ; u_pll|uPLL|altpll_component|auto_generated|pll1|clk[0] ; 0.000        ; 0.042      ; 0.314      ;
; 0.188  ; bullet_top_top:u_bullets_top|tank_bullet_top_refine:\gen_bullets:3:u_bullet|state_reg          ; bullet_top_top:u_bullets_top|tank_bullet_top_refine:\gen_bullets:3:u_bullet|state_reg           ; u_pll|uPLL|altpll_component|auto_generated|pll1|clk[0]        ; u_pll|uPLL|altpll_component|auto_generated|pll1|clk[0] ; 0.000        ; 0.042      ; 0.314      ;
; 0.188  ; bullet_top_top:u_bullets_top|tank_bullet_top_refine:\gen_bullets:2:u_bullet|state_reg          ; bullet_top_top:u_bullets_top|tank_bullet_top_refine:\gen_bullets:2:u_bullet|state_reg           ; u_pll|uPLL|altpll_component|auto_generated|pll1|clk[0]        ; u_pll|uPLL|altpll_component|auto_generated|pll1|clk[0] ; 0.000        ; 0.042      ; 0.314      ;
; 0.192  ; keyboard_top:u_kbd|ps2:uPS2|keyboard:u1|filter[5]                                              ; keyboard_top:u_kbd|ps2:uPS2|keyboard:u1|filter[4]                                               ; u_pll|uPLL|altpll_component|auto_generated|pll1|clk[0]        ; u_pll|uPLL|altpll_component|auto_generated|pll1|clk[0] ; 0.000        ; 0.043      ; 0.319      ;
; 0.193  ; keyboard_top:u_kbd|ps2:uPS2|keyboard:u1|filter[2]                                              ; keyboard_top:u_kbd|ps2:uPS2|keyboard:u1|filter[1]                                               ; u_pll|uPLL|altpll_component|auto_generated|pll1|clk[0]        ; u_pll|uPLL|altpll_component|auto_generated|pll1|clk[0] ; 0.000        ; 0.043      ; 0.320      ;
; 0.193  ; keyboard_top:u_kbd|ps2:uPS2|oneshot:pulser|delay                                               ; keyboard_top:u_kbd|ps2:uPS2|oneshot:pulser|pulse_out                                            ; u_pll|uPLL|altpll_component|auto_generated|pll1|clk[0]        ; u_pll|uPLL|altpll_component|auto_generated|pll1|clk[0] ; 0.000        ; 0.042      ; 0.319      ;
; 0.196  ; scoremodule:u_score|score_bottomtank:uscore_b|freeze_reg                                       ; tank_top:u_tank_top|state_reg                                                                   ; u_pll|uPLL|altpll_component|auto_generated|pll1|clk[0]        ; u_pll|uPLL|altpll_component|auto_generated|pll1|clk[0] ; 0.000        ; 0.042      ; 0.322      ;
; 0.197  ; scoremodule:u_score|score_bottomtank:uscore_b|freeze_reg                                       ; PLL_clock_top:u_pll|freeze_reg                                                                  ; u_pll|uPLL|altpll_component|auto_generated|pll1|clk[0]        ; u_pll|uPLL|altpll_component|auto_generated|pll1|clk[0] ; 0.000        ; 0.042      ; 0.323      ;
; 0.207  ; scoremodule:u_score|score_bottomtank:uscore_b|score_reg[0]                                     ; scoremodule:u_score|score_bottomtank:uscore_b|freeze_reg                                        ; u_pll|uPLL|altpll_component|auto_generated|pll1|clk[0]        ; u_pll|uPLL|altpll_component|auto_generated|pll1|clk[0] ; 0.000        ; 0.042      ; 0.333      ;
; 0.208  ; bullet_top_top:u_bullets_top|tank_bullet_top_refine:\gen_bullets:2:u_bullet|fire_reg           ; bullet_top_top:u_bullets_top|tank_bullet_top_refine:\gen_bullets:2:u_bullet|active_reg          ; u_pll|uPLL|altpll_component|auto_generated|pll1|clk[0]        ; u_pll|uPLL|altpll_component|auto_generated|pll1|clk[0] ; 0.000        ; 0.228      ; 0.520      ;
; 0.208  ; PLL_clock_top:u_pll|counter_accum[0]                                                           ; PLL_clock_top:u_pll|counter_accum[7]                                                            ; u_pll|uPLL|altpll_component|auto_generated|pll1|clk[0]        ; u_pll|uPLL|altpll_component|auto_generated|pll1|clk[0] ; 0.000        ; 0.042      ; 0.334      ;
; 0.210  ; scoremodule:u_score|score_bottomtank:uscore_b|score_reg[0]                                     ; scoremodule:u_score|score_bottomtank:uscore_b|state_reg                                         ; u_pll|uPLL|altpll_component|auto_generated|pll1|clk[0]        ; u_pll|uPLL|altpll_component|auto_generated|pll1|clk[0] ; 0.000        ; 0.042      ; 0.336      ;
; 0.263  ; bullet_top_top:u_bullets_top|tank_bullet_top_refine:\gen_bullets:3:u_bullet|fire_reg           ; bullet_top_top:u_bullets_top|tank_bullet_top_refine:\gen_bullets:3:u_bullet|active_reg          ; u_pll|uPLL|altpll_component|auto_generated|pll1|clk[0]        ; u_pll|uPLL|altpll_component|auto_generated|pll1|clk[0] ; 0.000        ; 0.042      ; 0.389      ;
; 0.273  ; keyboard_top:u_kbd|ps2:uPS2|keyboard:u1|filter[1]                                              ; keyboard_top:u_kbd|ps2:uPS2|keyboard:u1|filter[0]                                               ; u_pll|uPLL|altpll_component|auto_generated|pll1|clk[0]        ; u_pll|uPLL|altpll_component|auto_generated|pll1|clk[0] ; 0.000        ; 0.043      ; 0.400      ;
; 0.291  ; bullet_bottom_top:u_bullets_bottom|tank_bullet_bottom_refine:\gen_bullets:2:u_bullet|state_reg ; bullet_bottom_top:u_bullets_bottom|tank_bullet_bottom_refine:\gen_bullets:2:u_bullet|y_reg[5]   ; u_pll|uPLL|altpll_component|auto_generated|pll1|clk[0]        ; u_pll|uPLL|altpll_component|auto_generated|pll1|clk[0] ; 0.000        ; 0.042      ; 0.417      ;
; 0.291  ; PLL_clock_top:u_pll|counter_accum[13]                                                          ; PLL_clock_top:u_pll|counter_accum[13]                                                           ; u_pll|uPLL|altpll_component|auto_generated|pll1|clk[0]        ; u_pll|uPLL|altpll_component|auto_generated|pll1|clk[0] ; 0.000        ; 0.042      ; 0.417      ;
; 0.291  ; PLL_clock_top:u_pll|counter_accum[11]                                                          ; PLL_clock_top:u_pll|counter_accum[11]                                                           ; u_pll|uPLL|altpll_component|auto_generated|pll1|clk[0]        ; u_pll|uPLL|altpll_component|auto_generated|pll1|clk[0] ; 0.000        ; 0.042      ; 0.417      ;
; 0.292  ; bullet_bottom_top:u_bullets_bottom|tank_bullet_bottom_refine:\gen_bullets:2:u_bullet|state_reg ; bullet_bottom_top:u_bullets_bottom|tank_bullet_bottom_refine:\gen_bullets:2:u_bullet|y_reg[9]   ; u_pll|uPLL|altpll_component|auto_generated|pll1|clk[0]        ; u_pll|uPLL|altpll_component|auto_generated|pll1|clk[0] ; 0.000        ; 0.042      ; 0.418      ;
; 0.292  ; PLL_clock_top:u_pll|counter_accum[5]                                                           ; PLL_clock_top:u_pll|counter_accum[5]                                                            ; u_pll|uPLL|altpll_component|auto_generated|pll1|clk[0]        ; u_pll|uPLL|altpll_component|auto_generated|pll1|clk[0] ; 0.000        ; 0.042      ; 0.418      ;
; 0.293  ; bullet_bottom_top:u_bullets_bottom|tank_bullet_bottom_refine:\gen_bullets:2:u_bullet|state_reg ; bullet_bottom_top:u_bullets_bottom|tank_bullet_bottom_refine:\gen_bullets:2:u_bullet|y_reg[4]   ; u_pll|uPLL|altpll_component|auto_generated|pll1|clk[0]        ; u_pll|uPLL|altpll_component|auto_generated|pll1|clk[0] ; 0.000        ; 0.042      ; 0.419      ;
; 0.293  ; PLL_clock_top:u_pll|counter_accum[16]                                                          ; PLL_clock_top:u_pll|counter_accum[16]                                                           ; u_pll|uPLL|altpll_component|auto_generated|pll1|clk[0]        ; u_pll|uPLL|altpll_component|auto_generated|pll1|clk[0] ; 0.000        ; 0.042      ; 0.419      ;
; 0.293  ; PLL_clock_top:u_pll|counter_accum[12]                                                          ; PLL_clock_top:u_pll|counter_accum[12]                                                           ; u_pll|uPLL|altpll_component|auto_generated|pll1|clk[0]        ; u_pll|uPLL|altpll_component|auto_generated|pll1|clk[0] ; 0.000        ; 0.042      ; 0.419      ;
; 0.293  ; PLL_clock_top:u_pll|counter_accum[6]                                                           ; PLL_clock_top:u_pll|counter_accum[6]                                                            ; u_pll|uPLL|altpll_component|auto_generated|pll1|clk[0]        ; u_pll|uPLL|altpll_component|auto_generated|pll1|clk[0] ; 0.000        ; 0.042      ; 0.419      ;
; 0.293  ; PLL_clock_top:u_pll|counter_accum[4]                                                           ; PLL_clock_top:u_pll|counter_accum[4]                                                            ; u_pll|uPLL|altpll_component|auto_generated|pll1|clk[0]        ; u_pll|uPLL|altpll_component|auto_generated|pll1|clk[0] ; 0.000        ; 0.042      ; 0.419      ;
; 0.293  ; PLL_clock_top:u_pll|counter_accum[2]                                                           ; PLL_clock_top:u_pll|counter_accum[2]                                                            ; u_pll|uPLL|altpll_component|auto_generated|pll1|clk[0]        ; u_pll|uPLL|altpll_component|auto_generated|pll1|clk[0] ; 0.000        ; 0.042      ; 0.419      ;
; 0.293  ; PLL_clock_top:u_pll|counter_accum[1]                                                           ; PLL_clock_top:u_pll|counter_accum[1]                                                            ; u_pll|uPLL|altpll_component|auto_generated|pll1|clk[0]        ; u_pll|uPLL|altpll_component|auto_generated|pll1|clk[0] ; 0.000        ; 0.042      ; 0.419      ;
; 0.294  ; PLL_clock_top:u_pll|counter_accum[14]                                                          ; PLL_clock_top:u_pll|counter_accum[14]                                                           ; u_pll|uPLL|altpll_component|auto_generated|pll1|clk[0]        ; u_pll|uPLL|altpll_component|auto_generated|pll1|clk[0] ; 0.000        ; 0.042      ; 0.420      ;
; 0.296  ; bullet_bottom_top:u_bullets_bottom|tank_bullet_bottom_refine:\gen_bullets:2:u_bullet|state_reg ; bullet_bottom_top:u_bullets_bottom|tank_bullet_bottom_refine:\gen_bullets:2:u_bullet|y_reg[6]   ; u_pll|uPLL|altpll_component|auto_generated|pll1|clk[0]        ; u_pll|uPLL|altpll_component|auto_generated|pll1|clk[0] ; 0.000        ; 0.042      ; 0.422      ;
; 0.297  ; scoremodule:u_score|score_bottomtank:uscore_b|state_reg                                        ; scoremodule:u_score|score_bottomtank:uscore_b|freeze_reg                                        ; u_pll|uPLL|altpll_component|auto_generated|pll1|clk[0]        ; u_pll|uPLL|altpll_component|auto_generated|pll1|clk[0] ; 0.000        ; 0.042      ; 0.423      ;
; 0.297  ; bullet_bottom_top:u_bullets_bottom|tank_bullet_bottom_refine:\gen_bullets:2:u_bullet|state_reg ; bullet_bottom_top:u_bullets_bottom|tank_bullet_bottom_refine:\gen_bullets:2:u_bullet|y_reg[3]   ; u_pll|uPLL|altpll_component|auto_generated|pll1|clk[0]        ; u_pll|uPLL|altpll_component|auto_generated|pll1|clk[0] ; 0.000        ; 0.042      ; 0.423      ;
; 0.297  ; PLL_clock_top:u_pll|counter_accum[9]                                                           ; PLL_clock_top:u_pll|counter_accum[9]                                                            ; u_pll|uPLL|altpll_component|auto_generated|pll1|clk[0]        ; u_pll|uPLL|altpll_component|auto_generated|pll1|clk[0] ; 0.000        ; 0.042      ; 0.423      ;
; 0.299  ; bullet_top_top:u_bullets_top|tank_bullet_top_refine:\gen_bullets:0:u_bullet|fire_reg           ; bullet_top_top:u_bullets_top|tank_bullet_top_refine:\gen_bullets:0:u_bullet|state_reg           ; u_pll|uPLL|altpll_component|auto_generated|pll1|clk[0]        ; u_pll|uPLL|altpll_component|auto_generated|pll1|clk[0] ; 0.000        ; 0.043      ; 0.426      ;
; 0.299  ; bullet_top_top:u_bullets_top|tank_bullet_top_refine:\gen_bullets:1:u_bullet|fire_reg           ; bullet_top_top:u_bullets_top|tank_bullet_top_refine:\gen_bullets:1:u_bullet|state_reg           ; u_pll|uPLL|altpll_component|auto_generated|pll1|clk[0]        ; u_pll|uPLL|altpll_component|auto_generated|pll1|clk[0] ; 0.000        ; 0.043      ; 0.426      ;
; 0.300  ; bullet_top_top:u_bullets_top|tank_bullet_top_refine:\gen_bullets:4:u_bullet|fire_reg           ; bullet_top_top:u_bullets_top|tank_bullet_top_refine:\gen_bullets:4:u_bullet|state_reg           ; u_pll|uPLL|altpll_component|auto_generated|pll1|clk[0]        ; u_pll|uPLL|altpll_component|auto_generated|pll1|clk[0] ; 0.000        ; 0.042      ; 0.426      ;
; 0.300  ; PLL_clock_top:u_pll|counter_accum[8]                                                           ; PLL_clock_top:u_pll|counter_accum[8]                                                            ; u_pll|uPLL|altpll_component|auto_generated|pll1|clk[0]        ; u_pll|uPLL|altpll_component|auto_generated|pll1|clk[0] ; 0.000        ; 0.042      ; 0.426      ;
; 0.300  ; PLL_clock_top:u_pll|counter_accum[3]                                                           ; PLL_clock_top:u_pll|counter_accum[3]                                                            ; u_pll|uPLL|altpll_component|auto_generated|pll1|clk[0]        ; u_pll|uPLL|altpll_component|auto_generated|pll1|clk[0] ; 0.000        ; 0.042      ; 0.426      ;
; 0.302  ; bullet_bottom_top:u_bullets_bottom|tank_bullet_bottom_refine:\gen_bullets:2:u_bullet|state_reg ; bullet_bottom_top:u_bullets_bottom|tank_bullet_bottom_refine:\gen_bullets:2:u_bullet|y_reg[7]   ; u_pll|uPLL|altpll_component|auto_generated|pll1|clk[0]        ; u_pll|uPLL|altpll_component|auto_generated|pll1|clk[0] ; 0.000        ; 0.042      ; 0.428      ;
; 0.303  ; bullet_top_top:u_bullets_top|tank_bullet_top_refine:\gen_bullets:3:u_bullet|fire_reg           ; bullet_top_top:u_bullets_top|tank_bullet_top_refine:\gen_bullets:3:u_bullet|state_reg           ; u_pll|uPLL|altpll_component|auto_generated|pll1|clk[0]        ; u_pll|uPLL|altpll_component|auto_generated|pll1|clk[0] ; 0.000        ; 0.042      ; 0.429      ;
; 0.303  ; scoremodule:u_score|score_bottomtank:uscore_b|score_reg[1]                                     ; scoremodule:u_score|score_bottomtank:uscore_b|state_reg                                         ; u_pll|uPLL|altpll_component|auto_generated|pll1|clk[0]        ; u_pll|uPLL|altpll_component|auto_generated|pll1|clk[0] ; 0.000        ; 0.042      ; 0.429      ;
; 0.304  ; bullet_top_top:u_bullets_top|tank_bullet_top_refine:\gen_bullets:0:u_bullet|fire_reg           ; bullet_top_top:u_bullets_top|tank_bullet_top_refine:\gen_bullets:0:u_bullet|active_reg          ; u_pll|uPLL|altpll_component|auto_generated|pll1|clk[0]        ; u_pll|uPLL|altpll_component|auto_generated|pll1|clk[0] ; 0.000        ; 0.238      ; 0.626      ;
; 0.309  ; scoremodule:u_score|score_toptank:uscore_t|score_reg[0]                                        ; scoremodule:u_score|score_toptank:uscore_t|state_reg                                            ; u_pll|uPLL|altpll_component|auto_generated|pll1|clk[0]        ; u_pll|uPLL|altpll_component|auto_generated|pll1|clk[0] ; 0.000        ; 0.043      ; 0.436      ;
; 0.309  ; scoremodule:u_score|score_toptank:uscore_t|score_reg[0]                                        ; scoremodule:u_score|score_toptank:uscore_t|score_reg[1]                                         ; u_pll|uPLL|altpll_component|auto_generated|pll1|clk[0]        ; u_pll|uPLL|altpll_component|auto_generated|pll1|clk[0] ; 0.000        ; 0.043      ; 0.436      ;
; 0.310  ; scoremodule:u_score|score_bottomtank:uscore_b|score_reg[0]                                     ; scoremodule:u_score|score_bottomtank:uscore_b|score_reg[1]                                      ; u_pll|uPLL|altpll_component|auto_generated|pll1|clk[0]        ; u_pll|uPLL|altpll_component|auto_generated|pll1|clk[0] ; 0.000        ; 0.042      ; 0.436      ;
; 0.312  ; PLL_clock_top:u_pll|counter_accum[0]                                                           ; PLL_clock_top:u_pll|counter_accum[0]                                                            ; u_pll|uPLL|altpll_component|auto_generated|pll1|clk[0]        ; u_pll|uPLL|altpll_component|auto_generated|pll1|clk[0] ; 0.000        ; 0.042      ; 0.438      ;
; 0.314  ; scoremodule:u_score|score_bottomtank:uscore_b|score_reg[1]                                     ; scoremodule:u_score|score_bottomtank:uscore_b|freeze_reg                                        ; u_pll|uPLL|altpll_component|auto_generated|pll1|clk[0]        ; u_pll|uPLL|altpll_component|auto_generated|pll1|clk[0] ; 0.000        ; 0.042      ; 0.440      ;
; 0.314  ; bullet_top_top:u_bullets_top|tank_bullet_top_refine:\gen_bullets:2:u_bullet|fire_reg           ; bullet_top_top:u_bullets_top|tank_bullet_top_refine:\gen_bullets:2:u_bullet|state_reg           ; u_pll|uPLL|altpll_component|auto_generated|pll1|clk[0]        ; u_pll|uPLL|altpll_component|auto_generated|pll1|clk[0] ; 0.000        ; 0.042      ; 0.440      ;
; 0.315  ; bullet_bottom_top:u_bullets_bottom|tank_bullet_bottom_refine:\gen_bullets:3:u_bullet|state_reg ; bullet_bottom_top:u_bullets_bottom|tank_bullet_bottom_refine:\gen_bullets:3:u_bullet|active_reg ; u_pll|uPLL|altpll_component|auto_generated|pll1|clk[0]        ; u_pll|uPLL|altpll_component|auto_generated|pll1|clk[0] ; 0.000        ; 0.066      ; 0.465      ;
; 0.317  ; bullet_top_top:u_bullets_top|tank_bullet_top_refine:\gen_bullets:1:u_bullet|fire_reg           ; bullet_top_top:u_bullets_top|tank_bullet_top_refine:\gen_bullets:1:u_bullet|active_reg          ; u_pll|uPLL|altpll_component|auto_generated|pll1|clk[0]        ; u_pll|uPLL|altpll_component|auto_generated|pll1|clk[0] ; 0.000        ; 0.231      ; 0.632      ;
; 0.322  ; bullet_bottom_top:u_bullets_bottom|tank_bullet_bottom_refine:\gen_bullets:3:u_bullet|fire_reg  ; bullet_bottom_top:u_bullets_bottom|tank_bullet_bottom_refine:\gen_bullets:3:u_bullet|active_reg ; u_pll|uPLL|altpll_component|auto_generated|pll1|clk[0]        ; u_pll|uPLL|altpll_component|auto_generated|pll1|clk[0] ; 0.000        ; 0.251      ; 0.657      ;
; 0.325  ; bullet_top_top:u_bullets_top|tank_bullet_top_refine:\gen_bullets:0:u_bullet|state_reg          ; bullet_top_top:u_bullets_top|tank_bullet_top_refine:\gen_bullets:0:u_bullet|y_reg[9]            ; u_pll|uPLL|altpll_component|auto_generated|pll1|clk[0]        ; u_pll|uPLL|altpll_component|auto_generated|pll1|clk[0] ; 0.000        ; 0.242      ; 0.651      ;
; 0.325  ; bullet_top_top:u_bullets_top|tank_bullet_top_refine:\gen_bullets:3:u_bullet|active_reg         ; bullet_top_top:u_bullets_top|tank_bullet_top_refine:\gen_bullets:3:u_bullet|fire_reg            ; u_pll|uPLL|altpll_component|auto_generated|pll1|clk[0]        ; u_pll|uPLL|altpll_component|auto_generated|pll1|clk[0] ; 0.000        ; 0.042      ; 0.451      ;
; 0.339  ; scoremodule:u_score|score_toptank:uscore_t|score_reg[0]                                        ; scoremodule:u_score|score_toptank:uscore_t|freeze_reg                                           ; u_pll|uPLL|altpll_component|auto_generated|pll1|clk[0]        ; u_pll|uPLL|altpll_component|auto_generated|pll1|clk[0] ; 0.000        ; 0.043      ; 0.466      ;
; 0.341  ; bullet_top_top:u_bullets_top|tank_bullet_top_refine:\gen_bullets:2:u_bullet|state_reg          ; bullet_top_top:u_bullets_top|tank_bullet_top_refine:\gen_bullets:2:u_bullet|y_reg[6]            ; u_pll|uPLL|altpll_component|auto_generated|pll1|clk[0]        ; u_pll|uPLL|altpll_component|auto_generated|pll1|clk[0] ; 0.000        ; 0.042      ; 0.467      ;
; 0.345  ; bullet_top_top:u_bullets_top|tank_bullet_top_refine:\gen_bullets:0:u_bullet|state_reg          ; bullet_top_top:u_bullets_top|tank_bullet_top_refine:\gen_bullets:0:u_bullet|active_reg          ; u_pll|uPLL|altpll_component|auto_generated|pll1|clk[0]        ; u_pll|uPLL|altpll_component|auto_generated|pll1|clk[0] ; 0.000        ; 0.238      ; 0.667      ;
; 0.347  ; bullet_bottom_top:u_bullets_bottom|tank_bullet_bottom_refine:\gen_bullets:4:u_bullet|state_reg ; bullet_bottom_top:u_bullets_bottom|tank_bullet_bottom_refine:\gen_bullets:4:u_bullet|y_reg[8]   ; u_pll|uPLL|altpll_component|auto_generated|pll1|clk[0]        ; u_pll|uPLL|altpll_component|auto_generated|pll1|clk[0] ; 0.000        ; 0.041      ; 0.472      ;
; 0.347  ; bullet_bottom_top:u_bullets_bottom|tank_bullet_bottom_refine:\gen_bullets:4:u_bullet|state_reg ; bullet_bottom_top:u_bullets_bottom|tank_bullet_bottom_refine:\gen_bullets:4:u_bullet|y_reg[7]   ; u_pll|uPLL|altpll_component|auto_generated|pll1|clk[0]        ; u_pll|uPLL|altpll_component|auto_generated|pll1|clk[0] ; 0.000        ; 0.041      ; 0.472      ;
; 0.347  ; bullet_bottom_top:u_bullets_bottom|tank_bullet_bottom_refine:\gen_bullets:4:u_bullet|state_reg ; bullet_bottom_top:u_bullets_bottom|tank_bullet_bottom_refine:\gen_bullets:4:u_bullet|y_reg[6]   ; u_pll|uPLL|altpll_component|auto_generated|pll1|clk[0]        ; u_pll|uPLL|altpll_component|auto_generated|pll1|clk[0] ; 0.000        ; 0.041      ; 0.472      ;
+--------+------------------------------------------------------------------------------------------------+-------------------------------------------------------------------------------------------------+---------------------------------------------------------------+--------------------------------------------------------+--------------+------------+------------+


+--------------------------------------------------------------------------------------------------------------------------------------------------------------------------------------------------------------------------------------------------------------------------------------------+
; Fast 1200mV 0C Model Hold: 'keyboard_top:u_kbd|ps2:uPS2|keyboard:u1|keyboard_clk_filtered'                                                                                                                                                                                                 ;
+-------+----------------------------------------------------+------------------------------------------------------+---------------------------------------------------------------+---------------------------------------------------------------+--------------+------------+------------+
; Slack ; From Node                                          ; To Node                                              ; Launch Clock                                                  ; Latch Clock                                                   ; Relationship ; Clock Skew ; Data Delay ;
+-------+----------------------------------------------------+------------------------------------------------------+---------------------------------------------------------------+---------------------------------------------------------------+--------------+------------+------------+
; 0.181 ; keyboard_top:u_kbd|ps2:uPS2|keyboard:u1|READ_CHAR  ; keyboard_top:u_kbd|ps2:uPS2|keyboard:u1|READ_CHAR    ; keyboard_top:u_kbd|ps2:uPS2|keyboard:u1|keyboard_clk_filtered ; keyboard_top:u_kbd|ps2:uPS2|keyboard:u1|keyboard_clk_filtered ; 0.000        ; 0.042      ; 0.307      ;
; 0.181 ; keyboard_top:u_kbd|ps2:uPS2|keyboard:u1|INCNT[1]   ; keyboard_top:u_kbd|ps2:uPS2|keyboard:u1|INCNT[1]     ; keyboard_top:u_kbd|ps2:uPS2|keyboard:u1|keyboard_clk_filtered ; keyboard_top:u_kbd|ps2:uPS2|keyboard:u1|keyboard_clk_filtered ; 0.000        ; 0.042      ; 0.307      ;
; 0.182 ; keyboard_top:u_kbd|ps2:uPS2|keyboard:u1|SHIFTIN[8] ; keyboard_top:u_kbd|ps2:uPS2|keyboard:u1|SHIFTIN[7]   ; keyboard_top:u_kbd|ps2:uPS2|keyboard:u1|keyboard_clk_filtered ; keyboard_top:u_kbd|ps2:uPS2|keyboard:u1|keyboard_clk_filtered ; 0.000        ; 0.049      ; 0.315      ;
; 0.185 ; keyboard_top:u_kbd|ps2:uPS2|keyboard:u1|SHIFTIN[2] ; keyboard_top:u_kbd|ps2:uPS2|keyboard:u1|SHIFTIN[1]   ; keyboard_top:u_kbd|ps2:uPS2|keyboard:u1|keyboard_clk_filtered ; keyboard_top:u_kbd|ps2:uPS2|keyboard:u1|keyboard_clk_filtered ; 0.000        ; 0.049      ; 0.318      ;
; 0.188 ; keyboard_top:u_kbd|ps2:uPS2|keyboard:u1|INCNT[0]   ; keyboard_top:u_kbd|ps2:uPS2|keyboard:u1|INCNT[0]     ; keyboard_top:u_kbd|ps2:uPS2|keyboard:u1|keyboard_clk_filtered ; keyboard_top:u_kbd|ps2:uPS2|keyboard:u1|keyboard_clk_filtered ; 0.000        ; 0.042      ; 0.314      ;
; 0.244 ; keyboard_top:u_kbd|ps2:uPS2|keyboard:u1|SHIFTIN[3] ; keyboard_top:u_kbd|ps2:uPS2|keyboard:u1|SHIFTIN[2]   ; keyboard_top:u_kbd|ps2:uPS2|keyboard:u1|keyboard_clk_filtered ; keyboard_top:u_kbd|ps2:uPS2|keyboard:u1|keyboard_clk_filtered ; 0.000        ; 0.049      ; 0.377      ;
; 0.244 ; keyboard_top:u_kbd|ps2:uPS2|keyboard:u1|SHIFTIN[5] ; keyboard_top:u_kbd|ps2:uPS2|keyboard:u1|SHIFTIN[4]   ; keyboard_top:u_kbd|ps2:uPS2|keyboard:u1|keyboard_clk_filtered ; keyboard_top:u_kbd|ps2:uPS2|keyboard:u1|keyboard_clk_filtered ; 0.000        ; 0.049      ; 0.377      ;
; 0.258 ; keyboard_top:u_kbd|ps2:uPS2|keyboard:u1|SHIFTIN[1] ; keyboard_top:u_kbd|ps2:uPS2|keyboard:u1|SHIFTIN[0]   ; keyboard_top:u_kbd|ps2:uPS2|keyboard:u1|keyboard_clk_filtered ; keyboard_top:u_kbd|ps2:uPS2|keyboard:u1|keyboard_clk_filtered ; 0.000        ; 0.049      ; 0.391      ;
; 0.288 ; keyboard_top:u_kbd|ps2:uPS2|keyboard:u1|SHIFTIN[6] ; keyboard_top:u_kbd|ps2:uPS2|keyboard:u1|SHIFTIN[5]   ; keyboard_top:u_kbd|ps2:uPS2|keyboard:u1|keyboard_clk_filtered ; keyboard_top:u_kbd|ps2:uPS2|keyboard:u1|keyboard_clk_filtered ; 0.000        ; 0.049      ; 0.421      ;
; 0.301 ; keyboard_top:u_kbd|ps2:uPS2|keyboard:u1|INCNT[0]   ; keyboard_top:u_kbd|ps2:uPS2|keyboard:u1|INCNT[1]     ; keyboard_top:u_kbd|ps2:uPS2|keyboard:u1|keyboard_clk_filtered ; keyboard_top:u_kbd|ps2:uPS2|keyboard:u1|keyboard_clk_filtered ; 0.000        ; 0.042      ; 0.427      ;
; 0.328 ; keyboard_top:u_kbd|ps2:uPS2|keyboard:u1|SHIFTIN[4] ; keyboard_top:u_kbd|ps2:uPS2|keyboard:u1|SHIFTIN[3]   ; keyboard_top:u_kbd|ps2:uPS2|keyboard:u1|keyboard_clk_filtered ; keyboard_top:u_kbd|ps2:uPS2|keyboard:u1|keyboard_clk_filtered ; 0.000        ; 0.049      ; 0.461      ;
; 0.375 ; keyboard_top:u_kbd|ps2:uPS2|keyboard:u1|SHIFTIN[2] ; keyboard_top:u_kbd|ps2:uPS2|keyboard:u1|scan_code[2] ; keyboard_top:u_kbd|ps2:uPS2|keyboard:u1|keyboard_clk_filtered ; keyboard_top:u_kbd|ps2:uPS2|keyboard:u1|keyboard_clk_filtered ; 0.000        ; -0.140     ; 0.319      ;
; 0.407 ; keyboard_top:u_kbd|ps2:uPS2|keyboard:u1|ready_set  ; keyboard_top:u_kbd|ps2:uPS2|keyboard:u1|ready_set    ; keyboard_top:u_kbd|ps2:uPS2|keyboard:u1|ready_set             ; keyboard_top:u_kbd|ps2:uPS2|keyboard:u1|keyboard_clk_filtered ; 0.000        ; 1.580      ; 2.186      ;
; 0.439 ; keyboard_top:u_kbd|ps2:uPS2|keyboard:u1|SHIFTIN[7] ; keyboard_top:u_kbd|ps2:uPS2|keyboard:u1|SHIFTIN[6]   ; keyboard_top:u_kbd|ps2:uPS2|keyboard:u1|keyboard_clk_filtered ; keyboard_top:u_kbd|ps2:uPS2|keyboard:u1|keyboard_clk_filtered ; 0.000        ; 0.061      ; 0.584      ;
; 0.448 ; keyboard_top:u_kbd|ps2:uPS2|keyboard:u1|SHIFTIN[1] ; keyboard_top:u_kbd|ps2:uPS2|keyboard:u1|scan_code[1] ; keyboard_top:u_kbd|ps2:uPS2|keyboard:u1|keyboard_clk_filtered ; keyboard_top:u_kbd|ps2:uPS2|keyboard:u1|keyboard_clk_filtered ; 0.000        ; -0.140     ; 0.392      ;
; 0.448 ; keyboard_top:u_kbd|ps2:uPS2|keyboard:u1|SHIFTIN[5] ; keyboard_top:u_kbd|ps2:uPS2|keyboard:u1|scan_code[5] ; keyboard_top:u_kbd|ps2:uPS2|keyboard:u1|keyboard_clk_filtered ; keyboard_top:u_kbd|ps2:uPS2|keyboard:u1|keyboard_clk_filtered ; 0.000        ; -0.140     ; 0.392      ;
; 0.449 ; keyboard_top:u_kbd|ps2:uPS2|keyboard:u1|SHIFTIN[3] ; keyboard_top:u_kbd|ps2:uPS2|keyboard:u1|scan_code[3] ; keyboard_top:u_kbd|ps2:uPS2|keyboard:u1|keyboard_clk_filtered ; keyboard_top:u_kbd|ps2:uPS2|keyboard:u1|keyboard_clk_filtered ; 0.000        ; -0.140     ; 0.393      ;
; 0.453 ; keyboard_top:u_kbd|ps2:uPS2|keyboard:u1|INCNT[0]   ; keyboard_top:u_kbd|ps2:uPS2|keyboard:u1|INCNT[3]     ; keyboard_top:u_kbd|ps2:uPS2|keyboard:u1|keyboard_clk_filtered ; keyboard_top:u_kbd|ps2:uPS2|keyboard:u1|keyboard_clk_filtered ; 0.000        ; 0.042      ; 0.579      ;
; 0.454 ; keyboard_top:u_kbd|ps2:uPS2|keyboard:u1|SHIFTIN[6] ; keyboard_top:u_kbd|ps2:uPS2|keyboard:u1|scan_code[6] ; keyboard_top:u_kbd|ps2:uPS2|keyboard:u1|keyboard_clk_filtered ; keyboard_top:u_kbd|ps2:uPS2|keyboard:u1|keyboard_clk_filtered ; 0.000        ; -0.140     ; 0.398      ;
; 0.455 ; keyboard_top:u_kbd|ps2:uPS2|keyboard:u1|INCNT[0]   ; keyboard_top:u_kbd|ps2:uPS2|keyboard:u1|INCNT[2]     ; keyboard_top:u_kbd|ps2:uPS2|keyboard:u1|keyboard_clk_filtered ; keyboard_top:u_kbd|ps2:uPS2|keyboard:u1|keyboard_clk_filtered ; 0.000        ; 0.042      ; 0.581      ;
; 0.458 ; keyboard_top:u_kbd|ps2:uPS2|keyboard:u1|INCNT[2]   ; keyboard_top:u_kbd|ps2:uPS2|keyboard:u1|INCNT[2]     ; keyboard_top:u_kbd|ps2:uPS2|keyboard:u1|keyboard_clk_filtered ; keyboard_top:u_kbd|ps2:uPS2|keyboard:u1|keyboard_clk_filtered ; 0.000        ; 0.042      ; 0.584      ;
; 0.509 ; keyboard_top:u_kbd|ps2:uPS2|keyboard:u1|INCNT[1]   ; keyboard_top:u_kbd|ps2:uPS2|keyboard:u1|INCNT[3]     ; keyboard_top:u_kbd|ps2:uPS2|keyboard:u1|keyboard_clk_filtered ; keyboard_top:u_kbd|ps2:uPS2|keyboard:u1|keyboard_clk_filtered ; 0.000        ; 0.042      ; 0.635      ;
; 0.511 ; keyboard_top:u_kbd|ps2:uPS2|keyboard:u1|INCNT[1]   ; keyboard_top:u_kbd|ps2:uPS2|keyboard:u1|INCNT[2]     ; keyboard_top:u_kbd|ps2:uPS2|keyboard:u1|keyboard_clk_filtered ; keyboard_top:u_kbd|ps2:uPS2|keyboard:u1|keyboard_clk_filtered ; 0.000        ; 0.042      ; 0.637      ;
; 0.531 ; keyboard_top:u_kbd|ps2:uPS2|keyboard:u1|SHIFTIN[4] ; keyboard_top:u_kbd|ps2:uPS2|keyboard:u1|scan_code[4] ; keyboard_top:u_kbd|ps2:uPS2|keyboard:u1|keyboard_clk_filtered ; keyboard_top:u_kbd|ps2:uPS2|keyboard:u1|keyboard_clk_filtered ; 0.000        ; -0.140     ; 0.475      ;
; 0.546 ; keyboard_top:u_kbd|ps2:uPS2|keyboard:u1|INCNT[3]   ; keyboard_top:u_kbd|ps2:uPS2|keyboard:u1|INCNT[3]     ; keyboard_top:u_kbd|ps2:uPS2|keyboard:u1|keyboard_clk_filtered ; keyboard_top:u_kbd|ps2:uPS2|keyboard:u1|keyboard_clk_filtered ; 0.000        ; 0.042      ; 0.672      ;
; 0.597 ; keyboard_top:u_kbd|ps2:uPS2|keyboard:u1|INCNT[1]   ; keyboard_top:u_kbd|ps2:uPS2|keyboard:u1|READ_CHAR    ; keyboard_top:u_kbd|ps2:uPS2|keyboard:u1|keyboard_clk_filtered ; keyboard_top:u_kbd|ps2:uPS2|keyboard:u1|keyboard_clk_filtered ; 0.000        ; 0.042      ; 0.723      ;
; 0.600 ; keyboard_top:u_kbd|ps2:uPS2|keyboard:u1|INCNT[1]   ; keyboard_top:u_kbd|ps2:uPS2|keyboard:u1|INCNT[0]     ; keyboard_top:u_kbd|ps2:uPS2|keyboard:u1|keyboard_clk_filtered ; keyboard_top:u_kbd|ps2:uPS2|keyboard:u1|keyboard_clk_filtered ; 0.000        ; 0.042      ; 0.726      ;
; 0.619 ; keyboard_top:u_kbd|ps2:uPS2|keyboard:u1|READ_CHAR  ; keyboard_top:u_kbd|ps2:uPS2|keyboard:u1|SHIFTIN[7]   ; keyboard_top:u_kbd|ps2:uPS2|keyboard:u1|keyboard_clk_filtered ; keyboard_top:u_kbd|ps2:uPS2|keyboard:u1|keyboard_clk_filtered ; 0.000        ; 0.228      ; 0.931      ;
; 0.619 ; keyboard_top:u_kbd|ps2:uPS2|keyboard:u1|READ_CHAR  ; keyboard_top:u_kbd|ps2:uPS2|keyboard:u1|SHIFTIN[8]   ; keyboard_top:u_kbd|ps2:uPS2|keyboard:u1|keyboard_clk_filtered ; keyboard_top:u_kbd|ps2:uPS2|keyboard:u1|keyboard_clk_filtered ; 0.000        ; 0.228      ; 0.931      ;
; 0.629 ; keyboard_top:u_kbd|ps2:uPS2|keyboard:u1|SHIFTIN[0] ; keyboard_top:u_kbd|ps2:uPS2|keyboard:u1|scan_code[0] ; keyboard_top:u_kbd|ps2:uPS2|keyboard:u1|keyboard_clk_filtered ; keyboard_top:u_kbd|ps2:uPS2|keyboard:u1|keyboard_clk_filtered ; 0.000        ; -0.140     ; 0.573      ;
; 0.640 ; keyboard_top:u_kbd|ps2:uPS2|keyboard:u1|INCNT[2]   ; keyboard_top:u_kbd|ps2:uPS2|keyboard:u1|INCNT[3]     ; keyboard_top:u_kbd|ps2:uPS2|keyboard:u1|keyboard_clk_filtered ; keyboard_top:u_kbd|ps2:uPS2|keyboard:u1|keyboard_clk_filtered ; 0.000        ; 0.042      ; 0.766      ;
; 0.642 ; keyboard_top:u_kbd|ps2:uPS2|keyboard:u1|READ_CHAR  ; keyboard_top:u_kbd|ps2:uPS2|keyboard:u1|SHIFTIN[6]   ; keyboard_top:u_kbd|ps2:uPS2|keyboard:u1|keyboard_clk_filtered ; keyboard_top:u_kbd|ps2:uPS2|keyboard:u1|keyboard_clk_filtered ; 0.000        ; 0.240      ; 0.966      ;
; 0.642 ; keyboard_top:u_kbd|ps2:uPS2|keyboard:u1|SHIFTIN[7] ; keyboard_top:u_kbd|ps2:uPS2|keyboard:u1|scan_code[7] ; keyboard_top:u_kbd|ps2:uPS2|keyboard:u1|keyboard_clk_filtered ; keyboard_top:u_kbd|ps2:uPS2|keyboard:u1|keyboard_clk_filtered ; 0.000        ; -0.128     ; 0.598      ;
; 0.642 ; keyboard_top:u_kbd|ps2:uPS2|keyboard:u1|READ_CHAR  ; keyboard_top:u_kbd|ps2:uPS2|keyboard:u1|SHIFTIN[3]   ; keyboard_top:u_kbd|ps2:uPS2|keyboard:u1|keyboard_clk_filtered ; keyboard_top:u_kbd|ps2:uPS2|keyboard:u1|keyboard_clk_filtered ; 0.000        ; 0.240      ; 0.966      ;
; 0.642 ; keyboard_top:u_kbd|ps2:uPS2|keyboard:u1|READ_CHAR  ; keyboard_top:u_kbd|ps2:uPS2|keyboard:u1|SHIFTIN[4]   ; keyboard_top:u_kbd|ps2:uPS2|keyboard:u1|keyboard_clk_filtered ; keyboard_top:u_kbd|ps2:uPS2|keyboard:u1|keyboard_clk_filtered ; 0.000        ; 0.240      ; 0.966      ;
; 0.642 ; keyboard_top:u_kbd|ps2:uPS2|keyboard:u1|READ_CHAR  ; keyboard_top:u_kbd|ps2:uPS2|keyboard:u1|SHIFTIN[5]   ; keyboard_top:u_kbd|ps2:uPS2|keyboard:u1|keyboard_clk_filtered ; keyboard_top:u_kbd|ps2:uPS2|keyboard:u1|keyboard_clk_filtered ; 0.000        ; 0.240      ; 0.966      ;
; 0.642 ; keyboard_top:u_kbd|ps2:uPS2|keyboard:u1|READ_CHAR  ; keyboard_top:u_kbd|ps2:uPS2|keyboard:u1|SHIFTIN[1]   ; keyboard_top:u_kbd|ps2:uPS2|keyboard:u1|keyboard_clk_filtered ; keyboard_top:u_kbd|ps2:uPS2|keyboard:u1|keyboard_clk_filtered ; 0.000        ; 0.240      ; 0.966      ;
; 0.642 ; keyboard_top:u_kbd|ps2:uPS2|keyboard:u1|READ_CHAR  ; keyboard_top:u_kbd|ps2:uPS2|keyboard:u1|SHIFTIN[2]   ; keyboard_top:u_kbd|ps2:uPS2|keyboard:u1|keyboard_clk_filtered ; keyboard_top:u_kbd|ps2:uPS2|keyboard:u1|keyboard_clk_filtered ; 0.000        ; 0.240      ; 0.966      ;
; 0.642 ; keyboard_top:u_kbd|ps2:uPS2|keyboard:u1|READ_CHAR  ; keyboard_top:u_kbd|ps2:uPS2|keyboard:u1|SHIFTIN[0]   ; keyboard_top:u_kbd|ps2:uPS2|keyboard:u1|keyboard_clk_filtered ; keyboard_top:u_kbd|ps2:uPS2|keyboard:u1|keyboard_clk_filtered ; 0.000        ; 0.240      ; 0.966      ;
; 0.646 ; keyboard_top:u_kbd|ps2:uPS2|keyboard:u1|INCNT[0]   ; keyboard_top:u_kbd|ps2:uPS2|keyboard:u1|READ_CHAR    ; keyboard_top:u_kbd|ps2:uPS2|keyboard:u1|keyboard_clk_filtered ; keyboard_top:u_kbd|ps2:uPS2|keyboard:u1|keyboard_clk_filtered ; 0.000        ; 0.042      ; 0.772      ;
; 0.708 ; keyboard_top:u_kbd|ps2:uPS2|keyboard:u1|INCNT[3]   ; keyboard_top:u_kbd|ps2:uPS2|keyboard:u1|READ_CHAR    ; keyboard_top:u_kbd|ps2:uPS2|keyboard:u1|keyboard_clk_filtered ; keyboard_top:u_kbd|ps2:uPS2|keyboard:u1|keyboard_clk_filtered ; 0.000        ; 0.042      ; 0.834      ;
; 0.714 ; keyboard_top:u_kbd|ps2:uPS2|keyboard:u1|INCNT[3]   ; keyboard_top:u_kbd|ps2:uPS2|keyboard:u1|INCNT[0]     ; keyboard_top:u_kbd|ps2:uPS2|keyboard:u1|keyboard_clk_filtered ; keyboard_top:u_kbd|ps2:uPS2|keyboard:u1|keyboard_clk_filtered ; 0.000        ; 0.042      ; 0.840      ;
; 0.720 ; keyboard_top:u_kbd|ps2:uPS2|keyboard:u1|READ_CHAR  ; keyboard_top:u_kbd|ps2:uPS2|keyboard:u1|INCNT[1]     ; keyboard_top:u_kbd|ps2:uPS2|keyboard:u1|keyboard_clk_filtered ; keyboard_top:u_kbd|ps2:uPS2|keyboard:u1|keyboard_clk_filtered ; 0.000        ; 0.042      ; 0.846      ;
; 0.720 ; keyboard_top:u_kbd|ps2:uPS2|keyboard:u1|READ_CHAR  ; keyboard_top:u_kbd|ps2:uPS2|keyboard:u1|INCNT[0]     ; keyboard_top:u_kbd|ps2:uPS2|keyboard:u1|keyboard_clk_filtered ; keyboard_top:u_kbd|ps2:uPS2|keyboard:u1|keyboard_clk_filtered ; 0.000        ; 0.042      ; 0.846      ;
; 0.720 ; keyboard_top:u_kbd|ps2:uPS2|keyboard:u1|READ_CHAR  ; keyboard_top:u_kbd|ps2:uPS2|keyboard:u1|INCNT[3]     ; keyboard_top:u_kbd|ps2:uPS2|keyboard:u1|keyboard_clk_filtered ; keyboard_top:u_kbd|ps2:uPS2|keyboard:u1|keyboard_clk_filtered ; 0.000        ; 0.042      ; 0.846      ;
; 0.720 ; keyboard_top:u_kbd|ps2:uPS2|keyboard:u1|READ_CHAR  ; keyboard_top:u_kbd|ps2:uPS2|keyboard:u1|INCNT[2]     ; keyboard_top:u_kbd|ps2:uPS2|keyboard:u1|keyboard_clk_filtered ; keyboard_top:u_kbd|ps2:uPS2|keyboard:u1|keyboard_clk_filtered ; 0.000        ; 0.042      ; 0.846      ;
; 0.752 ; keyboard_top:u_kbd|ps2:uPS2|keyboard:u1|INCNT[1]   ; keyboard_top:u_kbd|ps2:uPS2|keyboard:u1|SHIFTIN[7]   ; keyboard_top:u_kbd|ps2:uPS2|keyboard:u1|keyboard_clk_filtered ; keyboard_top:u_kbd|ps2:uPS2|keyboard:u1|keyboard_clk_filtered ; 0.000        ; 0.228      ; 1.064      ;
; 0.752 ; keyboard_top:u_kbd|ps2:uPS2|keyboard:u1|INCNT[1]   ; keyboard_top:u_kbd|ps2:uPS2|keyboard:u1|SHIFTIN[8]   ; keyboard_top:u_kbd|ps2:uPS2|keyboard:u1|keyboard_clk_filtered ; keyboard_top:u_kbd|ps2:uPS2|keyboard:u1|keyboard_clk_filtered ; 0.000        ; 0.228      ; 1.064      ;
; 0.753 ; keyboard_top:u_kbd|ps2:uPS2|keyboard:u1|INCNT[2]   ; keyboard_top:u_kbd|ps2:uPS2|keyboard:u1|READ_CHAR    ; keyboard_top:u_kbd|ps2:uPS2|keyboard:u1|keyboard_clk_filtered ; keyboard_top:u_kbd|ps2:uPS2|keyboard:u1|keyboard_clk_filtered ; 0.000        ; 0.042      ; 0.879      ;
; 0.759 ; keyboard_top:u_kbd|ps2:uPS2|keyboard:u1|INCNT[2]   ; keyboard_top:u_kbd|ps2:uPS2|keyboard:u1|INCNT[0]     ; keyboard_top:u_kbd|ps2:uPS2|keyboard:u1|keyboard_clk_filtered ; keyboard_top:u_kbd|ps2:uPS2|keyboard:u1|keyboard_clk_filtered ; 0.000        ; 0.042      ; 0.885      ;
; 0.783 ; keyboard_top:u_kbd|ps2:uPS2|keyboard:u1|INCNT[1]   ; keyboard_top:u_kbd|ps2:uPS2|keyboard:u1|SHIFTIN[6]   ; keyboard_top:u_kbd|ps2:uPS2|keyboard:u1|keyboard_clk_filtered ; keyboard_top:u_kbd|ps2:uPS2|keyboard:u1|keyboard_clk_filtered ; 0.000        ; 0.240      ; 1.107      ;
; 0.783 ; keyboard_top:u_kbd|ps2:uPS2|keyboard:u1|INCNT[1]   ; keyboard_top:u_kbd|ps2:uPS2|keyboard:u1|SHIFTIN[3]   ; keyboard_top:u_kbd|ps2:uPS2|keyboard:u1|keyboard_clk_filtered ; keyboard_top:u_kbd|ps2:uPS2|keyboard:u1|keyboard_clk_filtered ; 0.000        ; 0.240      ; 1.107      ;
; 0.783 ; keyboard_top:u_kbd|ps2:uPS2|keyboard:u1|INCNT[1]   ; keyboard_top:u_kbd|ps2:uPS2|keyboard:u1|SHIFTIN[4]   ; keyboard_top:u_kbd|ps2:uPS2|keyboard:u1|keyboard_clk_filtered ; keyboard_top:u_kbd|ps2:uPS2|keyboard:u1|keyboard_clk_filtered ; 0.000        ; 0.240      ; 1.107      ;
; 0.783 ; keyboard_top:u_kbd|ps2:uPS2|keyboard:u1|INCNT[1]   ; keyboard_top:u_kbd|ps2:uPS2|keyboard:u1|SHIFTIN[5]   ; keyboard_top:u_kbd|ps2:uPS2|keyboard:u1|keyboard_clk_filtered ; keyboard_top:u_kbd|ps2:uPS2|keyboard:u1|keyboard_clk_filtered ; 0.000        ; 0.240      ; 1.107      ;
; 0.783 ; keyboard_top:u_kbd|ps2:uPS2|keyboard:u1|INCNT[1]   ; keyboard_top:u_kbd|ps2:uPS2|keyboard:u1|SHIFTIN[1]   ; keyboard_top:u_kbd|ps2:uPS2|keyboard:u1|keyboard_clk_filtered ; keyboard_top:u_kbd|ps2:uPS2|keyboard:u1|keyboard_clk_filtered ; 0.000        ; 0.240      ; 1.107      ;
; 0.783 ; keyboard_top:u_kbd|ps2:uPS2|keyboard:u1|INCNT[1]   ; keyboard_top:u_kbd|ps2:uPS2|keyboard:u1|SHIFTIN[2]   ; keyboard_top:u_kbd|ps2:uPS2|keyboard:u1|keyboard_clk_filtered ; keyboard_top:u_kbd|ps2:uPS2|keyboard:u1|keyboard_clk_filtered ; 0.000        ; 0.240      ; 1.107      ;
; 0.783 ; keyboard_top:u_kbd|ps2:uPS2|keyboard:u1|INCNT[1]   ; keyboard_top:u_kbd|ps2:uPS2|keyboard:u1|SHIFTIN[0]   ; keyboard_top:u_kbd|ps2:uPS2|keyboard:u1|keyboard_clk_filtered ; keyboard_top:u_kbd|ps2:uPS2|keyboard:u1|keyboard_clk_filtered ; 0.000        ; 0.240      ; 1.107      ;
; 0.806 ; keyboard_top:u_kbd|ps2:uPS2|keyboard:u1|INCNT[0]   ; keyboard_top:u_kbd|ps2:uPS2|keyboard:u1|SHIFTIN[7]   ; keyboard_top:u_kbd|ps2:uPS2|keyboard:u1|keyboard_clk_filtered ; keyboard_top:u_kbd|ps2:uPS2|keyboard:u1|keyboard_clk_filtered ; 0.000        ; 0.228      ; 1.118      ;
; 0.806 ; keyboard_top:u_kbd|ps2:uPS2|keyboard:u1|INCNT[0]   ; keyboard_top:u_kbd|ps2:uPS2|keyboard:u1|SHIFTIN[8]   ; keyboard_top:u_kbd|ps2:uPS2|keyboard:u1|keyboard_clk_filtered ; keyboard_top:u_kbd|ps2:uPS2|keyboard:u1|keyboard_clk_filtered ; 0.000        ; 0.228      ; 1.118      ;
; 0.817 ; keyboard_top:u_kbd|ps2:uPS2|keyboard:u1|INCNT[3]   ; keyboard_top:u_kbd|ps2:uPS2|keyboard:u1|INCNT[1]     ; keyboard_top:u_kbd|ps2:uPS2|keyboard:u1|keyboard_clk_filtered ; keyboard_top:u_kbd|ps2:uPS2|keyboard:u1|keyboard_clk_filtered ; 0.000        ; 0.042      ; 0.943      ;
; 0.818 ; keyboard_top:u_kbd|ps2:uPS2|keyboard:u1|INCNT[3]   ; keyboard_top:u_kbd|ps2:uPS2|keyboard:u1|INCNT[2]     ; keyboard_top:u_kbd|ps2:uPS2|keyboard:u1|keyboard_clk_filtered ; keyboard_top:u_kbd|ps2:uPS2|keyboard:u1|keyboard_clk_filtered ; 0.000        ; 0.042      ; 0.944      ;
; 0.832 ; keyboard_top:u_kbd|ps2:uPS2|keyboard:u1|INCNT[0]   ; keyboard_top:u_kbd|ps2:uPS2|keyboard:u1|SHIFTIN[6]   ; keyboard_top:u_kbd|ps2:uPS2|keyboard:u1|keyboard_clk_filtered ; keyboard_top:u_kbd|ps2:uPS2|keyboard:u1|keyboard_clk_filtered ; 0.000        ; 0.240      ; 1.156      ;
; 0.832 ; keyboard_top:u_kbd|ps2:uPS2|keyboard:u1|INCNT[0]   ; keyboard_top:u_kbd|ps2:uPS2|keyboard:u1|SHIFTIN[3]   ; keyboard_top:u_kbd|ps2:uPS2|keyboard:u1|keyboard_clk_filtered ; keyboard_top:u_kbd|ps2:uPS2|keyboard:u1|keyboard_clk_filtered ; 0.000        ; 0.240      ; 1.156      ;
; 0.832 ; keyboard_top:u_kbd|ps2:uPS2|keyboard:u1|INCNT[0]   ; keyboard_top:u_kbd|ps2:uPS2|keyboard:u1|SHIFTIN[4]   ; keyboard_top:u_kbd|ps2:uPS2|keyboard:u1|keyboard_clk_filtered ; keyboard_top:u_kbd|ps2:uPS2|keyboard:u1|keyboard_clk_filtered ; 0.000        ; 0.240      ; 1.156      ;
; 0.832 ; keyboard_top:u_kbd|ps2:uPS2|keyboard:u1|INCNT[0]   ; keyboard_top:u_kbd|ps2:uPS2|keyboard:u1|SHIFTIN[5]   ; keyboard_top:u_kbd|ps2:uPS2|keyboard:u1|keyboard_clk_filtered ; keyboard_top:u_kbd|ps2:uPS2|keyboard:u1|keyboard_clk_filtered ; 0.000        ; 0.240      ; 1.156      ;
; 0.832 ; keyboard_top:u_kbd|ps2:uPS2|keyboard:u1|INCNT[0]   ; keyboard_top:u_kbd|ps2:uPS2|keyboard:u1|SHIFTIN[1]   ; keyboard_top:u_kbd|ps2:uPS2|keyboard:u1|keyboard_clk_filtered ; keyboard_top:u_kbd|ps2:uPS2|keyboard:u1|keyboard_clk_filtered ; 0.000        ; 0.240      ; 1.156      ;
; 0.832 ; keyboard_top:u_kbd|ps2:uPS2|keyboard:u1|INCNT[0]   ; keyboard_top:u_kbd|ps2:uPS2|keyboard:u1|SHIFTIN[2]   ; keyboard_top:u_kbd|ps2:uPS2|keyboard:u1|keyboard_clk_filtered ; keyboard_top:u_kbd|ps2:uPS2|keyboard:u1|keyboard_clk_filtered ; 0.000        ; 0.240      ; 1.156      ;
; 0.832 ; keyboard_top:u_kbd|ps2:uPS2|keyboard:u1|INCNT[0]   ; keyboard_top:u_kbd|ps2:uPS2|keyboard:u1|SHIFTIN[0]   ; keyboard_top:u_kbd|ps2:uPS2|keyboard:u1|keyboard_clk_filtered ; keyboard_top:u_kbd|ps2:uPS2|keyboard:u1|keyboard_clk_filtered ; 0.000        ; 0.240      ; 1.156      ;
; 0.861 ; keyboard_top:u_kbd|ps2:uPS2|keyboard:u1|INCNT[3]   ; keyboard_top:u_kbd|ps2:uPS2|keyboard:u1|SHIFTIN[7]   ; keyboard_top:u_kbd|ps2:uPS2|keyboard:u1|keyboard_clk_filtered ; keyboard_top:u_kbd|ps2:uPS2|keyboard:u1|keyboard_clk_filtered ; 0.000        ; 0.228      ; 1.173      ;
; 0.861 ; keyboard_top:u_kbd|ps2:uPS2|keyboard:u1|INCNT[3]   ; keyboard_top:u_kbd|ps2:uPS2|keyboard:u1|SHIFTIN[8]   ; keyboard_top:u_kbd|ps2:uPS2|keyboard:u1|keyboard_clk_filtered ; keyboard_top:u_kbd|ps2:uPS2|keyboard:u1|keyboard_clk_filtered ; 0.000        ; 0.228      ; 1.173      ;
; 0.873 ; keyboard_top:u_kbd|ps2:uPS2|keyboard:u1|INCNT[2]   ; keyboard_top:u_kbd|ps2:uPS2|keyboard:u1|INCNT[1]     ; keyboard_top:u_kbd|ps2:uPS2|keyboard:u1|keyboard_clk_filtered ; keyboard_top:u_kbd|ps2:uPS2|keyboard:u1|keyboard_clk_filtered ; 0.000        ; 0.042      ; 0.999      ;
; 0.893 ; keyboard_top:u_kbd|ps2:uPS2|keyboard:u1|READ_CHAR  ; keyboard_top:u_kbd|ps2:uPS2|keyboard:u1|scan_code[7] ; keyboard_top:u_kbd|ps2:uPS2|keyboard:u1|keyboard_clk_filtered ; keyboard_top:u_kbd|ps2:uPS2|keyboard:u1|keyboard_clk_filtered ; 0.000        ; 0.051      ; 1.028      ;
; 0.893 ; keyboard_top:u_kbd|ps2:uPS2|keyboard:u1|READ_CHAR  ; keyboard_top:u_kbd|ps2:uPS2|keyboard:u1|scan_code[3] ; keyboard_top:u_kbd|ps2:uPS2|keyboard:u1|keyboard_clk_filtered ; keyboard_top:u_kbd|ps2:uPS2|keyboard:u1|keyboard_clk_filtered ; 0.000        ; 0.051      ; 1.028      ;
; 0.893 ; keyboard_top:u_kbd|ps2:uPS2|keyboard:u1|READ_CHAR  ; keyboard_top:u_kbd|ps2:uPS2|keyboard:u1|scan_code[4] ; keyboard_top:u_kbd|ps2:uPS2|keyboard:u1|keyboard_clk_filtered ; keyboard_top:u_kbd|ps2:uPS2|keyboard:u1|keyboard_clk_filtered ; 0.000        ; 0.051      ; 1.028      ;
; 0.893 ; keyboard_top:u_kbd|ps2:uPS2|keyboard:u1|READ_CHAR  ; keyboard_top:u_kbd|ps2:uPS2|keyboard:u1|scan_code[1] ; keyboard_top:u_kbd|ps2:uPS2|keyboard:u1|keyboard_clk_filtered ; keyboard_top:u_kbd|ps2:uPS2|keyboard:u1|keyboard_clk_filtered ; 0.000        ; 0.051      ; 1.028      ;
; 0.893 ; keyboard_top:u_kbd|ps2:uPS2|keyboard:u1|READ_CHAR  ; keyboard_top:u_kbd|ps2:uPS2|keyboard:u1|scan_code[6] ; keyboard_top:u_kbd|ps2:uPS2|keyboard:u1|keyboard_clk_filtered ; keyboard_top:u_kbd|ps2:uPS2|keyboard:u1|keyboard_clk_filtered ; 0.000        ; 0.051      ; 1.028      ;
; 0.893 ; keyboard_top:u_kbd|ps2:uPS2|keyboard:u1|READ_CHAR  ; keyboard_top:u_kbd|ps2:uPS2|keyboard:u1|scan_code[5] ; keyboard_top:u_kbd|ps2:uPS2|keyboard:u1|keyboard_clk_filtered ; keyboard_top:u_kbd|ps2:uPS2|keyboard:u1|keyboard_clk_filtered ; 0.000        ; 0.051      ; 1.028      ;
; 0.893 ; keyboard_top:u_kbd|ps2:uPS2|keyboard:u1|READ_CHAR  ; keyboard_top:u_kbd|ps2:uPS2|keyboard:u1|scan_code[0] ; keyboard_top:u_kbd|ps2:uPS2|keyboard:u1|keyboard_clk_filtered ; keyboard_top:u_kbd|ps2:uPS2|keyboard:u1|keyboard_clk_filtered ; 0.000        ; 0.051      ; 1.028      ;
; 0.893 ; keyboard_top:u_kbd|ps2:uPS2|keyboard:u1|READ_CHAR  ; keyboard_top:u_kbd|ps2:uPS2|keyboard:u1|scan_code[2] ; keyboard_top:u_kbd|ps2:uPS2|keyboard:u1|keyboard_clk_filtered ; keyboard_top:u_kbd|ps2:uPS2|keyboard:u1|keyboard_clk_filtered ; 0.000        ; 0.051      ; 1.028      ;
; 0.894 ; keyboard_top:u_kbd|ps2:uPS2|keyboard:u1|INCNT[3]   ; keyboard_top:u_kbd|ps2:uPS2|keyboard:u1|SHIFTIN[6]   ; keyboard_top:u_kbd|ps2:uPS2|keyboard:u1|keyboard_clk_filtered ; keyboard_top:u_kbd|ps2:uPS2|keyboard:u1|keyboard_clk_filtered ; 0.000        ; 0.240      ; 1.218      ;
; 0.894 ; keyboard_top:u_kbd|ps2:uPS2|keyboard:u1|INCNT[3]   ; keyboard_top:u_kbd|ps2:uPS2|keyboard:u1|SHIFTIN[3]   ; keyboard_top:u_kbd|ps2:uPS2|keyboard:u1|keyboard_clk_filtered ; keyboard_top:u_kbd|ps2:uPS2|keyboard:u1|keyboard_clk_filtered ; 0.000        ; 0.240      ; 1.218      ;
; 0.894 ; keyboard_top:u_kbd|ps2:uPS2|keyboard:u1|INCNT[3]   ; keyboard_top:u_kbd|ps2:uPS2|keyboard:u1|SHIFTIN[4]   ; keyboard_top:u_kbd|ps2:uPS2|keyboard:u1|keyboard_clk_filtered ; keyboard_top:u_kbd|ps2:uPS2|keyboard:u1|keyboard_clk_filtered ; 0.000        ; 0.240      ; 1.218      ;
; 0.894 ; keyboard_top:u_kbd|ps2:uPS2|keyboard:u1|INCNT[3]   ; keyboard_top:u_kbd|ps2:uPS2|keyboard:u1|SHIFTIN[5]   ; keyboard_top:u_kbd|ps2:uPS2|keyboard:u1|keyboard_clk_filtered ; keyboard_top:u_kbd|ps2:uPS2|keyboard:u1|keyboard_clk_filtered ; 0.000        ; 0.240      ; 1.218      ;
; 0.894 ; keyboard_top:u_kbd|ps2:uPS2|keyboard:u1|INCNT[3]   ; keyboard_top:u_kbd|ps2:uPS2|keyboard:u1|SHIFTIN[1]   ; keyboard_top:u_kbd|ps2:uPS2|keyboard:u1|keyboard_clk_filtered ; keyboard_top:u_kbd|ps2:uPS2|keyboard:u1|keyboard_clk_filtered ; 0.000        ; 0.240      ; 1.218      ;
; 0.894 ; keyboard_top:u_kbd|ps2:uPS2|keyboard:u1|INCNT[3]   ; keyboard_top:u_kbd|ps2:uPS2|keyboard:u1|SHIFTIN[2]   ; keyboard_top:u_kbd|ps2:uPS2|keyboard:u1|keyboard_clk_filtered ; keyboard_top:u_kbd|ps2:uPS2|keyboard:u1|keyboard_clk_filtered ; 0.000        ; 0.240      ; 1.218      ;
; 0.894 ; keyboard_top:u_kbd|ps2:uPS2|keyboard:u1|INCNT[3]   ; keyboard_top:u_kbd|ps2:uPS2|keyboard:u1|SHIFTIN[0]   ; keyboard_top:u_kbd|ps2:uPS2|keyboard:u1|keyboard_clk_filtered ; keyboard_top:u_kbd|ps2:uPS2|keyboard:u1|keyboard_clk_filtered ; 0.000        ; 0.240      ; 1.218      ;
; 0.906 ; keyboard_top:u_kbd|ps2:uPS2|keyboard:u1|INCNT[2]   ; keyboard_top:u_kbd|ps2:uPS2|keyboard:u1|SHIFTIN[7]   ; keyboard_top:u_kbd|ps2:uPS2|keyboard:u1|keyboard_clk_filtered ; keyboard_top:u_kbd|ps2:uPS2|keyboard:u1|keyboard_clk_filtered ; 0.000        ; 0.228      ; 1.218      ;
; 0.906 ; keyboard_top:u_kbd|ps2:uPS2|keyboard:u1|INCNT[2]   ; keyboard_top:u_kbd|ps2:uPS2|keyboard:u1|SHIFTIN[8]   ; keyboard_top:u_kbd|ps2:uPS2|keyboard:u1|keyboard_clk_filtered ; keyboard_top:u_kbd|ps2:uPS2|keyboard:u1|keyboard_clk_filtered ; 0.000        ; 0.228      ; 1.218      ;
; 0.939 ; keyboard_top:u_kbd|ps2:uPS2|keyboard:u1|INCNT[2]   ; keyboard_top:u_kbd|ps2:uPS2|keyboard:u1|SHIFTIN[6]   ; keyboard_top:u_kbd|ps2:uPS2|keyboard:u1|keyboard_clk_filtered ; keyboard_top:u_kbd|ps2:uPS2|keyboard:u1|keyboard_clk_filtered ; 0.000        ; 0.240      ; 1.263      ;
; 0.939 ; keyboard_top:u_kbd|ps2:uPS2|keyboard:u1|INCNT[2]   ; keyboard_top:u_kbd|ps2:uPS2|keyboard:u1|SHIFTIN[3]   ; keyboard_top:u_kbd|ps2:uPS2|keyboard:u1|keyboard_clk_filtered ; keyboard_top:u_kbd|ps2:uPS2|keyboard:u1|keyboard_clk_filtered ; 0.000        ; 0.240      ; 1.263      ;
; 0.939 ; keyboard_top:u_kbd|ps2:uPS2|keyboard:u1|INCNT[2]   ; keyboard_top:u_kbd|ps2:uPS2|keyboard:u1|SHIFTIN[4]   ; keyboard_top:u_kbd|ps2:uPS2|keyboard:u1|keyboard_clk_filtered ; keyboard_top:u_kbd|ps2:uPS2|keyboard:u1|keyboard_clk_filtered ; 0.000        ; 0.240      ; 1.263      ;
; 0.939 ; keyboard_top:u_kbd|ps2:uPS2|keyboard:u1|INCNT[2]   ; keyboard_top:u_kbd|ps2:uPS2|keyboard:u1|SHIFTIN[5]   ; keyboard_top:u_kbd|ps2:uPS2|keyboard:u1|keyboard_clk_filtered ; keyboard_top:u_kbd|ps2:uPS2|keyboard:u1|keyboard_clk_filtered ; 0.000        ; 0.240      ; 1.263      ;
; 0.939 ; keyboard_top:u_kbd|ps2:uPS2|keyboard:u1|INCNT[2]   ; keyboard_top:u_kbd|ps2:uPS2|keyboard:u1|SHIFTIN[1]   ; keyboard_top:u_kbd|ps2:uPS2|keyboard:u1|keyboard_clk_filtered ; keyboard_top:u_kbd|ps2:uPS2|keyboard:u1|keyboard_clk_filtered ; 0.000        ; 0.240      ; 1.263      ;
; 0.939 ; keyboard_top:u_kbd|ps2:uPS2|keyboard:u1|INCNT[2]   ; keyboard_top:u_kbd|ps2:uPS2|keyboard:u1|SHIFTIN[2]   ; keyboard_top:u_kbd|ps2:uPS2|keyboard:u1|keyboard_clk_filtered ; keyboard_top:u_kbd|ps2:uPS2|keyboard:u1|keyboard_clk_filtered ; 0.000        ; 0.240      ; 1.263      ;
; 0.939 ; keyboard_top:u_kbd|ps2:uPS2|keyboard:u1|INCNT[2]   ; keyboard_top:u_kbd|ps2:uPS2|keyboard:u1|SHIFTIN[0]   ; keyboard_top:u_kbd|ps2:uPS2|keyboard:u1|keyboard_clk_filtered ; keyboard_top:u_kbd|ps2:uPS2|keyboard:u1|keyboard_clk_filtered ; 0.000        ; 0.240      ; 1.263      ;
; 1.014 ; keyboard_top:u_kbd|ps2:uPS2|keyboard:u1|INCNT[1]   ; keyboard_top:u_kbd|ps2:uPS2|keyboard:u1|scan_code[7] ; keyboard_top:u_kbd|ps2:uPS2|keyboard:u1|keyboard_clk_filtered ; keyboard_top:u_kbd|ps2:uPS2|keyboard:u1|keyboard_clk_filtered ; 0.000        ; 0.051      ; 1.149      ;
; 1.014 ; keyboard_top:u_kbd|ps2:uPS2|keyboard:u1|INCNT[1]   ; keyboard_top:u_kbd|ps2:uPS2|keyboard:u1|scan_code[3] ; keyboard_top:u_kbd|ps2:uPS2|keyboard:u1|keyboard_clk_filtered ; keyboard_top:u_kbd|ps2:uPS2|keyboard:u1|keyboard_clk_filtered ; 0.000        ; 0.051      ; 1.149      ;
; 1.014 ; keyboard_top:u_kbd|ps2:uPS2|keyboard:u1|INCNT[1]   ; keyboard_top:u_kbd|ps2:uPS2|keyboard:u1|scan_code[4] ; keyboard_top:u_kbd|ps2:uPS2|keyboard:u1|keyboard_clk_filtered ; keyboard_top:u_kbd|ps2:uPS2|keyboard:u1|keyboard_clk_filtered ; 0.000        ; 0.051      ; 1.149      ;
; 1.014 ; keyboard_top:u_kbd|ps2:uPS2|keyboard:u1|INCNT[1]   ; keyboard_top:u_kbd|ps2:uPS2|keyboard:u1|scan_code[1] ; keyboard_top:u_kbd|ps2:uPS2|keyboard:u1|keyboard_clk_filtered ; keyboard_top:u_kbd|ps2:uPS2|keyboard:u1|keyboard_clk_filtered ; 0.000        ; 0.051      ; 1.149      ;
; 1.014 ; keyboard_top:u_kbd|ps2:uPS2|keyboard:u1|INCNT[1]   ; keyboard_top:u_kbd|ps2:uPS2|keyboard:u1|scan_code[6] ; keyboard_top:u_kbd|ps2:uPS2|keyboard:u1|keyboard_clk_filtered ; keyboard_top:u_kbd|ps2:uPS2|keyboard:u1|keyboard_clk_filtered ; 0.000        ; 0.051      ; 1.149      ;
+-------+----------------------------------------------------+------------------------------------------------------+---------------------------------------------------------------+---------------------------------------------------------------+--------------+------------+------------+


+-----------------------------------------------------------------------------------------------------------------------------------------------------------------------------------+
; Fast 1200mV 0C Model Hold: 'CLOCK_50'                                                                                                                                             ;
+-------+--------------------------------------+--------------------------------------+--------------------------------------+-------------+--------------+------------+------------+
; Slack ; From Node                            ; To Node                              ; Launch Clock                         ; Latch Clock ; Relationship ; Clock Skew ; Data Delay ;
+-------+--------------------------------------+--------------------------------------+--------------------------------------+-------------+--------------+------------+------------+
; 0.229 ; vga_sync_pipe:u_sync|pixel_clock_int ; vga_sync_pipe:u_sync|pixel_clock_int ; vga_sync_pipe:u_sync|pixel_clock_int ; CLOCK_50    ; 0.000        ; 0.872      ; 1.320      ;
; 0.743 ; vga_sync_pipe:u_sync|pixel_clock_int ; vga_sync_pipe:u_sync|pixel_clock_int ; vga_sync_pipe:u_sync|pixel_clock_int ; CLOCK_50    ; -0.500       ; 0.872      ; 1.334      ;
+-------+--------------------------------------+--------------------------------------+--------------------------------------+-------------+--------------+------------+------------+


+-----------------------------------------------------------------------------------------------------------------------------------------------------------------------------------------------------------------------------------------------------------------------------------------------------------+
; Fast 1200mV 0C Model Hold: 'vga_sync_pipe:u_sync|pixel_clock_int'                                                                                                                                                                                                                                         ;
+-------+-----------------------------------------------------------------------------------------------+----------------------------------------------------------+--------------------------------------------------------+--------------------------------------+--------------+------------+------------+
; Slack ; From Node                                                                                     ; To Node                                                  ; Launch Clock                                           ; Latch Clock                          ; Relationship ; Clock Skew ; Data Delay ;
+-------+-----------------------------------------------------------------------------------------------+----------------------------------------------------------+--------------------------------------------------------+--------------------------------------+--------------+------------+------------+
; 0.291 ; vga_sync_pipe:u_sync|h_count[7]                                                               ; vga_sync_pipe:u_sync|h_count[7]                          ; vga_sync_pipe:u_sync|pixel_clock_int                   ; vga_sync_pipe:u_sync|pixel_clock_int ; 0.000        ; 0.042      ; 0.417      ;
; 0.293 ; vga_sync_pipe:u_sync|h_count[6]                                                               ; vga_sync_pipe:u_sync|h_count[6]                          ; vga_sync_pipe:u_sync|pixel_clock_int                   ; vga_sync_pipe:u_sync|pixel_clock_int ; 0.000        ; 0.042      ; 0.419      ;
; 0.297 ; vga_sync_pipe:u_sync|h_count[1]                                                               ; vga_sync_pipe:u_sync|h_count[1]                          ; vga_sync_pipe:u_sync|pixel_clock_int                   ; vga_sync_pipe:u_sync|pixel_clock_int ; 0.000        ; 0.042      ; 0.423      ;
; 0.437 ; vga_sync_pipe:u_sync|h_count[0]                                                               ; vga_sync_pipe:u_sync|horiz_sync                          ; vga_sync_pipe:u_sync|pixel_clock_int                   ; vga_sync_pipe:u_sync|pixel_clock_int ; 0.000        ; 0.244      ; 0.765      ;
; 0.440 ; vga_sync_pipe:u_sync|h_count[5]                                                               ; vga_sync_pipe:u_sync|h_count[6]                          ; vga_sync_pipe:u_sync|pixel_clock_int                   ; vga_sync_pipe:u_sync|pixel_clock_int ; 0.000        ; 0.042      ; 0.566      ;
; 0.442 ; vga_sync_pipe:u_sync|horiz_sync                                                               ; vga_sync_pipe:u_sync|horiz_sync_out                      ; vga_sync_pipe:u_sync|pixel_clock_int                   ; vga_sync_pipe:u_sync|pixel_clock_int ; 0.000        ; -0.152     ; 0.374      ;
; 0.451 ; vga_sync_pipe:u_sync|h_count[6]                                                               ; vga_sync_pipe:u_sync|h_count[7]                          ; vga_sync_pipe:u_sync|pixel_clock_int                   ; vga_sync_pipe:u_sync|pixel_clock_int ; 0.000        ; 0.042      ; 0.577      ;
; 0.451 ; vga_sync_pipe:u_sync|h_count[4]                                                               ; vga_sync_pipe:u_sync|h_count[6]                          ; vga_sync_pipe:u_sync|pixel_clock_int                   ; vga_sync_pipe:u_sync|pixel_clock_int ; 0.000        ; 0.042      ; 0.577      ;
; 0.458 ; vga_sync_pipe:u_sync|h_count[0]                                                               ; vga_sync_pipe:u_sync|h_count[1]                          ; vga_sync_pipe:u_sync|pixel_clock_int                   ; vga_sync_pipe:u_sync|pixel_clock_int ; 0.000        ; 0.042      ; 0.584      ;
; 0.483 ; vga_sync_pipe:u_sync|h_count[4]                                                               ; vga_sync_pipe:u_sync|horiz_sync                          ; vga_sync_pipe:u_sync|pixel_clock_int                   ; vga_sync_pipe:u_sync|pixel_clock_int ; 0.000        ; 0.244      ; 0.811      ;
; 0.488 ; vga_sync_pipe:u_sync|h_count[5]                                                               ; vga_sync_pipe:u_sync|horiz_sync                          ; vga_sync_pipe:u_sync|pixel_clock_int                   ; vga_sync_pipe:u_sync|pixel_clock_int ; 0.000        ; 0.244      ; 0.816      ;
; 0.492 ; vga_sync_pipe:u_sync|h_count[2]                                                               ; vga_sync_pipe:u_sync|horiz_sync                          ; vga_sync_pipe:u_sync|pixel_clock_int                   ; vga_sync_pipe:u_sync|pixel_clock_int ; 0.000        ; 0.244      ; 0.820      ;
; 0.503 ; vga_sync_pipe:u_sync|h_count[5]                                                               ; vga_sync_pipe:u_sync|h_count[7]                          ; vga_sync_pipe:u_sync|pixel_clock_int                   ; vga_sync_pipe:u_sync|pixel_clock_int ; 0.000        ; 0.042      ; 0.629      ;
; 0.514 ; vga_sync_pipe:u_sync|h_count[4]                                                               ; vga_sync_pipe:u_sync|h_count[7]                          ; vga_sync_pipe:u_sync|pixel_clock_int                   ; vga_sync_pipe:u_sync|pixel_clock_int ; 0.000        ; 0.042      ; 0.640      ;
; 0.527 ; vga_sync_pipe:u_sync|h_count[2]                                                               ; vga_sync_pipe:u_sync|h_count[6]                          ; vga_sync_pipe:u_sync|pixel_clock_int                   ; vga_sync_pipe:u_sync|pixel_clock_int ; 0.000        ; 0.042      ; 0.653      ;
; 0.565 ; vga_sync_pipe:u_sync|h_count[8]                                                               ; vga_sync_pipe:u_sync|horiz_sync                          ; vga_sync_pipe:u_sync|pixel_clock_int                   ; vga_sync_pipe:u_sync|pixel_clock_int ; 0.000        ; 0.244      ; 0.893      ;
; 0.577 ; vga_sync_pipe:u_sync|h_count[3]                                                               ; vga_sync_pipe:u_sync|horiz_sync                          ; vga_sync_pipe:u_sync|pixel_clock_int                   ; vga_sync_pipe:u_sync|pixel_clock_int ; 0.000        ; 0.244      ; 0.905      ;
; 0.578 ; vga_sync_pipe:u_sync|h_count[1]                                                               ; vga_sync_pipe:u_sync|h_count[6]                          ; vga_sync_pipe:u_sync|pixel_clock_int                   ; vga_sync_pipe:u_sync|pixel_clock_int ; 0.000        ; 0.042      ; 0.704      ;
; 0.590 ; vga_sync_pipe:u_sync|h_count[2]                                                               ; vga_sync_pipe:u_sync|h_count[7]                          ; vga_sync_pipe:u_sync|pixel_clock_int                   ; vga_sync_pipe:u_sync|pixel_clock_int ; 0.000        ; 0.042      ; 0.716      ;
; 0.593 ; vga_sync_pipe:u_sync|h_count[1]                                                               ; vga_sync_pipe:u_sync|horiz_sync                          ; vga_sync_pipe:u_sync|pixel_clock_int                   ; vga_sync_pipe:u_sync|pixel_clock_int ; 0.000        ; 0.244      ; 0.921      ;
; 0.593 ; vga_sync_pipe:u_sync|h_count[0]                                                               ; vga_sync_pipe:u_sync|h_count[6]                          ; vga_sync_pipe:u_sync|pixel_clock_int                   ; vga_sync_pipe:u_sync|pixel_clock_int ; 0.000        ; 0.042      ; 0.719      ;
; 0.596 ; vga_sync_pipe:u_sync|h_count[2]                                                               ; vga_sync_pipe:u_sync|h_count[2]                          ; vga_sync_pipe:u_sync|pixel_clock_int                   ; vga_sync_pipe:u_sync|pixel_clock_int ; 0.000        ; 0.042      ; 0.722      ;
; 0.596 ; vga_sync_pipe:u_sync|h_count[9]                                                               ; vga_sync_pipe:u_sync|horiz_sync                          ; vga_sync_pipe:u_sync|pixel_clock_int                   ; vga_sync_pipe:u_sync|pixel_clock_int ; 0.000        ; 0.244      ; 0.924      ;
; 0.609 ; vga_sync_pipe:u_sync|h_count[3]                                                               ; vga_sync_pipe:u_sync|h_count[6]                          ; vga_sync_pipe:u_sync|pixel_clock_int                   ; vga_sync_pipe:u_sync|pixel_clock_int ; 0.000        ; 0.042      ; 0.735      ;
; 0.614 ; vga_sync_pipe:u_sync|h_count[7]                                                               ; vga_sync_pipe:u_sync|horiz_sync                          ; vga_sync_pipe:u_sync|pixel_clock_int                   ; vga_sync_pipe:u_sync|pixel_clock_int ; 0.000        ; 0.244      ; 0.942      ;
; 0.615 ; bullet_bottom_top:u_bullets_bottom|tank_bullet_bottom_refine:\gen_bullets:0:u_bullet|y_reg[3] ; pixelGenerator_dynamicbulletmodule:u_pix|colorAddress[1] ; u_pll|uPLL|altpll_component|auto_generated|pll1|clk[0] ; vga_sync_pipe:u_sync|pixel_clock_int ; 0.000        ; 1.659      ; 2.428      ;
; 0.615 ; vga_sync_pipe:u_sync|h_count[6]                                                               ; vga_sync_pipe:u_sync|horiz_sync                          ; vga_sync_pipe:u_sync|pixel_clock_int                   ; vga_sync_pipe:u_sync|pixel_clock_int ; 0.000        ; 0.244      ; 0.943      ;
; 0.616 ; bullet_bottom_top:u_bullets_bottom|tank_bullet_bottom_refine:\gen_bullets:0:u_bullet|y_reg[3] ; pixelGenerator_dynamicbulletmodule:u_pix|colorAddress[2] ; u_pll|uPLL|altpll_component|auto_generated|pll1|clk[0] ; vga_sync_pipe:u_sync|pixel_clock_int ; 0.000        ; 1.659      ; 2.429      ;
; 0.627 ; vga_sync_pipe:u_sync|v_count[9]                                                               ; vga_sync_pipe:u_sync|video_on_v                          ; vga_sync_pipe:u_sync|pixel_clock_int                   ; vga_sync_pipe:u_sync|pixel_clock_int ; 0.000        ; 0.055      ; 0.766      ;
; 0.627 ; vga_sync_pipe:u_sync|h_count[4]                                                               ; vga_sync_pipe:u_sync|h_count[4]                          ; vga_sync_pipe:u_sync|pixel_clock_int                   ; vga_sync_pipe:u_sync|pixel_clock_int ; 0.000        ; 0.042      ; 0.753      ;
; 0.629 ; bullet_bottom_top:u_bullets_bottom|tank_bullet_bottom_refine:\gen_bullets:3:u_bullet|x_reg[5] ; pixelGenerator_dynamicbulletmodule:u_pix|colorAddress[2] ; u_pll|uPLL|altpll_component|auto_generated|pll1|clk[0] ; vga_sync_pipe:u_sync|pixel_clock_int ; 0.000        ; 1.655      ; 2.438      ;
; 0.638 ; bullet_bottom_top:u_bullets_bottom|tank_bullet_bottom_refine:\gen_bullets:3:u_bullet|x_reg[5] ; pixelGenerator_dynamicbulletmodule:u_pix|colorAddress[1] ; u_pll|uPLL|altpll_component|auto_generated|pll1|clk[0] ; vga_sync_pipe:u_sync|pixel_clock_int ; 0.000        ; 1.655      ; 2.447      ;
; 0.639 ; vga_sync_pipe:u_sync|h_count[0]                                                               ; vga_sync_pipe:u_sync|h_count[9]                          ; vga_sync_pipe:u_sync|pixel_clock_int                   ; vga_sync_pipe:u_sync|pixel_clock_int ; 0.000        ; 0.042      ; 0.765      ;
; 0.641 ; vga_sync_pipe:u_sync|h_count[1]                                                               ; vga_sync_pipe:u_sync|h_count[7]                          ; vga_sync_pipe:u_sync|pixel_clock_int                   ; vga_sync_pipe:u_sync|pixel_clock_int ; 0.000        ; 0.042      ; 0.767      ;
; 0.642 ; bullet_bottom_top:u_bullets_bottom|tank_bullet_bottom_refine:\gen_bullets:3:u_bullet|x_reg[5] ; pixelGenerator_dynamicbulletmodule:u_pix|colorAddress[0] ; u_pll|uPLL|altpll_component|auto_generated|pll1|clk[0] ; vga_sync_pipe:u_sync|pixel_clock_int ; 0.000        ; 1.655      ; 2.451      ;
; 0.648 ; bullet_bottom_top:u_bullets_bottom|tank_bullet_bottom_refine:\gen_bullets:2:u_bullet|y_reg[3] ; pixelGenerator_dynamicbulletmodule:u_pix|colorAddress[1] ; u_pll|uPLL|altpll_component|auto_generated|pll1|clk[0] ; vga_sync_pipe:u_sync|pixel_clock_int ; 0.000        ; 1.660      ; 2.462      ;
; 0.649 ; bullet_top_top:u_bullets_top|tank_bullet_top_refine:\gen_bullets:4:u_bullet|y_reg[4]          ; pixelGenerator_dynamicbulletmodule:u_pix|colorAddress[0] ; u_pll|uPLL|altpll_component|auto_generated|pll1|clk[0] ; vga_sync_pipe:u_sync|pixel_clock_int ; 0.000        ; 1.653      ; 2.456      ;
; 0.649 ; bullet_top_top:u_bullets_top|tank_bullet_top_refine:\gen_bullets:4:u_bullet|y_reg[4]          ; pixelGenerator_dynamicbulletmodule:u_pix|colorAddress[1] ; u_pll|uPLL|altpll_component|auto_generated|pll1|clk[0] ; vga_sync_pipe:u_sync|pixel_clock_int ; 0.000        ; 1.653      ; 2.456      ;
; 0.649 ; bullet_top_top:u_bullets_top|tank_bullet_top_refine:\gen_bullets:4:u_bullet|y_reg[3]          ; pixelGenerator_dynamicbulletmodule:u_pix|colorAddress[0] ; u_pll|uPLL|altpll_component|auto_generated|pll1|clk[0] ; vga_sync_pipe:u_sync|pixel_clock_int ; 0.000        ; 1.653      ; 2.456      ;
; 0.649 ; bullet_top_top:u_bullets_top|tank_bullet_top_refine:\gen_bullets:4:u_bullet|y_reg[3]          ; pixelGenerator_dynamicbulletmodule:u_pix|colorAddress[1] ; u_pll|uPLL|altpll_component|auto_generated|pll1|clk[0] ; vga_sync_pipe:u_sync|pixel_clock_int ; 0.000        ; 1.653      ; 2.456      ;
; 0.650 ; bullet_top_top:u_bullets_top|tank_bullet_top_refine:\gen_bullets:4:u_bullet|y_reg[4]          ; pixelGenerator_dynamicbulletmodule:u_pix|colorAddress[2] ; u_pll|uPLL|altpll_component|auto_generated|pll1|clk[0] ; vga_sync_pipe:u_sync|pixel_clock_int ; 0.000        ; 1.653      ; 2.457      ;
; 0.650 ; bullet_bottom_top:u_bullets_bottom|tank_bullet_bottom_refine:\gen_bullets:3:u_bullet|x_reg[6] ; pixelGenerator_dynamicbulletmodule:u_pix|colorAddress[2] ; u_pll|uPLL|altpll_component|auto_generated|pll1|clk[0] ; vga_sync_pipe:u_sync|pixel_clock_int ; 0.000        ; 1.655      ; 2.459      ;
; 0.650 ; bullet_bottom_top:u_bullets_bottom|tank_bullet_bottom_refine:\gen_bullets:2:u_bullet|y_reg[3] ; pixelGenerator_dynamicbulletmodule:u_pix|colorAddress[2] ; u_pll|uPLL|altpll_component|auto_generated|pll1|clk[0] ; vga_sync_pipe:u_sync|pixel_clock_int ; 0.000        ; 1.660      ; 2.464      ;
; 0.650 ; bullet_bottom_top:u_bullets_bottom|tank_bullet_bottom_refine:\gen_bullets:0:u_bullet|y_reg[3] ; pixelGenerator_dynamicbulletmodule:u_pix|colorAddress[0] ; u_pll|uPLL|altpll_component|auto_generated|pll1|clk[0] ; vga_sync_pipe:u_sync|pixel_clock_int ; 0.000        ; 1.659      ; 2.463      ;
; 0.650 ; bullet_top_top:u_bullets_top|tank_bullet_top_refine:\gen_bullets:4:u_bullet|y_reg[3]          ; pixelGenerator_dynamicbulletmodule:u_pix|colorAddress[2] ; u_pll|uPLL|altpll_component|auto_generated|pll1|clk[0] ; vga_sync_pipe:u_sync|pixel_clock_int ; 0.000        ; 1.653      ; 2.457      ;
; 0.652 ; bullet_bottom_top:u_bullets_bottom|tank_bullet_bottom_refine:\gen_bullets:2:u_bullet|y_reg[3] ; pixelGenerator_dynamicbulletmodule:u_pix|colorAddress[0] ; u_pll|uPLL|altpll_component|auto_generated|pll1|clk[0] ; vga_sync_pipe:u_sync|pixel_clock_int ; 0.000        ; 1.660      ; 2.466      ;
; 0.653 ; bullet_bottom_top:u_bullets_bottom|tank_bullet_bottom_refine:\gen_bullets:0:u_bullet|y_reg[7] ; pixelGenerator_dynamicbulletmodule:u_pix|colorAddress[1] ; u_pll|uPLL|altpll_component|auto_generated|pll1|clk[0] ; vga_sync_pipe:u_sync|pixel_clock_int ; 0.000        ; 1.659      ; 2.466      ;
; 0.654 ; bullet_bottom_top:u_bullets_bottom|tank_bullet_bottom_refine:\gen_bullets:0:u_bullet|y_reg[7] ; pixelGenerator_dynamicbulletmodule:u_pix|colorAddress[2] ; u_pll|uPLL|altpll_component|auto_generated|pll1|clk[0] ; vga_sync_pipe:u_sync|pixel_clock_int ; 0.000        ; 1.659      ; 2.467      ;
; 0.655 ; bullet_bottom_top:u_bullets_bottom|tank_bullet_bottom_refine:\gen_bullets:2:u_bullet|x_reg[8] ; pixelGenerator_dynamicbulletmodule:u_pix|colorAddress[2] ; u_pll|uPLL|altpll_component|auto_generated|pll1|clk[0] ; vga_sync_pipe:u_sync|pixel_clock_int ; 0.000        ; 1.652      ; 2.461      ;
; 0.656 ; bullet_bottom_top:u_bullets_bottom|tank_bullet_bottom_refine:\gen_bullets:2:u_bullet|y_reg[9] ; pixelGenerator_dynamicbulletmodule:u_pix|colorAddress[1] ; u_pll|uPLL|altpll_component|auto_generated|pll1|clk[0] ; vga_sync_pipe:u_sync|pixel_clock_int ; 0.000        ; 1.660      ; 2.470      ;
; 0.656 ; vga_sync_pipe:u_sync|h_count[0]                                                               ; vga_sync_pipe:u_sync|h_count[7]                          ; vga_sync_pipe:u_sync|pixel_clock_int                   ; vga_sync_pipe:u_sync|pixel_clock_int ; 0.000        ; 0.042      ; 0.782      ;
; 0.658 ; bullet_bottom_top:u_bullets_bottom|tank_bullet_bottom_refine:\gen_bullets:3:u_bullet|x_reg[4] ; pixelGenerator_dynamicbulletmodule:u_pix|colorAddress[2] ; u_pll|uPLL|altpll_component|auto_generated|pll1|clk[0] ; vga_sync_pipe:u_sync|pixel_clock_int ; 0.000        ; 1.655      ; 2.467      ;
; 0.658 ; bullet_bottom_top:u_bullets_bottom|tank_bullet_bottom_refine:\gen_bullets:2:u_bullet|y_reg[9] ; pixelGenerator_dynamicbulletmodule:u_pix|colorAddress[2] ; u_pll|uPLL|altpll_component|auto_generated|pll1|clk[0] ; vga_sync_pipe:u_sync|pixel_clock_int ; 0.000        ; 1.660      ; 2.472      ;
; 0.659 ; bullet_bottom_top:u_bullets_bottom|tank_bullet_bottom_refine:\gen_bullets:3:u_bullet|x_reg[6] ; pixelGenerator_dynamicbulletmodule:u_pix|colorAddress[1] ; u_pll|uPLL|altpll_component|auto_generated|pll1|clk[0] ; vga_sync_pipe:u_sync|pixel_clock_int ; 0.000        ; 1.655      ; 2.468      ;
; 0.660 ; bullet_bottom_top:u_bullets_bottom|tank_bullet_bottom_refine:\gen_bullets:2:u_bullet|y_reg[9] ; pixelGenerator_dynamicbulletmodule:u_pix|colorAddress[0] ; u_pll|uPLL|altpll_component|auto_generated|pll1|clk[0] ; vga_sync_pipe:u_sync|pixel_clock_int ; 0.000        ; 1.660      ; 2.474      ;
; 0.660 ; bullet_bottom_top:u_bullets_bottom|tank_bullet_bottom_refine:\gen_bullets:2:u_bullet|x_reg[6] ; pixelGenerator_dynamicbulletmodule:u_pix|colorAddress[2] ; u_pll|uPLL|altpll_component|auto_generated|pll1|clk[0] ; vga_sync_pipe:u_sync|pixel_clock_int ; 0.000        ; 1.652      ; 2.466      ;
; 0.663 ; bullet_bottom_top:u_bullets_bottom|tank_bullet_bottom_refine:\gen_bullets:3:u_bullet|x_reg[6] ; pixelGenerator_dynamicbulletmodule:u_pix|colorAddress[0] ; u_pll|uPLL|altpll_component|auto_generated|pll1|clk[0] ; vga_sync_pipe:u_sync|pixel_clock_int ; 0.000        ; 1.655      ; 2.472      ;
; 0.664 ; vga_sync_pipe:u_sync|v_count[8]                                                               ; vga_sync_pipe:u_sync|video_on_v                          ; vga_sync_pipe:u_sync|pixel_clock_int                   ; vga_sync_pipe:u_sync|pixel_clock_int ; 0.000        ; 0.050      ; 0.798      ;
; 0.667 ; bullet_top_top:u_bullets_top|tank_bullet_top_refine:\gen_bullets:1:u_bullet|x_reg[8]          ; pixelGenerator_dynamicbulletmodule:u_pix|colorAddress[1] ; u_pll|uPLL|altpll_component|auto_generated|pll1|clk[0] ; vga_sync_pipe:u_sync|pixel_clock_int ; 0.000        ; 1.648      ; 2.469      ;
; 0.667 ; bullet_bottom_top:u_bullets_bottom|tank_bullet_bottom_refine:\gen_bullets:3:u_bullet|x_reg[4] ; pixelGenerator_dynamicbulletmodule:u_pix|colorAddress[1] ; u_pll|uPLL|altpll_component|auto_generated|pll1|clk[0] ; vga_sync_pipe:u_sync|pixel_clock_int ; 0.000        ; 1.655      ; 2.476      ;
; 0.668 ; bullet_top_top:u_bullets_top|tank_bullet_top_refine:\gen_bullets:1:u_bullet|x_reg[8]          ; pixelGenerator_dynamicbulletmodule:u_pix|colorAddress[0] ; u_pll|uPLL|altpll_component|auto_generated|pll1|clk[0] ; vga_sync_pipe:u_sync|pixel_clock_int ; 0.000        ; 1.648      ; 2.470      ;
; 0.670 ; bullet_top_top:u_bullets_top|tank_bullet_top_refine:\gen_bullets:1:u_bullet|x_reg[8]          ; pixelGenerator_dynamicbulletmodule:u_pix|colorAddress[2] ; u_pll|uPLL|altpll_component|auto_generated|pll1|clk[0] ; vga_sync_pipe:u_sync|pixel_clock_int ; 0.000        ; 1.648      ; 2.472      ;
; 0.671 ; bullet_bottom_top:u_bullets_bottom|tank_bullet_bottom_refine:\gen_bullets:3:u_bullet|x_reg[4] ; pixelGenerator_dynamicbulletmodule:u_pix|colorAddress[0] ; u_pll|uPLL|altpll_component|auto_generated|pll1|clk[0] ; vga_sync_pipe:u_sync|pixel_clock_int ; 0.000        ; 1.655      ; 2.480      ;
; 0.671 ; bullet_bottom_top:u_bullets_bottom|tank_bullet_bottom_refine:\gen_bullets:2:u_bullet|x_reg[8] ; pixelGenerator_dynamicbulletmodule:u_pix|colorAddress[1] ; u_pll|uPLL|altpll_component|auto_generated|pll1|clk[0] ; vga_sync_pipe:u_sync|pixel_clock_int ; 0.000        ; 1.652      ; 2.477      ;
; 0.672 ; vga_sync_pipe:u_sync|h_count[3]                                                               ; vga_sync_pipe:u_sync|h_count[7]                          ; vga_sync_pipe:u_sync|pixel_clock_int                   ; vga_sync_pipe:u_sync|pixel_clock_int ; 0.000        ; 0.042      ; 0.798      ;
; 0.674 ; vga_sync_pipe:u_sync|v_count[4]                                                               ; vga_sync_pipe:u_sync|pixel_row[4]                        ; vga_sync_pipe:u_sync|pixel_clock_int                   ; vga_sync_pipe:u_sync|pixel_clock_int ; 0.000        ; 0.034      ; 0.792      ;
; 0.676 ; bullet_bottom_top:u_bullets_bottom|tank_bullet_bottom_refine:\gen_bullets:2:u_bullet|x_reg[8] ; pixelGenerator_dynamicbulletmodule:u_pix|colorAddress[0] ; u_pll|uPLL|altpll_component|auto_generated|pll1|clk[0] ; vga_sync_pipe:u_sync|pixel_clock_int ; 0.000        ; 1.652      ; 2.482      ;
; 0.676 ; bullet_bottom_top:u_bullets_bottom|tank_bullet_bottom_refine:\gen_bullets:2:u_bullet|x_reg[6] ; pixelGenerator_dynamicbulletmodule:u_pix|colorAddress[1] ; u_pll|uPLL|altpll_component|auto_generated|pll1|clk[0] ; vga_sync_pipe:u_sync|pixel_clock_int ; 0.000        ; 1.652      ; 2.482      ;
; 0.678 ; vga_sync_pipe:u_sync|v_count[9]                                                               ; vga_sync_pipe:u_sync|pixel_row[9]                        ; vga_sync_pipe:u_sync|pixel_clock_int                   ; vga_sync_pipe:u_sync|pixel_clock_int ; 0.000        ; 0.034      ; 0.796      ;
; 0.679 ; bullet_bottom_top:u_bullets_bottom|tank_bullet_bottom_refine:\gen_bullets:2:u_bullet|y_reg[7] ; pixelGenerator_dynamicbulletmodule:u_pix|colorAddress[1] ; u_pll|uPLL|altpll_component|auto_generated|pll1|clk[0] ; vga_sync_pipe:u_sync|pixel_clock_int ; 0.000        ; 1.660      ; 2.493      ;
; 0.681 ; bullet_bottom_top:u_bullets_bottom|tank_bullet_bottom_refine:\gen_bullets:2:u_bullet|y_reg[7] ; pixelGenerator_dynamicbulletmodule:u_pix|colorAddress[2] ; u_pll|uPLL|altpll_component|auto_generated|pll1|clk[0] ; vga_sync_pipe:u_sync|pixel_clock_int ; 0.000        ; 1.660      ; 2.495      ;
; 0.681 ; bullet_bottom_top:u_bullets_bottom|tank_bullet_bottom_refine:\gen_bullets:2:u_bullet|x_reg[6] ; pixelGenerator_dynamicbulletmodule:u_pix|colorAddress[0] ; u_pll|uPLL|altpll_component|auto_generated|pll1|clk[0] ; vga_sync_pipe:u_sync|pixel_clock_int ; 0.000        ; 1.652      ; 2.487      ;
; 0.683 ; bullet_bottom_top:u_bullets_bottom|tank_bullet_bottom_refine:\gen_bullets:2:u_bullet|y_reg[7] ; pixelGenerator_dynamicbulletmodule:u_pix|colorAddress[0] ; u_pll|uPLL|altpll_component|auto_generated|pll1|clk[0] ; vga_sync_pipe:u_sync|pixel_clock_int ; 0.000        ; 1.660      ; 2.497      ;
; 0.685 ; bullet_top_top:u_bullets_top|tank_bullet_top_refine:\gen_bullets:3:u_bullet|x_reg[7]          ; pixelGenerator_dynamicbulletmodule:u_pix|colorAddress[1] ; u_pll|uPLL|altpll_component|auto_generated|pll1|clk[0] ; vga_sync_pipe:u_sync|pixel_clock_int ; 0.000        ; 1.645      ; 2.484      ;
; 0.685 ; bullet_top_top:u_bullets_top|tank_bullet_top_refine:\gen_bullets:3:u_bullet|x_reg[7]          ; pixelGenerator_dynamicbulletmodule:u_pix|colorAddress[0] ; u_pll|uPLL|altpll_component|auto_generated|pll1|clk[0] ; vga_sync_pipe:u_sync|pixel_clock_int ; 0.000        ; 1.645      ; 2.484      ;
; 0.685 ; vga_sync_pipe:u_sync|h_count[4]                                                               ; vga_sync_pipe:u_sync|h_count[9]                          ; vga_sync_pipe:u_sync|pixel_clock_int                   ; vga_sync_pipe:u_sync|pixel_clock_int ; 0.000        ; 0.042      ; 0.811      ;
; 0.686 ; bullet_top_top:u_bullets_top|tank_bullet_top_refine:\gen_bullets:3:u_bullet|x_reg[7]          ; pixelGenerator_dynamicbulletmodule:u_pix|colorAddress[2] ; u_pll|uPLL|altpll_component|auto_generated|pll1|clk[0] ; vga_sync_pipe:u_sync|pixel_clock_int ; 0.000        ; 1.645      ; 2.485      ;
; 0.688 ; bullet_bottom_top:u_bullets_bottom|tank_bullet_bottom_refine:\gen_bullets:0:u_bullet|x_reg[6] ; pixelGenerator_dynamicbulletmodule:u_pix|colorAddress[1] ; u_pll|uPLL|altpll_component|auto_generated|pll1|clk[0] ; vga_sync_pipe:u_sync|pixel_clock_int ; 0.000        ; 1.651      ; 2.493      ;
; 0.688 ; bullet_bottom_top:u_bullets_bottom|tank_bullet_bottom_refine:\gen_bullets:0:u_bullet|y_reg[7] ; pixelGenerator_dynamicbulletmodule:u_pix|colorAddress[0] ; u_pll|uPLL|altpll_component|auto_generated|pll1|clk[0] ; vga_sync_pipe:u_sync|pixel_clock_int ; 0.000        ; 1.659      ; 2.501      ;
; 0.689 ; bullet_bottom_top:u_bullets_bottom|tank_bullet_bottom_refine:\gen_bullets:0:u_bullet|x_reg[6] ; pixelGenerator_dynamicbulletmodule:u_pix|colorAddress[2] ; u_pll|uPLL|altpll_component|auto_generated|pll1|clk[0] ; vga_sync_pipe:u_sync|pixel_clock_int ; 0.000        ; 1.651      ; 2.494      ;
; 0.690 ; bullet_bottom_top:u_bullets_bottom|tank_bullet_bottom_refine:\gen_bullets:0:u_bullet|y_reg[6] ; pixelGenerator_dynamicbulletmodule:u_pix|colorAddress[1] ; u_pll|uPLL|altpll_component|auto_generated|pll1|clk[0] ; vga_sync_pipe:u_sync|pixel_clock_int ; 0.000        ; 1.659      ; 2.503      ;
; 0.690 ; vga_sync_pipe:u_sync|h_count[5]                                                               ; vga_sync_pipe:u_sync|h_count[9]                          ; vga_sync_pipe:u_sync|pixel_clock_int                   ; vga_sync_pipe:u_sync|pixel_clock_int ; 0.000        ; 0.042      ; 0.816      ;
; 0.691 ; bullet_bottom_top:u_bullets_bottom|tank_bullet_bottom_refine:\gen_bullets:0:u_bullet|y_reg[9] ; pixelGenerator_dynamicbulletmodule:u_pix|colorAddress[1] ; u_pll|uPLL|altpll_component|auto_generated|pll1|clk[0] ; vga_sync_pipe:u_sync|pixel_clock_int ; 0.000        ; 1.659      ; 2.504      ;
; 0.691 ; bullet_bottom_top:u_bullets_bottom|tank_bullet_bottom_refine:\gen_bullets:0:u_bullet|y_reg[6] ; pixelGenerator_dynamicbulletmodule:u_pix|colorAddress[2] ; u_pll|uPLL|altpll_component|auto_generated|pll1|clk[0] ; vga_sync_pipe:u_sync|pixel_clock_int ; 0.000        ; 1.659      ; 2.504      ;
; 0.691 ; bullet_bottom_top:u_bullets_bottom|tank_bullet_bottom_refine:\gen_bullets:2:u_bullet|y_reg[6] ; pixelGenerator_dynamicbulletmodule:u_pix|colorAddress[1] ; u_pll|uPLL|altpll_component|auto_generated|pll1|clk[0] ; vga_sync_pipe:u_sync|pixel_clock_int ; 0.000        ; 1.660      ; 2.505      ;
; 0.692 ; bullet_bottom_top:u_bullets_bottom|tank_bullet_bottom_refine:\gen_bullets:0:u_bullet|y_reg[9] ; pixelGenerator_dynamicbulletmodule:u_pix|colorAddress[2] ; u_pll|uPLL|altpll_component|auto_generated|pll1|clk[0] ; vga_sync_pipe:u_sync|pixel_clock_int ; 0.000        ; 1.659      ; 2.505      ;
; 0.693 ; bullet_bottom_top:u_bullets_bottom|tank_bullet_bottom_refine:\gen_bullets:2:u_bullet|y_reg[6] ; pixelGenerator_dynamicbulletmodule:u_pix|colorAddress[2] ; u_pll|uPLL|altpll_component|auto_generated|pll1|clk[0] ; vga_sync_pipe:u_sync|pixel_clock_int ; 0.000        ; 1.660      ; 2.507      ;
; 0.694 ; bullet_bottom_top:u_bullets_bottom|tank_bullet_bottom_refine:\gen_bullets:3:u_bullet|y_reg[4] ; pixelGenerator_dynamicbulletmodule:u_pix|colorAddress[2] ; u_pll|uPLL|altpll_component|auto_generated|pll1|clk[0] ; vga_sync_pipe:u_sync|pixel_clock_int ; 0.000        ; 1.654      ; 2.502      ;
; 0.694 ; vga_sync_pipe:u_sync|h_count[2]                                                               ; vga_sync_pipe:u_sync|h_count[9]                          ; vga_sync_pipe:u_sync|pixel_clock_int                   ; vga_sync_pipe:u_sync|pixel_clock_int ; 0.000        ; 0.042      ; 0.820      ;
; 0.695 ; bullet_bottom_top:u_bullets_bottom|tank_bullet_bottom_refine:\gen_bullets:2:u_bullet|x_reg[7] ; pixelGenerator_dynamicbulletmodule:u_pix|colorAddress[2] ; u_pll|uPLL|altpll_component|auto_generated|pll1|clk[0] ; vga_sync_pipe:u_sync|pixel_clock_int ; 0.000        ; 1.652      ; 2.501      ;
; 0.695 ; bullet_bottom_top:u_bullets_bottom|tank_bullet_bottom_refine:\gen_bullets:2:u_bullet|y_reg[6] ; pixelGenerator_dynamicbulletmodule:u_pix|colorAddress[0] ; u_pll|uPLL|altpll_component|auto_generated|pll1|clk[0] ; vga_sync_pipe:u_sync|pixel_clock_int ; 0.000        ; 1.660      ; 2.509      ;
; 0.700 ; bullet_bottom_top:u_bullets_bottom|tank_bullet_bottom_refine:\gen_bullets:0:u_bullet|y_reg[8] ; pixelGenerator_dynamicbulletmodule:u_pix|colorAddress[1] ; u_pll|uPLL|altpll_component|auto_generated|pll1|clk[0] ; vga_sync_pipe:u_sync|pixel_clock_int ; 0.000        ; 1.659      ; 2.513      ;
; 0.701 ; bullet_bottom_top:u_bullets_bottom|tank_bullet_bottom_refine:\gen_bullets:0:u_bullet|y_reg[8] ; pixelGenerator_dynamicbulletmodule:u_pix|colorAddress[2] ; u_pll|uPLL|altpll_component|auto_generated|pll1|clk[0] ; vga_sync_pipe:u_sync|pixel_clock_int ; 0.000        ; 1.659      ; 2.514      ;
; 0.701 ; bullet_bottom_top:u_bullets_bottom|tank_bullet_bottom_refine:\gen_bullets:3:u_bullet|y_reg[8] ; pixelGenerator_dynamicbulletmodule:u_pix|colorAddress[2] ; u_pll|uPLL|altpll_component|auto_generated|pll1|clk[0] ; vga_sync_pipe:u_sync|pixel_clock_int ; 0.000        ; 1.654      ; 2.509      ;
; 0.702 ; bullet_top_top:u_bullets_top|tank_bullet_top_refine:\gen_bullets:2:u_bullet|x_reg[6]          ; pixelGenerator_dynamicbulletmodule:u_pix|colorAddress[1] ; u_pll|uPLL|altpll_component|auto_generated|pll1|clk[0] ; vga_sync_pipe:u_sync|pixel_clock_int ; 0.000        ; 1.645      ; 2.501      ;
; 0.703 ; tank_bottom:u_tank_bottom|x_reg[8]                                                            ; pixelGenerator_dynamicbulletmodule:u_pix|colorAddress[2] ; u_pll|uPLL|altpll_component|auto_generated|pll1|clk[0] ; vga_sync_pipe:u_sync|pixel_clock_int ; 0.000        ; 1.649      ; 2.506      ;
; 0.703 ; bullet_top_top:u_bullets_top|tank_bullet_top_refine:\gen_bullets:2:u_bullet|x_reg[6]          ; pixelGenerator_dynamicbulletmodule:u_pix|colorAddress[0] ; u_pll|uPLL|altpll_component|auto_generated|pll1|clk[0] ; vga_sync_pipe:u_sync|pixel_clock_int ; 0.000        ; 1.645      ; 2.502      ;
; 0.705 ; bullet_top_top:u_bullets_top|tank_bullet_top_refine:\gen_bullets:2:u_bullet|x_reg[6]          ; pixelGenerator_dynamicbulletmodule:u_pix|colorAddress[2] ; u_pll|uPLL|altpll_component|auto_generated|pll1|clk[0] ; vga_sync_pipe:u_sync|pixel_clock_int ; 0.000        ; 1.645      ; 2.504      ;
; 0.708 ; bullet_bottom_top:u_bullets_bottom|tank_bullet_bottom_refine:\gen_bullets:0:u_bullet|x_reg[9] ; pixelGenerator_dynamicbulletmodule:u_pix|colorAddress[1] ; u_pll|uPLL|altpll_component|auto_generated|pll1|clk[0] ; vga_sync_pipe:u_sync|pixel_clock_int ; 0.000        ; 1.651      ; 2.513      ;
; 0.709 ; bullet_bottom_top:u_bullets_bottom|tank_bullet_bottom_refine:\gen_bullets:0:u_bullet|x_reg[9] ; pixelGenerator_dynamicbulletmodule:u_pix|colorAddress[2] ; u_pll|uPLL|altpll_component|auto_generated|pll1|clk[0] ; vga_sync_pipe:u_sync|pixel_clock_int ; 0.000        ; 1.651      ; 2.514      ;
+-------+-----------------------------------------------------------------------------------------------+----------------------------------------------------------+--------------------------------------------------------+--------------------------------------+--------------+------------+------------+


+--------------------------------------------------------------------------------------------------------------------------------------------------------------------------------------------------------------------------------------------------------------------------+
; Fast 1200mV 0C Model Recovery: 'keyboard_top:u_kbd|ps2:uPS2|keyboard:u1|ready_set'                                                                                                                                                                                       ;
+--------+------------------------------------------------------+----------------------------------------------------+--------------------------------------------------------+---------------------------------------------------+--------------+------------+------------+
; Slack  ; From Node                                            ; To Node                                            ; Launch Clock                                           ; Latch Clock                                       ; Relationship ; Clock Skew ; Data Delay ;
+--------+------------------------------------------------------+----------------------------------------------------+--------------------------------------------------------+---------------------------------------------------+--------------+------------+------------+
; -0.428 ; keyboard_top:u_kbd|ps2:uPS2|oneshot:pulser|pulse_out ; keyboard_top:u_kbd|ps2:uPS2|keyboard:u1|scan_ready ; u_pll|uPLL|altpll_component|auto_generated|pll1|clk[0] ; keyboard_top:u_kbd|ps2:uPS2|keyboard:u1|ready_set ; 1.000        ; 0.463      ; 1.808      ;
+--------+------------------------------------------------------+----------------------------------------------------+--------------------------------------------------------+---------------------------------------------------+--------------+------------+------------+


+-------------------------------------------------------------------------------------------------------------------------------------------------------------------------------------------------------------------------------------------------------------------------+
; Fast 1200mV 0C Model Removal: 'keyboard_top:u_kbd|ps2:uPS2|keyboard:u1|ready_set'                                                                                                                                                                                       ;
+-------+------------------------------------------------------+----------------------------------------------------+--------------------------------------------------------+---------------------------------------------------+--------------+------------+------------+
; Slack ; From Node                                            ; To Node                                            ; Launch Clock                                           ; Latch Clock                                       ; Relationship ; Clock Skew ; Data Delay ;
+-------+------------------------------------------------------+----------------------------------------------------+--------------------------------------------------------+---------------------------------------------------+--------------+------------+------------+
; 0.657 ; keyboard_top:u_kbd|ps2:uPS2|oneshot:pulser|pulse_out ; keyboard_top:u_kbd|ps2:uPS2|keyboard:u1|scan_ready ; u_pll|uPLL|altpll_component|auto_generated|pll1|clk[0] ; keyboard_top:u_kbd|ps2:uPS2|keyboard:u1|ready_set ; 0.000        ; 0.757      ; 1.558      ;
+-------+------------------------------------------------------+----------------------------------------------------+--------------------------------------------------------+---------------------------------------------------+--------------+------------+------------+


----------------------------------------------
; Fast 1200mV 0C Model Metastability Summary ;
----------------------------------------------
Design MTBF is not calculated because the design doesn't meet its timing requirements.



+-------------------------------------------------------------------------------------------------------------------------------+
; Multicorner Timing Analysis Summary                                                                                           ;
+----------------------------------------------------------------+----------+--------+----------+---------+---------------------+
; Clock                                                          ; Setup    ; Hold   ; Recovery ; Removal ; Minimum Pulse Width ;
+----------------------------------------------------------------+----------+--------+----------+---------+---------------------+
; Worst-case Slack                                               ; -6.962   ; -0.323 ; -1.547   ; 0.657   ; -2.693              ;
;  CLOCK_50                                                      ; -0.647   ; 0.229  ; N/A      ; N/A     ; 9.457               ;
;  keyboard_top:u_kbd|ps2:uPS2|keyboard:u1|keyboard_clk_filtered ; -2.740   ; 0.181  ; N/A      ; N/A     ; -1.285              ;
;  keyboard_top:u_kbd|ps2:uPS2|keyboard:u1|ready_set             ; N/A      ; N/A    ; -1.547   ; 0.657   ; -1.285              ;
;  u_pll|uPLL|altpll_component|auto_generated|pll1|clk[0]        ; -5.362   ; -0.323 ; N/A      ; N/A     ; 4.685               ;
;  vga_sync_pipe:u_sync|pixel_clock_int                          ; -6.962   ; 0.291  ; N/A      ; N/A     ; -2.693              ;
; Design-wide TNS                                                ; -296.349 ; -0.323 ; -1.547   ; 0.0     ; -95.213             ;
;  CLOCK_50                                                      ; -0.647   ; 0.000  ; N/A      ; N/A     ; 0.000               ;
;  keyboard_top:u_kbd|ps2:uPS2|keyboard:u1|keyboard_clk_filtered ; -36.478  ; 0.000  ; N/A      ; N/A     ; -29.555             ;
;  keyboard_top:u_kbd|ps2:uPS2|keyboard:u1|ready_set             ; N/A      ; N/A    ; -1.547   ; 0.000   ; -1.285              ;
;  u_pll|uPLL|altpll_component|auto_generated|pll1|clk[0]        ; -39.666  ; -0.323 ; N/A      ; N/A     ; 0.000               ;
;  vga_sync_pipe:u_sync|pixel_clock_int                          ; -219.558 ; 0.000  ; N/A      ; N/A     ; -64.373             ;
+----------------------------------------------------------------+----------+--------+----------+---------+---------------------+


+------------------------------------------------------------------------------------------------------------------------------------------------------------------------------------------------------------------------------------------------------------------------------------------------------------------------------------------------------------------------------------------------------------------+
; Board Trace Model Assignments                                                                                                                                                                                                                                                                                                                                                                                    ;
+---------------+--------------+-------------------+-------------------------+-------------------------+---------------+---------------------+----------------+------------------+--------+------------------+------------------------+------------------------+--------------+---------------+-----------------+-------+---------------------+--------------------+---------------+-----------------+-------------+
; Pin           ; I/O Standard ; Near Tline Length ; Near Tline L per Length ; Near Tline C per Length ; Near Series R ; Near Differential R ; Near Pull-up R ; Near Pull-down R ; Near C ; Far Tline Length ; Far Tline L per Length ; Far Tline C per Length ; Far Series R ; Far Pull-up R ; Far Pull-down R ; Far C ; Termination Voltage ; Far Differential R ; EBD File Name ; EBD Signal Name ; EBD Far-end ;
+---------------+--------------+-------------------+-------------------------+-------------------------+---------------+---------------------+----------------+------------------+--------+------------------+------------------------+------------------------+--------------+---------------+-----------------+-------+---------------------+--------------------+---------------+-----------------+-------------+
; VGA_R[0]      ; 2.5 V        ; 0 in              ; 0 H/in                  ; 0 F/in                  ; short         ; -                   ; open           ; open             ; open   ; 0 in             ; 0 H/in                 ; 0 F/in                 ; short        ; open          ; open            ; open  ; 0 V                 ; -                  ; n/a           ; n/a             ; n/a         ;
; VGA_R[1]      ; 2.5 V        ; 0 in              ; 0 H/in                  ; 0 F/in                  ; short         ; -                   ; open           ; open             ; open   ; 0 in             ; 0 H/in                 ; 0 F/in                 ; short        ; open          ; open            ; open  ; 0 V                 ; -                  ; n/a           ; n/a             ; n/a         ;
; VGA_R[2]      ; 2.5 V        ; 0 in              ; 0 H/in                  ; 0 F/in                  ; short         ; -                   ; open           ; open             ; open   ; 0 in             ; 0 H/in                 ; 0 F/in                 ; short        ; open          ; open            ; open  ; 0 V                 ; -                  ; n/a           ; n/a             ; n/a         ;
; VGA_R[3]      ; 2.5 V        ; 0 in              ; 0 H/in                  ; 0 F/in                  ; short         ; -                   ; open           ; open             ; open   ; 0 in             ; 0 H/in                 ; 0 F/in                 ; short        ; open          ; open            ; open  ; 0 V                 ; -                  ; n/a           ; n/a             ; n/a         ;
; VGA_R[4]      ; 2.5 V        ; 0 in              ; 0 H/in                  ; 0 F/in                  ; short         ; -                   ; open           ; open             ; open   ; 0 in             ; 0 H/in                 ; 0 F/in                 ; short        ; open          ; open            ; open  ; 0 V                 ; -                  ; n/a           ; n/a             ; n/a         ;
; VGA_R[5]      ; 2.5 V        ; 0 in              ; 0 H/in                  ; 0 F/in                  ; short         ; -                   ; open           ; open             ; open   ; 0 in             ; 0 H/in                 ; 0 F/in                 ; short        ; open          ; open            ; open  ; 0 V                 ; -                  ; n/a           ; n/a             ; n/a         ;
; VGA_R[6]      ; 2.5 V        ; 0 in              ; 0 H/in                  ; 0 F/in                  ; short         ; -                   ; open           ; open             ; open   ; 0 in             ; 0 H/in                 ; 0 F/in                 ; short        ; open          ; open            ; open  ; 0 V                 ; -                  ; n/a           ; n/a             ; n/a         ;
; VGA_R[7]      ; 2.5 V        ; 0 in              ; 0 H/in                  ; 0 F/in                  ; short         ; -                   ; open           ; open             ; open   ; 0 in             ; 0 H/in                 ; 0 F/in                 ; short        ; open          ; open            ; open  ; 0 V                 ; -                  ; n/a           ; n/a             ; n/a         ;
; VGA_R[8]      ; 2.5 V        ; 0 in              ; 0 H/in                  ; 0 F/in                  ; short         ; -                   ; open           ; open             ; open   ; 0 in             ; 0 H/in                 ; 0 F/in                 ; short        ; open          ; open            ; open  ; 0 V                 ; -                  ; n/a           ; n/a             ; n/a         ;
; VGA_R[9]      ; 2.5 V        ; 0 in              ; 0 H/in                  ; 0 F/in                  ; short         ; -                   ; open           ; open             ; open   ; 0 in             ; 0 H/in                 ; 0 F/in                 ; short        ; open          ; open            ; open  ; 0 V                 ; -                  ; n/a           ; n/a             ; n/a         ;
; VGA_G[0]      ; 2.5 V        ; 0 in              ; 0 H/in                  ; 0 F/in                  ; short         ; -                   ; open           ; open             ; open   ; 0 in             ; 0 H/in                 ; 0 F/in                 ; short        ; open          ; open            ; open  ; 0 V                 ; -                  ; n/a           ; n/a             ; n/a         ;
; VGA_G[1]      ; 2.5 V        ; 0 in              ; 0 H/in                  ; 0 F/in                  ; short         ; -                   ; open           ; open             ; open   ; 0 in             ; 0 H/in                 ; 0 F/in                 ; short        ; open          ; open            ; open  ; 0 V                 ; -                  ; n/a           ; n/a             ; n/a         ;
; VGA_G[2]      ; 2.5 V        ; 0 in              ; 0 H/in                  ; 0 F/in                  ; short         ; -                   ; open           ; open             ; open   ; 0 in             ; 0 H/in                 ; 0 F/in                 ; short        ; open          ; open            ; open  ; 0 V                 ; -                  ; n/a           ; n/a             ; n/a         ;
; VGA_G[3]      ; 2.5 V        ; 0 in              ; 0 H/in                  ; 0 F/in                  ; short         ; -                   ; open           ; open             ; open   ; 0 in             ; 0 H/in                 ; 0 F/in                 ; short        ; open          ; open            ; open  ; 0 V                 ; -                  ; n/a           ; n/a             ; n/a         ;
; VGA_G[4]      ; 2.5 V        ; 0 in              ; 0 H/in                  ; 0 F/in                  ; short         ; -                   ; open           ; open             ; open   ; 0 in             ; 0 H/in                 ; 0 F/in                 ; short        ; open          ; open            ; open  ; 0 V                 ; -                  ; n/a           ; n/a             ; n/a         ;
; VGA_G[5]      ; 2.5 V        ; 0 in              ; 0 H/in                  ; 0 F/in                  ; short         ; -                   ; open           ; open             ; open   ; 0 in             ; 0 H/in                 ; 0 F/in                 ; short        ; open          ; open            ; open  ; 0 V                 ; -                  ; n/a           ; n/a             ; n/a         ;
; VGA_G[6]      ; 2.5 V        ; 0 in              ; 0 H/in                  ; 0 F/in                  ; short         ; -                   ; open           ; open             ; open   ; 0 in             ; 0 H/in                 ; 0 F/in                 ; short        ; open          ; open            ; open  ; 0 V                 ; -                  ; n/a           ; n/a             ; n/a         ;
; VGA_G[7]      ; 2.5 V        ; 0 in              ; 0 H/in                  ; 0 F/in                  ; short         ; -                   ; open           ; open             ; open   ; 0 in             ; 0 H/in                 ; 0 F/in                 ; short        ; open          ; open            ; open  ; 0 V                 ; -                  ; n/a           ; n/a             ; n/a         ;
; VGA_G[8]      ; 2.5 V        ; 0 in              ; 0 H/in                  ; 0 F/in                  ; short         ; -                   ; open           ; open             ; open   ; 0 in             ; 0 H/in                 ; 0 F/in                 ; short        ; open          ; open            ; open  ; 0 V                 ; -                  ; n/a           ; n/a             ; n/a         ;
; VGA_G[9]      ; 2.5 V        ; 0 in              ; 0 H/in                  ; 0 F/in                  ; short         ; -                   ; open           ; open             ; open   ; 0 in             ; 0 H/in                 ; 0 F/in                 ; short        ; open          ; open            ; open  ; 0 V                 ; -                  ; n/a           ; n/a             ; n/a         ;
; VGA_B[0]      ; 2.5 V        ; 0 in              ; 0 H/in                  ; 0 F/in                  ; short         ; -                   ; open           ; open             ; open   ; 0 in             ; 0 H/in                 ; 0 F/in                 ; short        ; open          ; open            ; open  ; 0 V                 ; -                  ; n/a           ; n/a             ; n/a         ;
; VGA_B[1]      ; 2.5 V        ; 0 in              ; 0 H/in                  ; 0 F/in                  ; short         ; -                   ; open           ; open             ; open   ; 0 in             ; 0 H/in                 ; 0 F/in                 ; short        ; open          ; open            ; open  ; 0 V                 ; -                  ; n/a           ; n/a             ; n/a         ;
; VGA_B[2]      ; 2.5 V        ; 0 in              ; 0 H/in                  ; 0 F/in                  ; short         ; -                   ; open           ; open             ; open   ; 0 in             ; 0 H/in                 ; 0 F/in                 ; short        ; open          ; open            ; open  ; 0 V                 ; -                  ; n/a           ; n/a             ; n/a         ;
; VGA_B[3]      ; 2.5 V        ; 0 in              ; 0 H/in                  ; 0 F/in                  ; short         ; -                   ; open           ; open             ; open   ; 0 in             ; 0 H/in                 ; 0 F/in                 ; short        ; open          ; open            ; open  ; 0 V                 ; -                  ; n/a           ; n/a             ; n/a         ;
; VGA_B[4]      ; 2.5 V        ; 0 in              ; 0 H/in                  ; 0 F/in                  ; short         ; -                   ; open           ; open             ; open   ; 0 in             ; 0 H/in                 ; 0 F/in                 ; short        ; open          ; open            ; open  ; 0 V                 ; -                  ; n/a           ; n/a             ; n/a         ;
; VGA_B[5]      ; 2.5 V        ; 0 in              ; 0 H/in                  ; 0 F/in                  ; short         ; -                   ; open           ; open             ; open   ; 0 in             ; 0 H/in                 ; 0 F/in                 ; short        ; open          ; open            ; open  ; 0 V                 ; -                  ; n/a           ; n/a             ; n/a         ;
; VGA_B[6]      ; 2.5 V        ; 0 in              ; 0 H/in                  ; 0 F/in                  ; short         ; -                   ; open           ; open             ; open   ; 0 in             ; 0 H/in                 ; 0 F/in                 ; short        ; open          ; open            ; open  ; 0 V                 ; -                  ; n/a           ; n/a             ; n/a         ;
; VGA_B[7]      ; 2.5 V        ; 0 in              ; 0 H/in                  ; 0 F/in                  ; short         ; -                   ; open           ; open             ; open   ; 0 in             ; 0 H/in                 ; 0 F/in                 ; short        ; open          ; open            ; open  ; 0 V                 ; -                  ; n/a           ; n/a             ; n/a         ;
; VGA_B[8]      ; 2.5 V        ; 0 in              ; 0 H/in                  ; 0 F/in                  ; short         ; -                   ; open           ; open             ; open   ; 0 in             ; 0 H/in                 ; 0 F/in                 ; short        ; open          ; open            ; open  ; 0 V                 ; -                  ; n/a           ; n/a             ; n/a         ;
; VGA_B[9]      ; 2.5 V        ; 0 in              ; 0 H/in                  ; 0 F/in                  ; short         ; -                   ; open           ; open             ; open   ; 0 in             ; 0 H/in                 ; 0 F/in                 ; short        ; open          ; open            ; open  ; 0 V                 ; -                  ; n/a           ; n/a             ; n/a         ;
; VGA_HS        ; 2.5 V        ; 0 in              ; 0 H/in                  ; 0 F/in                  ; short         ; -                   ; open           ; open             ; open   ; 0 in             ; 0 H/in                 ; 0 F/in                 ; short        ; open          ; open            ; open  ; 0 V                 ; -                  ; n/a           ; n/a             ; n/a         ;
; VGA_VS        ; 2.5 V        ; 0 in              ; 0 H/in                  ; 0 F/in                  ; short         ; -                   ; open           ; open             ; open   ; 0 in             ; 0 H/in                 ; 0 F/in                 ; short        ; open          ; open            ; open  ; 0 V                 ; -                  ; n/a           ; n/a             ; n/a         ;
; VGA_BLANK_N   ; 2.5 V        ; 0 in              ; 0 H/in                  ; 0 F/in                  ; short         ; -                   ; open           ; open             ; open   ; 0 in             ; 0 H/in                 ; 0 F/in                 ; short        ; open          ; open            ; open  ; 0 V                 ; -                  ; n/a           ; n/a             ; n/a         ;
; VGA_CLK       ; 2.5 V        ; 0 in              ; 0 H/in                  ; 0 F/in                  ; short         ; -                   ; open           ; open             ; open   ; 0 in             ; 0 H/in                 ; 0 F/in                 ; short        ; open          ; open            ; open  ; 0 V                 ; -                  ; n/a           ; n/a             ; n/a         ;
; HEX_TOP[0]    ; 2.5 V        ; 0 in              ; 0 H/in                  ; 0 F/in                  ; short         ; -                   ; open           ; open             ; open   ; 0 in             ; 0 H/in                 ; 0 F/in                 ; short        ; open          ; open            ; open  ; 0 V                 ; -                  ; n/a           ; n/a             ; n/a         ;
; HEX_TOP[1]    ; 2.5 V        ; 0 in              ; 0 H/in                  ; 0 F/in                  ; short         ; -                   ; open           ; open             ; open   ; 0 in             ; 0 H/in                 ; 0 F/in                 ; short        ; open          ; open            ; open  ; 0 V                 ; -                  ; n/a           ; n/a             ; n/a         ;
; HEX_TOP[2]    ; 2.5 V        ; 0 in              ; 0 H/in                  ; 0 F/in                  ; short         ; -                   ; open           ; open             ; open   ; 0 in             ; 0 H/in                 ; 0 F/in                 ; short        ; open          ; open            ; open  ; 0 V                 ; -                  ; n/a           ; n/a             ; n/a         ;
; HEX_TOP[3]    ; 2.5 V        ; 0 in              ; 0 H/in                  ; 0 F/in                  ; short         ; -                   ; open           ; open             ; open   ; 0 in             ; 0 H/in                 ; 0 F/in                 ; short        ; open          ; open            ; open  ; 0 V                 ; -                  ; n/a           ; n/a             ; n/a         ;
; HEX_TOP[4]    ; 2.5 V        ; 0 in              ; 0 H/in                  ; 0 F/in                  ; short         ; -                   ; open           ; open             ; open   ; 0 in             ; 0 H/in                 ; 0 F/in                 ; short        ; open          ; open            ; open  ; 0 V                 ; -                  ; n/a           ; n/a             ; n/a         ;
; HEX_TOP[5]    ; 2.5 V        ; 0 in              ; 0 H/in                  ; 0 F/in                  ; short         ; -                   ; open           ; open             ; open   ; 0 in             ; 0 H/in                 ; 0 F/in                 ; short        ; open          ; open            ; open  ; 0 V                 ; -                  ; n/a           ; n/a             ; n/a         ;
; HEX_TOP[6]    ; 2.5 V        ; 0 in              ; 0 H/in                  ; 0 F/in                  ; short         ; -                   ; open           ; open             ; open   ; 0 in             ; 0 H/in                 ; 0 F/in                 ; short        ; open          ; open            ; open  ; 0 V                 ; -                  ; n/a           ; n/a             ; n/a         ;
; HEX_BOTTOM[0] ; 2.5 V        ; 0 in              ; 0 H/in                  ; 0 F/in                  ; short         ; -                   ; open           ; open             ; open   ; 0 in             ; 0 H/in                 ; 0 F/in                 ; short        ; open          ; open            ; open  ; 0 V                 ; -                  ; n/a           ; n/a             ; n/a         ;
; HEX_BOTTOM[1] ; 2.5 V        ; 0 in              ; 0 H/in                  ; 0 F/in                  ; short         ; -                   ; open           ; open             ; open   ; 0 in             ; 0 H/in                 ; 0 F/in                 ; short        ; open          ; open            ; open  ; 0 V                 ; -                  ; n/a           ; n/a             ; n/a         ;
; HEX_BOTTOM[2] ; 2.5 V        ; 0 in              ; 0 H/in                  ; 0 F/in                  ; short         ; -                   ; open           ; open             ; open   ; 0 in             ; 0 H/in                 ; 0 F/in                 ; short        ; open          ; open            ; open  ; 0 V                 ; -                  ; n/a           ; n/a             ; n/a         ;
; HEX_BOTTOM[3] ; 2.5 V        ; 0 in              ; 0 H/in                  ; 0 F/in                  ; short         ; -                   ; open           ; open             ; open   ; 0 in             ; 0 H/in                 ; 0 F/in                 ; short        ; open          ; open            ; open  ; 0 V                 ; -                  ; n/a           ; n/a             ; n/a         ;
; HEX_BOTTOM[4] ; 2.5 V        ; 0 in              ; 0 H/in                  ; 0 F/in                  ; short         ; -                   ; open           ; open             ; open   ; 0 in             ; 0 H/in                 ; 0 F/in                 ; short        ; open          ; open            ; open  ; 0 V                 ; -                  ; n/a           ; n/a             ; n/a         ;
; HEX_BOTTOM[5] ; 2.5 V        ; 0 in              ; 0 H/in                  ; 0 F/in                  ; short         ; -                   ; open           ; open             ; open   ; 0 in             ; 0 H/in                 ; 0 F/in                 ; short        ; open          ; open            ; open  ; 0 V                 ; -                  ; n/a           ; n/a             ; n/a         ;
; HEX_BOTTOM[6] ; 2.5 V        ; 0 in              ; 0 H/in                  ; 0 F/in                  ; short         ; -                   ; open           ; open             ; open   ; 0 in             ; 0 H/in                 ; 0 F/in                 ; short        ; open          ; open            ; open  ; 0 V                 ; -                  ; n/a           ; n/a             ; n/a         ;
; ~ALTERA_DCLK~ ; 2.5 V        ; 0 in              ; 0 H/in                  ; 0 F/in                  ; short         ; -                   ; open           ; open             ; open   ; 0 in             ; 0 H/in                 ; 0 F/in                 ; short        ; open          ; open            ; open  ; 0 V                 ; -                  ; n/a           ; n/a             ; n/a         ;
; ~ALTERA_nCEO~ ; 2.5 V        ; 0 in              ; 0 H/in                  ; 0 F/in                  ; short         ; -                   ; open           ; open             ; open   ; 0 in             ; 0 H/in                 ; 0 F/in                 ; short        ; open          ; open            ; open  ; 0 V                 ; -                  ; n/a           ; n/a             ; n/a         ;
+---------------+--------------+-------------------+-------------------------+-------------------------+---------------+---------------------+----------------+------------------+--------+------------------+------------------------+------------------------+--------------+---------------+-----------------+-------+---------------------+--------------------+---------------+-----------------+-------------+


+----------------------------------------------------------------------------+
; Input Transition Times                                                     ;
+-------------------------+--------------+-----------------+-----------------+
; Pin                     ; I/O Standard ; 10-90 Rise Time ; 90-10 Fall Time ;
+-------------------------+--------------+-----------------+-----------------+
; CLOCK_50                ; 2.5 V        ; 2000 ps         ; 2000 ps         ;
; RESET_N                 ; 2.5 V        ; 2000 ps         ; 2000 ps         ;
; PS2_DAT                 ; 2.5 V        ; 2000 ps         ; 2000 ps         ;
; PS2_CLK                 ; 2.5 V        ; 2000 ps         ; 2000 ps         ;
; ~ALTERA_ASDO_DATA1~     ; 2.5 V        ; 2000 ps         ; 2000 ps         ;
; ~ALTERA_FLASH_nCE_nCSO~ ; 2.5 V        ; 2000 ps         ; 2000 ps         ;
; ~ALTERA_DATA0~          ; 2.5 V        ; 2000 ps         ; 2000 ps         ;
+-------------------------+--------------+-----------------+-----------------+


+--------------------------------------------------------------------------------------------------------------------------------------------------------------------------------------------------------------------------------------------------------------------------------------------------------------------------------------------------------------------------------------------------------------------------------------------------------------------------------------------------------------------------------------------------------------------------------------------------------------------------------------------------------------------------------------------+
; Signal Integrity Metrics (Slow 1200mv 0c Model)                                                                                                                                                                                                                                                                                                                                                                                                                                                                                                                                                                                                                                            ;
+---------------+--------------+---------------------+---------------------+------------------------------+------------------------------+---------------------+---------------------+--------------------------------------+--------------------------------------+-----------------------------+-----------------------------+----------------------------+----------------------------+-----------------------------+-----------------------------+--------------------+--------------------+-------------------------------------+-------------------------------------+----------------------------+----------------------------+---------------------------+---------------------------+
; Pin           ; I/O Standard ; Board Delay on Rise ; Board Delay on Fall ; Steady State Voh at FPGA Pin ; Steady State Vol at FPGA Pin ; Voh Max at FPGA Pin ; Vol Min at FPGA Pin ; Ringback Voltage on Rise at FPGA Pin ; Ringback Voltage on Fall at FPGA Pin ; 10-90 Rise Time at FPGA Pin ; 90-10 Fall Time at FPGA Pin ; Monotonic Rise at FPGA Pin ; Monotonic Fall at FPGA Pin ; Steady State Voh at Far-end ; Steady State Vol at Far-end ; Voh Max at Far-end ; Vol Min at Far-end ; Ringback Voltage on Rise at Far-end ; Ringback Voltage on Fall at Far-end ; 10-90 Rise Time at Far-end ; 90-10 Fall Time at Far-end ; Monotonic Rise at Far-end ; Monotonic Fall at Far-end ;
+---------------+--------------+---------------------+---------------------+------------------------------+------------------------------+---------------------+---------------------+--------------------------------------+--------------------------------------+-----------------------------+-----------------------------+----------------------------+----------------------------+-----------------------------+-----------------------------+--------------------+--------------------+-------------------------------------+-------------------------------------+----------------------------+----------------------------+---------------------------+---------------------------+
; VGA_R[0]      ; 2.5 V        ; 0 s                 ; 0 s                 ; 2.32 V                       ; 4.49e-09 V                   ; 2.38 V              ; -0.00552 V          ; 0.096 V                              ; 0.019 V                              ; 4.18e-10 s                  ; 3.59e-10 s                  ; No                         ; Yes                        ; 2.32 V                      ; 4.49e-09 V                  ; 2.38 V             ; -0.00552 V         ; 0.096 V                             ; 0.019 V                             ; 4.18e-10 s                 ; 3.59e-10 s                 ; No                        ; Yes                       ;
; VGA_R[1]      ; 2.5 V        ; 0 s                 ; 0 s                 ; 2.32 V                       ; 4.49e-09 V                   ; 2.38 V              ; -0.00552 V          ; 0.096 V                              ; 0.019 V                              ; 4.18e-10 s                  ; 3.59e-10 s                  ; No                         ; Yes                        ; 2.32 V                      ; 4.49e-09 V                  ; 2.38 V             ; -0.00552 V         ; 0.096 V                             ; 0.019 V                             ; 4.18e-10 s                 ; 3.59e-10 s                 ; No                        ; Yes                       ;
; VGA_R[2]      ; 2.5 V        ; 0 s                 ; 0 s                 ; 2.32 V                       ; 4.49e-09 V                   ; 2.38 V              ; -0.00552 V          ; 0.096 V                              ; 0.019 V                              ; 4.18e-10 s                  ; 3.59e-10 s                  ; No                         ; Yes                        ; 2.32 V                      ; 4.49e-09 V                  ; 2.38 V             ; -0.00552 V         ; 0.096 V                             ; 0.019 V                             ; 4.18e-10 s                 ; 3.59e-10 s                 ; No                        ; Yes                       ;
; VGA_R[3]      ; 2.5 V        ; 0 s                 ; 0 s                 ; 2.32 V                       ; 4.49e-09 V                   ; 2.38 V              ; -0.00552 V          ; 0.096 V                              ; 0.019 V                              ; 4.18e-10 s                  ; 3.59e-10 s                  ; No                         ; Yes                        ; 2.32 V                      ; 4.49e-09 V                  ; 2.38 V             ; -0.00552 V         ; 0.096 V                             ; 0.019 V                             ; 4.18e-10 s                 ; 3.59e-10 s                 ; No                        ; Yes                       ;
; VGA_R[4]      ; 2.5 V        ; 0 s                 ; 0 s                 ; 2.32 V                       ; 4.49e-09 V                   ; 2.38 V              ; -0.00552 V          ; 0.096 V                              ; 0.019 V                              ; 4.18e-10 s                  ; 3.59e-10 s                  ; No                         ; Yes                        ; 2.32 V                      ; 4.49e-09 V                  ; 2.38 V             ; -0.00552 V         ; 0.096 V                             ; 0.019 V                             ; 4.18e-10 s                 ; 3.59e-10 s                 ; No                        ; Yes                       ;
; VGA_R[5]      ; 2.5 V        ; 0 s                 ; 0 s                 ; 2.32 V                       ; 4.49e-09 V                   ; 2.38 V              ; -0.00552 V          ; 0.096 V                              ; 0.019 V                              ; 4.18e-10 s                  ; 3.59e-10 s                  ; No                         ; Yes                        ; 2.32 V                      ; 4.49e-09 V                  ; 2.38 V             ; -0.00552 V         ; 0.096 V                             ; 0.019 V                             ; 4.18e-10 s                 ; 3.59e-10 s                 ; No                        ; Yes                       ;
; VGA_R[6]      ; 2.5 V        ; 0 s                 ; 0 s                 ; 2.32 V                       ; 4.49e-09 V                   ; 2.38 V              ; -0.00552 V          ; 0.096 V                              ; 0.019 V                              ; 4.18e-10 s                  ; 3.59e-10 s                  ; No                         ; Yes                        ; 2.32 V                      ; 4.49e-09 V                  ; 2.38 V             ; -0.00552 V         ; 0.096 V                             ; 0.019 V                             ; 4.18e-10 s                 ; 3.59e-10 s                 ; No                        ; Yes                       ;
; VGA_R[7]      ; 2.5 V        ; 0 s                 ; 0 s                 ; 2.32 V                       ; 4.49e-09 V                   ; 2.38 V              ; -0.00552 V          ; 0.096 V                              ; 0.019 V                              ; 4.18e-10 s                  ; 3.59e-10 s                  ; No                         ; Yes                        ; 2.32 V                      ; 4.49e-09 V                  ; 2.38 V             ; -0.00552 V         ; 0.096 V                             ; 0.019 V                             ; 4.18e-10 s                 ; 3.59e-10 s                 ; No                        ; Yes                       ;
; VGA_R[8]      ; 2.5 V        ; 0 s                 ; 0 s                 ; 2.32 V                       ; 4.49e-09 V                   ; 2.38 V              ; -0.00552 V          ; 0.096 V                              ; 0.019 V                              ; 4.18e-10 s                  ; 3.59e-10 s                  ; No                         ; Yes                        ; 2.32 V                      ; 4.49e-09 V                  ; 2.38 V             ; -0.00552 V         ; 0.096 V                             ; 0.019 V                             ; 4.18e-10 s                 ; 3.59e-10 s                 ; No                        ; Yes                       ;
; VGA_R[9]      ; 2.5 V        ; 0 s                 ; 0 s                 ; 2.32 V                       ; 4.49e-09 V                   ; 2.38 V              ; -0.00552 V          ; 0.096 V                              ; 0.019 V                              ; 4.18e-10 s                  ; 3.59e-10 s                  ; No                         ; Yes                        ; 2.32 V                      ; 4.49e-09 V                  ; 2.38 V             ; -0.00552 V         ; 0.096 V                             ; 0.019 V                             ; 4.18e-10 s                 ; 3.59e-10 s                 ; No                        ; Yes                       ;
; VGA_G[0]      ; 2.5 V        ; 0 s                 ; 0 s                 ; 2.32 V                       ; 4.49e-09 V                   ; 2.38 V              ; -0.00552 V          ; 0.096 V                              ; 0.019 V                              ; 4.18e-10 s                  ; 3.59e-10 s                  ; No                         ; Yes                        ; 2.32 V                      ; 4.49e-09 V                  ; 2.38 V             ; -0.00552 V         ; 0.096 V                             ; 0.019 V                             ; 4.18e-10 s                 ; 3.59e-10 s                 ; No                        ; Yes                       ;
; VGA_G[1]      ; 2.5 V        ; 0 s                 ; 0 s                 ; 2.32 V                       ; 4.49e-09 V                   ; 2.38 V              ; -0.00552 V          ; 0.096 V                              ; 0.019 V                              ; 4.18e-10 s                  ; 3.59e-10 s                  ; No                         ; Yes                        ; 2.32 V                      ; 4.49e-09 V                  ; 2.38 V             ; -0.00552 V         ; 0.096 V                             ; 0.019 V                             ; 4.18e-10 s                 ; 3.59e-10 s                 ; No                        ; Yes                       ;
; VGA_G[2]      ; 2.5 V        ; 0 s                 ; 0 s                 ; 2.32 V                       ; 4.49e-09 V                   ; 2.38 V              ; -0.00552 V          ; 0.096 V                              ; 0.019 V                              ; 4.18e-10 s                  ; 3.59e-10 s                  ; No                         ; Yes                        ; 2.32 V                      ; 4.49e-09 V                  ; 2.38 V             ; -0.00552 V         ; 0.096 V                             ; 0.019 V                             ; 4.18e-10 s                 ; 3.59e-10 s                 ; No                        ; Yes                       ;
; VGA_G[3]      ; 2.5 V        ; 0 s                 ; 0 s                 ; 2.32 V                       ; 4.49e-09 V                   ; 2.33 V              ; -0.00467 V          ; 0.226 V                              ; 0.087 V                              ; 2.91e-09 s                  ; 2.74e-09 s                  ; Yes                        ; Yes                        ; 2.32 V                      ; 4.49e-09 V                  ; 2.33 V             ; -0.00467 V         ; 0.226 V                             ; 0.087 V                             ; 2.91e-09 s                 ; 2.74e-09 s                 ; Yes                       ; Yes                       ;
; VGA_G[4]      ; 2.5 V        ; 0 s                 ; 0 s                 ; 2.32 V                       ; 4.49e-09 V                   ; 2.38 V              ; -0.00552 V          ; 0.096 V                              ; 0.019 V                              ; 4.18e-10 s                  ; 3.59e-10 s                  ; No                         ; Yes                        ; 2.32 V                      ; 4.49e-09 V                  ; 2.38 V             ; -0.00552 V         ; 0.096 V                             ; 0.019 V                             ; 4.18e-10 s                 ; 3.59e-10 s                 ; No                        ; Yes                       ;
; VGA_G[5]      ; 2.5 V        ; 0 s                 ; 0 s                 ; 2.32 V                       ; 4.49e-09 V                   ; 2.38 V              ; -0.00552 V          ; 0.096 V                              ; 0.019 V                              ; 4.18e-10 s                  ; 3.59e-10 s                  ; No                         ; Yes                        ; 2.32 V                      ; 4.49e-09 V                  ; 2.38 V             ; -0.00552 V         ; 0.096 V                             ; 0.019 V                             ; 4.18e-10 s                 ; 3.59e-10 s                 ; No                        ; Yes                       ;
; VGA_G[6]      ; 2.5 V        ; 0 s                 ; 0 s                 ; 2.32 V                       ; 4.49e-09 V                   ; 2.38 V              ; -0.00552 V          ; 0.096 V                              ; 0.019 V                              ; 4.18e-10 s                  ; 3.59e-10 s                  ; No                         ; Yes                        ; 2.32 V                      ; 4.49e-09 V                  ; 2.38 V             ; -0.00552 V         ; 0.096 V                             ; 0.019 V                             ; 4.18e-10 s                 ; 3.59e-10 s                 ; No                        ; Yes                       ;
; VGA_G[7]      ; 2.5 V        ; 0 s                 ; 0 s                 ; 2.32 V                       ; 4.49e-09 V                   ; 2.38 V              ; -0.00552 V          ; 0.096 V                              ; 0.019 V                              ; 4.18e-10 s                  ; 3.59e-10 s                  ; No                         ; Yes                        ; 2.32 V                      ; 4.49e-09 V                  ; 2.38 V             ; -0.00552 V         ; 0.096 V                             ; 0.019 V                             ; 4.18e-10 s                 ; 3.59e-10 s                 ; No                        ; Yes                       ;
; VGA_G[8]      ; 2.5 V        ; 0 s                 ; 0 s                 ; 2.32 V                       ; 4.49e-09 V                   ; 2.38 V              ; -0.00552 V          ; 0.096 V                              ; 0.019 V                              ; 4.18e-10 s                  ; 3.59e-10 s                  ; No                         ; Yes                        ; 2.32 V                      ; 4.49e-09 V                  ; 2.38 V             ; -0.00552 V         ; 0.096 V                             ; 0.019 V                             ; 4.18e-10 s                 ; 3.59e-10 s                 ; No                        ; Yes                       ;
; VGA_G[9]      ; 2.5 V        ; 0 s                 ; 0 s                 ; 2.32 V                       ; 3.07e-09 V                   ; 2.37 V              ; -0.00994 V          ; 0.186 V                              ; 0.028 V                              ; 4.98e-10 s                  ; 4.96e-10 s                  ; Yes                        ; Yes                        ; 2.32 V                      ; 3.07e-09 V                  ; 2.37 V             ; -0.00994 V         ; 0.186 V                             ; 0.028 V                             ; 4.98e-10 s                 ; 4.96e-10 s                 ; Yes                       ; Yes                       ;
; VGA_B[0]      ; 2.5 V        ; 0 s                 ; 0 s                 ; 2.32 V                       ; 4.49e-09 V                   ; 2.38 V              ; -0.00552 V          ; 0.096 V                              ; 0.019 V                              ; 4.18e-10 s                  ; 3.59e-10 s                  ; No                         ; Yes                        ; 2.32 V                      ; 4.49e-09 V                  ; 2.38 V             ; -0.00552 V         ; 0.096 V                             ; 0.019 V                             ; 4.18e-10 s                 ; 3.59e-10 s                 ; No                        ; Yes                       ;
; VGA_B[1]      ; 2.5 V        ; 0 s                 ; 0 s                 ; 2.32 V                       ; 4.49e-09 V                   ; 2.38 V              ; -0.00552 V          ; 0.096 V                              ; 0.019 V                              ; 4.18e-10 s                  ; 3.59e-10 s                  ; No                         ; Yes                        ; 2.32 V                      ; 4.49e-09 V                  ; 2.38 V             ; -0.00552 V         ; 0.096 V                             ; 0.019 V                             ; 4.18e-10 s                 ; 3.59e-10 s                 ; No                        ; Yes                       ;
; VGA_B[2]      ; 2.5 V        ; 0 s                 ; 0 s                 ; 2.32 V                       ; 4.49e-09 V                   ; 2.38 V              ; -0.00552 V          ; 0.096 V                              ; 0.019 V                              ; 4.18e-10 s                  ; 3.59e-10 s                  ; No                         ; Yes                        ; 2.32 V                      ; 4.49e-09 V                  ; 2.38 V             ; -0.00552 V         ; 0.096 V                             ; 0.019 V                             ; 4.18e-10 s                 ; 3.59e-10 s                 ; No                        ; Yes                       ;
; VGA_B[3]      ; 2.5 V        ; 0 s                 ; 0 s                 ; 2.32 V                       ; 4.49e-09 V                   ; 2.38 V              ; -0.00552 V          ; 0.096 V                              ; 0.019 V                              ; 4.18e-10 s                  ; 3.59e-10 s                  ; No                         ; Yes                        ; 2.32 V                      ; 4.49e-09 V                  ; 2.38 V             ; -0.00552 V         ; 0.096 V                             ; 0.019 V                             ; 4.18e-10 s                 ; 3.59e-10 s                 ; No                        ; Yes                       ;
; VGA_B[4]      ; 2.5 V        ; 0 s                 ; 0 s                 ; 2.32 V                       ; 4.49e-09 V                   ; 2.38 V              ; -0.00552 V          ; 0.096 V                              ; 0.019 V                              ; 4.18e-10 s                  ; 3.59e-10 s                  ; No                         ; Yes                        ; 2.32 V                      ; 4.49e-09 V                  ; 2.38 V             ; -0.00552 V         ; 0.096 V                             ; 0.019 V                             ; 4.18e-10 s                 ; 3.59e-10 s                 ; No                        ; Yes                       ;
; VGA_B[5]      ; 2.5 V        ; 0 s                 ; 0 s                 ; 2.32 V                       ; 4.49e-09 V                   ; 2.33 V              ; -0.00467 V          ; 0.226 V                              ; 0.087 V                              ; 2.91e-09 s                  ; 2.74e-09 s                  ; Yes                        ; Yes                        ; 2.32 V                      ; 4.49e-09 V                  ; 2.33 V             ; -0.00467 V         ; 0.226 V                             ; 0.087 V                             ; 2.91e-09 s                 ; 2.74e-09 s                 ; Yes                       ; Yes                       ;
; VGA_B[6]      ; 2.5 V        ; 0 s                 ; 0 s                 ; 2.32 V                       ; 4.49e-09 V                   ; 2.38 V              ; -0.00552 V          ; 0.096 V                              ; 0.019 V                              ; 4.18e-10 s                  ; 3.59e-10 s                  ; No                         ; Yes                        ; 2.32 V                      ; 4.49e-09 V                  ; 2.38 V             ; -0.00552 V         ; 0.096 V                             ; 0.019 V                             ; 4.18e-10 s                 ; 3.59e-10 s                 ; No                        ; Yes                       ;
; VGA_B[7]      ; 2.5 V        ; 0 s                 ; 0 s                 ; 2.32 V                       ; 4.49e-09 V                   ; 2.38 V              ; -0.00552 V          ; 0.096 V                              ; 0.019 V                              ; 4.18e-10 s                  ; 3.59e-10 s                  ; No                         ; Yes                        ; 2.32 V                      ; 4.49e-09 V                  ; 2.38 V             ; -0.00552 V         ; 0.096 V                             ; 0.019 V                             ; 4.18e-10 s                 ; 3.59e-10 s                 ; No                        ; Yes                       ;
; VGA_B[8]      ; 2.5 V        ; 0 s                 ; 0 s                 ; 2.32 V                       ; 4.49e-09 V                   ; 2.38 V              ; -0.00552 V          ; 0.096 V                              ; 0.019 V                              ; 4.18e-10 s                  ; 3.59e-10 s                  ; No                         ; Yes                        ; 2.32 V                      ; 4.49e-09 V                  ; 2.38 V             ; -0.00552 V         ; 0.096 V                             ; 0.019 V                             ; 4.18e-10 s                 ; 3.59e-10 s                 ; No                        ; Yes                       ;
; VGA_B[9]      ; 2.5 V        ; 0 s                 ; 0 s                 ; 2.32 V                       ; 4.49e-09 V                   ; 2.38 V              ; -0.00552 V          ; 0.096 V                              ; 0.019 V                              ; 4.18e-10 s                  ; 3.59e-10 s                  ; No                         ; Yes                        ; 2.32 V                      ; 4.49e-09 V                  ; 2.38 V             ; -0.00552 V         ; 0.096 V                             ; 0.019 V                             ; 4.18e-10 s                 ; 3.59e-10 s                 ; No                        ; Yes                       ;
; VGA_HS        ; 2.5 V        ; 0 s                 ; 0 s                 ; 2.32 V                       ; 4.49e-09 V                   ; 2.38 V              ; -0.00552 V          ; 0.096 V                              ; 0.019 V                              ; 4.18e-10 s                  ; 3.59e-10 s                  ; No                         ; Yes                        ; 2.32 V                      ; 4.49e-09 V                  ; 2.38 V             ; -0.00552 V         ; 0.096 V                             ; 0.019 V                             ; 4.18e-10 s                 ; 3.59e-10 s                 ; No                        ; Yes                       ;
; VGA_VS        ; 2.5 V        ; 0 s                 ; 0 s                 ; 2.32 V                       ; 4.49e-09 V                   ; 2.38 V              ; -0.00552 V          ; 0.096 V                              ; 0.019 V                              ; 4.18e-10 s                  ; 3.59e-10 s                  ; No                         ; Yes                        ; 2.32 V                      ; 4.49e-09 V                  ; 2.38 V             ; -0.00552 V         ; 0.096 V                             ; 0.019 V                             ; 4.18e-10 s                 ; 3.59e-10 s                 ; No                        ; Yes                       ;
; VGA_BLANK_N   ; 2.5 V        ; 0 s                 ; 0 s                 ; 2.32 V                       ; 3.07e-09 V                   ; 2.37 V              ; -0.00994 V          ; 0.186 V                              ; 0.028 V                              ; 4.98e-10 s                  ; 4.96e-10 s                  ; Yes                        ; Yes                        ; 2.32 V                      ; 3.07e-09 V                  ; 2.37 V             ; -0.00994 V         ; 0.186 V                             ; 0.028 V                             ; 4.98e-10 s                 ; 4.96e-10 s                 ; Yes                       ; Yes                       ;
; VGA_CLK       ; 2.5 V        ; 0 s                 ; 0 s                 ; 2.32 V                       ; 4.49e-09 V                   ; 2.38 V              ; -0.00552 V          ; 0.096 V                              ; 0.019 V                              ; 4.18e-10 s                  ; 3.59e-10 s                  ; No                         ; Yes                        ; 2.32 V                      ; 4.49e-09 V                  ; 2.38 V             ; -0.00552 V         ; 0.096 V                             ; 0.019 V                             ; 4.18e-10 s                 ; 3.59e-10 s                 ; No                        ; Yes                       ;
; HEX_TOP[0]    ; 2.5 V        ; 0 s                 ; 0 s                 ; 2.32 V                       ; 4.49e-09 V                   ; 2.38 V              ; -0.00552 V          ; 0.096 V                              ; 0.019 V                              ; 4.18e-10 s                  ; 3.59e-10 s                  ; No                         ; Yes                        ; 2.32 V                      ; 4.49e-09 V                  ; 2.38 V             ; -0.00552 V         ; 0.096 V                             ; 0.019 V                             ; 4.18e-10 s                 ; 3.59e-10 s                 ; No                        ; Yes                       ;
; HEX_TOP[1]    ; 2.5 V        ; 0 s                 ; 0 s                 ; 2.32 V                       ; 3.07e-09 V                   ; 2.33 V              ; -0.00496 V          ; 0.223 V                              ; 0.086 V                              ; 2.9e-09 s                   ; 2.73e-09 s                  ; Yes                        ; Yes                        ; 2.32 V                      ; 3.07e-09 V                  ; 2.33 V             ; -0.00496 V         ; 0.223 V                             ; 0.086 V                             ; 2.9e-09 s                  ; 2.73e-09 s                 ; Yes                       ; Yes                       ;
; HEX_TOP[2]    ; 2.5 V        ; 0 s                 ; 0 s                 ; 2.32 V                       ; 4.49e-09 V                   ; 2.38 V              ; -0.00552 V          ; 0.096 V                              ; 0.019 V                              ; 4.18e-10 s                  ; 3.59e-10 s                  ; No                         ; Yes                        ; 2.32 V                      ; 4.49e-09 V                  ; 2.38 V             ; -0.00552 V         ; 0.096 V                             ; 0.019 V                             ; 4.18e-10 s                 ; 3.59e-10 s                 ; No                        ; Yes                       ;
; HEX_TOP[3]    ; 2.5 V        ; 0 s                 ; 0 s                 ; 2.32 V                       ; 4.49e-09 V                   ; 2.38 V              ; -0.00552 V          ; 0.096 V                              ; 0.019 V                              ; 4.18e-10 s                  ; 3.59e-10 s                  ; No                         ; Yes                        ; 2.32 V                      ; 4.49e-09 V                  ; 2.38 V             ; -0.00552 V         ; 0.096 V                             ; 0.019 V                             ; 4.18e-10 s                 ; 3.59e-10 s                 ; No                        ; Yes                       ;
; HEX_TOP[4]    ; 2.5 V        ; 0 s                 ; 0 s                 ; 2.32 V                       ; 4.49e-09 V                   ; 2.38 V              ; -0.00552 V          ; 0.096 V                              ; 0.019 V                              ; 4.18e-10 s                  ; 3.59e-10 s                  ; No                         ; Yes                        ; 2.32 V                      ; 4.49e-09 V                  ; 2.38 V             ; -0.00552 V         ; 0.096 V                             ; 0.019 V                             ; 4.18e-10 s                 ; 3.59e-10 s                 ; No                        ; Yes                       ;
; HEX_TOP[5]    ; 2.5 V        ; 0 s                 ; 0 s                 ; 2.32 V                       ; 4.49e-09 V                   ; 2.38 V              ; -0.00552 V          ; 0.096 V                              ; 0.019 V                              ; 4.18e-10 s                  ; 3.59e-10 s                  ; No                         ; Yes                        ; 2.32 V                      ; 4.49e-09 V                  ; 2.38 V             ; -0.00552 V         ; 0.096 V                             ; 0.019 V                             ; 4.18e-10 s                 ; 3.59e-10 s                 ; No                        ; Yes                       ;
; HEX_TOP[6]    ; 2.5 V        ; 0 s                 ; 0 s                 ; 2.32 V                       ; 4.49e-09 V                   ; 2.38 V              ; -0.00552 V          ; 0.096 V                              ; 0.019 V                              ; 4.18e-10 s                  ; 3.59e-10 s                  ; No                         ; Yes                        ; 2.32 V                      ; 4.49e-09 V                  ; 2.38 V             ; -0.00552 V         ; 0.096 V                             ; 0.019 V                             ; 4.18e-10 s                 ; 3.59e-10 s                 ; No                        ; Yes                       ;
; HEX_BOTTOM[0] ; 2.5 V        ; 0 s                 ; 0 s                 ; 2.32 V                       ; 4.49e-09 V                   ; 2.38 V              ; -0.00552 V          ; 0.096 V                              ; 0.019 V                              ; 4.18e-10 s                  ; 3.59e-10 s                  ; No                         ; Yes                        ; 2.32 V                      ; 4.49e-09 V                  ; 2.38 V             ; -0.00552 V         ; 0.096 V                             ; 0.019 V                             ; 4.18e-10 s                 ; 3.59e-10 s                 ; No                        ; Yes                       ;
; HEX_BOTTOM[1] ; 2.5 V        ; 0 s                 ; 0 s                 ; 2.32 V                       ; 4.49e-09 V                   ; 2.38 V              ; -0.00552 V          ; 0.096 V                              ; 0.019 V                              ; 4.18e-10 s                  ; 3.59e-10 s                  ; No                         ; Yes                        ; 2.32 V                      ; 4.49e-09 V                  ; 2.38 V             ; -0.00552 V         ; 0.096 V                             ; 0.019 V                             ; 4.18e-10 s                 ; 3.59e-10 s                 ; No                        ; Yes                       ;
; HEX_BOTTOM[2] ; 2.5 V        ; 0 s                 ; 0 s                 ; 2.32 V                       ; 4.49e-09 V                   ; 2.38 V              ; -0.00552 V          ; 0.096 V                              ; 0.019 V                              ; 4.18e-10 s                  ; 3.59e-10 s                  ; No                         ; Yes                        ; 2.32 V                      ; 4.49e-09 V                  ; 2.38 V             ; -0.00552 V         ; 0.096 V                             ; 0.019 V                             ; 4.18e-10 s                 ; 3.59e-10 s                 ; No                        ; Yes                       ;
; HEX_BOTTOM[3] ; 2.5 V        ; 0 s                 ; 0 s                 ; 2.32 V                       ; 4.49e-09 V                   ; 2.38 V              ; -0.00552 V          ; 0.096 V                              ; 0.019 V                              ; 4.18e-10 s                  ; 3.59e-10 s                  ; No                         ; Yes                        ; 2.32 V                      ; 4.49e-09 V                  ; 2.38 V             ; -0.00552 V         ; 0.096 V                             ; 0.019 V                             ; 4.18e-10 s                 ; 3.59e-10 s                 ; No                        ; Yes                       ;
; HEX_BOTTOM[4] ; 2.5 V        ; 0 s                 ; 0 s                 ; 2.32 V                       ; 4.49e-09 V                   ; 2.38 V              ; -0.00552 V          ; 0.096 V                              ; 0.019 V                              ; 4.18e-10 s                  ; 3.59e-10 s                  ; No                         ; Yes                        ; 2.32 V                      ; 4.49e-09 V                  ; 2.38 V             ; -0.00552 V         ; 0.096 V                             ; 0.019 V                             ; 4.18e-10 s                 ; 3.59e-10 s                 ; No                        ; Yes                       ;
; HEX_BOTTOM[5] ; 2.5 V        ; 0 s                 ; 0 s                 ; 2.32 V                       ; 4.49e-09 V                   ; 2.38 V              ; -0.00552 V          ; 0.096 V                              ; 0.019 V                              ; 4.18e-10 s                  ; 3.59e-10 s                  ; No                         ; Yes                        ; 2.32 V                      ; 4.49e-09 V                  ; 2.38 V             ; -0.00552 V         ; 0.096 V                             ; 0.019 V                             ; 4.18e-10 s                 ; 3.59e-10 s                 ; No                        ; Yes                       ;
; HEX_BOTTOM[6] ; 2.5 V        ; 0 s                 ; 0 s                 ; 2.32 V                       ; 4.49e-09 V                   ; 2.38 V              ; -0.00552 V          ; 0.096 V                              ; 0.019 V                              ; 4.18e-10 s                  ; 3.59e-10 s                  ; No                         ; Yes                        ; 2.32 V                      ; 4.49e-09 V                  ; 2.38 V             ; -0.00552 V         ; 0.096 V                             ; 0.019 V                             ; 4.18e-10 s                 ; 3.59e-10 s                 ; No                        ; Yes                       ;
; ~ALTERA_DCLK~ ; 2.5 V        ; 0 s                 ; 0 s                 ; 2.32 V                       ; 2.67e-09 V                   ; 2.38 V              ; -0.0485 V           ; 0.167 V                              ; 0.096 V                              ; 2.95e-10 s                  ; 2.73e-10 s                  ; Yes                        ; Yes                        ; 2.32 V                      ; 2.67e-09 V                  ; 2.38 V             ; -0.0485 V          ; 0.167 V                             ; 0.096 V                             ; 2.95e-10 s                 ; 2.73e-10 s                 ; Yes                       ; Yes                       ;
; ~ALTERA_nCEO~ ; 2.5 V        ; 0 s                 ; 0 s                 ; 2.32 V                       ; 4.18e-09 V                   ; 2.38 V              ; -0.00483 V          ; 0.152 V                              ; 0.012 V                              ; 4.81e-10 s                  ; 6.29e-10 s                  ; Yes                        ; Yes                        ; 2.32 V                      ; 4.18e-09 V                  ; 2.38 V             ; -0.00483 V         ; 0.152 V                             ; 0.012 V                             ; 4.81e-10 s                 ; 6.29e-10 s                 ; Yes                       ; Yes                       ;
+---------------+--------------+---------------------+---------------------+------------------------------+------------------------------+---------------------+---------------------+--------------------------------------+--------------------------------------+-----------------------------+-----------------------------+----------------------------+----------------------------+-----------------------------+-----------------------------+--------------------+--------------------+-------------------------------------+-------------------------------------+----------------------------+----------------------------+---------------------------+---------------------------+


+--------------------------------------------------------------------------------------------------------------------------------------------------------------------------------------------------------------------------------------------------------------------------------------------------------------------------------------------------------------------------------------------------------------------------------------------------------------------------------------------------------------------------------------------------------------------------------------------------------------------------------------------------------------------------------------------+
; Signal Integrity Metrics (Slow 1200mv 85c Model)                                                                                                                                                                                                                                                                                                                                                                                                                                                                                                                                                                                                                                           ;
+---------------+--------------+---------------------+---------------------+------------------------------+------------------------------+---------------------+---------------------+--------------------------------------+--------------------------------------+-----------------------------+-----------------------------+----------------------------+----------------------------+-----------------------------+-----------------------------+--------------------+--------------------+-------------------------------------+-------------------------------------+----------------------------+----------------------------+---------------------------+---------------------------+
; Pin           ; I/O Standard ; Board Delay on Rise ; Board Delay on Fall ; Steady State Voh at FPGA Pin ; Steady State Vol at FPGA Pin ; Voh Max at FPGA Pin ; Vol Min at FPGA Pin ; Ringback Voltage on Rise at FPGA Pin ; Ringback Voltage on Fall at FPGA Pin ; 10-90 Rise Time at FPGA Pin ; 90-10 Fall Time at FPGA Pin ; Monotonic Rise at FPGA Pin ; Monotonic Fall at FPGA Pin ; Steady State Voh at Far-end ; Steady State Vol at Far-end ; Voh Max at Far-end ; Vol Min at Far-end ; Ringback Voltage on Rise at Far-end ; Ringback Voltage on Fall at Far-end ; 10-90 Rise Time at Far-end ; 90-10 Fall Time at Far-end ; Monotonic Rise at Far-end ; Monotonic Fall at Far-end ;
+---------------+--------------+---------------------+---------------------+------------------------------+------------------------------+---------------------+---------------------+--------------------------------------+--------------------------------------+-----------------------------+-----------------------------+----------------------------+----------------------------+-----------------------------+-----------------------------+--------------------+--------------------+-------------------------------------+-------------------------------------+----------------------------+----------------------------+---------------------------+---------------------------+
; VGA_R[0]      ; 2.5 V        ; 0 s                 ; 0 s                 ; 2.32 V                       ; 6.92e-07 V                   ; 2.35 V              ; -0.00996 V          ; 0.121 V                              ; 0.03 V                               ; 4.64e-10 s                  ; 4.47e-10 s                  ; Yes                        ; Yes                        ; 2.32 V                      ; 6.92e-07 V                  ; 2.35 V             ; -0.00996 V         ; 0.121 V                             ; 0.03 V                              ; 4.64e-10 s                 ; 4.47e-10 s                 ; Yes                       ; Yes                       ;
; VGA_R[1]      ; 2.5 V        ; 0 s                 ; 0 s                 ; 2.32 V                       ; 6.92e-07 V                   ; 2.35 V              ; -0.00996 V          ; 0.121 V                              ; 0.03 V                               ; 4.64e-10 s                  ; 4.47e-10 s                  ; Yes                        ; Yes                        ; 2.32 V                      ; 6.92e-07 V                  ; 2.35 V             ; -0.00996 V         ; 0.121 V                             ; 0.03 V                              ; 4.64e-10 s                 ; 4.47e-10 s                 ; Yes                       ; Yes                       ;
; VGA_R[2]      ; 2.5 V        ; 0 s                 ; 0 s                 ; 2.32 V                       ; 6.92e-07 V                   ; 2.35 V              ; -0.00996 V          ; 0.121 V                              ; 0.03 V                               ; 4.64e-10 s                  ; 4.47e-10 s                  ; Yes                        ; Yes                        ; 2.32 V                      ; 6.92e-07 V                  ; 2.35 V             ; -0.00996 V         ; 0.121 V                             ; 0.03 V                              ; 4.64e-10 s                 ; 4.47e-10 s                 ; Yes                       ; Yes                       ;
; VGA_R[3]      ; 2.5 V        ; 0 s                 ; 0 s                 ; 2.32 V                       ; 6.92e-07 V                   ; 2.35 V              ; -0.00996 V          ; 0.121 V                              ; 0.03 V                               ; 4.64e-10 s                  ; 4.47e-10 s                  ; Yes                        ; Yes                        ; 2.32 V                      ; 6.92e-07 V                  ; 2.35 V             ; -0.00996 V         ; 0.121 V                             ; 0.03 V                              ; 4.64e-10 s                 ; 4.47e-10 s                 ; Yes                       ; Yes                       ;
; VGA_R[4]      ; 2.5 V        ; 0 s                 ; 0 s                 ; 2.32 V                       ; 6.92e-07 V                   ; 2.35 V              ; -0.00996 V          ; 0.121 V                              ; 0.03 V                               ; 4.64e-10 s                  ; 4.47e-10 s                  ; Yes                        ; Yes                        ; 2.32 V                      ; 6.92e-07 V                  ; 2.35 V             ; -0.00996 V         ; 0.121 V                             ; 0.03 V                              ; 4.64e-10 s                 ; 4.47e-10 s                 ; Yes                       ; Yes                       ;
; VGA_R[5]      ; 2.5 V        ; 0 s                 ; 0 s                 ; 2.32 V                       ; 6.92e-07 V                   ; 2.35 V              ; -0.00996 V          ; 0.121 V                              ; 0.03 V                               ; 4.64e-10 s                  ; 4.47e-10 s                  ; Yes                        ; Yes                        ; 2.32 V                      ; 6.92e-07 V                  ; 2.35 V             ; -0.00996 V         ; 0.121 V                             ; 0.03 V                              ; 4.64e-10 s                 ; 4.47e-10 s                 ; Yes                       ; Yes                       ;
; VGA_R[6]      ; 2.5 V        ; 0 s                 ; 0 s                 ; 2.32 V                       ; 6.92e-07 V                   ; 2.35 V              ; -0.00996 V          ; 0.121 V                              ; 0.03 V                               ; 4.64e-10 s                  ; 4.47e-10 s                  ; Yes                        ; Yes                        ; 2.32 V                      ; 6.92e-07 V                  ; 2.35 V             ; -0.00996 V         ; 0.121 V                             ; 0.03 V                              ; 4.64e-10 s                 ; 4.47e-10 s                 ; Yes                       ; Yes                       ;
; VGA_R[7]      ; 2.5 V        ; 0 s                 ; 0 s                 ; 2.32 V                       ; 6.92e-07 V                   ; 2.35 V              ; -0.00996 V          ; 0.121 V                              ; 0.03 V                               ; 4.64e-10 s                  ; 4.47e-10 s                  ; Yes                        ; Yes                        ; 2.32 V                      ; 6.92e-07 V                  ; 2.35 V             ; -0.00996 V         ; 0.121 V                             ; 0.03 V                              ; 4.64e-10 s                 ; 4.47e-10 s                 ; Yes                       ; Yes                       ;
; VGA_R[8]      ; 2.5 V        ; 0 s                 ; 0 s                 ; 2.32 V                       ; 6.92e-07 V                   ; 2.35 V              ; -0.00996 V          ; 0.121 V                              ; 0.03 V                               ; 4.64e-10 s                  ; 4.47e-10 s                  ; Yes                        ; Yes                        ; 2.32 V                      ; 6.92e-07 V                  ; 2.35 V             ; -0.00996 V         ; 0.121 V                             ; 0.03 V                              ; 4.64e-10 s                 ; 4.47e-10 s                 ; Yes                       ; Yes                       ;
; VGA_R[9]      ; 2.5 V        ; 0 s                 ; 0 s                 ; 2.32 V                       ; 6.92e-07 V                   ; 2.35 V              ; -0.00996 V          ; 0.121 V                              ; 0.03 V                               ; 4.64e-10 s                  ; 4.47e-10 s                  ; Yes                        ; Yes                        ; 2.32 V                      ; 6.92e-07 V                  ; 2.35 V             ; -0.00996 V         ; 0.121 V                             ; 0.03 V                              ; 4.64e-10 s                 ; 4.47e-10 s                 ; Yes                       ; Yes                       ;
; VGA_G[0]      ; 2.5 V        ; 0 s                 ; 0 s                 ; 2.32 V                       ; 6.92e-07 V                   ; 2.35 V              ; -0.00996 V          ; 0.121 V                              ; 0.03 V                               ; 4.64e-10 s                  ; 4.47e-10 s                  ; Yes                        ; Yes                        ; 2.32 V                      ; 6.92e-07 V                  ; 2.35 V             ; -0.00996 V         ; 0.121 V                             ; 0.03 V                              ; 4.64e-10 s                 ; 4.47e-10 s                 ; Yes                       ; Yes                       ;
; VGA_G[1]      ; 2.5 V        ; 0 s                 ; 0 s                 ; 2.32 V                       ; 6.92e-07 V                   ; 2.35 V              ; -0.00996 V          ; 0.121 V                              ; 0.03 V                               ; 4.64e-10 s                  ; 4.47e-10 s                  ; Yes                        ; Yes                        ; 2.32 V                      ; 6.92e-07 V                  ; 2.35 V             ; -0.00996 V         ; 0.121 V                             ; 0.03 V                              ; 4.64e-10 s                 ; 4.47e-10 s                 ; Yes                       ; Yes                       ;
; VGA_G[2]      ; 2.5 V        ; 0 s                 ; 0 s                 ; 2.32 V                       ; 6.92e-07 V                   ; 2.35 V              ; -0.00996 V          ; 0.121 V                              ; 0.03 V                               ; 4.64e-10 s                  ; 4.47e-10 s                  ; Yes                        ; Yes                        ; 2.32 V                      ; 6.92e-07 V                  ; 2.35 V             ; -0.00996 V         ; 0.121 V                             ; 0.03 V                              ; 4.64e-10 s                 ; 4.47e-10 s                 ; Yes                       ; Yes                       ;
; VGA_G[3]      ; 2.5 V        ; 0 s                 ; 0 s                 ; 2.32 V                       ; 6.92e-07 V                   ; 2.33 V              ; -0.00265 V          ; 0.133 V                              ; 0.056 V                              ; 3.55e-09 s                  ; 3.31e-09 s                  ; Yes                        ; Yes                        ; 2.32 V                      ; 6.92e-07 V                  ; 2.33 V             ; -0.00265 V         ; 0.133 V                             ; 0.056 V                             ; 3.55e-09 s                 ; 3.31e-09 s                 ; Yes                       ; Yes                       ;
; VGA_G[4]      ; 2.5 V        ; 0 s                 ; 0 s                 ; 2.32 V                       ; 6.92e-07 V                   ; 2.35 V              ; -0.00996 V          ; 0.121 V                              ; 0.03 V                               ; 4.64e-10 s                  ; 4.47e-10 s                  ; Yes                        ; Yes                        ; 2.32 V                      ; 6.92e-07 V                  ; 2.35 V             ; -0.00996 V         ; 0.121 V                             ; 0.03 V                              ; 4.64e-10 s                 ; 4.47e-10 s                 ; Yes                       ; Yes                       ;
; VGA_G[5]      ; 2.5 V        ; 0 s                 ; 0 s                 ; 2.32 V                       ; 6.92e-07 V                   ; 2.35 V              ; -0.00996 V          ; 0.121 V                              ; 0.03 V                               ; 4.64e-10 s                  ; 4.47e-10 s                  ; Yes                        ; Yes                        ; 2.32 V                      ; 6.92e-07 V                  ; 2.35 V             ; -0.00996 V         ; 0.121 V                             ; 0.03 V                              ; 4.64e-10 s                 ; 4.47e-10 s                 ; Yes                       ; Yes                       ;
; VGA_G[6]      ; 2.5 V        ; 0 s                 ; 0 s                 ; 2.32 V                       ; 6.92e-07 V                   ; 2.35 V              ; -0.00996 V          ; 0.121 V                              ; 0.03 V                               ; 4.64e-10 s                  ; 4.47e-10 s                  ; Yes                        ; Yes                        ; 2.32 V                      ; 6.92e-07 V                  ; 2.35 V             ; -0.00996 V         ; 0.121 V                             ; 0.03 V                              ; 4.64e-10 s                 ; 4.47e-10 s                 ; Yes                       ; Yes                       ;
; VGA_G[7]      ; 2.5 V        ; 0 s                 ; 0 s                 ; 2.32 V                       ; 6.92e-07 V                   ; 2.35 V              ; -0.00996 V          ; 0.121 V                              ; 0.03 V                               ; 4.64e-10 s                  ; 4.47e-10 s                  ; Yes                        ; Yes                        ; 2.32 V                      ; 6.92e-07 V                  ; 2.35 V             ; -0.00996 V         ; 0.121 V                             ; 0.03 V                              ; 4.64e-10 s                 ; 4.47e-10 s                 ; Yes                       ; Yes                       ;
; VGA_G[8]      ; 2.5 V        ; 0 s                 ; 0 s                 ; 2.32 V                       ; 6.92e-07 V                   ; 2.35 V              ; -0.00996 V          ; 0.121 V                              ; 0.03 V                               ; 4.64e-10 s                  ; 4.47e-10 s                  ; Yes                        ; Yes                        ; 2.32 V                      ; 6.92e-07 V                  ; 2.35 V             ; -0.00996 V         ; 0.121 V                             ; 0.03 V                              ; 4.64e-10 s                 ; 4.47e-10 s                 ; Yes                       ; Yes                       ;
; VGA_G[9]      ; 2.5 V        ; 0 s                 ; 0 s                 ; 2.32 V                       ; 4.67e-07 V                   ; 2.35 V              ; -0.00942 V          ; 0.116 V                              ; 0.033 V                              ; 6.66e-10 s                  ; 6.27e-10 s                  ; Yes                        ; Yes                        ; 2.32 V                      ; 4.67e-07 V                  ; 2.35 V             ; -0.00942 V         ; 0.116 V                             ; 0.033 V                             ; 6.66e-10 s                 ; 6.27e-10 s                 ; Yes                       ; Yes                       ;
; VGA_B[0]      ; 2.5 V        ; 0 s                 ; 0 s                 ; 2.32 V                       ; 6.92e-07 V                   ; 2.35 V              ; -0.00996 V          ; 0.121 V                              ; 0.03 V                               ; 4.64e-10 s                  ; 4.47e-10 s                  ; Yes                        ; Yes                        ; 2.32 V                      ; 6.92e-07 V                  ; 2.35 V             ; -0.00996 V         ; 0.121 V                             ; 0.03 V                              ; 4.64e-10 s                 ; 4.47e-10 s                 ; Yes                       ; Yes                       ;
; VGA_B[1]      ; 2.5 V        ; 0 s                 ; 0 s                 ; 2.32 V                       ; 6.92e-07 V                   ; 2.35 V              ; -0.00996 V          ; 0.121 V                              ; 0.03 V                               ; 4.64e-10 s                  ; 4.47e-10 s                  ; Yes                        ; Yes                        ; 2.32 V                      ; 6.92e-07 V                  ; 2.35 V             ; -0.00996 V         ; 0.121 V                             ; 0.03 V                              ; 4.64e-10 s                 ; 4.47e-10 s                 ; Yes                       ; Yes                       ;
; VGA_B[2]      ; 2.5 V        ; 0 s                 ; 0 s                 ; 2.32 V                       ; 6.92e-07 V                   ; 2.35 V              ; -0.00996 V          ; 0.121 V                              ; 0.03 V                               ; 4.64e-10 s                  ; 4.47e-10 s                  ; Yes                        ; Yes                        ; 2.32 V                      ; 6.92e-07 V                  ; 2.35 V             ; -0.00996 V         ; 0.121 V                             ; 0.03 V                              ; 4.64e-10 s                 ; 4.47e-10 s                 ; Yes                       ; Yes                       ;
; VGA_B[3]      ; 2.5 V        ; 0 s                 ; 0 s                 ; 2.32 V                       ; 6.92e-07 V                   ; 2.35 V              ; -0.00996 V          ; 0.121 V                              ; 0.03 V                               ; 4.64e-10 s                  ; 4.47e-10 s                  ; Yes                        ; Yes                        ; 2.32 V                      ; 6.92e-07 V                  ; 2.35 V             ; -0.00996 V         ; 0.121 V                             ; 0.03 V                              ; 4.64e-10 s                 ; 4.47e-10 s                 ; Yes                       ; Yes                       ;
; VGA_B[4]      ; 2.5 V        ; 0 s                 ; 0 s                 ; 2.32 V                       ; 6.92e-07 V                   ; 2.35 V              ; -0.00996 V          ; 0.121 V                              ; 0.03 V                               ; 4.64e-10 s                  ; 4.47e-10 s                  ; Yes                        ; Yes                        ; 2.32 V                      ; 6.92e-07 V                  ; 2.35 V             ; -0.00996 V         ; 0.121 V                             ; 0.03 V                              ; 4.64e-10 s                 ; 4.47e-10 s                 ; Yes                       ; Yes                       ;
; VGA_B[5]      ; 2.5 V        ; 0 s                 ; 0 s                 ; 2.32 V                       ; 6.92e-07 V                   ; 2.33 V              ; -0.00265 V          ; 0.133 V                              ; 0.056 V                              ; 3.55e-09 s                  ; 3.31e-09 s                  ; Yes                        ; Yes                        ; 2.32 V                      ; 6.92e-07 V                  ; 2.33 V             ; -0.00265 V         ; 0.133 V                             ; 0.056 V                             ; 3.55e-09 s                 ; 3.31e-09 s                 ; Yes                       ; Yes                       ;
; VGA_B[6]      ; 2.5 V        ; 0 s                 ; 0 s                 ; 2.32 V                       ; 6.92e-07 V                   ; 2.35 V              ; -0.00996 V          ; 0.121 V                              ; 0.03 V                               ; 4.64e-10 s                  ; 4.47e-10 s                  ; Yes                        ; Yes                        ; 2.32 V                      ; 6.92e-07 V                  ; 2.35 V             ; -0.00996 V         ; 0.121 V                             ; 0.03 V                              ; 4.64e-10 s                 ; 4.47e-10 s                 ; Yes                       ; Yes                       ;
; VGA_B[7]      ; 2.5 V        ; 0 s                 ; 0 s                 ; 2.32 V                       ; 6.92e-07 V                   ; 2.35 V              ; -0.00996 V          ; 0.121 V                              ; 0.03 V                               ; 4.64e-10 s                  ; 4.47e-10 s                  ; Yes                        ; Yes                        ; 2.32 V                      ; 6.92e-07 V                  ; 2.35 V             ; -0.00996 V         ; 0.121 V                             ; 0.03 V                              ; 4.64e-10 s                 ; 4.47e-10 s                 ; Yes                       ; Yes                       ;
; VGA_B[8]      ; 2.5 V        ; 0 s                 ; 0 s                 ; 2.32 V                       ; 6.92e-07 V                   ; 2.35 V              ; -0.00996 V          ; 0.121 V                              ; 0.03 V                               ; 4.64e-10 s                  ; 4.47e-10 s                  ; Yes                        ; Yes                        ; 2.32 V                      ; 6.92e-07 V                  ; 2.35 V             ; -0.00996 V         ; 0.121 V                             ; 0.03 V                              ; 4.64e-10 s                 ; 4.47e-10 s                 ; Yes                       ; Yes                       ;
; VGA_B[9]      ; 2.5 V        ; 0 s                 ; 0 s                 ; 2.32 V                       ; 6.92e-07 V                   ; 2.35 V              ; -0.00996 V          ; 0.121 V                              ; 0.03 V                               ; 4.64e-10 s                  ; 4.47e-10 s                  ; Yes                        ; Yes                        ; 2.32 V                      ; 6.92e-07 V                  ; 2.35 V             ; -0.00996 V         ; 0.121 V                             ; 0.03 V                              ; 4.64e-10 s                 ; 4.47e-10 s                 ; Yes                       ; Yes                       ;
; VGA_HS        ; 2.5 V        ; 0 s                 ; 0 s                 ; 2.32 V                       ; 6.92e-07 V                   ; 2.35 V              ; -0.00996 V          ; 0.121 V                              ; 0.03 V                               ; 4.64e-10 s                  ; 4.47e-10 s                  ; Yes                        ; Yes                        ; 2.32 V                      ; 6.92e-07 V                  ; 2.35 V             ; -0.00996 V         ; 0.121 V                             ; 0.03 V                              ; 4.64e-10 s                 ; 4.47e-10 s                 ; Yes                       ; Yes                       ;
; VGA_VS        ; 2.5 V        ; 0 s                 ; 0 s                 ; 2.32 V                       ; 6.92e-07 V                   ; 2.35 V              ; -0.00996 V          ; 0.121 V                              ; 0.03 V                               ; 4.64e-10 s                  ; 4.47e-10 s                  ; Yes                        ; Yes                        ; 2.32 V                      ; 6.92e-07 V                  ; 2.35 V             ; -0.00996 V         ; 0.121 V                             ; 0.03 V                              ; 4.64e-10 s                 ; 4.47e-10 s                 ; Yes                       ; Yes                       ;
; VGA_BLANK_N   ; 2.5 V        ; 0 s                 ; 0 s                 ; 2.32 V                       ; 4.67e-07 V                   ; 2.35 V              ; -0.00942 V          ; 0.116 V                              ; 0.033 V                              ; 6.66e-10 s                  ; 6.27e-10 s                  ; Yes                        ; Yes                        ; 2.32 V                      ; 4.67e-07 V                  ; 2.35 V             ; -0.00942 V         ; 0.116 V                             ; 0.033 V                             ; 6.66e-10 s                 ; 6.27e-10 s                 ; Yes                       ; Yes                       ;
; VGA_CLK       ; 2.5 V        ; 0 s                 ; 0 s                 ; 2.32 V                       ; 6.92e-07 V                   ; 2.35 V              ; -0.00996 V          ; 0.121 V                              ; 0.03 V                               ; 4.64e-10 s                  ; 4.47e-10 s                  ; Yes                        ; Yes                        ; 2.32 V                      ; 6.92e-07 V                  ; 2.35 V             ; -0.00996 V         ; 0.121 V                             ; 0.03 V                              ; 4.64e-10 s                 ; 4.47e-10 s                 ; Yes                       ; Yes                       ;
; HEX_TOP[0]    ; 2.5 V        ; 0 s                 ; 0 s                 ; 2.32 V                       ; 6.92e-07 V                   ; 2.35 V              ; -0.00996 V          ; 0.121 V                              ; 0.03 V                               ; 4.64e-10 s                  ; 4.47e-10 s                  ; Yes                        ; Yes                        ; 2.32 V                      ; 6.92e-07 V                  ; 2.35 V             ; -0.00996 V         ; 0.121 V                             ; 0.03 V                              ; 4.64e-10 s                 ; 4.47e-10 s                 ; Yes                       ; Yes                       ;
; HEX_TOP[1]    ; 2.5 V        ; 0 s                 ; 0 s                 ; 2.32 V                       ; 4.67e-07 V                   ; 2.33 V              ; -0.00269 V          ; 0.13 V                               ; 0.055 V                              ; 3.54e-09 s                  ; 3.29e-09 s                  ; Yes                        ; Yes                        ; 2.32 V                      ; 4.67e-07 V                  ; 2.33 V             ; -0.00269 V         ; 0.13 V                              ; 0.055 V                             ; 3.54e-09 s                 ; 3.29e-09 s                 ; Yes                       ; Yes                       ;
; HEX_TOP[2]    ; 2.5 V        ; 0 s                 ; 0 s                 ; 2.32 V                       ; 6.92e-07 V                   ; 2.35 V              ; -0.00996 V          ; 0.121 V                              ; 0.03 V                               ; 4.64e-10 s                  ; 4.47e-10 s                  ; Yes                        ; Yes                        ; 2.32 V                      ; 6.92e-07 V                  ; 2.35 V             ; -0.00996 V         ; 0.121 V                             ; 0.03 V                              ; 4.64e-10 s                 ; 4.47e-10 s                 ; Yes                       ; Yes                       ;
; HEX_TOP[3]    ; 2.5 V        ; 0 s                 ; 0 s                 ; 2.32 V                       ; 6.92e-07 V                   ; 2.35 V              ; -0.00996 V          ; 0.121 V                              ; 0.03 V                               ; 4.64e-10 s                  ; 4.47e-10 s                  ; Yes                        ; Yes                        ; 2.32 V                      ; 6.92e-07 V                  ; 2.35 V             ; -0.00996 V         ; 0.121 V                             ; 0.03 V                              ; 4.64e-10 s                 ; 4.47e-10 s                 ; Yes                       ; Yes                       ;
; HEX_TOP[4]    ; 2.5 V        ; 0 s                 ; 0 s                 ; 2.32 V                       ; 6.92e-07 V                   ; 2.35 V              ; -0.00996 V          ; 0.121 V                              ; 0.03 V                               ; 4.64e-10 s                  ; 4.47e-10 s                  ; Yes                        ; Yes                        ; 2.32 V                      ; 6.92e-07 V                  ; 2.35 V             ; -0.00996 V         ; 0.121 V                             ; 0.03 V                              ; 4.64e-10 s                 ; 4.47e-10 s                 ; Yes                       ; Yes                       ;
; HEX_TOP[5]    ; 2.5 V        ; 0 s                 ; 0 s                 ; 2.32 V                       ; 6.92e-07 V                   ; 2.35 V              ; -0.00996 V          ; 0.121 V                              ; 0.03 V                               ; 4.64e-10 s                  ; 4.47e-10 s                  ; Yes                        ; Yes                        ; 2.32 V                      ; 6.92e-07 V                  ; 2.35 V             ; -0.00996 V         ; 0.121 V                             ; 0.03 V                              ; 4.64e-10 s                 ; 4.47e-10 s                 ; Yes                       ; Yes                       ;
; HEX_TOP[6]    ; 2.5 V        ; 0 s                 ; 0 s                 ; 2.32 V                       ; 6.92e-07 V                   ; 2.35 V              ; -0.00996 V          ; 0.121 V                              ; 0.03 V                               ; 4.64e-10 s                  ; 4.47e-10 s                  ; Yes                        ; Yes                        ; 2.32 V                      ; 6.92e-07 V                  ; 2.35 V             ; -0.00996 V         ; 0.121 V                             ; 0.03 V                              ; 4.64e-10 s                 ; 4.47e-10 s                 ; Yes                       ; Yes                       ;
; HEX_BOTTOM[0] ; 2.5 V        ; 0 s                 ; 0 s                 ; 2.32 V                       ; 6.92e-07 V                   ; 2.35 V              ; -0.00996 V          ; 0.121 V                              ; 0.03 V                               ; 4.64e-10 s                  ; 4.47e-10 s                  ; Yes                        ; Yes                        ; 2.32 V                      ; 6.92e-07 V                  ; 2.35 V             ; -0.00996 V         ; 0.121 V                             ; 0.03 V                              ; 4.64e-10 s                 ; 4.47e-10 s                 ; Yes                       ; Yes                       ;
; HEX_BOTTOM[1] ; 2.5 V        ; 0 s                 ; 0 s                 ; 2.32 V                       ; 6.92e-07 V                   ; 2.35 V              ; -0.00996 V          ; 0.121 V                              ; 0.03 V                               ; 4.64e-10 s                  ; 4.47e-10 s                  ; Yes                        ; Yes                        ; 2.32 V                      ; 6.92e-07 V                  ; 2.35 V             ; -0.00996 V         ; 0.121 V                             ; 0.03 V                              ; 4.64e-10 s                 ; 4.47e-10 s                 ; Yes                       ; Yes                       ;
; HEX_BOTTOM[2] ; 2.5 V        ; 0 s                 ; 0 s                 ; 2.32 V                       ; 6.92e-07 V                   ; 2.35 V              ; -0.00996 V          ; 0.121 V                              ; 0.03 V                               ; 4.64e-10 s                  ; 4.47e-10 s                  ; Yes                        ; Yes                        ; 2.32 V                      ; 6.92e-07 V                  ; 2.35 V             ; -0.00996 V         ; 0.121 V                             ; 0.03 V                              ; 4.64e-10 s                 ; 4.47e-10 s                 ; Yes                       ; Yes                       ;
; HEX_BOTTOM[3] ; 2.5 V        ; 0 s                 ; 0 s                 ; 2.32 V                       ; 6.92e-07 V                   ; 2.35 V              ; -0.00996 V          ; 0.121 V                              ; 0.03 V                               ; 4.64e-10 s                  ; 4.47e-10 s                  ; Yes                        ; Yes                        ; 2.32 V                      ; 6.92e-07 V                  ; 2.35 V             ; -0.00996 V         ; 0.121 V                             ; 0.03 V                              ; 4.64e-10 s                 ; 4.47e-10 s                 ; Yes                       ; Yes                       ;
; HEX_BOTTOM[4] ; 2.5 V        ; 0 s                 ; 0 s                 ; 2.32 V                       ; 6.92e-07 V                   ; 2.35 V              ; -0.00996 V          ; 0.121 V                              ; 0.03 V                               ; 4.64e-10 s                  ; 4.47e-10 s                  ; Yes                        ; Yes                        ; 2.32 V                      ; 6.92e-07 V                  ; 2.35 V             ; -0.00996 V         ; 0.121 V                             ; 0.03 V                              ; 4.64e-10 s                 ; 4.47e-10 s                 ; Yes                       ; Yes                       ;
; HEX_BOTTOM[5] ; 2.5 V        ; 0 s                 ; 0 s                 ; 2.32 V                       ; 6.92e-07 V                   ; 2.35 V              ; -0.00996 V          ; 0.121 V                              ; 0.03 V                               ; 4.64e-10 s                  ; 4.47e-10 s                  ; Yes                        ; Yes                        ; 2.32 V                      ; 6.92e-07 V                  ; 2.35 V             ; -0.00996 V         ; 0.121 V                             ; 0.03 V                              ; 4.64e-10 s                 ; 4.47e-10 s                 ; Yes                       ; Yes                       ;
; HEX_BOTTOM[6] ; 2.5 V        ; 0 s                 ; 0 s                 ; 2.32 V                       ; 6.92e-07 V                   ; 2.35 V              ; -0.00996 V          ; 0.121 V                              ; 0.03 V                               ; 4.64e-10 s                  ; 4.47e-10 s                  ; Yes                        ; Yes                        ; 2.32 V                      ; 6.92e-07 V                  ; 2.35 V             ; -0.00996 V         ; 0.121 V                             ; 0.03 V                              ; 4.64e-10 s                 ; 4.47e-10 s                 ; Yes                       ; Yes                       ;
; ~ALTERA_DCLK~ ; 2.5 V        ; 0 s                 ; 0 s                 ; 2.32 V                       ; 3.75e-07 V                   ; 2.35 V              ; -0.0109 V           ; 0.084 V                              ; 0.027 V                              ; 4.31e-10 s                  ; 3.61e-10 s                  ; Yes                        ; Yes                        ; 2.32 V                      ; 3.75e-07 V                  ; 2.35 V             ; -0.0109 V          ; 0.084 V                             ; 0.027 V                             ; 4.31e-10 s                 ; 3.61e-10 s                 ; Yes                       ; Yes                       ;
; ~ALTERA_nCEO~ ; 2.5 V        ; 0 s                 ; 0 s                 ; 2.32 V                       ; 6.15e-07 V                   ; 2.35 V              ; -0.00712 V          ; 0.093 V                              ; 0.02 V                               ; 6.21e-10 s                  ; 7.9e-10 s                   ; Yes                        ; Yes                        ; 2.32 V                      ; 6.15e-07 V                  ; 2.35 V             ; -0.00712 V         ; 0.093 V                             ; 0.02 V                              ; 6.21e-10 s                 ; 7.9e-10 s                  ; Yes                       ; Yes                       ;
+---------------+--------------+---------------------+---------------------+------------------------------+------------------------------+---------------------+---------------------+--------------------------------------+--------------------------------------+-----------------------------+-----------------------------+----------------------------+----------------------------+-----------------------------+-----------------------------+--------------------+--------------------+-------------------------------------+-------------------------------------+----------------------------+----------------------------+---------------------------+---------------------------+


+--------------------------------------------------------------------------------------------------------------------------------------------------------------------------------------------------------------------------------------------------------------------------------------------------------------------------------------------------------------------------------------------------------------------------------------------------------------------------------------------------------------------------------------------------------------------------------------------------------------------------------------------------------------------------------------------+
; Signal Integrity Metrics (Fast 1200mv 0c Model)                                                                                                                                                                                                                                                                                                                                                                                                                                                                                                                                                                                                                                            ;
+---------------+--------------+---------------------+---------------------+------------------------------+------------------------------+---------------------+---------------------+--------------------------------------+--------------------------------------+-----------------------------+-----------------------------+----------------------------+----------------------------+-----------------------------+-----------------------------+--------------------+--------------------+-------------------------------------+-------------------------------------+----------------------------+----------------------------+---------------------------+---------------------------+
; Pin           ; I/O Standard ; Board Delay on Rise ; Board Delay on Fall ; Steady State Voh at FPGA Pin ; Steady State Vol at FPGA Pin ; Voh Max at FPGA Pin ; Vol Min at FPGA Pin ; Ringback Voltage on Rise at FPGA Pin ; Ringback Voltage on Fall at FPGA Pin ; 10-90 Rise Time at FPGA Pin ; 90-10 Fall Time at FPGA Pin ; Monotonic Rise at FPGA Pin ; Monotonic Fall at FPGA Pin ; Steady State Voh at Far-end ; Steady State Vol at Far-end ; Voh Max at Far-end ; Vol Min at Far-end ; Ringback Voltage on Rise at Far-end ; Ringback Voltage on Fall at Far-end ; 10-90 Rise Time at Far-end ; 90-10 Fall Time at Far-end ; Monotonic Rise at Far-end ; Monotonic Fall at Far-end ;
+---------------+--------------+---------------------+---------------------+------------------------------+------------------------------+---------------------+---------------------+--------------------------------------+--------------------------------------+-----------------------------+-----------------------------+----------------------------+----------------------------+-----------------------------+-----------------------------+--------------------+--------------------+-------------------------------------+-------------------------------------+----------------------------+----------------------------+---------------------------+---------------------------+
; VGA_R[0]      ; 2.5 V        ; 0 s                 ; 0 s                 ; 2.62 V                       ; 4.05e-08 V                   ; 2.72 V              ; -0.0349 V           ; 0.173 V                              ; 0.1 V                                ; 2.72e-10 s                  ; 2.69e-10 s                  ; Yes                        ; Yes                        ; 2.62 V                      ; 4.05e-08 V                  ; 2.72 V             ; -0.0349 V          ; 0.173 V                             ; 0.1 V                               ; 2.72e-10 s                 ; 2.69e-10 s                 ; Yes                       ; Yes                       ;
; VGA_R[1]      ; 2.5 V        ; 0 s                 ; 0 s                 ; 2.62 V                       ; 4.05e-08 V                   ; 2.72 V              ; -0.0349 V           ; 0.173 V                              ; 0.1 V                                ; 2.72e-10 s                  ; 2.69e-10 s                  ; Yes                        ; Yes                        ; 2.62 V                      ; 4.05e-08 V                  ; 2.72 V             ; -0.0349 V          ; 0.173 V                             ; 0.1 V                               ; 2.72e-10 s                 ; 2.69e-10 s                 ; Yes                       ; Yes                       ;
; VGA_R[2]      ; 2.5 V        ; 0 s                 ; 0 s                 ; 2.62 V                       ; 4.05e-08 V                   ; 2.72 V              ; -0.0349 V           ; 0.173 V                              ; 0.1 V                                ; 2.72e-10 s                  ; 2.69e-10 s                  ; Yes                        ; Yes                        ; 2.62 V                      ; 4.05e-08 V                  ; 2.72 V             ; -0.0349 V          ; 0.173 V                             ; 0.1 V                               ; 2.72e-10 s                 ; 2.69e-10 s                 ; Yes                       ; Yes                       ;
; VGA_R[3]      ; 2.5 V        ; 0 s                 ; 0 s                 ; 2.62 V                       ; 4.05e-08 V                   ; 2.72 V              ; -0.0349 V           ; 0.173 V                              ; 0.1 V                                ; 2.72e-10 s                  ; 2.69e-10 s                  ; Yes                        ; Yes                        ; 2.62 V                      ; 4.05e-08 V                  ; 2.72 V             ; -0.0349 V          ; 0.173 V                             ; 0.1 V                               ; 2.72e-10 s                 ; 2.69e-10 s                 ; Yes                       ; Yes                       ;
; VGA_R[4]      ; 2.5 V        ; 0 s                 ; 0 s                 ; 2.62 V                       ; 4.05e-08 V                   ; 2.72 V              ; -0.0349 V           ; 0.173 V                              ; 0.1 V                                ; 2.72e-10 s                  ; 2.69e-10 s                  ; Yes                        ; Yes                        ; 2.62 V                      ; 4.05e-08 V                  ; 2.72 V             ; -0.0349 V          ; 0.173 V                             ; 0.1 V                               ; 2.72e-10 s                 ; 2.69e-10 s                 ; Yes                       ; Yes                       ;
; VGA_R[5]      ; 2.5 V        ; 0 s                 ; 0 s                 ; 2.62 V                       ; 4.05e-08 V                   ; 2.72 V              ; -0.0349 V           ; 0.173 V                              ; 0.1 V                                ; 2.72e-10 s                  ; 2.69e-10 s                  ; Yes                        ; Yes                        ; 2.62 V                      ; 4.05e-08 V                  ; 2.72 V             ; -0.0349 V          ; 0.173 V                             ; 0.1 V                               ; 2.72e-10 s                 ; 2.69e-10 s                 ; Yes                       ; Yes                       ;
; VGA_R[6]      ; 2.5 V        ; 0 s                 ; 0 s                 ; 2.62 V                       ; 4.05e-08 V                   ; 2.72 V              ; -0.0349 V           ; 0.173 V                              ; 0.1 V                                ; 2.72e-10 s                  ; 2.69e-10 s                  ; Yes                        ; Yes                        ; 2.62 V                      ; 4.05e-08 V                  ; 2.72 V             ; -0.0349 V          ; 0.173 V                             ; 0.1 V                               ; 2.72e-10 s                 ; 2.69e-10 s                 ; Yes                       ; Yes                       ;
; VGA_R[7]      ; 2.5 V        ; 0 s                 ; 0 s                 ; 2.62 V                       ; 4.05e-08 V                   ; 2.72 V              ; -0.0349 V           ; 0.173 V                              ; 0.1 V                                ; 2.72e-10 s                  ; 2.69e-10 s                  ; Yes                        ; Yes                        ; 2.62 V                      ; 4.05e-08 V                  ; 2.72 V             ; -0.0349 V          ; 0.173 V                             ; 0.1 V                               ; 2.72e-10 s                 ; 2.69e-10 s                 ; Yes                       ; Yes                       ;
; VGA_R[8]      ; 2.5 V        ; 0 s                 ; 0 s                 ; 2.62 V                       ; 4.05e-08 V                   ; 2.72 V              ; -0.0349 V           ; 0.173 V                              ; 0.1 V                                ; 2.72e-10 s                  ; 2.69e-10 s                  ; Yes                        ; Yes                        ; 2.62 V                      ; 4.05e-08 V                  ; 2.72 V             ; -0.0349 V          ; 0.173 V                             ; 0.1 V                               ; 2.72e-10 s                 ; 2.69e-10 s                 ; Yes                       ; Yes                       ;
; VGA_R[9]      ; 2.5 V        ; 0 s                 ; 0 s                 ; 2.62 V                       ; 4.05e-08 V                   ; 2.72 V              ; -0.0349 V           ; 0.173 V                              ; 0.1 V                                ; 2.72e-10 s                  ; 2.69e-10 s                  ; Yes                        ; Yes                        ; 2.62 V                      ; 4.05e-08 V                  ; 2.72 V             ; -0.0349 V          ; 0.173 V                             ; 0.1 V                               ; 2.72e-10 s                 ; 2.69e-10 s                 ; Yes                       ; Yes                       ;
; VGA_G[0]      ; 2.5 V        ; 0 s                 ; 0 s                 ; 2.62 V                       ; 4.05e-08 V                   ; 2.72 V              ; -0.0349 V           ; 0.173 V                              ; 0.1 V                                ; 2.72e-10 s                  ; 2.69e-10 s                  ; Yes                        ; Yes                        ; 2.62 V                      ; 4.05e-08 V                  ; 2.72 V             ; -0.0349 V          ; 0.173 V                             ; 0.1 V                               ; 2.72e-10 s                 ; 2.69e-10 s                 ; Yes                       ; Yes                       ;
; VGA_G[1]      ; 2.5 V        ; 0 s                 ; 0 s                 ; 2.62 V                       ; 4.05e-08 V                   ; 2.72 V              ; -0.0349 V           ; 0.173 V                              ; 0.1 V                                ; 2.72e-10 s                  ; 2.69e-10 s                  ; Yes                        ; Yes                        ; 2.62 V                      ; 4.05e-08 V                  ; 2.72 V             ; -0.0349 V          ; 0.173 V                             ; 0.1 V                               ; 2.72e-10 s                 ; 2.69e-10 s                 ; Yes                       ; Yes                       ;
; VGA_G[2]      ; 2.5 V        ; 0 s                 ; 0 s                 ; 2.62 V                       ; 4.05e-08 V                   ; 2.72 V              ; -0.0349 V           ; 0.173 V                              ; 0.1 V                                ; 2.72e-10 s                  ; 2.69e-10 s                  ; Yes                        ; Yes                        ; 2.62 V                      ; 4.05e-08 V                  ; 2.72 V             ; -0.0349 V          ; 0.173 V                             ; 0.1 V                               ; 2.72e-10 s                 ; 2.69e-10 s                 ; Yes                       ; Yes                       ;
; VGA_G[3]      ; 2.5 V        ; 0 s                 ; 0 s                 ; 2.62 V                       ; 4.05e-08 V                   ; 2.64 V              ; -0.0113 V           ; 0.208 V                              ; 0.179 V                              ; 2.38e-09 s                  ; 2.23e-09 s                  ; No                         ; Yes                        ; 2.62 V                      ; 4.05e-08 V                  ; 2.64 V             ; -0.0113 V          ; 0.208 V                             ; 0.179 V                             ; 2.38e-09 s                 ; 2.23e-09 s                 ; No                        ; Yes                       ;
; VGA_G[4]      ; 2.5 V        ; 0 s                 ; 0 s                 ; 2.62 V                       ; 4.05e-08 V                   ; 2.72 V              ; -0.0349 V           ; 0.173 V                              ; 0.1 V                                ; 2.72e-10 s                  ; 2.69e-10 s                  ; Yes                        ; Yes                        ; 2.62 V                      ; 4.05e-08 V                  ; 2.72 V             ; -0.0349 V          ; 0.173 V                             ; 0.1 V                               ; 2.72e-10 s                 ; 2.69e-10 s                 ; Yes                       ; Yes                       ;
; VGA_G[5]      ; 2.5 V        ; 0 s                 ; 0 s                 ; 2.62 V                       ; 4.05e-08 V                   ; 2.72 V              ; -0.0349 V           ; 0.173 V                              ; 0.1 V                                ; 2.72e-10 s                  ; 2.69e-10 s                  ; Yes                        ; Yes                        ; 2.62 V                      ; 4.05e-08 V                  ; 2.72 V             ; -0.0349 V          ; 0.173 V                             ; 0.1 V                               ; 2.72e-10 s                 ; 2.69e-10 s                 ; Yes                       ; Yes                       ;
; VGA_G[6]      ; 2.5 V        ; 0 s                 ; 0 s                 ; 2.62 V                       ; 4.05e-08 V                   ; 2.72 V              ; -0.0349 V           ; 0.173 V                              ; 0.1 V                                ; 2.72e-10 s                  ; 2.69e-10 s                  ; Yes                        ; Yes                        ; 2.62 V                      ; 4.05e-08 V                  ; 2.72 V             ; -0.0349 V          ; 0.173 V                             ; 0.1 V                               ; 2.72e-10 s                 ; 2.69e-10 s                 ; Yes                       ; Yes                       ;
; VGA_G[7]      ; 2.5 V        ; 0 s                 ; 0 s                 ; 2.62 V                       ; 4.05e-08 V                   ; 2.72 V              ; -0.0349 V           ; 0.173 V                              ; 0.1 V                                ; 2.72e-10 s                  ; 2.69e-10 s                  ; Yes                        ; Yes                        ; 2.62 V                      ; 4.05e-08 V                  ; 2.72 V             ; -0.0349 V          ; 0.173 V                             ; 0.1 V                               ; 2.72e-10 s                 ; 2.69e-10 s                 ; Yes                       ; Yes                       ;
; VGA_G[8]      ; 2.5 V        ; 0 s                 ; 0 s                 ; 2.62 V                       ; 4.05e-08 V                   ; 2.72 V              ; -0.0349 V           ; 0.173 V                              ; 0.1 V                                ; 2.72e-10 s                  ; 2.69e-10 s                  ; Yes                        ; Yes                        ; 2.62 V                      ; 4.05e-08 V                  ; 2.72 V             ; -0.0349 V          ; 0.173 V                             ; 0.1 V                               ; 2.72e-10 s                 ; 2.69e-10 s                 ; Yes                       ; Yes                       ;
; VGA_G[9]      ; 2.5 V        ; 0 s                 ; 0 s                 ; 2.62 V                       ; 2.74e-08 V                   ; 2.71 V              ; -0.0317 V           ; 0.148 V                              ; 0.064 V                              ; 4.51e-10 s                  ; 4.15e-10 s                  ; No                         ; Yes                        ; 2.62 V                      ; 2.74e-08 V                  ; 2.71 V             ; -0.0317 V          ; 0.148 V                             ; 0.064 V                             ; 4.51e-10 s                 ; 4.15e-10 s                 ; No                        ; Yes                       ;
; VGA_B[0]      ; 2.5 V        ; 0 s                 ; 0 s                 ; 2.62 V                       ; 4.05e-08 V                   ; 2.72 V              ; -0.0349 V           ; 0.173 V                              ; 0.1 V                                ; 2.72e-10 s                  ; 2.69e-10 s                  ; Yes                        ; Yes                        ; 2.62 V                      ; 4.05e-08 V                  ; 2.72 V             ; -0.0349 V          ; 0.173 V                             ; 0.1 V                               ; 2.72e-10 s                 ; 2.69e-10 s                 ; Yes                       ; Yes                       ;
; VGA_B[1]      ; 2.5 V        ; 0 s                 ; 0 s                 ; 2.62 V                       ; 4.05e-08 V                   ; 2.72 V              ; -0.0349 V           ; 0.173 V                              ; 0.1 V                                ; 2.72e-10 s                  ; 2.69e-10 s                  ; Yes                        ; Yes                        ; 2.62 V                      ; 4.05e-08 V                  ; 2.72 V             ; -0.0349 V          ; 0.173 V                             ; 0.1 V                               ; 2.72e-10 s                 ; 2.69e-10 s                 ; Yes                       ; Yes                       ;
; VGA_B[2]      ; 2.5 V        ; 0 s                 ; 0 s                 ; 2.62 V                       ; 4.05e-08 V                   ; 2.72 V              ; -0.0349 V           ; 0.173 V                              ; 0.1 V                                ; 2.72e-10 s                  ; 2.69e-10 s                  ; Yes                        ; Yes                        ; 2.62 V                      ; 4.05e-08 V                  ; 2.72 V             ; -0.0349 V          ; 0.173 V                             ; 0.1 V                               ; 2.72e-10 s                 ; 2.69e-10 s                 ; Yes                       ; Yes                       ;
; VGA_B[3]      ; 2.5 V        ; 0 s                 ; 0 s                 ; 2.62 V                       ; 4.05e-08 V                   ; 2.72 V              ; -0.0349 V           ; 0.173 V                              ; 0.1 V                                ; 2.72e-10 s                  ; 2.69e-10 s                  ; Yes                        ; Yes                        ; 2.62 V                      ; 4.05e-08 V                  ; 2.72 V             ; -0.0349 V          ; 0.173 V                             ; 0.1 V                               ; 2.72e-10 s                 ; 2.69e-10 s                 ; Yes                       ; Yes                       ;
; VGA_B[4]      ; 2.5 V        ; 0 s                 ; 0 s                 ; 2.62 V                       ; 4.05e-08 V                   ; 2.72 V              ; -0.0349 V           ; 0.173 V                              ; 0.1 V                                ; 2.72e-10 s                  ; 2.69e-10 s                  ; Yes                        ; Yes                        ; 2.62 V                      ; 4.05e-08 V                  ; 2.72 V             ; -0.0349 V          ; 0.173 V                             ; 0.1 V                               ; 2.72e-10 s                 ; 2.69e-10 s                 ; Yes                       ; Yes                       ;
; VGA_B[5]      ; 2.5 V        ; 0 s                 ; 0 s                 ; 2.62 V                       ; 4.05e-08 V                   ; 2.64 V              ; -0.0113 V           ; 0.208 V                              ; 0.179 V                              ; 2.38e-09 s                  ; 2.23e-09 s                  ; No                         ; Yes                        ; 2.62 V                      ; 4.05e-08 V                  ; 2.64 V             ; -0.0113 V          ; 0.208 V                             ; 0.179 V                             ; 2.38e-09 s                 ; 2.23e-09 s                 ; No                        ; Yes                       ;
; VGA_B[6]      ; 2.5 V        ; 0 s                 ; 0 s                 ; 2.62 V                       ; 4.05e-08 V                   ; 2.72 V              ; -0.0349 V           ; 0.173 V                              ; 0.1 V                                ; 2.72e-10 s                  ; 2.69e-10 s                  ; Yes                        ; Yes                        ; 2.62 V                      ; 4.05e-08 V                  ; 2.72 V             ; -0.0349 V          ; 0.173 V                             ; 0.1 V                               ; 2.72e-10 s                 ; 2.69e-10 s                 ; Yes                       ; Yes                       ;
; VGA_B[7]      ; 2.5 V        ; 0 s                 ; 0 s                 ; 2.62 V                       ; 4.05e-08 V                   ; 2.72 V              ; -0.0349 V           ; 0.173 V                              ; 0.1 V                                ; 2.72e-10 s                  ; 2.69e-10 s                  ; Yes                        ; Yes                        ; 2.62 V                      ; 4.05e-08 V                  ; 2.72 V             ; -0.0349 V          ; 0.173 V                             ; 0.1 V                               ; 2.72e-10 s                 ; 2.69e-10 s                 ; Yes                       ; Yes                       ;
; VGA_B[8]      ; 2.5 V        ; 0 s                 ; 0 s                 ; 2.62 V                       ; 4.05e-08 V                   ; 2.72 V              ; -0.0349 V           ; 0.173 V                              ; 0.1 V                                ; 2.72e-10 s                  ; 2.69e-10 s                  ; Yes                        ; Yes                        ; 2.62 V                      ; 4.05e-08 V                  ; 2.72 V             ; -0.0349 V          ; 0.173 V                             ; 0.1 V                               ; 2.72e-10 s                 ; 2.69e-10 s                 ; Yes                       ; Yes                       ;
; VGA_B[9]      ; 2.5 V        ; 0 s                 ; 0 s                 ; 2.62 V                       ; 4.05e-08 V                   ; 2.72 V              ; -0.0349 V           ; 0.173 V                              ; 0.1 V                                ; 2.72e-10 s                  ; 2.69e-10 s                  ; Yes                        ; Yes                        ; 2.62 V                      ; 4.05e-08 V                  ; 2.72 V             ; -0.0349 V          ; 0.173 V                             ; 0.1 V                               ; 2.72e-10 s                 ; 2.69e-10 s                 ; Yes                       ; Yes                       ;
; VGA_HS        ; 2.5 V        ; 0 s                 ; 0 s                 ; 2.62 V                       ; 4.05e-08 V                   ; 2.72 V              ; -0.0349 V           ; 0.173 V                              ; 0.1 V                                ; 2.72e-10 s                  ; 2.69e-10 s                  ; Yes                        ; Yes                        ; 2.62 V                      ; 4.05e-08 V                  ; 2.72 V             ; -0.0349 V          ; 0.173 V                             ; 0.1 V                               ; 2.72e-10 s                 ; 2.69e-10 s                 ; Yes                       ; Yes                       ;
; VGA_VS        ; 2.5 V        ; 0 s                 ; 0 s                 ; 2.62 V                       ; 4.05e-08 V                   ; 2.72 V              ; -0.0349 V           ; 0.173 V                              ; 0.1 V                                ; 2.72e-10 s                  ; 2.69e-10 s                  ; Yes                        ; Yes                        ; 2.62 V                      ; 4.05e-08 V                  ; 2.72 V             ; -0.0349 V          ; 0.173 V                             ; 0.1 V                               ; 2.72e-10 s                 ; 2.69e-10 s                 ; Yes                       ; Yes                       ;
; VGA_BLANK_N   ; 2.5 V        ; 0 s                 ; 0 s                 ; 2.62 V                       ; 2.74e-08 V                   ; 2.71 V              ; -0.0317 V           ; 0.148 V                              ; 0.064 V                              ; 4.51e-10 s                  ; 4.15e-10 s                  ; No                         ; Yes                        ; 2.62 V                      ; 2.74e-08 V                  ; 2.71 V             ; -0.0317 V          ; 0.148 V                             ; 0.064 V                             ; 4.51e-10 s                 ; 4.15e-10 s                 ; No                        ; Yes                       ;
; VGA_CLK       ; 2.5 V        ; 0 s                 ; 0 s                 ; 2.62 V                       ; 4.05e-08 V                   ; 2.72 V              ; -0.0349 V           ; 0.173 V                              ; 0.1 V                                ; 2.72e-10 s                  ; 2.69e-10 s                  ; Yes                        ; Yes                        ; 2.62 V                      ; 4.05e-08 V                  ; 2.72 V             ; -0.0349 V          ; 0.173 V                             ; 0.1 V                               ; 2.72e-10 s                 ; 2.69e-10 s                 ; Yes                       ; Yes                       ;
; HEX_TOP[0]    ; 2.5 V        ; 0 s                 ; 0 s                 ; 2.62 V                       ; 4.05e-08 V                   ; 2.72 V              ; -0.0349 V           ; 0.173 V                              ; 0.1 V                                ; 2.72e-10 s                  ; 2.69e-10 s                  ; Yes                        ; Yes                        ; 2.62 V                      ; 4.05e-08 V                  ; 2.72 V             ; -0.0349 V          ; 0.173 V                             ; 0.1 V                               ; 2.72e-10 s                 ; 2.69e-10 s                 ; Yes                       ; Yes                       ;
; HEX_TOP[1]    ; 2.5 V        ; 0 s                 ; 0 s                 ; 2.62 V                       ; 2.74e-08 V                   ; 2.64 V              ; -0.0117 V           ; 0.202 V                              ; 0.176 V                              ; 2.38e-09 s                  ; 2.22e-09 s                  ; No                         ; Yes                        ; 2.62 V                      ; 2.74e-08 V                  ; 2.64 V             ; -0.0117 V          ; 0.202 V                             ; 0.176 V                             ; 2.38e-09 s                 ; 2.22e-09 s                 ; No                        ; Yes                       ;
; HEX_TOP[2]    ; 2.5 V        ; 0 s                 ; 0 s                 ; 2.62 V                       ; 4.05e-08 V                   ; 2.72 V              ; -0.0349 V           ; 0.173 V                              ; 0.1 V                                ; 2.72e-10 s                  ; 2.69e-10 s                  ; Yes                        ; Yes                        ; 2.62 V                      ; 4.05e-08 V                  ; 2.72 V             ; -0.0349 V          ; 0.173 V                             ; 0.1 V                               ; 2.72e-10 s                 ; 2.69e-10 s                 ; Yes                       ; Yes                       ;
; HEX_TOP[3]    ; 2.5 V        ; 0 s                 ; 0 s                 ; 2.62 V                       ; 4.05e-08 V                   ; 2.72 V              ; -0.0349 V           ; 0.173 V                              ; 0.1 V                                ; 2.72e-10 s                  ; 2.69e-10 s                  ; Yes                        ; Yes                        ; 2.62 V                      ; 4.05e-08 V                  ; 2.72 V             ; -0.0349 V          ; 0.173 V                             ; 0.1 V                               ; 2.72e-10 s                 ; 2.69e-10 s                 ; Yes                       ; Yes                       ;
; HEX_TOP[4]    ; 2.5 V        ; 0 s                 ; 0 s                 ; 2.62 V                       ; 4.05e-08 V                   ; 2.72 V              ; -0.0349 V           ; 0.173 V                              ; 0.1 V                                ; 2.72e-10 s                  ; 2.69e-10 s                  ; Yes                        ; Yes                        ; 2.62 V                      ; 4.05e-08 V                  ; 2.72 V             ; -0.0349 V          ; 0.173 V                             ; 0.1 V                               ; 2.72e-10 s                 ; 2.69e-10 s                 ; Yes                       ; Yes                       ;
; HEX_TOP[5]    ; 2.5 V        ; 0 s                 ; 0 s                 ; 2.62 V                       ; 4.05e-08 V                   ; 2.72 V              ; -0.0349 V           ; 0.173 V                              ; 0.1 V                                ; 2.72e-10 s                  ; 2.69e-10 s                  ; Yes                        ; Yes                        ; 2.62 V                      ; 4.05e-08 V                  ; 2.72 V             ; -0.0349 V          ; 0.173 V                             ; 0.1 V                               ; 2.72e-10 s                 ; 2.69e-10 s                 ; Yes                       ; Yes                       ;
; HEX_TOP[6]    ; 2.5 V        ; 0 s                 ; 0 s                 ; 2.62 V                       ; 4.05e-08 V                   ; 2.72 V              ; -0.0349 V           ; 0.173 V                              ; 0.1 V                                ; 2.72e-10 s                  ; 2.69e-10 s                  ; Yes                        ; Yes                        ; 2.62 V                      ; 4.05e-08 V                  ; 2.72 V             ; -0.0349 V          ; 0.173 V                             ; 0.1 V                               ; 2.72e-10 s                 ; 2.69e-10 s                 ; Yes                       ; Yes                       ;
; HEX_BOTTOM[0] ; 2.5 V        ; 0 s                 ; 0 s                 ; 2.62 V                       ; 4.05e-08 V                   ; 2.72 V              ; -0.0349 V           ; 0.173 V                              ; 0.1 V                                ; 2.72e-10 s                  ; 2.69e-10 s                  ; Yes                        ; Yes                        ; 2.62 V                      ; 4.05e-08 V                  ; 2.72 V             ; -0.0349 V          ; 0.173 V                             ; 0.1 V                               ; 2.72e-10 s                 ; 2.69e-10 s                 ; Yes                       ; Yes                       ;
; HEX_BOTTOM[1] ; 2.5 V        ; 0 s                 ; 0 s                 ; 2.62 V                       ; 4.05e-08 V                   ; 2.72 V              ; -0.0349 V           ; 0.173 V                              ; 0.1 V                                ; 2.72e-10 s                  ; 2.69e-10 s                  ; Yes                        ; Yes                        ; 2.62 V                      ; 4.05e-08 V                  ; 2.72 V             ; -0.0349 V          ; 0.173 V                             ; 0.1 V                               ; 2.72e-10 s                 ; 2.69e-10 s                 ; Yes                       ; Yes                       ;
; HEX_BOTTOM[2] ; 2.5 V        ; 0 s                 ; 0 s                 ; 2.62 V                       ; 4.05e-08 V                   ; 2.72 V              ; -0.0349 V           ; 0.173 V                              ; 0.1 V                                ; 2.72e-10 s                  ; 2.69e-10 s                  ; Yes                        ; Yes                        ; 2.62 V                      ; 4.05e-08 V                  ; 2.72 V             ; -0.0349 V          ; 0.173 V                             ; 0.1 V                               ; 2.72e-10 s                 ; 2.69e-10 s                 ; Yes                       ; Yes                       ;
; HEX_BOTTOM[3] ; 2.5 V        ; 0 s                 ; 0 s                 ; 2.62 V                       ; 4.05e-08 V                   ; 2.72 V              ; -0.0349 V           ; 0.173 V                              ; 0.1 V                                ; 2.72e-10 s                  ; 2.69e-10 s                  ; Yes                        ; Yes                        ; 2.62 V                      ; 4.05e-08 V                  ; 2.72 V             ; -0.0349 V          ; 0.173 V                             ; 0.1 V                               ; 2.72e-10 s                 ; 2.69e-10 s                 ; Yes                       ; Yes                       ;
; HEX_BOTTOM[4] ; 2.5 V        ; 0 s                 ; 0 s                 ; 2.62 V                       ; 4.05e-08 V                   ; 2.72 V              ; -0.0349 V           ; 0.173 V                              ; 0.1 V                                ; 2.72e-10 s                  ; 2.69e-10 s                  ; Yes                        ; Yes                        ; 2.62 V                      ; 4.05e-08 V                  ; 2.72 V             ; -0.0349 V          ; 0.173 V                             ; 0.1 V                               ; 2.72e-10 s                 ; 2.69e-10 s                 ; Yes                       ; Yes                       ;
; HEX_BOTTOM[5] ; 2.5 V        ; 0 s                 ; 0 s                 ; 2.62 V                       ; 4.05e-08 V                   ; 2.72 V              ; -0.0349 V           ; 0.173 V                              ; 0.1 V                                ; 2.72e-10 s                  ; 2.69e-10 s                  ; Yes                        ; Yes                        ; 2.62 V                      ; 4.05e-08 V                  ; 2.72 V             ; -0.0349 V          ; 0.173 V                             ; 0.1 V                               ; 2.72e-10 s                 ; 2.69e-10 s                 ; Yes                       ; Yes                       ;
; HEX_BOTTOM[6] ; 2.5 V        ; 0 s                 ; 0 s                 ; 2.62 V                       ; 4.05e-08 V                   ; 2.72 V              ; -0.0349 V           ; 0.173 V                              ; 0.1 V                                ; 2.72e-10 s                  ; 2.69e-10 s                  ; Yes                        ; Yes                        ; 2.62 V                      ; 4.05e-08 V                  ; 2.72 V             ; -0.0349 V          ; 0.173 V                             ; 0.1 V                               ; 2.72e-10 s                 ; 2.69e-10 s                 ; Yes                       ; Yes                       ;
; ~ALTERA_DCLK~ ; 2.5 V        ; 0 s                 ; 0 s                 ; 2.62 V                       ; 2.22e-08 V                   ; 2.74 V              ; -0.06 V             ; 0.158 V                              ; 0.08 V                               ; 2.68e-10 s                  ; 2.19e-10 s                  ; Yes                        ; Yes                        ; 2.62 V                      ; 2.22e-08 V                  ; 2.74 V             ; -0.06 V            ; 0.158 V                             ; 0.08 V                              ; 2.68e-10 s                 ; 2.19e-10 s                 ; Yes                       ; Yes                       ;
; ~ALTERA_nCEO~ ; 2.5 V        ; 0 s                 ; 0 s                 ; 2.62 V                       ; 3.54e-08 V                   ; 2.7 V               ; -0.00943 V          ; 0.276 V                              ; 0.035 V                              ; 3.19e-10 s                  ; 4.99e-10 s                  ; No                         ; Yes                        ; 2.62 V                      ; 3.54e-08 V                  ; 2.7 V              ; -0.00943 V         ; 0.276 V                             ; 0.035 V                             ; 3.19e-10 s                 ; 4.99e-10 s                 ; No                        ; Yes                       ;
+---------------+--------------+---------------------+---------------------+------------------------------+------------------------------+---------------------+---------------------+--------------------------------------+--------------------------------------+-----------------------------+-----------------------------+----------------------------+----------------------------+-----------------------------+-----------------------------+--------------------+--------------------+-------------------------------------+-------------------------------------+----------------------------+----------------------------+---------------------------+---------------------------+


+---------------------------------------------------------------------------------------------------------------------------------------------------------------------------+
; Setup Transfers                                                                                                                                                           ;
+---------------------------------------------------------------+---------------------------------------------------------------+----------+----------+----------+----------+
; From Clock                                                    ; To Clock                                                      ; RR Paths ; FR Paths ; RF Paths ; FF Paths ;
+---------------------------------------------------------------+---------------------------------------------------------------+----------+----------+----------+----------+
; vga_sync_pipe:u_sync|pixel_clock_int                          ; CLOCK_50                                                      ; 1        ; 1        ; 0        ; 0        ;
; keyboard_top:u_kbd|ps2:uPS2|keyboard:u1|keyboard_clk_filtered ; keyboard_top:u_kbd|ps2:uPS2|keyboard:u1|keyboard_clk_filtered ; 141      ; 0        ; 0        ; 0        ;
; keyboard_top:u_kbd|ps2:uPS2|keyboard:u1|ready_set             ; keyboard_top:u_kbd|ps2:uPS2|keyboard:u1|keyboard_clk_filtered ; 1        ; 1        ; 0        ; 0        ;
; keyboard_top:u_kbd|ps2:uPS2|keyboard:u1|keyboard_clk_filtered ; u_pll|uPLL|altpll_component|auto_generated|pll1|clk[0]        ; 91       ; 4        ; 0        ; 0        ;
; keyboard_top:u_kbd|ps2:uPS2|keyboard:u1|ready_set             ; u_pll|uPLL|altpll_component|auto_generated|pll1|clk[0]        ; 9        ; 0        ; 0        ; 0        ;
; u_pll|uPLL|altpll_component|auto_generated|pll1|clk[0]        ; u_pll|uPLL|altpll_component|auto_generated|pll1|clk[0]        ; 309223   ; 0        ; 0        ; 0        ;
; u_pll|uPLL|altpll_component|auto_generated|pll1|clk[0]        ; vga_sync_pipe:u_sync|pixel_clock_int                          ; 13674    ; 0        ; 0        ; 0        ;
; vga_sync_pipe:u_sync|pixel_clock_int                          ; vga_sync_pipe:u_sync|pixel_clock_int                          ; 12426    ; 0        ; 0        ; 0        ;
+---------------------------------------------------------------+---------------------------------------------------------------+----------+----------+----------+----------+
Entries labeled "false path" only account for clock-to-clock false paths and not path-based false paths. As a result, actual path counts may be lower than reported.


+---------------------------------------------------------------------------------------------------------------------------------------------------------------------------+
; Hold Transfers                                                                                                                                                            ;
+---------------------------------------------------------------+---------------------------------------------------------------+----------+----------+----------+----------+
; From Clock                                                    ; To Clock                                                      ; RR Paths ; FR Paths ; RF Paths ; FF Paths ;
+---------------------------------------------------------------+---------------------------------------------------------------+----------+----------+----------+----------+
; vga_sync_pipe:u_sync|pixel_clock_int                          ; CLOCK_50                                                      ; 1        ; 1        ; 0        ; 0        ;
; keyboard_top:u_kbd|ps2:uPS2|keyboard:u1|keyboard_clk_filtered ; keyboard_top:u_kbd|ps2:uPS2|keyboard:u1|keyboard_clk_filtered ; 141      ; 0        ; 0        ; 0        ;
; keyboard_top:u_kbd|ps2:uPS2|keyboard:u1|ready_set             ; keyboard_top:u_kbd|ps2:uPS2|keyboard:u1|keyboard_clk_filtered ; 1        ; 1        ; 0        ; 0        ;
; keyboard_top:u_kbd|ps2:uPS2|keyboard:u1|keyboard_clk_filtered ; u_pll|uPLL|altpll_component|auto_generated|pll1|clk[0]        ; 91       ; 4        ; 0        ; 0        ;
; keyboard_top:u_kbd|ps2:uPS2|keyboard:u1|ready_set             ; u_pll|uPLL|altpll_component|auto_generated|pll1|clk[0]        ; 9        ; 0        ; 0        ; 0        ;
; u_pll|uPLL|altpll_component|auto_generated|pll1|clk[0]        ; u_pll|uPLL|altpll_component|auto_generated|pll1|clk[0]        ; 309223   ; 0        ; 0        ; 0        ;
; u_pll|uPLL|altpll_component|auto_generated|pll1|clk[0]        ; vga_sync_pipe:u_sync|pixel_clock_int                          ; 13674    ; 0        ; 0        ; 0        ;
; vga_sync_pipe:u_sync|pixel_clock_int                          ; vga_sync_pipe:u_sync|pixel_clock_int                          ; 12426    ; 0        ; 0        ; 0        ;
+---------------------------------------------------------------+---------------------------------------------------------------+----------+----------+----------+----------+
Entries labeled "false path" only account for clock-to-clock false paths and not path-based false paths. As a result, actual path counts may be lower than reported.


+--------------------------------------------------------------------------------------------------------------------------------------------------------+
; Recovery Transfers                                                                                                                                     ;
+--------------------------------------------------------+---------------------------------------------------+----------+----------+----------+----------+
; From Clock                                             ; To Clock                                          ; RR Paths ; FR Paths ; RF Paths ; FF Paths ;
+--------------------------------------------------------+---------------------------------------------------+----------+----------+----------+----------+
; u_pll|uPLL|altpll_component|auto_generated|pll1|clk[0] ; keyboard_top:u_kbd|ps2:uPS2|keyboard:u1|ready_set ; 1        ; 0        ; 0        ; 0        ;
+--------------------------------------------------------+---------------------------------------------------+----------+----------+----------+----------+
Entries labeled "false path" only account for clock-to-clock false paths and not path-based false paths. As a result, actual path counts may be lower than reported.


+--------------------------------------------------------------------------------------------------------------------------------------------------------+
; Removal Transfers                                                                                                                                      ;
+--------------------------------------------------------+---------------------------------------------------+----------+----------+----------+----------+
; From Clock                                             ; To Clock                                          ; RR Paths ; FR Paths ; RF Paths ; FF Paths ;
+--------------------------------------------------------+---------------------------------------------------+----------+----------+----------+----------+
; u_pll|uPLL|altpll_component|auto_generated|pll1|clk[0] ; keyboard_top:u_kbd|ps2:uPS2|keyboard:u1|ready_set ; 1        ; 0        ; 0        ; 0        ;
+--------------------------------------------------------+---------------------------------------------------+----------+----------+----------+----------+
Entries labeled "false path" only account for clock-to-clock false paths and not path-based false paths. As a result, actual path counts may be lower than reported.


---------------
; Report TCCS ;
---------------
No dedicated SERDES Transmitter circuitry present in device or used in design


---------------
; Report RSKM ;
---------------
No non-DPA dedicated SERDES Receiver circuitry present in device or used in design


+------------------------------------------------+
; Unconstrained Paths Summary                    ;
+---------------------------------+-------+------+
; Property                        ; Setup ; Hold ;
+---------------------------------+-------+------+
; Illegal Clocks                  ; 0     ; 0    ;
; Unconstrained Clocks            ; 0     ; 0    ;
; Unconstrained Input Ports       ; 3     ; 3    ;
; Unconstrained Input Port Paths  ; 310   ; 310  ;
; Unconstrained Output Ports      ; 46    ; 46   ;
; Unconstrained Output Port Paths ; 55    ; 55   ;
+---------------------------------+-------+------+


+---------------------------------------------------------------------------------------------------------------------------------------------------------+
; Clock Status Summary                                                                                                                                    ;
+---------------------------------------------------------------+---------------------------------------------------------------+-----------+-------------+
; Target                                                        ; Clock                                                         ; Type      ; Status      ;
+---------------------------------------------------------------+---------------------------------------------------------------+-----------+-------------+
; CLOCK_50                                                      ; CLOCK_50                                                      ; Base      ; Constrained ;
; keyboard_top:u_kbd|ps2:uPS2|keyboard:u1|keyboard_clk_filtered ; keyboard_top:u_kbd|ps2:uPS2|keyboard:u1|keyboard_clk_filtered ; Base      ; Constrained ;
; keyboard_top:u_kbd|ps2:uPS2|keyboard:u1|ready_set             ; keyboard_top:u_kbd|ps2:uPS2|keyboard:u1|ready_set             ; Base      ; Constrained ;
; u_pll|uPLL|altpll_component|auto_generated|pll1|clk[0]        ; u_pll|uPLL|altpll_component|auto_generated|pll1|clk[0]        ; Generated ; Constrained ;
; vga_sync_pipe:u_sync|pixel_clock_int                          ; vga_sync_pipe:u_sync|pixel_clock_int                          ; Base      ; Constrained ;
+---------------------------------------------------------------+---------------------------------------------------------------+-----------+-------------+


+---------------------------------------------------------------------------------------------------+
; Unconstrained Input Ports                                                                         ;
+------------+--------------------------------------------------------------------------------------+
; Input Port ; Comment                                                                              ;
+------------+--------------------------------------------------------------------------------------+
; PS2_CLK    ; No input delay, min/max delays, false-path exceptions, or max skew assignments found ;
; PS2_DAT    ; No input delay, min/max delays, false-path exceptions, or max skew assignments found ;
; RESET_N    ; No input delay, min/max delays, false-path exceptions, or max skew assignments found ;
+------------+--------------------------------------------------------------------------------------+


+-------------------------------------------------------------------------------------------------------+
; Unconstrained Output Ports                                                                            ;
+---------------+---------------------------------------------------------------------------------------+
; Output Port   ; Comment                                                                               ;
+---------------+---------------------------------------------------------------------------------------+
; HEX_BOTTOM[0] ; No output delay, min/max delays, false-path exceptions, or max skew assignments found ;
; HEX_BOTTOM[2] ; No output delay, min/max delays, false-path exceptions, or max skew assignments found ;
; HEX_BOTTOM[3] ; No output delay, min/max delays, false-path exceptions, or max skew assignments found ;
; HEX_BOTTOM[4] ; No output delay, min/max delays, false-path exceptions, or max skew assignments found ;
; HEX_BOTTOM[5] ; No output delay, min/max delays, false-path exceptions, or max skew assignments found ;
; HEX_BOTTOM[6] ; No output delay, min/max delays, false-path exceptions, or max skew assignments found ;
; HEX_TOP[0]    ; No output delay, min/max delays, false-path exceptions, or max skew assignments found ;
; HEX_TOP[2]    ; No output delay, min/max delays, false-path exceptions, or max skew assignments found ;
; HEX_TOP[3]    ; No output delay, min/max delays, false-path exceptions, or max skew assignments found ;
; HEX_TOP[4]    ; No output delay, min/max delays, false-path exceptions, or max skew assignments found ;
; HEX_TOP[5]    ; No output delay, min/max delays, false-path exceptions, or max skew assignments found ;
; HEX_TOP[6]    ; No output delay, min/max delays, false-path exceptions, or max skew assignments found ;
; VGA_BLANK_N   ; No output delay, min/max delays, false-path exceptions, or max skew assignments found ;
; VGA_B[0]      ; No output delay, min/max delays, false-path exceptions, or max skew assignments found ;
; VGA_B[1]      ; No output delay, min/max delays, false-path exceptions, or max skew assignments found ;
; VGA_B[2]      ; No output delay, min/max delays, false-path exceptions, or max skew assignments found ;
; VGA_B[3]      ; No output delay, min/max delays, false-path exceptions, or max skew assignments found ;
; VGA_B[4]      ; No output delay, min/max delays, false-path exceptions, or max skew assignments found ;
; VGA_B[5]      ; No output delay, min/max delays, false-path exceptions, or max skew assignments found ;
; VGA_B[6]      ; No output delay, min/max delays, false-path exceptions, or max skew assignments found ;
; VGA_B[7]      ; No output delay, min/max delays, false-path exceptions, or max skew assignments found ;
; VGA_B[8]      ; No output delay, min/max delays, false-path exceptions, or max skew assignments found ;
; VGA_B[9]      ; No output delay, min/max delays, false-path exceptions, or max skew assignments found ;
; VGA_CLK       ; No output delay, min/max delays, false-path exceptions, or max skew assignments found ;
; VGA_G[0]      ; No output delay, min/max delays, false-path exceptions, or max skew assignments found ;
; VGA_G[1]      ; No output delay, min/max delays, false-path exceptions, or max skew assignments found ;
; VGA_G[2]      ; No output delay, min/max delays, false-path exceptions, or max skew assignments found ;
; VGA_G[3]      ; No output delay, min/max delays, false-path exceptions, or max skew assignments found ;
; VGA_G[4]      ; No output delay, min/max delays, false-path exceptions, or max skew assignments found ;
; VGA_G[5]      ; No output delay, min/max delays, false-path exceptions, or max skew assignments found ;
; VGA_G[6]      ; No output delay, min/max delays, false-path exceptions, or max skew assignments found ;
; VGA_G[7]      ; No output delay, min/max delays, false-path exceptions, or max skew assignments found ;
; VGA_G[8]      ; No output delay, min/max delays, false-path exceptions, or max skew assignments found ;
; VGA_G[9]      ; No output delay, min/max delays, false-path exceptions, or max skew assignments found ;
; VGA_HS        ; No output delay, min/max delays, false-path exceptions, or max skew assignments found ;
; VGA_R[0]      ; No output delay, min/max delays, false-path exceptions, or max skew assignments found ;
; VGA_R[1]      ; No output delay, min/max delays, false-path exceptions, or max skew assignments found ;
; VGA_R[2]      ; No output delay, min/max delays, false-path exceptions, or max skew assignments found ;
; VGA_R[3]      ; No output delay, min/max delays, false-path exceptions, or max skew assignments found ;
; VGA_R[4]      ; No output delay, min/max delays, false-path exceptions, or max skew assignments found ;
; VGA_R[5]      ; No output delay, min/max delays, false-path exceptions, or max skew assignments found ;
; VGA_R[6]      ; No output delay, min/max delays, false-path exceptions, or max skew assignments found ;
; VGA_R[7]      ; No output delay, min/max delays, false-path exceptions, or max skew assignments found ;
; VGA_R[8]      ; No output delay, min/max delays, false-path exceptions, or max skew assignments found ;
; VGA_R[9]      ; No output delay, min/max delays, false-path exceptions, or max skew assignments found ;
; VGA_VS        ; No output delay, min/max delays, false-path exceptions, or max skew assignments found ;
+---------------+---------------------------------------------------------------------------------------+


+---------------------------------------------------------------------------------------------------+
; Unconstrained Input Ports                                                                         ;
+------------+--------------------------------------------------------------------------------------+
; Input Port ; Comment                                                                              ;
+------------+--------------------------------------------------------------------------------------+
; PS2_CLK    ; No input delay, min/max delays, false-path exceptions, or max skew assignments found ;
; PS2_DAT    ; No input delay, min/max delays, false-path exceptions, or max skew assignments found ;
; RESET_N    ; No input delay, min/max delays, false-path exceptions, or max skew assignments found ;
+------------+--------------------------------------------------------------------------------------+


+-------------------------------------------------------------------------------------------------------+
; Unconstrained Output Ports                                                                            ;
+---------------+---------------------------------------------------------------------------------------+
; Output Port   ; Comment                                                                               ;
+---------------+---------------------------------------------------------------------------------------+
; HEX_BOTTOM[0] ; No output delay, min/max delays, false-path exceptions, or max skew assignments found ;
; HEX_BOTTOM[2] ; No output delay, min/max delays, false-path exceptions, or max skew assignments found ;
; HEX_BOTTOM[3] ; No output delay, min/max delays, false-path exceptions, or max skew assignments found ;
; HEX_BOTTOM[4] ; No output delay, min/max delays, false-path exceptions, or max skew assignments found ;
; HEX_BOTTOM[5] ; No output delay, min/max delays, false-path exceptions, or max skew assignments found ;
; HEX_BOTTOM[6] ; No output delay, min/max delays, false-path exceptions, or max skew assignments found ;
; HEX_TOP[0]    ; No output delay, min/max delays, false-path exceptions, or max skew assignments found ;
; HEX_TOP[2]    ; No output delay, min/max delays, false-path exceptions, or max skew assignments found ;
; HEX_TOP[3]    ; No output delay, min/max delays, false-path exceptions, or max skew assignments found ;
; HEX_TOP[4]    ; No output delay, min/max delays, false-path exceptions, or max skew assignments found ;
; HEX_TOP[5]    ; No output delay, min/max delays, false-path exceptions, or max skew assignments found ;
; HEX_TOP[6]    ; No output delay, min/max delays, false-path exceptions, or max skew assignments found ;
; VGA_BLANK_N   ; No output delay, min/max delays, false-path exceptions, or max skew assignments found ;
; VGA_B[0]      ; No output delay, min/max delays, false-path exceptions, or max skew assignments found ;
; VGA_B[1]      ; No output delay, min/max delays, false-path exceptions, or max skew assignments found ;
; VGA_B[2]      ; No output delay, min/max delays, false-path exceptions, or max skew assignments found ;
; VGA_B[3]      ; No output delay, min/max delays, false-path exceptions, or max skew assignments found ;
; VGA_B[4]      ; No output delay, min/max delays, false-path exceptions, or max skew assignments found ;
; VGA_B[5]      ; No output delay, min/max delays, false-path exceptions, or max skew assignments found ;
; VGA_B[6]      ; No output delay, min/max delays, false-path exceptions, or max skew assignments found ;
; VGA_B[7]      ; No output delay, min/max delays, false-path exceptions, or max skew assignments found ;
; VGA_B[8]      ; No output delay, min/max delays, false-path exceptions, or max skew assignments found ;
; VGA_B[9]      ; No output delay, min/max delays, false-path exceptions, or max skew assignments found ;
; VGA_CLK       ; No output delay, min/max delays, false-path exceptions, or max skew assignments found ;
; VGA_G[0]      ; No output delay, min/max delays, false-path exceptions, or max skew assignments found ;
; VGA_G[1]      ; No output delay, min/max delays, false-path exceptions, or max skew assignments found ;
; VGA_G[2]      ; No output delay, min/max delays, false-path exceptions, or max skew assignments found ;
; VGA_G[3]      ; No output delay, min/max delays, false-path exceptions, or max skew assignments found ;
; VGA_G[4]      ; No output delay, min/max delays, false-path exceptions, or max skew assignments found ;
; VGA_G[5]      ; No output delay, min/max delays, false-path exceptions, or max skew assignments found ;
; VGA_G[6]      ; No output delay, min/max delays, false-path exceptions, or max skew assignments found ;
; VGA_G[7]      ; No output delay, min/max delays, false-path exceptions, or max skew assignments found ;
; VGA_G[8]      ; No output delay, min/max delays, false-path exceptions, or max skew assignments found ;
; VGA_G[9]      ; No output delay, min/max delays, false-path exceptions, or max skew assignments found ;
; VGA_HS        ; No output delay, min/max delays, false-path exceptions, or max skew assignments found ;
; VGA_R[0]      ; No output delay, min/max delays, false-path exceptions, or max skew assignments found ;
; VGA_R[1]      ; No output delay, min/max delays, false-path exceptions, or max skew assignments found ;
; VGA_R[2]      ; No output delay, min/max delays, false-path exceptions, or max skew assignments found ;
; VGA_R[3]      ; No output delay, min/max delays, false-path exceptions, or max skew assignments found ;
; VGA_R[4]      ; No output delay, min/max delays, false-path exceptions, or max skew assignments found ;
; VGA_R[5]      ; No output delay, min/max delays, false-path exceptions, or max skew assignments found ;
; VGA_R[6]      ; No output delay, min/max delays, false-path exceptions, or max skew assignments found ;
; VGA_R[7]      ; No output delay, min/max delays, false-path exceptions, or max skew assignments found ;
; VGA_R[8]      ; No output delay, min/max delays, false-path exceptions, or max skew assignments found ;
; VGA_R[9]      ; No output delay, min/max delays, false-path exceptions, or max skew assignments found ;
; VGA_VS        ; No output delay, min/max delays, false-path exceptions, or max skew assignments found ;
+---------------+---------------------------------------------------------------------------------------+


+--------------------------+
; Timing Analyzer Messages ;
+--------------------------+
Info: *******************************************************************
Info: Running Quartus Prime Timing Analyzer
    Info: Version 22.1std.0 Build 915 10/25/2022 SC Lite Edition
    Info: Processing started: Sun Nov 23 19:05:49 2025
Info: Command: quartus_sta miniVGA -c miniVGA
Info: qsta_default_script.tcl version: #1
Warning (18236): Number of processors has not been specified which may cause overloading on shared machines.  Set the global assignment NUM_PARALLEL_PROCESSORS in your QSF to an appropriate value for best performance.
Info (20030): Parallel compilation is enabled and will use 4 of the 4 processors detected
Info (21077): Low junction temperature is 0 degrees C
Info (21077): High junction temperature is 85 degrees C
Critical Warning (332012): Synopsys Design Constraints File file not found: 'miniVGA.sdc'. A Synopsys Design Constraints File is required by the Timing Analyzer to get proper timing constraints. Without it, the Compiler will not properly optimize the design.
Info (332142): No user constrained generated clocks found in the design. Calling "derive_pll_clocks -create_base_clocks"
Info (332110): Deriving PLL clocks
    Info (332110): create_clock -period 20.000 -waveform {0.000 10.000} -name CLOCK_50 CLOCK_50
    Info (332110): create_generated_clock -source {u_pll|uPLL|altpll_component|auto_generated|pll1|inclk[0]} -multiply_by 2 -duty_cycle 50.00 -name {u_pll|uPLL|altpll_component|auto_generated|pll1|clk[0]} {u_pll|uPLL|altpll_component|auto_generated|pll1|clk[0]}
Info (332142): No user constrained base clocks found in the design. Calling "derive_clocks -period 1.0"
Info (332105): Deriving Clocks
    Info (332105): create_clock -period 1.000 -name vga_sync_pipe:u_sync|pixel_clock_int vga_sync_pipe:u_sync|pixel_clock_int
    Info (332105): create_clock -period 1.000 -name keyboard_top:u_kbd|ps2:uPS2|keyboard:u1|ready_set keyboard_top:u_kbd|ps2:uPS2|keyboard:u1|ready_set
    Info (332105): create_clock -period 1.000 -name keyboard_top:u_kbd|ps2:uPS2|keyboard:u1|keyboard_clk_filtered keyboard_top:u_kbd|ps2:uPS2|keyboard:u1|keyboard_clk_filtered
Info (332143): No user constrained clock uncertainty found in the design. Calling "derive_clock_uncertainty"
Info (332123): Deriving Clock Uncertainty. Please refer to report_sdc in the Timing Analyzer to see clock uncertainties.
Info: Found TIMING_ANALYZER_REPORT_SCRIPT_INCLUDE_DEFAULT_ANALYSIS = ON
Info: Analyzing Slow 1200mV 85C Model
Critical Warning (332148): Timing requirements not met
    Info (11105): For recommendations on closing timing, run Report Timing Closure Recommendations in the Timing Analyzer.
Info (332146): Worst-case setup slack is -6.962
    Info (332119):     Slack       End Point TNS Clock 
    Info (332119): ========= =================== =====================
    Info (332119):    -6.962            -219.558 vga_sync_pipe:u_sync|pixel_clock_int 
    Info (332119):    -5.362             -39.666 u_pll|uPLL|altpll_component|auto_generated|pll1|clk[0] 
    Info (332119):    -2.740             -36.478 keyboard_top:u_kbd|ps2:uPS2|keyboard:u1|keyboard_clk_filtered 
    Info (332119):    -0.647              -0.647 CLOCK_50 
Info (332146): Worst-case hold slack is -0.228
    Info (332119):     Slack       End Point TNS Clock 
    Info (332119): ========= =================== =====================
    Info (332119):    -0.228              -0.228 u_pll|uPLL|altpll_component|auto_generated|pll1|clk[0] 
    Info (332119):     0.402               0.000 keyboard_top:u_kbd|ps2:uPS2|keyboard:u1|keyboard_clk_filtered 
    Info (332119):     0.578               0.000 CLOCK_50 
    Info (332119):     0.639               0.000 vga_sync_pipe:u_sync|pixel_clock_int 
Info (332146): Worst-case recovery slack is -1.547
    Info (332119):     Slack       End Point TNS Clock 
    Info (332119): ========= =================== =====================
    Info (332119):    -1.547              -1.547 keyboard_top:u_kbd|ps2:uPS2|keyboard:u1|ready_set 
Info (332146): Worst-case removal slack is 1.513
    Info (332119):     Slack       End Point TNS Clock 
    Info (332119): ========= =================== =====================
    Info (332119):     1.513               0.000 keyboard_top:u_kbd|ps2:uPS2|keyboard:u1|ready_set 
Info (332146): Worst-case minimum pulse width slack is -2.693
    Info (332119):     Slack       End Point TNS Clock 
    Info (332119): ========= =================== =====================
    Info (332119):    -2.693             -64.373 vga_sync_pipe:u_sync|pixel_clock_int 
    Info (332119):    -1.285             -29.555 keyboard_top:u_kbd|ps2:uPS2|keyboard:u1|keyboard_clk_filtered 
    Info (332119):    -1.285              -1.285 keyboard_top:u_kbd|ps2:uPS2|keyboard:u1|ready_set 
    Info (332119):     4.694               0.000 u_pll|uPLL|altpll_component|auto_generated|pll1|clk[0] 
    Info (332119):     9.720               0.000 CLOCK_50 
Info (332114): Report Metastability: Found 3 synchronizer chains.
    Info (332114): Design MTBF is not calculated because the design doesn't meet its timing requirements.
Info: Analyzing Slow 1200mV 0C Model
Info (334003): Started post-fitting delay annotation
Info (334004): Delay annotation completed successfully
Info (332123): Deriving Clock Uncertainty. Please refer to report_sdc in the Timing Analyzer to see clock uncertainties.
Critical Warning (332148): Timing requirements not met
    Info (11105): For recommendations on closing timing, run Report Timing Closure Recommendations in the Timing Analyzer.
Info (332146): Worst-case setup slack is -6.289
    Info (332119):     Slack       End Point TNS Clock 
    Info (332119): ========= =================== =====================
    Info (332119):    -6.289            -195.380 vga_sync_pipe:u_sync|pixel_clock_int 
    Info (332119):    -4.648             -33.950 u_pll|uPLL|altpll_component|auto_generated|pll1|clk[0] 
    Info (332119):    -2.370             -31.569 keyboard_top:u_kbd|ps2:uPS2|keyboard:u1|keyboard_clk_filtered 
    Info (332119):    -0.518              -0.518 CLOCK_50 
Info (332146): Worst-case hold slack is -0.323
    Info (332119):     Slack       End Point TNS Clock 
    Info (332119): ========= =================== =====================
    Info (332119):    -0.323              -0.323 u_pll|uPLL|altpll_component|auto_generated|pll1|clk[0] 
    Info (332119):     0.353               0.000 keyboard_top:u_kbd|ps2:uPS2|keyboard:u1|keyboard_clk_filtered 
    Info (332119):     0.498               0.000 CLOCK_50 
    Info (332119):     0.585               0.000 vga_sync_pipe:u_sync|pixel_clock_int 
Info (332146): Worst-case recovery slack is -1.425
    Info (332119):     Slack       End Point TNS Clock 
    Info (332119): ========= =================== =====================
    Info (332119):    -1.425              -1.425 keyboard_top:u_kbd|ps2:uPS2|keyboard:u1|ready_set 
Info (332146): Worst-case removal slack is 1.433
    Info (332119):     Slack       End Point TNS Clock 
    Info (332119): ========= =================== =====================
    Info (332119):     1.433               0.000 keyboard_top:u_kbd|ps2:uPS2|keyboard:u1|ready_set 
Info (332146): Worst-case minimum pulse width slack is -2.649
    Info (332119):     Slack       End Point TNS Clock 
    Info (332119): ========= =================== =====================
    Info (332119):    -2.649             -64.329 vga_sync_pipe:u_sync|pixel_clock_int 
    Info (332119):    -1.285             -29.555 keyboard_top:u_kbd|ps2:uPS2|keyboard:u1|keyboard_clk_filtered 
    Info (332119):    -1.285              -1.285 keyboard_top:u_kbd|ps2:uPS2|keyboard:u1|ready_set 
    Info (332119):     4.685               0.000 u_pll|uPLL|altpll_component|auto_generated|pll1|clk[0] 
    Info (332119):     9.724               0.000 CLOCK_50 
Info (332114): Report Metastability: Found 3 synchronizer chains.
    Info (332114): Design MTBF is not calculated because the design doesn't meet its timing requirements.
Info: Analyzing Fast 1200mV 0C Model
Info (332123): Deriving Clock Uncertainty. Please refer to report_sdc in the Timing Analyzer to see clock uncertainties.
Critical Warning (332148): Timing requirements not met
    Info (11105): For recommendations on closing timing, run Report Timing Closure Recommendations in the Timing Analyzer.
Info (332146): Worst-case setup slack is -2.993
    Info (332119):     Slack       End Point TNS Clock 
    Info (332119): ========= =================== =====================
    Info (332119):    -2.993             -84.238 vga_sync_pipe:u_sync|pixel_clock_int 
    Info (332119):    -2.318             -16.025 u_pll|uPLL|altpll_component|auto_generated|pll1|clk[0] 
    Info (332119):    -0.915              -6.085 keyboard_top:u_kbd|ps2:uPS2|keyboard:u1|keyboard_clk_filtered 
    Info (332119):    -0.018              -0.018 CLOCK_50 
Info (332146): Worst-case hold slack is -0.142
    Info (332119):     Slack       End Point TNS Clock 
    Info (332119): ========= =================== =====================
    Info (332119):    -0.142              -0.142 u_pll|uPLL|altpll_component|auto_generated|pll1|clk[0] 
    Info (332119):     0.181               0.000 keyboard_top:u_kbd|ps2:uPS2|keyboard:u1|keyboard_clk_filtered 
    Info (332119):     0.229               0.000 CLOCK_50 
    Info (332119):     0.291               0.000 vga_sync_pipe:u_sync|pixel_clock_int 
Info (332146): Worst-case recovery slack is -0.428
    Info (332119):     Slack       End Point TNS Clock 
    Info (332119): ========= =================== =====================
    Info (332119):    -0.428              -0.428 keyboard_top:u_kbd|ps2:uPS2|keyboard:u1|ready_set 
Info (332146): Worst-case removal slack is 0.657
    Info (332119):     Slack       End Point TNS Clock 
    Info (332119): ========= =================== =====================
    Info (332119):     0.657               0.000 keyboard_top:u_kbd|ps2:uPS2|keyboard:u1|ready_set 
Info (332146): Worst-case minimum pulse width slack is -1.000
    Info (332119):     Slack       End Point TNS Clock 
    Info (332119): ========= =================== =====================
    Info (332119):    -1.000             -49.000 vga_sync_pipe:u_sync|pixel_clock_int 
    Info (332119):    -1.000             -23.000 keyboard_top:u_kbd|ps2:uPS2|keyboard:u1|keyboard_clk_filtered 
    Info (332119):    -1.000              -1.000 keyboard_top:u_kbd|ps2:uPS2|keyboard:u1|ready_set 
    Info (332119):     4.779               0.000 u_pll|uPLL|altpll_component|auto_generated|pll1|clk[0] 
    Info (332119):     9.457               0.000 CLOCK_50 
Info (332114): Report Metastability: Found 3 synchronizer chains.
    Info (332114): Design MTBF is not calculated because the design doesn't meet its timing requirements.
Info (332102): Design is not fully constrained for setup requirements
Info (332102): Design is not fully constrained for hold requirements
Info: Quartus Prime Timing Analyzer was successful. 0 errors, 5 warnings
    Info: Peak virtual memory: 13326 megabytes
    Info: Processing ended: Sun Nov 23 19:05:52 2025
    Info: Elapsed time: 00:00:03
    Info: Total CPU time (on all processors): 00:00:03


