Fitter report for miniVGA
Sun Nov 23 19:05:42 2025
Quartus Prime Version 22.1std.0 Build 915 10/25/2022 SC Lite Edition


---------------------
; Table of Contents ;
---------------------
  1. Legal Notice
  2. Fitter Summary
  3. Fitter Settings
  4. Parallel Compilation
  5. Ignored Assignments
  6. Incremental Compilation Preservation Summary
  7. Incremental Compilation Partition Settings
  8. Incremental Compilation Placement Preservation
  9. Pin-Out File
 10. Fitter Resource Usage Summary
 11. Fitter Partition Statistics
 12. Input Pins
 13. Output Pins
 14. Dual Purpose and Dedicated Pins
 15. I/O Bank Usage
 16. All Package Pins
 17. PLL Summary
 18. PLL Usage
 19. I/O Assignment Warnings
 20. Fitter Resource Utilization by Entity
 21. Delay Chain Summary
 22. Pad To Core Delay Chain Fanout
 23. Control Signals
 24. Global & Other Fast Signals
 25. Fitter RAM Summary
 26. |tank_duel_top|pixelGenerator_dynamicbulletmodule:u_pix|colorROM:colors|altsyncram:altsyncram_component|altsyncram_b481:auto_generated|ALTSYNCRAM
 27. Routing Usage Summary
 28. LAB Logic Elements
 29. LAB-wide Signals
 30. LAB Signals Sourced
 31. LAB Signals Sourced Out
 32. LAB Distinct Inputs
 33. I/O Rules Summary
 34. I/O Rules Details
 35. I/O Rules Matrix
 36. Fitter Device Options
 37. Operating Settings and Conditions
 38. Estimated Delay Added for Hold Timing Summary
 39. Estimated Delay Added for Hold Timing Details
 40. Fitter Messages
 41. Fitter Suppressed Messages



----------------
; Legal Notice ;
----------------
Copyright (C) 2022  Intel Corporation. All rights reserved.
Your use of Intel Corporation's design tools, logic functions 
and other software and tools, and any partner logic 
functions, and any output files from any of the foregoing 
(including device programming or simulation files), and any 
associated documentation or information are expressly subject 
to the terms and conditions of the Intel Program License 
Subscription Agreement, the Intel Quartus Prime License Agreement,
the Intel FPGA IP License Agreement, or other applicable license
agreement, including, without limitation, that your use is for
the sole purpose of programming logic devices manufactured by
Intel and sold by Intel or its authorized distributors.  Please
refer to the applicable agreement for further details, at
https://fpgasoftware.intel.com/eula.



+-------------------------------------------------------------------------------------+
; Fitter Summary                                                                      ;
+------------------------------------+------------------------------------------------+
; Fitter Status                      ; Successful - Sun Nov 23 19:05:42 2025          ;
; Quartus Prime Version              ; 22.1std.0 Build 915 10/25/2022 SC Lite Edition ;
; Revision Name                      ; miniVGA                                        ;
; Top-level Entity Name              ; tank_duel_top                                  ;
; Family                             ; Cyclone IV E                                   ;
; Device                             ; EP4CE115F29C7                                  ;
; Timing Models                      ; Final                                          ;
; Total logic elements               ; 1,964 / 114,480 ( 2 % )                        ;
;     Total combinational functions  ; 1,894 / 114,480 ( 2 % )                        ;
;     Dedicated logic registers      ; 365 / 114,480 ( < 1 % )                        ;
; Total registers                    ; 365                                            ;
; Total pins                         ; 52 / 529 ( 10 % )                              ;
; Total virtual pins                 ; 0                                              ;
; Total memory bits                  ; 240 / 3,981,312 ( < 1 % )                      ;
; Embedded Multiplier 9-bit elements ; 0 / 532 ( 0 % )                                ;
; Total PLLs                         ; 1 / 4 ( 25 % )                                 ;
+------------------------------------+------------------------------------------------+


+----------------------------------------------------------------------------------------------------------------------------------------------------+
; Fitter Settings                                                                                                                                    ;
+--------------------------------------------------------------------+---------------------------------------+---------------------------------------+
; Option                                                             ; Setting                               ; Default Value                         ;
+--------------------------------------------------------------------+---------------------------------------+---------------------------------------+
; Device                                                             ; EP4CE115F29C7                         ;                                       ;
; Nominal Core Supply Voltage                                        ; 1.2V                                  ;                                       ;
; Minimum Core Junction Temperature                                  ; 0                                     ;                                       ;
; Maximum Core Junction Temperature                                  ; 85                                    ;                                       ;
; Fit Attempts to Skip                                               ; 0                                     ; 0.0                                   ;
; Use smart compilation                                              ; Off                                   ; Off                                   ;
; Enable parallel Assembler and Timing Analyzer during compilation   ; On                                    ; On                                    ;
; Enable compact report table                                        ; Off                                   ; Off                                   ;
; Auto Merge PLLs                                                    ; On                                    ; On                                    ;
; Router Timing Optimization Level                                   ; Normal                                ; Normal                                ;
; Perform Clocking Topology Analysis During Routing                  ; Off                                   ; Off                                   ;
; Placement Effort Multiplier                                        ; 1.0                                   ; 1.0                                   ;
; Router Effort Multiplier                                           ; 1.0                                   ; 1.0                                   ;
; Optimize Hold Timing                                               ; All Paths                             ; All Paths                             ;
; Optimize Multi-Corner Timing                                       ; On                                    ; On                                    ;
; Power Optimization During Fitting                                  ; Normal compilation                    ; Normal compilation                    ;
; SSN Optimization                                                   ; Off                                   ; Off                                   ;
; Optimize Timing                                                    ; Normal compilation                    ; Normal compilation                    ;
; Optimize Timing for ECOs                                           ; Off                                   ; Off                                   ;
; Regenerate Full Fit Report During ECO Compiles                     ; Off                                   ; Off                                   ;
; Optimize IOC Register Placement for Timing                         ; Normal                                ; Normal                                ;
; Limit to One Fitting Attempt                                       ; Off                                   ; Off                                   ;
; Final Placement Optimizations                                      ; Automatically                         ; Automatically                         ;
; Fitter Aggressive Routability Optimizations                        ; Automatically                         ; Automatically                         ;
; Fitter Initial Placement Seed                                      ; 1                                     ; 1                                     ;
; Periphery to Core Placement and Routing Optimization               ; Off                                   ; Off                                   ;
; PCI I/O                                                            ; Off                                   ; Off                                   ;
; Weak Pull-Up Resistor                                              ; Off                                   ; Off                                   ;
; Enable Bus-Hold Circuitry                                          ; Off                                   ; Off                                   ;
; Auto Packed Registers                                              ; Auto                                  ; Auto                                  ;
; Auto Delay Chains                                                  ; On                                    ; On                                    ;
; Auto Delay Chains for High Fanout Input Pins                       ; Off                                   ; Off                                   ;
; Allow Single-ended Buffer for Differential-XSTL Input              ; Off                                   ; Off                                   ;
; Treat Bidirectional Pin as Output Pin                              ; Off                                   ; Off                                   ;
; Perform Physical Synthesis for Combinational Logic for Fitting     ; Off                                   ; Off                                   ;
; Perform Physical Synthesis for Combinational Logic for Performance ; Off                                   ; Off                                   ;
; Perform Register Duplication for Performance                       ; Off                                   ; Off                                   ;
; Perform Logic to Memory Mapping for Fitting                        ; Off                                   ; Off                                   ;
; Perform Register Retiming for Performance                          ; Off                                   ; Off                                   ;
; Perform Asynchronous Signal Pipelining                             ; Off                                   ; Off                                   ;
; Fitter Effort                                                      ; Auto Fit                              ; Auto Fit                              ;
; Physical Synthesis Effort Level                                    ; Normal                                ; Normal                                ;
; Logic Cell Insertion - Logic Duplication                           ; Auto                                  ; Auto                                  ;
; Auto Register Duplication                                          ; Auto                                  ; Auto                                  ;
; Auto Global Clock                                                  ; On                                    ; On                                    ;
; Auto Global Register Control Signals                               ; On                                    ; On                                    ;
; Reserve all unused pins                                            ; As input tri-stated with weak pull-up ; As input tri-stated with weak pull-up ;
; Synchronizer Identification                                        ; Auto                                  ; Auto                                  ;
; Enable Beneficial Skew Optimization                                ; On                                    ; On                                    ;
; Optimize Design for Metastability                                  ; On                                    ; On                                    ;
; Force Fitter to Avoid Periphery Placement Warnings                 ; Off                                   ; Off                                   ;
; Enable input tri-state on active configuration pins in user mode   ; Off                                   ; Off                                   ;
+--------------------------------------------------------------------+---------------------------------------+---------------------------------------+


+------------------------------------------+
; Parallel Compilation                     ;
+----------------------------+-------------+
; Processors                 ; Number      ;
+----------------------------+-------------+
; Number detected on machine ; 4           ;
; Maximum allowed            ; 4           ;
;                            ;             ;
; Average used               ; 1.03        ;
; Maximum used               ; 4           ;
;                            ;             ;
; Usage by Processor         ; % Time Used ;
;     Processor 1            ; 100.0%      ;
;     Processor 2            ;   1.0%      ;
;     Processor 3            ;   1.0%      ;
;     Processor 4            ;   0.9%      ;
+----------------------------+-------------+


+------------------------------------------------------------------------------------------+
; Ignored Assignments                                                                      ;
+----------+----------------+--------------+--------------+---------------+----------------+
; Name     ; Ignored Entity ; Ignored From ; Ignored To   ; Ignored Value ; Ignored Source ;
+----------+----------------+--------------+--------------+---------------+----------------+
; Location ;                ;              ; horiz_sync   ; PIN_G13       ; QSF Assignment ;
; Location ;                ;              ; verti_sync   ; PIN_C13       ; QSF Assignment ;
; Location ;                ;              ; vga_blank    ; PIN_F11       ; QSF Assignment ;
; Location ;                ;              ; vga_blue[0]  ; PIN_B10       ; QSF Assignment ;
; Location ;                ;              ; vga_blue[1]  ; PIN_A10       ; QSF Assignment ;
; Location ;                ;              ; vga_blue[2]  ; PIN_C11       ; QSF Assignment ;
; Location ;                ;              ; vga_blue[3]  ; PIN_B11       ; QSF Assignment ;
; Location ;                ;              ; vga_blue[4]  ; PIN_A11       ; QSF Assignment ;
; Location ;                ;              ; vga_blue[5]  ; PIN_C12       ; QSF Assignment ;
; Location ;                ;              ; vga_blue[6]  ; PIN_D11       ; QSF Assignment ;
; Location ;                ;              ; vga_blue[7]  ; PIN_D12       ; QSF Assignment ;
; Location ;                ;              ; vga_green[0] ; PIN_G8        ; QSF Assignment ;
; Location ;                ;              ; vga_green[1] ; PIN_G11       ; QSF Assignment ;
; Location ;                ;              ; vga_green[2] ; PIN_F8        ; QSF Assignment ;
; Location ;                ;              ; vga_green[3] ; PIN_H12       ; QSF Assignment ;
; Location ;                ;              ; vga_green[4] ; PIN_C8        ; QSF Assignment ;
; Location ;                ;              ; vga_green[5] ; PIN_B8        ; QSF Assignment ;
; Location ;                ;              ; vga_green[6] ; PIN_F10       ; QSF Assignment ;
; Location ;                ;              ; vga_green[7] ; PIN_C9        ; QSF Assignment ;
; Location ;                ;              ; vga_red[0]   ; PIN_E12       ; QSF Assignment ;
; Location ;                ;              ; vga_red[1]   ; PIN_E11       ; QSF Assignment ;
; Location ;                ;              ; vga_red[2]   ; PIN_D10       ; QSF Assignment ;
; Location ;                ;              ; vga_red[3]   ; PIN_F12       ; QSF Assignment ;
; Location ;                ;              ; vga_red[4]   ; PIN_G10       ; QSF Assignment ;
; Location ;                ;              ; vga_red[5]   ; PIN_J12       ; QSF Assignment ;
; Location ;                ;              ; vga_red[6]   ; PIN_H8        ; QSF Assignment ;
; Location ;                ;              ; vga_red[7]   ; PIN_H10       ; QSF Assignment ;
+----------+----------------+--------------+--------------+---------------+----------------+


+---------------------------------------------------------------------------------------------------+
; Incremental Compilation Preservation Summary                                                      ;
+---------------------+---------------------+----------------------------+--------------------------+
; Type                ; Total [A + B]       ; From Design Partitions [A] ; From Rapid Recompile [B] ;
+---------------------+---------------------+----------------------------+--------------------------+
; Placement (by node) ;                     ;                            ;                          ;
;     -- Requested    ; 0.00 % ( 0 / 2403 ) ; 0.00 % ( 0 / 2403 )        ; 0.00 % ( 0 / 2403 )      ;
;     -- Achieved     ; 0.00 % ( 0 / 2403 ) ; 0.00 % ( 0 / 2403 )        ; 0.00 % ( 0 / 2403 )      ;
;                     ;                     ;                            ;                          ;
; Routing (by net)    ;                     ;                            ;                          ;
;     -- Requested    ; 0.00 % ( 0 / 0 )    ; 0.00 % ( 0 / 0 )           ; 0.00 % ( 0 / 0 )         ;
;     -- Achieved     ; 0.00 % ( 0 / 0 )    ; 0.00 % ( 0 / 0 )           ; 0.00 % ( 0 / 0 )         ;
+---------------------+---------------------+----------------------------+--------------------------+


+----------------------------------------------------------------------------------------------------------------------------------------------------------------------------------------+
; Incremental Compilation Partition Settings                                                                                                                                             ;
+--------------------------------+----------------+-------------------+-------------------------+------------------------+------------------------------+--------------------------------+
; Partition Name                 ; Partition Type ; Netlist Type Used ; Preservation Level Used ; Netlist Type Requested ; Preservation Level Requested ; Contents                       ;
+--------------------------------+----------------+-------------------+-------------------------+------------------------+------------------------------+--------------------------------+
; Top                            ; User-created   ; Source File       ; N/A                     ; Source File            ; N/A                          ;                                ;
; hard_block:auto_generated_inst ; Auto-generated ; Source File       ; N/A                     ; Source File            ; N/A                          ; hard_block:auto_generated_inst ;
+--------------------------------+----------------+-------------------+-------------------------+------------------------+------------------------------+--------------------------------+


+------------------------------------------------------------------------------------------------------------------------------------+
; Incremental Compilation Placement Preservation                                                                                     ;
+--------------------------------+-----------------------+-------------------------+-------------------+---------------------+-------+
; Partition Name                 ; Preservation Achieved ; Preservation Level Used ; Netlist Type Used ; Preservation Method ; Notes ;
+--------------------------------+-----------------------+-------------------------+-------------------+---------------------+-------+
; Top                            ; 0.00 % ( 0 / 2391 )   ; N/A                     ; Source File       ; N/A                 ;       ;
; hard_block:auto_generated_inst ; 0.00 % ( 0 / 12 )     ; N/A                     ; Source File       ; N/A                 ;       ;
+--------------------------------+-----------------------+-------------------------+-------------------+---------------------+-------+


+--------------+
; Pin-Out File ;
+--------------+
The pin-out file can be found in C:/VHDL_training/miniVGA/output_files/miniVGA.pin.


+---------------------------------------------------------------------------+
; Fitter Resource Usage Summary                                             ;
+---------------------------------------------+-----------------------------+
; Resource                                    ; Usage                       ;
+---------------------------------------------+-----------------------------+
; Total logic elements                        ; 1,964 / 114,480 ( 2 % )     ;
;     -- Combinational with no register       ; 1599                        ;
;     -- Register only                        ; 70                          ;
;     -- Combinational with a register        ; 295                         ;
;                                             ;                             ;
; Logic element usage by number of LUT inputs ;                             ;
;     -- 4 input functions                    ; 267                         ;
;     -- 3 input functions                    ; 636                         ;
;     -- <=2 input functions                  ; 991                         ;
;     -- Register only                        ; 70                          ;
;                                             ;                             ;
; Logic elements by mode                      ;                             ;
;     -- normal mode                          ; 642                         ;
;     -- arithmetic mode                      ; 1252                        ;
;                                             ;                             ;
; Total registers*                            ; 365 / 117,053 ( < 1 % )     ;
;     -- Dedicated logic registers            ; 365 / 114,480 ( < 1 % )     ;
;     -- I/O registers                        ; 0 / 2,573 ( 0 % )           ;
;                                             ;                             ;
; Total LABs:  partially or completely used   ; 163 / 7,155 ( 2 % )         ;
; Virtual pins                                ; 0                           ;
; I/O pins                                    ; 52 / 529 ( 10 % )           ;
;     -- Clock pins                           ; 3 / 7 ( 43 % )              ;
;     -- Dedicated input pins                 ; 0 / 9 ( 0 % )               ;
;                                             ;                             ;
; M9Ks                                        ; 1 / 432 ( < 1 % )           ;
; Total block memory bits                     ; 240 / 3,981,312 ( < 1 % )   ;
; Total block memory implementation bits      ; 9,216 / 3,981,312 ( < 1 % ) ;
; Embedded Multiplier 9-bit elements          ; 0 / 532 ( 0 % )             ;
; PLLs                                        ; 1 / 4 ( 25 % )              ;
; Global signals                              ; 4                           ;
;     -- Global clocks                        ; 4 / 20 ( 20 % )             ;
; JTAGs                                       ; 0 / 1 ( 0 % )               ;
; CRC blocks                                  ; 0 / 1 ( 0 % )               ;
; ASMI blocks                                 ; 0 / 1 ( 0 % )               ;
; Oscillator blocks                           ; 0 / 1 ( 0 % )               ;
; Impedance control blocks                    ; 0 / 4 ( 0 % )               ;
; Average interconnect usage (total/H/V)      ; 0.5% / 0.5% / 0.5%          ;
; Peak interconnect usage (total/H/V)         ; 10.8% / 10.1% / 11.7%       ;
; Maximum fan-out                             ; 292                         ;
; Highest non-global fan-out                  ; 81                          ;
; Total fan-out                               ; 6300                        ;
; Average fan-out                             ; 2.57                        ;
+---------------------------------------------+-----------------------------+
*  Register count does not include registers inside RAM blocks or DSP blocks.



+-------------------------------------------------------------------------------------------------------+
; Fitter Partition Statistics                                                                           ;
+---------------------------------------------+------------------------+--------------------------------+
; Statistic                                   ; Top                    ; hard_block:auto_generated_inst ;
+---------------------------------------------+------------------------+--------------------------------+
; Difficulty Clustering Region                ; Low                    ; Low                            ;
;                                             ;                        ;                                ;
; Total logic elements                        ; 1964 / 114480 ( 2 % )  ; 0 / 114480 ( 0 % )             ;
;     -- Combinational with no register       ; 1599                   ; 0                              ;
;     -- Register only                        ; 70                     ; 0                              ;
;     -- Combinational with a register        ; 295                    ; 0                              ;
;                                             ;                        ;                                ;
; Logic element usage by number of LUT inputs ;                        ;                                ;
;     -- 4 input functions                    ; 267                    ; 0                              ;
;     -- 3 input functions                    ; 636                    ; 0                              ;
;     -- <=2 input functions                  ; 991                    ; 0                              ;
;     -- Register only                        ; 70                     ; 0                              ;
;                                             ;                        ;                                ;
; Logic elements by mode                      ;                        ;                                ;
;     -- normal mode                          ; 642                    ; 0                              ;
;     -- arithmetic mode                      ; 1252                   ; 0                              ;
;                                             ;                        ;                                ;
; Total registers                             ; 365                    ; 0                              ;
;     -- Dedicated logic registers            ; 365 / 114480 ( < 1 % ) ; 0 / 114480 ( 0 % )             ;
;     -- I/O registers                        ; 0                      ; 0                              ;
;                                             ;                        ;                                ;
; Total LABs:  partially or completely used   ; 163 / 7155 ( 2 % )     ; 0 / 7155 ( 0 % )               ;
;                                             ;                        ;                                ;
; Virtual pins                                ; 0                      ; 0                              ;
; I/O pins                                    ; 52                     ; 0                              ;
; Embedded Multiplier 9-bit elements          ; 0 / 532 ( 0 % )        ; 0 / 532 ( 0 % )                ;
; Total memory bits                           ; 240                    ; 0                              ;
; Total RAM block bits                        ; 9216                   ; 0                              ;
; PLL                                         ; 0 / 4 ( 0 % )          ; 1 / 4 ( 25 % )                 ;
; M9K                                         ; 1 / 432 ( < 1 % )      ; 0 / 432 ( 0 % )                ;
; Clock control block                         ; 3 / 24 ( 12 % )        ; 1 / 24 ( 4 % )                 ;
;                                             ;                        ;                                ;
; Connections                                 ;                        ;                                ;
;     -- Input Connections                    ; 292                    ; 1                              ;
;     -- Registered Input Connections         ; 292                    ; 0                              ;
;     -- Output Connections                   ; 1                      ; 292                            ;
;     -- Registered Output Connections        ; 0                      ; 0                              ;
;                                             ;                        ;                                ;
; Internal Connections                        ;                        ;                                ;
;     -- Total Connections                    ; 6293                   ; 300                            ;
;     -- Registered Connections               ; 2234                   ; 0                              ;
;                                             ;                        ;                                ;
; External Connections                        ;                        ;                                ;
;     -- Top                                  ; 0                      ; 293                            ;
;     -- hard_block:auto_generated_inst       ; 293                    ; 0                              ;
;                                             ;                        ;                                ;
; Partition Interface                         ;                        ;                                ;
;     -- Input Ports                          ; 4                      ; 1                              ;
;     -- Output Ports                         ; 48                     ; 1                              ;
;     -- Bidir Ports                          ; 0                      ; 0                              ;
;                                             ;                        ;                                ;
; Registered Ports                            ;                        ;                                ;
;     -- Registered Input Ports               ; 0                      ; 0                              ;
;     -- Registered Output Ports              ; 0                      ; 0                              ;
;                                             ;                        ;                                ;
; Port Connectivity                           ;                        ;                                ;
;     -- Input Ports driven by GND            ; 0                      ; 0                              ;
;     -- Output Ports driven by GND           ; 0                      ; 0                              ;
;     -- Input Ports driven by VCC            ; 0                      ; 0                              ;
;     -- Output Ports driven by VCC           ; 0                      ; 0                              ;
;     -- Input Ports with no Source           ; 0                      ; 0                              ;
;     -- Output Ports with no Source          ; 0                      ; 0                              ;
;     -- Input Ports with no Fanout           ; 0                      ; 0                              ;
;     -- Output Ports with no Fanout          ; 0                      ; 0                              ;
+---------------------------------------------+------------------------+--------------------------------+


+-------------------------------------------------------------------------------------------------------------------------------------------------------------------------------------------------------------------------------------------------------------------------------------------+
; Input Pins                                                                                                                                                                                                                                                                                ;
+----------+-------+----------+--------------+--------------+--------------+-----------------------+--------------------+--------+----------------+---------------+-----------------+----------+--------------+--------------+---------------------------+----------------------+-----------+
; Name     ; Pin # ; I/O Bank ; X coordinate ; Y coordinate ; Z coordinate ; Combinational Fan-Out ; Registered Fan-Out ; Global ; Input Register ; Power Up High ; PCI I/O Enabled ; Bus Hold ; Weak Pull Up ; I/O Standard ; Termination Control Block ; Location assigned by ; Slew Rate ;
+----------+-------+----------+--------------+--------------+--------------+-----------------------+--------------------+--------+----------------+---------------+-----------------+----------+--------------+--------------+---------------------------+----------------------+-----------+
; CLOCK_50 ; Y2    ; 2        ; 0            ; 36           ; 14           ; 2                     ; 0                  ; no     ; no             ; no            ; yes             ; no       ; Off          ; 2.5 V        ; --                        ; User                 ; no        ;
; PS2_CLK  ; J27   ; 6        ; 115          ; 37           ; 0            ; 1                     ; 0                  ; no     ; no             ; no            ; yes             ; no       ; Off          ; 2.5 V        ; --                        ; Fitter               ; no        ;
; PS2_DAT  ; J28   ; 6        ; 115          ; 37           ; 7            ; 3                     ; 0                  ; no     ; no             ; no            ; yes             ; no       ; Off          ; 2.5 V        ; --                        ; Fitter               ; no        ;
; RESET_N  ; A14   ; 8        ; 56           ; 73           ; 14           ; 292                   ; 0                  ; yes    ; no             ; no            ; yes             ; no       ; Off          ; 2.5 V        ; --                        ; Fitter               ; no        ;
+----------+-------+----------+--------------+--------------+--------------+-----------------------+--------------------+--------+----------------+---------------+-----------------+----------+--------------+--------------+---------------------------+----------------------+-----------+


+----------------------------------------------------------------------------------------------------------------------------------------------------------------------------------------------------------------------------------------------------------------------------------------------------------------------------------------------------------------------------------------------------------------------------------------------------------------+
; Output Pins                                                                                                                                                                                                                                                                                                                                                                                                                                                    ;
+---------------+-------+----------+--------------+--------------+--------------+-----------------+------------------------+---------------+-----------+-----------------+------------+---------------+----------+--------------+--------------+------------------+-----------------------------------+---------------------------+----------------------------+-----------------------------+----------------------+----------------------+---------------------+
; Name          ; Pin # ; I/O Bank ; X coordinate ; Y coordinate ; Z coordinate ; Output Register ; Output Enable Register ; Power Up High ; Slew Rate ; PCI I/O Enabled ; Open Drain ; TRI Primitive ; Bus Hold ; Weak Pull Up ; I/O Standard ; Current Strength ; Termination                       ; Termination Control Block ; Output Buffer Pre-emphasis ; Voltage Output Differential ; Location assigned by ; Output Enable Source ; Output Enable Group ;
+---------------+-------+----------+--------------+--------------+--------------+-----------------+------------------------+---------------+-----------+-----------------+------------+---------------+----------+--------------+--------------+------------------+-----------------------------------+---------------------------+----------------------------+-----------------------------+----------------------+----------------------+---------------------+
; HEX_BOTTOM[0] ; C14   ; 8        ; 52           ; 73           ; 0            ; no              ; no                     ; no            ; 2         ; no              ; no         ; no            ; no       ; Off          ; 2.5 V        ; Default          ; Series 50 Ohm without Calibration ; --                        ; no                         ; no                          ; Fitter               ; -                    ; -                   ;
; HEX_BOTTOM[1] ; AF5   ; 3        ; 5            ; 0            ; 14           ; no              ; no                     ; no            ; 2         ; no              ; no         ; no            ; no       ; Off          ; 2.5 V        ; Default          ; Series 50 Ohm without Calibration ; --                        ; no                         ; no                          ; Fitter               ; -                    ; -                   ;
; HEX_BOTTOM[2] ; C13   ; 8        ; 54           ; 73           ; 0            ; no              ; no                     ; no            ; 2         ; no              ; no         ; no            ; no       ; Off          ; 2.5 V        ; Default          ; Series 50 Ohm without Calibration ; --                        ; no                         ; no                          ; Fitter               ; -                    ; -                   ;
; HEX_BOTTOM[3] ; D14   ; 8        ; 52           ; 73           ; 7            ; no              ; no                     ; no            ; 2         ; no              ; no         ; no            ; no       ; Off          ; 2.5 V        ; Default          ; Series 50 Ohm without Calibration ; --                        ; no                         ; no                          ; Fitter               ; -                    ; -                   ;
; HEX_BOTTOM[4] ; C12   ; 8        ; 52           ; 73           ; 14           ; no              ; no                     ; no            ; 2         ; no              ; no         ; no            ; no       ; Off          ; 2.5 V        ; Default          ; Series 50 Ohm without Calibration ; --                        ; no                         ; no                          ; Fitter               ; -                    ; -                   ;
; HEX_BOTTOM[5] ; J14   ; 8        ; 49           ; 73           ; 21           ; no              ; no                     ; no            ; 2         ; no              ; no         ; no            ; no       ; Off          ; 2.5 V        ; Default          ; Series 50 Ohm without Calibration ; --                        ; no                         ; no                          ; Fitter               ; -                    ; -                   ;
; HEX_BOTTOM[6] ; D12   ; 8        ; 52           ; 73           ; 21           ; no              ; no                     ; no            ; 2         ; no              ; no         ; no            ; no       ; Off          ; 2.5 V        ; Default          ; Series 50 Ohm without Calibration ; --                        ; no                         ; no                          ; Fitter               ; -                    ; -                   ;
; HEX_TOP[0]    ; AF16  ; 4        ; 65           ; 0            ; 14           ; no              ; no                     ; no            ; 2         ; no              ; no         ; no            ; no       ; Off          ; 2.5 V        ; Default          ; Series 50 Ohm without Calibration ; --                        ; no                         ; no                          ; Fitter               ; -                    ; -                   ;
; HEX_TOP[1]    ; L5    ; 1        ; 0            ; 58           ; 14           ; no              ; no                     ; no            ; 2         ; no              ; no         ; no            ; no       ; Off          ; 2.5 V        ; Default          ; Series 50 Ohm without Calibration ; --                        ; no                         ; no                          ; Fitter               ; -                    ; -                   ;
; HEX_TOP[2]    ; AF15  ; 4        ; 60           ; 0            ; 0            ; no              ; no                     ; no            ; 2         ; no              ; no         ; no            ; no       ; Off          ; 2.5 V        ; Default          ; Series 50 Ohm without Calibration ; --                        ; no                         ; no                          ; Fitter               ; -                    ; -                   ;
; HEX_TOP[3]    ; AB16  ; 4        ; 65           ; 0            ; 0            ; no              ; no                     ; no            ; 2         ; no              ; no         ; no            ; no       ; Off          ; 2.5 V        ; Default          ; Series 50 Ohm without Calibration ; --                        ; no                         ; no                          ; Fitter               ; -                    ; -                   ;
; HEX_TOP[4]    ; AH17  ; 4        ; 62           ; 0            ; 14           ; no              ; no                     ; no            ; 2         ; no              ; no         ; no            ; no       ; Off          ; 2.5 V        ; Default          ; Series 50 Ohm without Calibration ; --                        ; no                         ; no                          ; Fitter               ; -                    ; -                   ;
; HEX_TOP[5]    ; AE15  ; 4        ; 60           ; 0            ; 7            ; no              ; no                     ; no            ; 2         ; no              ; no         ; no            ; no       ; Off          ; 2.5 V        ; Default          ; Series 50 Ohm without Calibration ; --                        ; no                         ; no                          ; Fitter               ; -                    ; -                   ;
; HEX_TOP[6]    ; AG17  ; 4        ; 62           ; 0            ; 21           ; no              ; no                     ; no            ; 2         ; no              ; no         ; no            ; no       ; Off          ; 2.5 V        ; Default          ; Series 50 Ohm without Calibration ; --                        ; no                         ; no                          ; Fitter               ; -                    ; -                   ;
; VGA_BLANK_N   ; R28   ; 5        ; 115          ; 34           ; 21           ; no              ; no                     ; no            ; 2         ; no              ; no         ; no            ; no       ; Off          ; 2.5 V        ; Default          ; Series 50 Ohm without Calibration ; --                        ; no                         ; no                          ; Fitter               ; -                    ; -                   ;
; VGA_B[0]      ; F11   ; 8        ; 31           ; 73           ; 7            ; no              ; no                     ; no            ; 2         ; no              ; no         ; no            ; no       ; Off          ; 2.5 V        ; Default          ; Series 50 Ohm without Calibration ; --                        ; no                         ; no                          ; Fitter               ; -                    ; -                   ;
; VGA_B[1]      ; J13   ; 8        ; 40           ; 73           ; 0            ; no              ; no                     ; no            ; 2         ; no              ; no         ; no            ; no       ; Off          ; 2.5 V        ; Default          ; Series 50 Ohm without Calibration ; --                        ; no                         ; no                          ; Fitter               ; -                    ; -                   ;
; VGA_B[2]      ; J12   ; 8        ; 40           ; 73           ; 7            ; no              ; no                     ; no            ; 2         ; no              ; no         ; no            ; no       ; Off          ; 2.5 V        ; Default          ; Series 50 Ohm without Calibration ; --                        ; no                         ; no                          ; Fitter               ; -                    ; -                   ;
; VGA_B[3]      ; C10   ; 8        ; 35           ; 73           ; 14           ; no              ; no                     ; no            ; 2         ; no              ; no         ; no            ; no       ; Off          ; 2.5 V        ; Default          ; Series 50 Ohm without Calibration ; --                        ; no                         ; no                          ; Fitter               ; -                    ; -                   ;
; VGA_B[4]      ; F14   ; 8        ; 45           ; 73           ; 0            ; no              ; no                     ; no            ; 2         ; no              ; no         ; no            ; no       ; Off          ; 2.5 V        ; Default          ; Series 50 Ohm without Calibration ; --                        ; no                         ; no                          ; Fitter               ; -                    ; -                   ;
; VGA_B[5]      ; G12   ; 8        ; 27           ; 73           ; 7            ; no              ; no                     ; no            ; 2         ; no              ; no         ; no            ; no       ; Off          ; 2.5 V        ; Default          ; Series 50 Ohm without Calibration ; --                        ; no                         ; no                          ; Fitter               ; -                    ; -                   ;
; VGA_B[6]      ; A7    ; 8        ; 29           ; 73           ; 0            ; no              ; no                     ; no            ; 2         ; no              ; no         ; no            ; no       ; Off          ; 2.5 V        ; Default          ; Series 50 Ohm without Calibration ; --                        ; no                         ; no                          ; Fitter               ; -                    ; -                   ;
; VGA_B[7]      ; A11   ; 8        ; 42           ; 73           ; 0            ; no              ; no                     ; no            ; 2         ; no              ; no         ; no            ; no       ; Off          ; 2.5 V        ; Default          ; Series 50 Ohm without Calibration ; --                        ; no                         ; no                          ; Fitter               ; -                    ; -                   ;
; VGA_B[8]      ; B11   ; 8        ; 42           ; 73           ; 7            ; no              ; no                     ; no            ; 2         ; no              ; no         ; no            ; no       ; Off          ; 2.5 V        ; Default          ; Series 50 Ohm without Calibration ; --                        ; no                         ; no                          ; Fitter               ; -                    ; -                   ;
; VGA_B[9]      ; E11   ; 8        ; 31           ; 73           ; 0            ; no              ; no                     ; no            ; 2         ; no              ; no         ; no            ; no       ; Off          ; 2.5 V        ; Default          ; Series 50 Ohm without Calibration ; --                        ; no                         ; no                          ; Fitter               ; -                    ; -                   ;
; VGA_CLK       ; A12   ; 8        ; 47           ; 73           ; 0            ; no              ; no                     ; no            ; 2         ; no              ; no         ; no            ; no       ; Off          ; 2.5 V        ; Default          ; Series 50 Ohm without Calibration ; --                        ; no                         ; no                          ; User                 ; -                    ; -                   ;
; VGA_G[0]      ; F12   ; 8        ; 33           ; 73           ; 7            ; no              ; no                     ; no            ; 2         ; no              ; no         ; no            ; no       ; Off          ; 2.5 V        ; Default          ; Series 50 Ohm without Calibration ; --                        ; no                         ; no                          ; Fitter               ; -                    ; -                   ;
; VGA_G[1]      ; H14   ; 8        ; 49           ; 73           ; 14           ; no              ; no                     ; no            ; 2         ; no              ; no         ; no            ; no       ; Off          ; 2.5 V        ; Default          ; Series 50 Ohm without Calibration ; --                        ; no                         ; no                          ; Fitter               ; -                    ; -                   ;
; VGA_G[2]      ; B7    ; 8        ; 29           ; 73           ; 7            ; no              ; no                     ; no            ; 2         ; no              ; no         ; no            ; no       ; Off          ; 2.5 V        ; Default          ; Series 50 Ohm without Calibration ; --                        ; no                         ; no                          ; Fitter               ; -                    ; -                   ;
; VGA_G[3]      ; G14   ; 8        ; 47           ; 73           ; 14           ; no              ; no                     ; no            ; 2         ; no              ; no         ; no            ; no       ; Off          ; 2.5 V        ; Default          ; Series 50 Ohm without Calibration ; --                        ; no                         ; no                          ; Fitter               ; -                    ; -                   ;
; VGA_G[4]      ; C11   ; 8        ; 23           ; 73           ; 0            ; no              ; no                     ; no            ; 2         ; no              ; no         ; no            ; no       ; Off          ; 2.5 V        ; Default          ; Series 50 Ohm without Calibration ; --                        ; no                         ; no                          ; Fitter               ; -                    ; -                   ;
; VGA_G[5]      ; H13   ; 8        ; 38           ; 73           ; 21           ; no              ; no                     ; no            ; 2         ; no              ; no         ; no            ; no       ; Off          ; 2.5 V        ; Default          ; Series 50 Ohm without Calibration ; --                        ; no                         ; no                          ; Fitter               ; -                    ; -                   ;
; VGA_G[6]      ; E14   ; 8        ; 45           ; 73           ; 7            ; no              ; no                     ; no            ; 2         ; no              ; no         ; no            ; no       ; Off          ; 2.5 V        ; Default          ; Series 50 Ohm without Calibration ; --                        ; no                         ; no                          ; Fitter               ; -                    ; -                   ;
; VGA_G[7]      ; E12   ; 8        ; 33           ; 73           ; 0            ; no              ; no                     ; no            ; 2         ; no              ; no         ; no            ; no       ; Off          ; 2.5 V        ; Default          ; Series 50 Ohm without Calibration ; --                        ; no                         ; no                          ; Fitter               ; -                    ; -                   ;
; VGA_G[8]      ; H12   ; 8        ; 25           ; 73           ; 21           ; no              ; no                     ; no            ; 2         ; no              ; no         ; no            ; no       ; Off          ; 2.5 V        ; Default          ; Series 50 Ohm without Calibration ; --                        ; no                         ; no                          ; Fitter               ; -                    ; -                   ;
; VGA_G[9]      ; D2    ; 1        ; 0            ; 68           ; 0            ; no              ; no                     ; no            ; 2         ; no              ; no         ; no            ; no       ; Off          ; 2.5 V        ; Default          ; Series 50 Ohm without Calibration ; --                        ; no                         ; no                          ; Fitter               ; -                    ; -                   ;
; VGA_HS        ; AC15  ; 4        ; 60           ; 0            ; 21           ; no              ; no                     ; no            ; 2         ; no              ; no         ; no            ; no       ; Off          ; 2.5 V        ; Default          ; Series 50 Ohm without Calibration ; --                        ; no                         ; no                          ; Fitter               ; -                    ; -                   ;
; VGA_R[0]      ; B6    ; 8        ; 27           ; 73           ; 21           ; no              ; no                     ; no            ; 2         ; no              ; no         ; no            ; no       ; Off          ; 2.5 V        ; Default          ; Series 50 Ohm without Calibration ; --                        ; no                         ; no                          ; Fitter               ; -                    ; -                   ;
; VGA_R[1]      ; A6    ; 8        ; 27           ; 73           ; 14           ; no              ; no                     ; no            ; 2         ; no              ; no         ; no            ; no       ; Off          ; 2.5 V        ; Default          ; Series 50 Ohm without Calibration ; --                        ; no                         ; no                          ; Fitter               ; -                    ; -                   ;
; VGA_R[2]      ; A10   ; 8        ; 38           ; 73           ; 0            ; no              ; no                     ; no            ; 2         ; no              ; no         ; no            ; no       ; Off          ; 2.5 V        ; Default          ; Series 50 Ohm without Calibration ; --                        ; no                         ; no                          ; Fitter               ; -                    ; -                   ;
; VGA_R[3]      ; B10   ; 8        ; 38           ; 73           ; 7            ; no              ; no                     ; no            ; 2         ; no              ; no         ; no            ; no       ; Off          ; 2.5 V        ; Default          ; Series 50 Ohm without Calibration ; --                        ; no                         ; no                          ; Fitter               ; -                    ; -                   ;
; VGA_R[4]      ; D9    ; 8        ; 23           ; 73           ; 21           ; no              ; no                     ; no            ; 2         ; no              ; no         ; no            ; no       ; Off          ; 2.5 V        ; Default          ; Series 50 Ohm without Calibration ; --                        ; no                         ; no                          ; Fitter               ; -                    ; -                   ;
; VGA_R[5]      ; D10   ; 8        ; 35           ; 73           ; 21           ; no              ; no                     ; no            ; 2         ; no              ; no         ; no            ; no       ; Off          ; 2.5 V        ; Default          ; Series 50 Ohm without Calibration ; --                        ; no                         ; no                          ; Fitter               ; -                    ; -                   ;
; VGA_R[6]      ; G11   ; 8        ; 25           ; 73           ; 14           ; no              ; no                     ; no            ; 2         ; no              ; no         ; no            ; no       ; Off          ; 2.5 V        ; Default          ; Series 50 Ohm without Calibration ; --                        ; no                         ; no                          ; Fitter               ; -                    ; -                   ;
; VGA_R[7]      ; C9    ; 8        ; 23           ; 73           ; 14           ; no              ; no                     ; no            ; 2         ; no              ; no         ; no            ; no       ; Off          ; 2.5 V        ; Default          ; Series 50 Ohm without Calibration ; --                        ; no                         ; no                          ; Fitter               ; -                    ; -                   ;
; VGA_R[8]      ; G13   ; 8        ; 38           ; 73           ; 14           ; no              ; no                     ; no            ; 2         ; no              ; no         ; no            ; no       ; Off          ; 2.5 V        ; Default          ; Series 50 Ohm without Calibration ; --                        ; no                         ; no                          ; Fitter               ; -                    ; -                   ;
; VGA_R[9]      ; D11   ; 8        ; 23           ; 73           ; 7            ; no              ; no                     ; no            ; 2         ; no              ; no         ; no            ; no       ; Off          ; 2.5 V        ; Default          ; Series 50 Ohm without Calibration ; --                        ; no                         ; no                          ; Fitter               ; -                    ; -                   ;
; VGA_VS        ; AC14  ; 3        ; 56           ; 0            ; 21           ; no              ; no                     ; no            ; 2         ; no              ; no         ; no            ; no       ; Off          ; 2.5 V        ; Default          ; Series 50 Ohm without Calibration ; --                        ; no                         ; no                          ; Fitter               ; -                    ; -                   ;
+---------------+-------+----------+--------------+--------------+--------------+-----------------+------------------------+---------------+-----------+-----------------+------------+---------------+----------+--------------+--------------+------------------+-----------------------------------+---------------------------+----------------------------+-----------------------------+----------------------+----------------------+---------------------+


+--------------------------------------------------------------------------------------------------------------------------------------+
; Dual Purpose and Dedicated Pins                                                                                                      ;
+----------+------------------------------------------+--------------------------+-------------------------+---------------------------+
; Location ; Pin Name                                 ; Reserved As              ; User Signal Name        ; Pin Type                  ;
+----------+------------------------------------------+--------------------------+-------------------------+---------------------------+
; F4       ; DIFFIO_L5n, DATA1, ASDO                  ; As input tri-stated      ; ~ALTERA_ASDO_DATA1~     ; Dual Purpose Pin          ;
; E2       ; DIFFIO_L8p, FLASH_nCE, nCSO              ; As input tri-stated      ; ~ALTERA_FLASH_nCE_nCSO~ ; Dual Purpose Pin          ;
; M6       ; nSTATUS                                  ; -                        ; -                       ; Dedicated Programming Pin ;
; P3       ; DCLK                                     ; As output driving ground ; ~ALTERA_DCLK~           ; Dual Purpose Pin          ;
; N7       ; DATA0                                    ; As input tri-stated      ; ~ALTERA_DATA0~          ; Dual Purpose Pin          ;
; P4       ; nCONFIG                                  ; -                        ; -                       ; Dedicated Programming Pin ;
; R8       ; nCE                                      ; -                        ; -                       ; Dedicated Programming Pin ;
; P24      ; CONF_DONE                                ; -                        ; -                       ; Dedicated Programming Pin ;
; N22      ; MSEL0                                    ; -                        ; -                       ; Dedicated Programming Pin ;
; P23      ; MSEL1                                    ; -                        ; -                       ; Dedicated Programming Pin ;
; M22      ; MSEL2                                    ; -                        ; -                       ; Dedicated Programming Pin ;
; P22      ; MSEL3                                    ; -                        ; -                       ; Dedicated Programming Pin ;
; P28      ; DIFFIO_R23n, nCEO                        ; Use as programming pin   ; ~ALTERA_nCEO~           ; Dual Purpose Pin          ;
; D14      ; DIFFIO_T30p, PADD15                      ; Use as regular IO        ; HEX_BOTTOM[3]           ; Dual Purpose Pin          ;
; C12      ; DIFFIO_T29n, PADD16                      ; Use as regular IO        ; HEX_BOTTOM[4]           ; Dual Purpose Pin          ;
; D12      ; DIFFIO_T29p, PADD17, DQS5T/CQ5T#,DPCLK10 ; Use as regular IO        ; HEX_BOTTOM[6]           ; Dual Purpose Pin          ;
; A11      ; DIFFIO_T25n, DATA2                       ; Use as regular IO        ; VGA_B[7]                ; Dual Purpose Pin          ;
; B11      ; DIFFIO_T25p, DATA3                       ; Use as regular IO        ; VGA_B[8]                ; Dual Purpose Pin          ;
; A10      ; DIFFIO_T23n, PADD18                      ; Use as regular IO        ; VGA_R[2]                ; Dual Purpose Pin          ;
; B10      ; DIFFIO_T23p, DATA4                       ; Use as regular IO        ; VGA_R[3]                ; Dual Purpose Pin          ;
; G13      ; DIFFIO_T22n, PADD19                      ; Use as regular IO        ; VGA_R[8]                ; Dual Purpose Pin          ;
; H13      ; DIFFIO_T22p, DATA15                      ; Use as regular IO        ; VGA_G[5]                ; Dual Purpose Pin          ;
; E12      ; DIFFIO_T20n, DATA14, DQS3T/CQ3T#,DPCLK11 ; Use as regular IO        ; VGA_G[7]                ; Dual Purpose Pin          ;
; F12      ; DIFFIO_T20p, DATA13                      ; Use as regular IO        ; VGA_G[0]                ; Dual Purpose Pin          ;
; B7       ; DIFFIO_T18p, DATA5                       ; Use as regular IO        ; VGA_G[2]                ; Dual Purpose Pin          ;
; B6       ; DIFFIO_T17p, DATA6                       ; Use as regular IO        ; VGA_R[0]                ; Dual Purpose Pin          ;
; C11      ; DIFFIO_T15n, DATA7                       ; Use as regular IO        ; VGA_G[4]                ; Dual Purpose Pin          ;
; D9       ; DIFFIO_T14p, DATA8                       ; Use as regular IO        ; VGA_R[4]                ; Dual Purpose Pin          ;
+----------+------------------------------------------+--------------------------+-------------------------+---------------------------+


+------------------------------------------------------------+
; I/O Bank Usage                                             ;
+----------+------------------+---------------+--------------+
; I/O Bank ; Usage            ; VCCIO Voltage ; VREF Voltage ;
+----------+------------------+---------------+--------------+
; 1        ; 6 / 56 ( 11 % )  ; 2.5V          ; --           ;
; 2        ; 1 / 63 ( 2 % )   ; 2.5V          ; --           ;
; 3        ; 2 / 73 ( 3 % )   ; 2.5V          ; --           ;
; 4        ; 7 / 71 ( 10 % )  ; 2.5V          ; --           ;
; 5        ; 1 / 65 ( 2 % )   ; 2.5V          ; --           ;
; 6        ; 3 / 58 ( 5 % )   ; 2.5V          ; --           ;
; 7        ; 0 / 72 ( 0 % )   ; 2.5V          ; --           ;
; 8        ; 37 / 71 ( 52 % ) ; 2.5V          ; --           ;
+----------+------------------+---------------+--------------+


+-----------------------------------------------------------------------------------------------------------------------------------------------------------------------------------------+
; All Package Pins                                                                                                                                                                        ;
+----------+------------+----------+-----------------------------------------------------------+--------+--------------+---------+------------+-----------------+----------+--------------+
; Location ; Pad Number ; I/O Bank ; Pin Name/Usage                                            ; Dir.   ; I/O Standard ; Voltage ; I/O Type   ; User Assignment ; Bus Hold ; Weak Pull Up ;
+----------+------------+----------+-----------------------------------------------------------+--------+--------------+---------+------------+-----------------+----------+--------------+
; A2       ;            ; 8        ; VCCIO8                                                    ; power  ;              ; 2.5V    ; --         ;                 ; --       ; --           ;
; A3       ; 535        ; 8        ; RESERVED_INPUT_WITH_WEAK_PULLUP                           ;        ;              ;         ; Column I/O ;                 ; no       ; On           ;
; A4       ; 532        ; 8        ; RESERVED_INPUT_WITH_WEAK_PULLUP                           ;        ;              ;         ; Column I/O ;                 ; no       ; On           ;
; A5       ;            ; 8        ; VCCIO8                                                    ; power  ;              ; 2.5V    ; --         ;                 ; --       ; --           ;
; A6       ; 504        ; 8        ; VGA_R[1]                                                  ; output ; 2.5 V        ;         ; Column I/O ; N               ; no       ; Off          ;
; A7       ; 501        ; 8        ; VGA_B[6]                                                  ; output ; 2.5 V        ;         ; Column I/O ; N               ; no       ; Off          ;
; A8       ; 517        ; 8        ; RESERVED_INPUT_WITH_WEAK_PULLUP                           ;        ;              ;         ; Column I/O ;                 ; no       ; On           ;
; A9       ;            ; 8        ; VCCIO8                                                    ; power  ;              ; 2.5V    ; --         ;                 ; --       ; --           ;
; A10      ; 491        ; 8        ; VGA_R[2]                                                  ; output ; 2.5 V        ;         ; Column I/O ; N               ; no       ; Off          ;
; A11      ; 487        ; 8        ; VGA_B[7]                                                  ; output ; 2.5 V        ;         ; Column I/O ; N               ; no       ; Off          ;
; A12      ; 482        ; 8        ; VGA_CLK                                                   ; output ; 2.5 V        ;         ; Column I/O ; Y               ; no       ; Off          ;
; A13      ;            ; 8        ; VCCIO8                                                    ; power  ;              ; 2.5V    ; --         ;                 ; --       ; --           ;
; A14      ; 472        ; 8        ; RESET_N                                                   ; input  ; 2.5 V        ;         ; Column I/O ; N               ; no       ; Off          ;
; A15      ; 470        ; 7        ; GND+                                                      ;        ;              ;         ; Column I/O ;                 ; --       ; --           ;
; A16      ;            ; 7        ; VCCIO7                                                    ; power  ;              ; 2.5V    ; --         ;                 ; --       ; --           ;
; A17      ; 462        ; 7        ; RESERVED_INPUT_WITH_WEAK_PULLUP                           ;        ;              ;         ; Column I/O ;                 ; no       ; On           ;
; A18      ; 442        ; 7        ; RESERVED_INPUT_WITH_WEAK_PULLUP                           ;        ;              ;         ; Column I/O ;                 ; no       ; On           ;
; A19      ; 440        ; 7        ; RESERVED_INPUT_WITH_WEAK_PULLUP                           ;        ;              ;         ; Column I/O ;                 ; no       ; On           ;
; A20      ;            ; 7        ; VCCIO7                                                    ; power  ;              ; 2.5V    ; --         ;                 ; --       ; --           ;
; A21      ; 425        ; 7        ; RESERVED_INPUT_WITH_WEAK_PULLUP                           ;        ;              ;         ; Column I/O ;                 ; no       ; On           ;
; A22      ; 423        ; 7        ; RESERVED_INPUT_WITH_WEAK_PULLUP                           ;        ;              ;         ; Column I/O ;                 ; no       ; On           ;
; A23      ; 412        ; 7        ; RESERVED_INPUT_WITH_WEAK_PULLUP                           ;        ;              ;         ; Column I/O ;                 ; no       ; On           ;
; A24      ;            ; 7        ; VCCIO7                                                    ; power  ;              ; 2.5V    ; --         ;                 ; --       ; --           ;
; A25      ; 405        ; 7        ; RESERVED_INPUT_WITH_WEAK_PULLUP                           ;        ;              ;         ; Column I/O ;                 ; no       ; On           ;
; A26      ; 404        ; 7        ; RESERVED_INPUT_WITH_WEAK_PULLUP                           ;        ;              ;         ; Column I/O ;                 ; no       ; On           ;
; A27      ;            ; 7        ; VCCIO7                                                    ; power  ;              ; 2.5V    ; --         ;                 ; --       ; --           ;
; AA1      ;            ; 2        ; VCCIO2                                                    ; power  ;              ; 2.5V    ; --         ;                 ; --       ; --           ;
; AA2      ;            ;          ; GND                                                       ; gnd    ;              ;         ; --         ;                 ; --       ; --           ;
; AA3      ; 102        ; 2        ; RESERVED_INPUT_WITH_WEAK_PULLUP                           ;        ;              ;         ; Row I/O    ;                 ; no       ; On           ;
; AA4      ; 101        ; 2        ; RESERVED_INPUT_WITH_WEAK_PULLUP                           ;        ;              ;         ; Row I/O    ;                 ; no       ; On           ;
; AA5      ; 119        ; 2        ; RESERVED_INPUT_WITH_WEAK_PULLUP                           ;        ;              ;         ; Row I/O    ;                 ; no       ; On           ;
; AA6      ; 118        ; 2        ; RESERVED_INPUT_WITH_WEAK_PULLUP                           ;        ;              ;         ; Row I/O    ;                 ; no       ; On           ;
; AA7      ; 120        ; 2        ; RESERVED_INPUT_WITH_WEAK_PULLUP                           ;        ;              ;         ; Row I/O    ;                 ; no       ; On           ;
; AA8      ; 154        ; 3        ; RESERVED_INPUT_WITH_WEAK_PULLUP                           ;        ;              ;         ; Column I/O ;                 ; no       ; On           ;
; AA9      ;            ;          ; GNDA1                                                     ; gnd    ;              ;         ; --         ;                 ; --       ; --           ;
; AA10     ; 155        ; 3        ; RESERVED_INPUT_WITH_WEAK_PULLUP                           ;        ;              ;         ; Column I/O ;                 ; no       ; On           ;
; AA11     ;            ; 3        ; VCCIO3                                                    ; power  ;              ; 2.5V    ; --         ;                 ; --       ; --           ;
; AA12     ; 188        ; 3        ; RESERVED_INPUT_WITH_WEAK_PULLUP                           ;        ;              ;         ; Column I/O ;                 ; no       ; On           ;
; AA13     ; 190        ; 3        ; RESERVED_INPUT_WITH_WEAK_PULLUP                           ;        ;              ;         ; Column I/O ;                 ; no       ; On           ;
; AA14     ; 191        ; 3        ; RESERVED_INPUT_WITH_WEAK_PULLUP                           ;        ;              ;         ; Column I/O ;                 ; no       ; On           ;
; AA15     ; 213        ; 4        ; RESERVED_INPUT_WITH_WEAK_PULLUP                           ;        ;              ;         ; Column I/O ;                 ; --       ; --           ;
; AA16     ; 211        ; 4        ; RESERVED_INPUT_WITH_WEAK_PULLUP                           ;        ;              ;         ; Column I/O ;                 ; no       ; On           ;
; AA17     ; 241        ; 4        ; RESERVED_INPUT_WITH_WEAK_PULLUP                           ;        ;              ;         ; Column I/O ;                 ; no       ; On           ;
; AA18     ;            ; 4        ; VCCIO4                                                    ; power  ;              ; 2.5V    ; --         ;                 ; --       ; --           ;
; AA19     ; 264        ; 4        ; RESERVED_INPUT_WITH_WEAK_PULLUP                           ;        ;              ;         ; Column I/O ;                 ; no       ; On           ;
; AA20     ;            ;          ; GNDA4                                                     ; gnd    ;              ;         ; --         ;                 ; --       ; --           ;
; AA21     ; 269        ; 4        ; RESERVED_INPUT_WITH_WEAK_PULLUP                           ;        ;              ;         ; Column I/O ;                 ; no       ; On           ;
; AA22     ; 275        ; 5        ; RESERVED_INPUT_WITH_WEAK_PULLUP                           ;        ;              ;         ; Row I/O    ;                 ; no       ; On           ;
; AA23     ; 280        ; 5        ; RESERVED_INPUT_WITH_WEAK_PULLUP                           ;        ;              ;         ; Row I/O    ;                 ; no       ; On           ;
; AA24     ; 279        ; 5        ; RESERVED_INPUT_WITH_WEAK_PULLUP                           ;        ;              ;         ; Row I/O    ;                 ; --       ; --           ;
; AA25     ; 294        ; 5        ; RESERVED_INPUT_WITH_WEAK_PULLUP                           ;        ;              ;         ; Row I/O    ;                 ; no       ; On           ;
; AA26     ; 293        ; 5        ; RESERVED_INPUT_WITH_WEAK_PULLUP                           ;        ;              ;         ; Row I/O    ;                 ; no       ; On           ;
; AA27     ;            ;          ; GND                                                       ; gnd    ;              ;         ; --         ;                 ; --       ; --           ;
; AA28     ;            ; 5        ; VCCIO5                                                    ; power  ;              ; 2.5V    ; --         ;                 ; --       ; --           ;
; AB1      ; 86         ; 2        ; RESERVED_INPUT_WITH_WEAK_PULLUP                           ;        ;              ;         ; Row I/O    ;                 ; no       ; On           ;
; AB2      ; 85         ; 2        ; RESERVED_INPUT_WITH_WEAK_PULLUP                           ;        ;              ;         ; Row I/O    ;                 ; no       ; On           ;
; AB3      ; 99         ; 2        ; RESERVED_INPUT_WITH_WEAK_PULLUP                           ;        ;              ;         ; Row I/O    ;                 ; no       ; On           ;
; AB4      ; 121        ; 2        ; RESERVED_INPUT_WITH_WEAK_PULLUP                           ;        ;              ;         ; Row I/O    ;                 ; --       ; --           ;
; AB5      ; 127        ; 2        ; RESERVED_INPUT_WITH_WEAK_PULLUP                           ;        ;              ;         ; Row I/O    ;                 ; no       ; On           ;
; AB6      ; 126        ; 2        ; RESERVED_INPUT_WITH_WEAK_PULLUP                           ;        ;              ;         ; Row I/O    ;                 ; no       ; On           ;
; AB7      ; 152        ; 3        ; RESERVED_INPUT_WITH_WEAK_PULLUP                           ;        ;              ;         ; Column I/O ;                 ; no       ; On           ;
; AB8      ; 148        ; 3        ; RESERVED_INPUT_WITH_WEAK_PULLUP                           ;        ;              ;         ; Column I/O ;                 ; no       ; On           ;
; AB9      ; 147        ; 3        ; RESERVED_INPUT_WITH_WEAK_PULLUP                           ;        ;              ;         ; Column I/O ;                 ; no       ; On           ;
; AB10     ; 173        ; 3        ; RESERVED_INPUT_WITH_WEAK_PULLUP                           ;        ;              ;         ; Column I/O ;                 ; no       ; On           ;
; AB11     ; 164        ; 3        ; RESERVED_INPUT_WITH_WEAK_PULLUP                           ;        ;              ;         ; Column I/O ;                 ; --       ; --           ;
; AB12     ; 180        ; 3        ; RESERVED_INPUT_WITH_WEAK_PULLUP                           ;        ;              ;         ; Column I/O ;                 ; no       ; On           ;
; AB13     ; 181        ; 3        ; RESERVED_INPUT_WITH_WEAK_PULLUP                           ;        ;              ;         ; Column I/O ;                 ; --       ; --           ;
; AB14     ; 192        ; 3        ; RESERVED_INPUT_WITH_WEAK_PULLUP                           ;        ;              ;         ; Column I/O ;                 ; no       ; On           ;
; AB15     ; 214        ; 4        ; RESERVED_INPUT_WITH_WEAK_PULLUP                           ;        ;              ;         ; Column I/O ;                 ; no       ; On           ;
; AB16     ; 212        ; 4        ; HEX_TOP[3]                                                ; output ; 2.5 V        ;         ; Column I/O ; N               ; no       ; Off          ;
; AB17     ; 242        ; 4        ; RESERVED_INPUT_WITH_WEAK_PULLUP                           ;        ;              ;         ; Column I/O ;                 ; no       ; On           ;
; AB18     ; 254        ; 4        ; RESERVED_INPUT_WITH_WEAK_PULLUP                           ;        ;              ;         ; Column I/O ;                 ; no       ; On           ;
; AB19     ; 253        ; 4        ; RESERVED_INPUT_WITH_WEAK_PULLUP                           ;        ;              ;         ; Column I/O ;                 ; no       ; On           ;
; AB20     ; 257        ; 4        ; RESERVED_INPUT_WITH_WEAK_PULLUP                           ;        ;              ;         ; Column I/O ;                 ; --       ; --           ;
; AB21     ; 266        ; 4        ; RESERVED_INPUT_WITH_WEAK_PULLUP                           ;        ;              ;         ; Column I/O ;                 ; no       ; On           ;
; AB22     ; 265        ; 4        ; RESERVED_INPUT_WITH_WEAK_PULLUP                           ;        ;              ;         ; Column I/O ;                 ; no       ; On           ;
; AB23     ; 276        ; 5        ; RESERVED_INPUT_WITH_WEAK_PULLUP                           ;        ;              ;         ; Row I/O    ;                 ; no       ; On           ;
; AB24     ; 274        ; 5        ; RESERVED_INPUT_WITH_WEAK_PULLUP                           ;        ;              ;         ; Row I/O    ;                 ; no       ; On           ;
; AB25     ; 292        ; 5        ; RESERVED_INPUT_WITH_WEAK_PULLUP                           ;        ;              ;         ; Row I/O    ;                 ; no       ; On           ;
; AB26     ; 291        ; 5        ; RESERVED_INPUT_WITH_WEAK_PULLUP                           ;        ;              ;         ; Row I/O    ;                 ; no       ; On           ;
; AB27     ; 296        ; 5        ; RESERVED_INPUT_WITH_WEAK_PULLUP                           ;        ;              ;         ; Row I/O    ;                 ; no       ; On           ;
; AB28     ; 295        ; 5        ; RESERVED_INPUT_WITH_WEAK_PULLUP                           ;        ;              ;         ; Row I/O    ;                 ; no       ; On           ;
; AC1      ; 94         ; 2        ; RESERVED_INPUT_WITH_WEAK_PULLUP                           ;        ;              ;         ; Row I/O    ;                 ; no       ; On           ;
; AC2      ; 93         ; 2        ; RESERVED_INPUT_WITH_WEAK_PULLUP                           ;        ;              ;         ; Row I/O    ;                 ; no       ; On           ;
; AC3      ; 95         ; 2        ; RESERVED_INPUT_WITH_WEAK_PULLUP                           ;        ;              ;         ; Row I/O    ;                 ; no       ; On           ;
; AC4      ; 125        ; 2        ; RESERVED_INPUT_WITH_WEAK_PULLUP                           ;        ;              ;         ; Row I/O    ;                 ; no       ; On           ;
; AC5      ; 124        ; 2        ; RESERVED_INPUT_WITH_WEAK_PULLUP                           ;        ;              ;         ; Row I/O    ;                 ; no       ; On           ;
; AC6      ;            ;          ; GND                                                       ; gnd    ;              ;         ; --         ;                 ; --       ; --           ;
; AC7      ; 144        ; 3        ; RESERVED_INPUT_WITH_WEAK_PULLUP                           ;        ;              ;         ; Column I/O ;                 ; no       ; On           ;
; AC8      ; 153        ; 3        ; RESERVED_INPUT_WITH_WEAK_PULLUP                           ;        ;              ;         ; Column I/O ;                 ; no       ; On           ;
; AC9      ;            ;          ; GND                                                       ; gnd    ;              ;         ; --         ;                 ; --       ; --           ;
; AC10     ; 174        ; 3        ; RESERVED_INPUT_WITH_WEAK_PULLUP                           ;        ;              ;         ; Column I/O ;                 ; no       ; On           ;
; AC11     ; 185        ; 3        ; RESERVED_INPUT_WITH_WEAK_PULLUP                           ;        ;              ;         ; Column I/O ;                 ; no       ; On           ;
; AC12     ; 179        ; 3        ; RESERVED_INPUT_WITH_WEAK_PULLUP                           ;        ;              ;         ; Column I/O ;                 ; no       ; On           ;
; AC13     ;            ;          ; GND                                                       ; gnd    ;              ;         ; --         ;                 ; --       ; --           ;
; AC14     ; 195        ; 3        ; VGA_VS                                                    ; output ; 2.5 V        ;         ; Column I/O ; N               ; no       ; Off          ;
; AC15     ; 203        ; 4        ; VGA_HS                                                    ; output ; 2.5 V        ;         ; Column I/O ; N               ; no       ; Off          ;
; AC16     ;            ;          ; GND                                                       ; gnd    ;              ;         ; --         ;                 ; --       ; --           ;
; AC17     ; 221        ; 4        ; RESERVED_INPUT_WITH_WEAK_PULLUP                           ;        ;              ;         ; Column I/O ;                 ; no       ; On           ;
; AC18     ; 240        ; 4        ; RESERVED_INPUT_WITH_WEAK_PULLUP                           ;        ;              ;         ; Column I/O ;                 ; --       ; --           ;
; AC19     ; 247        ; 4        ; RESERVED_INPUT_WITH_WEAK_PULLUP                           ;        ;              ;         ; Column I/O ;                 ; no       ; On           ;
; AC20     ;            ;          ; GND                                                       ; gnd    ;              ;         ; --         ;                 ; --       ; --           ;
; AC21     ; 258        ; 4        ; RESERVED_INPUT_WITH_WEAK_PULLUP                           ;        ;              ;         ; Column I/O ;                 ; no       ; On           ;
; AC22     ; 267        ; 4        ; RESERVED_INPUT_WITH_WEAK_PULLUP                           ;        ;              ;         ; Column I/O ;                 ; no       ; On           ;
; AC23     ;            ;          ; GND                                                       ; gnd    ;              ;         ; --         ;                 ; --       ; --           ;
; AC24     ; 273        ; 5        ; RESERVED_INPUT_WITH_WEAK_PULLUP                           ;        ;              ;         ; Row I/O    ;                 ; no       ; On           ;
; AC25     ; 272        ; 5        ; RESERVED_INPUT_WITH_WEAK_PULLUP                           ;        ;              ;         ; Row I/O    ;                 ; no       ; On           ;
; AC26     ; 282        ; 5        ; RESERVED_INPUT_WITH_WEAK_PULLUP                           ;        ;              ;         ; Row I/O    ;                 ; no       ; On           ;
; AC27     ; 290        ; 5        ; RESERVED_INPUT_WITH_WEAK_PULLUP                           ;        ;              ;         ; Row I/O    ;                 ; no       ; On           ;
; AC28     ; 289        ; 5        ; RESERVED_INPUT_WITH_WEAK_PULLUP                           ;        ;              ;         ; Row I/O    ;                 ; no       ; On           ;
; AD1      ; 98         ; 2        ; RESERVED_INPUT_WITH_WEAK_PULLUP                           ;        ;              ;         ; Row I/O    ;                 ; no       ; On           ;
; AD2      ; 97         ; 2        ; RESERVED_INPUT_WITH_WEAK_PULLUP                           ;        ;              ;         ; Row I/O    ;                 ; no       ; On           ;
; AD3      ; 96         ; 2        ; RESERVED_INPUT_WITH_WEAK_PULLUP                           ;        ;              ;         ; Row I/O    ;                 ; no       ; On           ;
; AD4      ; 130        ; 3        ; RESERVED_INPUT_WITH_WEAK_PULLUP                           ;        ;              ;         ; Column I/O ;                 ; no       ; On           ;
; AD5      ; 128        ; 3        ; RESERVED_INPUT_WITH_WEAK_PULLUP                           ;        ;              ;         ; Column I/O ;                 ; no       ; On           ;
; AD6      ;            ; 3        ; VCCIO3                                                    ; power  ;              ; 2.5V    ; --         ;                 ; --       ; --           ;
; AD7      ; 134        ; 3        ; RESERVED_INPUT_WITH_WEAK_PULLUP                           ;        ;              ;         ; Column I/O ;                 ; no       ; On           ;
; AD8      ; 143        ; 3        ; RESERVED_INPUT_WITH_WEAK_PULLUP                           ;        ;              ;         ; Column I/O ;                 ; no       ; On           ;
; AD9      ;            ; 3        ; VCCIO3                                                    ; power  ;              ; 2.5V    ; --         ;                 ; --       ; --           ;
; AD10     ; 149        ; 3        ; RESERVED_INPUT_WITH_WEAK_PULLUP                           ;        ;              ;         ; Column I/O ;                 ; no       ; On           ;
; AD11     ; 186        ; 3        ; RESERVED_INPUT_WITH_WEAK_PULLUP                           ;        ;              ;         ; Column I/O ;                 ; no       ; On           ;
; AD12     ; 182        ; 3        ; RESERVED_INPUT_WITH_WEAK_PULLUP                           ;        ;              ;         ; Column I/O ;                 ; no       ; On           ;
; AD13     ;            ; 3        ; VCCIO3                                                    ; power  ;              ; 2.5V    ; --         ;                 ; --       ; --           ;
; AD14     ; 196        ; 3        ; RESERVED_INPUT_WITH_WEAK_PULLUP                           ;        ;              ;         ; Column I/O ;                 ; no       ; On           ;
; AD15     ; 204        ; 4        ; RESERVED_INPUT_WITH_WEAK_PULLUP                           ;        ;              ;         ; Column I/O ;                 ; no       ; On           ;
; AD16     ;            ; 4        ; VCCIO4                                                    ; power  ;              ; 2.5V    ; --         ;                 ; --       ; --           ;
; AD17     ; 222        ; 4        ; RESERVED_INPUT_WITH_WEAK_PULLUP                           ;        ;              ;         ; Column I/O ;                 ; no       ; On           ;
; AD18     ; 237        ; 4        ; RESERVED_INPUT_WITH_WEAK_PULLUP                           ;        ;              ;         ; Column I/O ;                 ; no       ; On           ;
; AD19     ; 248        ; 4        ; RESERVED_INPUT_WITH_WEAK_PULLUP                           ;        ;              ;         ; Column I/O ;                 ; no       ; On           ;
; AD20     ;            ; 4        ; VCCIO4                                                    ; power  ;              ; 2.5V    ; --         ;                 ; --       ; --           ;
; AD21     ; 259        ; 4        ; RESERVED_INPUT_WITH_WEAK_PULLUP                           ;        ;              ;         ; Column I/O ;                 ; no       ; On           ;
; AD22     ; 268        ; 4        ; RESERVED_INPUT_WITH_WEAK_PULLUP                           ;        ;              ;         ; Column I/O ;                 ; no       ; On           ;
; AD23     ;            ; 4        ; VCCIO4                                                    ; power  ;              ; 2.5V    ; --         ;                 ; --       ; --           ;
; AD24     ; 260        ; 4        ; RESERVED_INPUT_WITH_WEAK_PULLUP                           ;        ;              ;         ; Column I/O ;                 ; no       ; On           ;
; AD25     ; 255        ; 4        ; RESERVED_INPUT_WITH_WEAK_PULLUP                           ;        ;              ;         ; Column I/O ;                 ; no       ; On           ;
; AD26     ; 281        ; 5        ; RESERVED_INPUT_WITH_WEAK_PULLUP                           ;        ;              ;         ; Row I/O    ;                 ; no       ; On           ;
; AD27     ; 286        ; 5        ; RESERVED_INPUT_WITH_WEAK_PULLUP                           ;        ;              ;         ; Row I/O    ;                 ; no       ; On           ;
; AD28     ; 285        ; 5        ; RESERVED_INPUT_WITH_WEAK_PULLUP                           ;        ;              ;         ; Row I/O    ;                 ; no       ; On           ;
; AE1      ; 106        ; 2        ; RESERVED_INPUT_WITH_WEAK_PULLUP                           ;        ;              ;         ; Row I/O    ;                 ; no       ; On           ;
; AE2      ; 105        ; 2        ; RESERVED_INPUT_WITH_WEAK_PULLUP                           ;        ;              ;         ; Row I/O    ;                 ; no       ; On           ;
; AE3      ; 122        ; 2        ; RESERVED_INPUT_WITH_WEAK_PULLUP                           ;        ;              ;         ; Row I/O    ;                 ; no       ; On           ;
; AE4      ; 132        ; 3        ; RESERVED_INPUT_WITH_WEAK_PULLUP                           ;        ;              ;         ; Column I/O ;                 ; no       ; On           ;
; AE5      ; 135        ; 3        ; RESERVED_INPUT_WITH_WEAK_PULLUP                           ;        ;              ;         ; Column I/O ;                 ; no       ; On           ;
; AE6      ; 129        ; 3        ; RESERVED_INPUT_WITH_WEAK_PULLUP                           ;        ;              ;         ; Column I/O ;                 ; no       ; On           ;
; AE7      ; 158        ; 3        ; RESERVED_INPUT_WITH_WEAK_PULLUP                           ;        ;              ;         ; Column I/O ;                 ; no       ; On           ;
; AE8      ; 161        ; 3        ; RESERVED_INPUT_WITH_WEAK_PULLUP                           ;        ;              ;         ; Column I/O ;                 ; no       ; On           ;
; AE9      ; 163        ; 3        ; RESERVED_INPUT_WITH_WEAK_PULLUP                           ;        ;              ;         ; Column I/O ;                 ; no       ; On           ;
; AE10     ; 165        ; 3        ; RESERVED_INPUT_WITH_WEAK_PULLUP                           ;        ;              ;         ; Column I/O ;                 ; no       ; On           ;
; AE11     ; 171        ; 3        ; RESERVED_INPUT_WITH_WEAK_PULLUP                           ;        ;              ;         ; Column I/O ;                 ; no       ; On           ;
; AE12     ; 169        ; 3        ; RESERVED_INPUT_WITH_WEAK_PULLUP                           ;        ;              ;         ; Column I/O ;                 ; no       ; On           ;
; AE13     ; 177        ; 3        ; RESERVED_INPUT_WITH_WEAK_PULLUP                           ;        ;              ;         ; Column I/O ;                 ; no       ; On           ;
; AE14     ; 183        ; 3        ; RESERVED_INPUT_WITH_WEAK_PULLUP                           ;        ;              ;         ; Column I/O ;                 ; no       ; On           ;
; AE15     ; 205        ; 4        ; HEX_TOP[5]                                                ; output ; 2.5 V        ;         ; Column I/O ; N               ; no       ; Off          ;
; AE16     ; 209        ; 4        ; RESERVED_INPUT_WITH_WEAK_PULLUP                           ;        ;              ;         ; Column I/O ;                 ; no       ; On           ;
; AE17     ; 215        ; 4        ; RESERVED_INPUT_WITH_WEAK_PULLUP                           ;        ;              ;         ; Column I/O ;                 ; no       ; On           ;
; AE18     ; 225        ; 4        ; RESERVED_INPUT_WITH_WEAK_PULLUP                           ;        ;              ;         ; Column I/O ;                 ; no       ; On           ;
; AE19     ; 231        ; 4        ; RESERVED_INPUT_WITH_WEAK_PULLUP                           ;        ;              ;         ; Column I/O ;                 ; no       ; On           ;
; AE20     ; 235        ; 4        ; RESERVED_INPUT_WITH_WEAK_PULLUP                           ;        ;              ;         ; Column I/O ;                 ; no       ; On           ;
; AE21     ; 238        ; 4        ; RESERVED_INPUT_WITH_WEAK_PULLUP                           ;        ;              ;         ; Column I/O ;                 ; no       ; On           ;
; AE22     ; 251        ; 4        ; RESERVED_INPUT_WITH_WEAK_PULLUP                           ;        ;              ;         ; Column I/O ;                 ; no       ; On           ;
; AE23     ; 261        ; 4        ; RESERVED_INPUT_WITH_WEAK_PULLUP                           ;        ;              ;         ; Column I/O ;                 ; no       ; On           ;
; AE24     ; 256        ; 4        ; RESERVED_INPUT_WITH_WEAK_PULLUP                           ;        ;              ;         ; Column I/O ;                 ; no       ; On           ;
; AE25     ; 243        ; 4        ; RESERVED_INPUT_WITH_WEAK_PULLUP                           ;        ;              ;         ; Column I/O ;                 ; no       ; On           ;
; AE26     ; 278        ; 5        ; RESERVED_INPUT_WITH_WEAK_PULLUP                           ;        ;              ;         ; Row I/O    ;                 ; no       ; On           ;
; AE27     ; 284        ; 5        ; RESERVED_INPUT_WITH_WEAK_PULLUP                           ;        ;              ;         ; Row I/O    ;                 ; no       ; On           ;
; AE28     ; 283        ; 5        ; RESERVED_INPUT_WITH_WEAK_PULLUP                           ;        ;              ;         ; Row I/O    ;                 ; no       ; On           ;
; AF1      ;            ;          ; GND                                                       ; gnd    ;              ;         ; --         ;                 ; --       ; --           ;
; AF2      ; 123        ; 2        ; RESERVED_INPUT_WITH_WEAK_PULLUP                           ;        ;              ;         ; Row I/O    ;                 ; no       ; On           ;
; AF3      ; 138        ; 3        ; RESERVED_INPUT_WITH_WEAK_PULLUP                           ;        ;              ;         ; Column I/O ;                 ; no       ; On           ;
; AF4      ; 131        ; 3        ; RESERVED_INPUT_WITH_WEAK_PULLUP                           ;        ;              ;         ; Column I/O ;                 ; no       ; On           ;
; AF5      ; 136        ; 3        ; HEX_BOTTOM[1]                                             ; output ; 2.5 V        ;         ; Column I/O ; N               ; no       ; Off          ;
; AF6      ; 139        ; 3        ; RESERVED_INPUT_WITH_WEAK_PULLUP                           ;        ;              ;         ; Column I/O ;                 ; no       ; On           ;
; AF7      ; 159        ; 3        ; RESERVED_INPUT_WITH_WEAK_PULLUP                           ;        ;              ;         ; Column I/O ;                 ; no       ; On           ;
; AF8      ; 162        ; 3        ; RESERVED_INPUT_WITH_WEAK_PULLUP                           ;        ;              ;         ; Column I/O ;                 ; no       ; On           ;
; AF9      ; 160        ; 3        ; RESERVED_INPUT_WITH_WEAK_PULLUP                           ;        ;              ;         ; Column I/O ;                 ; no       ; On           ;
; AF10     ; 166        ; 3        ; RESERVED_INPUT_WITH_WEAK_PULLUP                           ;        ;              ;         ; Column I/O ;                 ; no       ; On           ;
; AF11     ; 172        ; 3        ; RESERVED_INPUT_WITH_WEAK_PULLUP                           ;        ;              ;         ; Column I/O ;                 ; no       ; On           ;
; AF12     ; 170        ; 3        ; RESERVED_INPUT_WITH_WEAK_PULLUP                           ;        ;              ;         ; Column I/O ;                 ; no       ; On           ;
; AF13     ; 178        ; 3        ; RESERVED_INPUT_WITH_WEAK_PULLUP                           ;        ;              ;         ; Column I/O ;                 ; no       ; On           ;
; AF14     ; 184        ; 3        ; RESERVED_INPUT_WITH_WEAK_PULLUP                           ;        ;              ;         ; Column I/O ;                 ; no       ; On           ;
; AF15     ; 206        ; 4        ; HEX_TOP[2]                                                ; output ; 2.5 V        ;         ; Column I/O ; N               ; no       ; Off          ;
; AF16     ; 210        ; 4        ; HEX_TOP[0]                                                ; output ; 2.5 V        ;         ; Column I/O ; N               ; no       ; Off          ;
; AF17     ; 216        ; 4        ; RESERVED_INPUT_WITH_WEAK_PULLUP                           ;        ;              ;         ; Column I/O ;                 ; no       ; On           ;
; AF18     ; 226        ; 4        ; RESERVED_INPUT_WITH_WEAK_PULLUP                           ;        ;              ;         ; Column I/O ;                 ; no       ; On           ;
; AF19     ; 232        ; 4        ; RESERVED_INPUT_WITH_WEAK_PULLUP                           ;        ;              ;         ; Column I/O ;                 ; no       ; On           ;
; AF20     ; 236        ; 4        ; RESERVED_INPUT_WITH_WEAK_PULLUP                           ;        ;              ;         ; Column I/O ;                 ; no       ; On           ;
; AF21     ; 239        ; 4        ; RESERVED_INPUT_WITH_WEAK_PULLUP                           ;        ;              ;         ; Column I/O ;                 ; no       ; On           ;
; AF22     ; 252        ; 4        ; RESERVED_INPUT_WITH_WEAK_PULLUP                           ;        ;              ;         ; Column I/O ;                 ; no       ; On           ;
; AF23     ; 262        ; 4        ; RESERVED_INPUT_WITH_WEAK_PULLUP                           ;        ;              ;         ; Column I/O ;                 ; no       ; On           ;
; AF24     ; 233        ; 4        ; RESERVED_INPUT_WITH_WEAK_PULLUP                           ;        ;              ;         ; Column I/O ;                 ; no       ; On           ;
; AF25     ; 234        ; 4        ; RESERVED_INPUT_WITH_WEAK_PULLUP                           ;        ;              ;         ; Column I/O ;                 ; no       ; On           ;
; AF26     ; 244        ; 4        ; RESERVED_INPUT_WITH_WEAK_PULLUP                           ;        ;              ;         ; Column I/O ;                 ; no       ; On           ;
; AF27     ; 277        ; 5        ; RESERVED_INPUT_WITH_WEAK_PULLUP                           ;        ;              ;         ; Row I/O    ;                 ; no       ; On           ;
; AF28     ;            ;          ; GND                                                       ; gnd    ;              ;         ; --         ;                 ; --       ; --           ;
; AG1      ;            ; 2        ; VCCIO2                                                    ; power  ;              ; 2.5V    ; --         ;                 ; --       ; --           ;
; AG2      ;            ;          ; GND                                                       ; gnd    ;              ;         ; --         ;                 ; --       ; --           ;
; AG3      ; 133        ; 3        ; RESERVED_INPUT_WITH_WEAK_PULLUP                           ;        ;              ;         ; Column I/O ;                 ; no       ; On           ;
; AG4      ; 141        ; 3        ; RESERVED_INPUT_WITH_WEAK_PULLUP                           ;        ;              ;         ; Column I/O ;                 ; no       ; On           ;
; AG5      ;            ;          ; GND                                                       ; gnd    ;              ;         ; --         ;                 ; --       ; --           ;
; AG6      ; 145        ; 3        ; RESERVED_INPUT_WITH_WEAK_PULLUP                           ;        ;              ;         ; Column I/O ;                 ; no       ; On           ;
; AG7      ; 150        ; 3        ; RESERVED_INPUT_WITH_WEAK_PULLUP                           ;        ;              ;         ; Column I/O ;                 ; no       ; On           ;
; AG8      ; 156        ; 3        ; RESERVED_INPUT_WITH_WEAK_PULLUP                           ;        ;              ;         ; Column I/O ;                 ; no       ; On           ;
; AG9      ;            ;          ; GND                                                       ; gnd    ;              ;         ; --         ;                 ; --       ; --           ;
; AG10     ; 167        ; 3        ; RESERVED_INPUT_WITH_WEAK_PULLUP                           ;        ;              ;         ; Column I/O ;                 ; no       ; On           ;
; AG11     ; 175        ; 3        ; RESERVED_INPUT_WITH_WEAK_PULLUP                           ;        ;              ;         ; Column I/O ;                 ; no       ; On           ;
; AG12     ; 193        ; 3        ; RESERVED_INPUT_WITH_WEAK_PULLUP                           ;        ;              ;         ; Column I/O ;                 ; no       ; On           ;
; AG13     ;            ;          ; GND                                                       ; gnd    ;              ;         ; --         ;                 ; --       ; --           ;
; AG14     ; 199        ; 3        ; GND+                                                      ;        ;              ;         ; Column I/O ;                 ; --       ; --           ;
; AG15     ; 201        ; 4        ; GND+                                                      ;        ;              ;         ; Column I/O ;                 ; --       ; --           ;
; AG16     ;            ;          ; GND                                                       ; gnd    ;              ;         ; --         ;                 ; --       ; --           ;
; AG17     ; 207        ; 4        ; HEX_TOP[6]                                                ; output ; 2.5 V        ;         ; Column I/O ; N               ; no       ; Off          ;
; AG18     ; 217        ; 4        ; RESERVED_INPUT_WITH_WEAK_PULLUP                           ;        ;              ;         ; Column I/O ;                 ; no       ; On           ;
; AG19     ; 219        ; 4        ; RESERVED_INPUT_WITH_WEAK_PULLUP                           ;        ;              ;         ; Column I/O ;                 ; no       ; On           ;
; AG20     ;            ;          ; GND                                                       ; gnd    ;              ;         ; --         ;                 ; --       ; --           ;
; AG21     ; 223        ; 4        ; RESERVED_INPUT_WITH_WEAK_PULLUP                           ;        ;              ;         ; Column I/O ;                 ; no       ; On           ;
; AG22     ; 227        ; 4        ; RESERVED_INPUT_WITH_WEAK_PULLUP                           ;        ;              ;         ; Column I/O ;                 ; no       ; On           ;
; AG23     ; 229        ; 4        ; RESERVED_INPUT_WITH_WEAK_PULLUP                           ;        ;              ;         ; Column I/O ;                 ; no       ; On           ;
; AG24     ;            ;          ; GND                                                       ; gnd    ;              ;         ; --         ;                 ; --       ; --           ;
; AG25     ; 245        ; 4        ; RESERVED_INPUT_WITH_WEAK_PULLUP                           ;        ;              ;         ; Column I/O ;                 ; no       ; On           ;
; AG26     ; 270        ; 4        ; RESERVED_INPUT_WITH_WEAK_PULLUP                           ;        ;              ;         ; Column I/O ;                 ; no       ; On           ;
; AG27     ;            ;          ; GND                                                       ; gnd    ;              ;         ; --         ;                 ; --       ; --           ;
; AG28     ;            ; 5        ; VCCIO5                                                    ; power  ;              ; 2.5V    ; --         ;                 ; --       ; --           ;
; AH2      ;            ; 3        ; VCCIO3                                                    ; power  ;              ; 2.5V    ; --         ;                 ; --       ; --           ;
; AH3      ; 137        ; 3        ; RESERVED_INPUT_WITH_WEAK_PULLUP                           ;        ;              ;         ; Column I/O ;                 ; no       ; On           ;
; AH4      ; 142        ; 3        ; RESERVED_INPUT_WITH_WEAK_PULLUP                           ;        ;              ;         ; Column I/O ;                 ; no       ; On           ;
; AH5      ;            ; 3        ; VCCIO3                                                    ; power  ;              ; 2.5V    ; --         ;                 ; --       ; --           ;
; AH6      ; 146        ; 3        ; RESERVED_INPUT_WITH_WEAK_PULLUP                           ;        ;              ;         ; Column I/O ;                 ; no       ; On           ;
; AH7      ; 151        ; 3        ; RESERVED_INPUT_WITH_WEAK_PULLUP                           ;        ;              ;         ; Column I/O ;                 ; no       ; On           ;
; AH8      ; 157        ; 3        ; RESERVED_INPUT_WITH_WEAK_PULLUP                           ;        ;              ;         ; Column I/O ;                 ; no       ; On           ;
; AH9      ;            ; 3        ; VCCIO3                                                    ; power  ;              ; 2.5V    ; --         ;                 ; --       ; --           ;
; AH10     ; 168        ; 3        ; RESERVED_INPUT_WITH_WEAK_PULLUP                           ;        ;              ;         ; Column I/O ;                 ; no       ; On           ;
; AH11     ; 176        ; 3        ; RESERVED_INPUT_WITH_WEAK_PULLUP                           ;        ;              ;         ; Column I/O ;                 ; no       ; On           ;
; AH12     ; 194        ; 3        ; RESERVED_INPUT_WITH_WEAK_PULLUP                           ;        ;              ;         ; Column I/O ;                 ; no       ; On           ;
; AH13     ;            ; 3        ; VCCIO3                                                    ; power  ;              ; 2.5V    ; --         ;                 ; --       ; --           ;
; AH14     ; 200        ; 3        ; GND+                                                      ;        ;              ;         ; Column I/O ;                 ; --       ; --           ;
; AH15     ; 202        ; 4        ; GND+                                                      ;        ;              ;         ; Column I/O ;                 ; --       ; --           ;
; AH16     ;            ; 4        ; VCCIO4                                                    ; power  ;              ; 2.5V    ; --         ;                 ; --       ; --           ;
; AH17     ; 208        ; 4        ; HEX_TOP[4]                                                ; output ; 2.5 V        ;         ; Column I/O ; N               ; no       ; Off          ;
; AH18     ; 218        ; 4        ; RESERVED_INPUT_WITH_WEAK_PULLUP                           ;        ;              ;         ; Column I/O ;                 ; no       ; On           ;
; AH19     ; 220        ; 4        ; RESERVED_INPUT_WITH_WEAK_PULLUP                           ;        ;              ;         ; Column I/O ;                 ; no       ; On           ;
; AH20     ;            ; 4        ; VCCIO4                                                    ; power  ;              ; 2.5V    ; --         ;                 ; --       ; --           ;
; AH21     ; 224        ; 4        ; RESERVED_INPUT_WITH_WEAK_PULLUP                           ;        ;              ;         ; Column I/O ;                 ; no       ; On           ;
; AH22     ; 228        ; 4        ; RESERVED_INPUT_WITH_WEAK_PULLUP                           ;        ;              ;         ; Column I/O ;                 ; no       ; On           ;
; AH23     ; 230        ; 4        ; RESERVED_INPUT_WITH_WEAK_PULLUP                           ;        ;              ;         ; Column I/O ;                 ; no       ; On           ;
; AH24     ;            ; 4        ; VCCIO4                                                    ; power  ;              ; 2.5V    ; --         ;                 ; --       ; --           ;
; AH25     ; 246        ; 4        ; RESERVED_INPUT_WITH_WEAK_PULLUP                           ;        ;              ;         ; Column I/O ;                 ; no       ; On           ;
; AH26     ; 271        ; 4        ; RESERVED_INPUT_WITH_WEAK_PULLUP                           ;        ;              ;         ; Column I/O ;                 ; no       ; On           ;
; AH27     ;            ; 4        ; VCCIO4                                                    ; power  ;              ; 2.5V    ; --         ;                 ; --       ; --           ;
; B1       ;            ; 1        ; VCCIO1                                                    ; power  ;              ; 2.5V    ; --         ;                 ; --       ; --           ;
; B2       ;            ;          ; GND                                                       ; gnd    ;              ;         ; --         ;                 ; --       ; --           ;
; B3       ; 534        ; 8        ; RESERVED_INPUT_WITH_WEAK_PULLUP                           ;        ;              ;         ; Column I/O ;                 ; no       ; On           ;
; B4       ; 533        ; 8        ; RESERVED_INPUT_WITH_WEAK_PULLUP                           ;        ;              ;         ; Column I/O ;                 ; no       ; On           ;
; B5       ;            ;          ; GND                                                       ; gnd    ;              ;         ; --         ;                 ; --       ; --           ;
; B6       ; 505        ; 8        ; VGA_R[0]                                                  ; output ; 2.5 V        ;         ; Column I/O ; N               ; no       ; Off          ;
; B7       ; 502        ; 8        ; VGA_G[2]                                                  ; output ; 2.5 V        ;         ; Column I/O ; N               ; no       ; Off          ;
; B8       ; 518        ; 8        ; RESERVED_INPUT_WITH_WEAK_PULLUP                           ;        ;              ;         ; Column I/O ;                 ; no       ; On           ;
; B9       ;            ;          ; GND                                                       ; gnd    ;              ;         ; --         ;                 ; --       ; --           ;
; B10      ; 492        ; 8        ; VGA_R[3]                                                  ; output ; 2.5 V        ;         ; Column I/O ; N               ; no       ; Off          ;
; B11      ; 488        ; 8        ; VGA_B[8]                                                  ; output ; 2.5 V        ;         ; Column I/O ; N               ; no       ; Off          ;
; B12      ;            ;          ; GND                                                       ; gnd    ;              ;         ; --         ;                 ; --       ; --           ;
; B13      ;            ;          ; GND                                                       ; gnd    ;              ;         ; --         ;                 ; --       ; --           ;
; B14      ; 473        ; 8        ; GND+                                                      ;        ;              ;         ; Column I/O ;                 ; --       ; --           ;
; B15      ; 471        ; 7        ; GND+                                                      ;        ;              ;         ; Column I/O ;                 ; --       ; --           ;
; B16      ;            ;          ; GND                                                       ; gnd    ;              ;         ; --         ;                 ; --       ; --           ;
; B17      ; 463        ; 7        ; RESERVED_INPUT_WITH_WEAK_PULLUP                           ;        ;              ;         ; Column I/O ;                 ; no       ; On           ;
; B18      ; 443        ; 7        ; RESERVED_INPUT_WITH_WEAK_PULLUP                           ;        ;              ;         ; Column I/O ;                 ; no       ; On           ;
; B19      ; 441        ; 7        ; RESERVED_INPUT_WITH_WEAK_PULLUP                           ;        ;              ;         ; Column I/O ;                 ; no       ; On           ;
; B20      ;            ;          ; GND                                                       ; gnd    ;              ;         ; --         ;                 ; --       ; --           ;
; B21      ; 426        ; 7        ; RESERVED_INPUT_WITH_WEAK_PULLUP                           ;        ;              ;         ; Column I/O ;                 ; no       ; On           ;
; B22      ; 424        ; 7        ; RESERVED_INPUT_WITH_WEAK_PULLUP                           ;        ;              ;         ; Column I/O ;                 ; no       ; On           ;
; B23      ; 413        ; 7        ; RESERVED_INPUT_WITH_WEAK_PULLUP                           ;        ;              ;         ; Column I/O ;                 ; no       ; On           ;
; B24      ;            ;          ; GND                                                       ; gnd    ;              ;         ; --         ;                 ; --       ; --           ;
; B25      ; 406        ; 7        ; RESERVED_INPUT_WITH_WEAK_PULLUP                           ;        ;              ;         ; Column I/O ;                 ; no       ; On           ;
; B26      ; 401        ; 7        ; RESERVED_INPUT_WITH_WEAK_PULLUP                           ;        ;              ;         ; Column I/O ;                 ; no       ; On           ;
; B27      ;            ;          ; GND                                                       ; gnd    ;              ;         ; --         ;                 ; --       ; --           ;
; B28      ;            ; 6        ; VCCIO6                                                    ; power  ;              ; 2.5V    ; --         ;                 ; --       ; --           ;
; C1       ;            ;          ; GND                                                       ; gnd    ;              ;         ; --         ;                 ; --       ; --           ;
; C2       ; 1          ; 1        ; RESERVED_INPUT_WITH_WEAK_PULLUP                           ;        ;              ;         ; Row I/O    ;                 ; no       ; On           ;
; C3       ; 543        ; 8        ; RESERVED_INPUT_WITH_WEAK_PULLUP                           ;        ;              ;         ; Column I/O ;                 ; no       ; On           ;
; C4       ; 539        ; 8        ; RESERVED_INPUT_WITH_WEAK_PULLUP                           ;        ;              ;         ; Column I/O ;                 ; no       ; On           ;
; C5       ; 538        ; 8        ; RESERVED_INPUT_WITH_WEAK_PULLUP                           ;        ;              ;         ; Column I/O ;                 ; no       ; On           ;
; C6       ; 536        ; 8        ; RESERVED_INPUT_WITH_WEAK_PULLUP                           ;        ;              ;         ; Column I/O ;                 ; no       ; On           ;
; C7       ; 521        ; 8        ; RESERVED_INPUT_WITH_WEAK_PULLUP                           ;        ;              ;         ; Column I/O ;                 ; no       ; On           ;
; C8       ; 519        ; 8        ; RESERVED_INPUT_WITH_WEAK_PULLUP                           ;        ;              ;         ; Column I/O ;                 ; no       ; On           ;
; C9       ; 510        ; 8        ; VGA_R[7]                                                  ; output ; 2.5 V        ;         ; Column I/O ; N               ; no       ; Off          ;
; C10      ; 495        ; 8        ; VGA_B[3]                                                  ; output ; 2.5 V        ;         ; Column I/O ; N               ; no       ; Off          ;
; C11      ; 508        ; 8        ; VGA_G[4]                                                  ; output ; 2.5 V        ;         ; Column I/O ; N               ; no       ; Off          ;
; C12      ; 478        ; 8        ; HEX_BOTTOM[4]                                             ; output ; 2.5 V        ;         ; Column I/O ; N               ; no       ; Off          ;
; C13      ; 474        ; 8        ; HEX_BOTTOM[2]                                             ; output ; 2.5 V        ;         ; Column I/O ; N               ; no       ; Off          ;
; C14      ; 476        ; 8        ; HEX_BOTTOM[0]                                             ; output ; 2.5 V        ;         ; Column I/O ; N               ; no       ; Off          ;
; C15      ; 468        ; 7        ; RESERVED_INPUT_WITH_WEAK_PULLUP                           ;        ;              ;         ; Column I/O ;                 ; no       ; On           ;
; C16      ; 460        ; 7        ; RESERVED_INPUT_WITH_WEAK_PULLUP                           ;        ;              ;         ; Column I/O ;                 ; no       ; On           ;
; C17      ; 438        ; 7        ; RESERVED_INPUT_WITH_WEAK_PULLUP                           ;        ;              ;         ; Column I/O ;                 ; no       ; On           ;
; C18      ; 429        ; 7        ; RESERVED_INPUT_WITH_WEAK_PULLUP                           ;        ;              ;         ; Column I/O ;                 ; no       ; On           ;
; C19      ; 435        ; 7        ; RESERVED_INPUT_WITH_WEAK_PULLUP                           ;        ;              ;         ; Column I/O ;                 ; no       ; On           ;
; C20      ; 431        ; 7        ; RESERVED_INPUT_WITH_WEAK_PULLUP                           ;        ;              ;         ; Column I/O ;                 ; no       ; On           ;
; C21      ; 422        ; 7        ; RESERVED_INPUT_WITH_WEAK_PULLUP                           ;        ;              ;         ; Column I/O ;                 ; no       ; On           ;
; C22      ; 418        ; 7        ; RESERVED_INPUT_WITH_WEAK_PULLUP                           ;        ;              ;         ; Column I/O ;                 ; no       ; On           ;
; C23      ; 415        ; 7        ; RESERVED_INPUT_WITH_WEAK_PULLUP                           ;        ;              ;         ; Column I/O ;                 ; no       ; On           ;
; C24      ; 416        ; 7        ; RESERVED_INPUT_WITH_WEAK_PULLUP                           ;        ;              ;         ; Column I/O ;                 ; no       ; On           ;
; C25      ; 411        ; 7        ; RESERVED_INPUT_WITH_WEAK_PULLUP                           ;        ;              ;         ; Column I/O ;                 ; no       ; On           ;
; C26      ; 400        ; 7        ; RESERVED_INPUT_WITH_WEAK_PULLUP                           ;        ;              ;         ; Column I/O ;                 ; no       ; On           ;
; C27      ; 382        ; 6        ; RESERVED_INPUT_WITH_WEAK_PULLUP                           ;        ;              ;         ; Row I/O    ;                 ; no       ; On           ;
; C28      ;            ;          ; GND                                                       ; gnd    ;              ;         ; --         ;                 ; --       ; --           ;
; D1       ; 3          ; 1        ; RESERVED_INPUT_WITH_WEAK_PULLUP                           ;        ;              ;         ; Row I/O    ;                 ; no       ; On           ;
; D2       ; 2          ; 1        ; VGA_G[9]                                                  ; output ; 2.5 V        ;         ; Row I/O    ; N               ; no       ; Off          ;
; D3       ;            ;          ; GND                                                       ; gnd    ;              ;         ; --         ;                 ; --       ; --           ;
; D4       ; 540        ; 8        ; RESERVED_INPUT_WITH_WEAK_PULLUP                           ;        ;              ;         ; Column I/O ;                 ; no       ; On           ;
; D5       ; 537        ; 8        ; RESERVED_INPUT_WITH_WEAK_PULLUP                           ;        ;              ;         ; Column I/O ;                 ; no       ; On           ;
; D6       ; 524        ; 8        ; RESERVED_INPUT_WITH_WEAK_PULLUP                           ;        ;              ;         ; Column I/O ;                 ; no       ; On           ;
; D7       ; 522        ; 8        ; RESERVED_INPUT_WITH_WEAK_PULLUP                           ;        ;              ;         ; Column I/O ;                 ; no       ; On           ;
; D8       ; 520        ; 8        ; RESERVED_INPUT_WITH_WEAK_PULLUP                           ;        ;              ;         ; Column I/O ;                 ; no       ; On           ;
; D9       ; 511        ; 8        ; VGA_R[4]                                                  ; output ; 2.5 V        ;         ; Column I/O ; N               ; no       ; Off          ;
; D10      ; 496        ; 8        ; VGA_R[5]                                                  ; output ; 2.5 V        ;         ; Column I/O ; N               ; no       ; Off          ;
; D11      ; 509        ; 8        ; VGA_R[9]                                                  ; output ; 2.5 V        ;         ; Column I/O ; N               ; no       ; Off          ;
; D12      ; 479        ; 8        ; HEX_BOTTOM[6]                                             ; output ; 2.5 V        ;         ; Column I/O ; N               ; no       ; Off          ;
; D13      ; 475        ; 8        ; RESERVED_INPUT_WITH_WEAK_PULLUP                           ;        ;              ;         ; Column I/O ;                 ; no       ; On           ;
; D14      ; 477        ; 8        ; HEX_BOTTOM[3]                                             ; output ; 2.5 V        ;         ; Column I/O ; N               ; no       ; Off          ;
; D15      ; 469        ; 7        ; RESERVED_INPUT_WITH_WEAK_PULLUP                           ;        ;              ;         ; Column I/O ;                 ; no       ; On           ;
; D16      ; 461        ; 7        ; RESERVED_INPUT_WITH_WEAK_PULLUP                           ;        ;              ;         ; Column I/O ;                 ; no       ; On           ;
; D17      ; 439        ; 7        ; RESERVED_INPUT_WITH_WEAK_PULLUP                           ;        ;              ;         ; Column I/O ;                 ; no       ; On           ;
; D18      ; 430        ; 7        ; RESERVED_INPUT_WITH_WEAK_PULLUP                           ;        ;              ;         ; Column I/O ;                 ; no       ; On           ;
; D19      ; 436        ; 7        ; RESERVED_INPUT_WITH_WEAK_PULLUP                           ;        ;              ;         ; Column I/O ;                 ; no       ; On           ;
; D20      ; 432        ; 7        ; RESERVED_INPUT_WITH_WEAK_PULLUP                           ;        ;              ;         ; Column I/O ;                 ; no       ; On           ;
; D21      ; 419        ; 7        ; RESERVED_INPUT_WITH_WEAK_PULLUP                           ;        ;              ;         ; Column I/O ;                 ; no       ; On           ;
; D22      ; 402        ; 7        ; RESERVED_INPUT_WITH_WEAK_PULLUP                           ;        ;              ;         ; Column I/O ;                 ; no       ; On           ;
; D23      ; 414        ; 7        ; RESERVED_INPUT_WITH_WEAK_PULLUP                           ;        ;              ;         ; Column I/O ;                 ; no       ; On           ;
; D24      ; 417        ; 7        ; RESERVED_INPUT_WITH_WEAK_PULLUP                           ;        ;              ;         ; Column I/O ;                 ; no       ; On           ;
; D25      ; 410        ; 7        ; RESERVED_INPUT_WITH_WEAK_PULLUP                           ;        ;              ;         ; Column I/O ;                 ; no       ; On           ;
; D26      ; 383        ; 6        ; RESERVED_INPUT_WITH_WEAK_PULLUP                           ;        ;              ;         ; Row I/O    ;                 ; no       ; On           ;
; D27      ; 381        ; 6        ; RESERVED_INPUT_WITH_WEAK_PULLUP                           ;        ;              ;         ; Row I/O    ;                 ; no       ; On           ;
; D28      ; 380        ; 6        ; RESERVED_INPUT_WITH_WEAK_PULLUP                           ;        ;              ;         ; Row I/O    ;                 ; no       ; On           ;
; E1       ; 17         ; 1        ; RESERVED_INPUT_WITH_WEAK_PULLUP                           ;        ;              ;         ; Row I/O    ;                 ; no       ; On           ;
; E2       ; 16         ; 1        ; ~ALTERA_FLASH_nCE_nCSO~ / RESERVED_INPUT_WITH_WEAK_PULLUP ; input  ; 2.5 V        ;         ; Row I/O    ; N               ; no       ; On           ;
; E3       ; 7          ; 1        ; RESERVED_INPUT_WITH_WEAK_PULLUP                           ;        ;              ;         ; Row I/O    ;                 ; no       ; On           ;
; E4       ; 541        ; 8        ; RESERVED_INPUT_WITH_WEAK_PULLUP                           ;        ;              ;         ; Column I/O ;                 ; no       ; On           ;
; E5       ; 542        ; 8        ; RESERVED_INPUT_WITH_WEAK_PULLUP                           ;        ;              ;         ; Column I/O ;                 ; no       ; On           ;
; E6       ;            ; 8        ; VCCIO8                                                    ; power  ;              ; 2.5V    ; --         ;                 ; --       ; --           ;
; E7       ; 523        ; 8        ; RESERVED_INPUT_WITH_WEAK_PULLUP                           ;        ;              ;         ; Column I/O ;                 ; no       ; On           ;
; E8       ; 526        ; 8        ; RESERVED_INPUT_WITH_WEAK_PULLUP                           ;        ;              ;         ; Column I/O ;                 ; no       ; On           ;
; E9       ;            ; 8        ; VCCIO8                                                    ; power  ;              ; 2.5V    ; --         ;                 ; --       ; --           ;
; E10      ; 516        ; 8        ; RESERVED_INPUT_WITH_WEAK_PULLUP                           ;        ;              ;         ; Column I/O ;                 ; no       ; On           ;
; E11      ; 499        ; 8        ; VGA_B[9]                                                  ; output ; 2.5 V        ;         ; Column I/O ; N               ; no       ; Off          ;
; E12      ; 497        ; 8        ; VGA_G[7]                                                  ; output ; 2.5 V        ;         ; Column I/O ; N               ; no       ; Off          ;
; E13      ;            ; 8        ; VCCIO8                                                    ; power  ;              ; 2.5V    ; --         ;                 ; --       ; --           ;
; E14      ; 486        ; 8        ; VGA_G[6]                                                  ; output ; 2.5 V        ;         ; Column I/O ; N               ; no       ; Off          ;
; E15      ; 467        ; 7        ; RESERVED_INPUT_WITH_WEAK_PULLUP                           ;        ;              ;         ; Column I/O ;                 ; no       ; On           ;
; E16      ;            ; 7        ; VCCIO7                                                    ; power  ;              ; 2.5V    ; --         ;                 ; --       ; --           ;
; E17      ; 456        ; 7        ; RESERVED_INPUT_WITH_WEAK_PULLUP                           ;        ;              ;         ; Column I/O ;                 ; no       ; On           ;
; E18      ; 427        ; 7        ; RESERVED_INPUT_WITH_WEAK_PULLUP                           ;        ;              ;         ; Column I/O ;                 ; no       ; On           ;
; E19      ; 421        ; 7        ; RESERVED_INPUT_WITH_WEAK_PULLUP                           ;        ;              ;         ; Column I/O ;                 ; no       ; On           ;
; E20      ;            ; 7        ; VCCIO7                                                    ; power  ;              ; 2.5V    ; --         ;                 ; --       ; --           ;
; E21      ; 407        ; 7        ; RESERVED_INPUT_WITH_WEAK_PULLUP                           ;        ;              ;         ; Column I/O ;                 ; no       ; On           ;
; E22      ; 403        ; 7        ; RESERVED_INPUT_WITH_WEAK_PULLUP                           ;        ;              ;         ; Column I/O ;                 ; no       ; On           ;
; E23      ;            ; 7        ; VCCIO7                                                    ; power  ;              ; 2.5V    ; --         ;                 ; --       ; --           ;
; E24      ; 433        ; 7        ; RESERVED_INPUT_WITH_WEAK_PULLUP                           ;        ;              ;         ; Column I/O ;                 ; no       ; On           ;
; E25      ; 434        ; 7        ; RESERVED_INPUT_WITH_WEAK_PULLUP                           ;        ;              ;         ; Column I/O ;                 ; no       ; On           ;
; E26      ; 378        ; 6        ; RESERVED_INPUT_WITH_WEAK_PULLUP                           ;        ;              ;         ; Row I/O    ;                 ; no       ; On           ;
; E27      ; 375        ; 6        ; RESERVED_INPUT_WITH_WEAK_PULLUP                           ;        ;              ;         ; Row I/O    ;                 ; no       ; On           ;
; E28      ; 374        ; 6        ; RESERVED_INPUT_WITH_WEAK_PULLUP                           ;        ;              ;         ; Row I/O    ;                 ; no       ; On           ;
; F1       ; 19         ; 1        ; RESERVED_INPUT_WITH_WEAK_PULLUP                           ;        ;              ;         ; Row I/O    ;                 ; no       ; On           ;
; F2       ; 18         ; 1        ; RESERVED_INPUT_WITH_WEAK_PULLUP                           ;        ;              ;         ; Row I/O    ;                 ; no       ; On           ;
; F3       ; 8          ; 1        ; RESERVED_INPUT_WITH_WEAK_PULLUP                           ;        ;              ;         ; Row I/O    ;                 ; no       ; On           ;
; F4       ; 10         ; 1        ; ~ALTERA_ASDO_DATA1~ / RESERVED_INPUT_WITH_WEAK_PULLUP     ; input  ; 2.5 V        ;         ; Row I/O    ; N               ; no       ; On           ;
; F5       ; 9          ; 1        ; RESERVED_INPUT_WITH_WEAK_PULLUP                           ;        ;              ;         ; Row I/O    ;                 ; no       ; On           ;
; F6       ;            ;          ; GND                                                       ; gnd    ;              ;         ; --         ;                 ; --       ; --           ;
; F7       ; 531        ; 8        ; RESERVED_INPUT_WITH_WEAK_PULLUP                           ;        ;              ;         ; Column I/O ;                 ; no       ; On           ;
; F8       ; 527        ; 8        ; RESERVED_INPUT_WITH_WEAK_PULLUP                           ;        ;              ;         ; Column I/O ;                 ; no       ; On           ;
; F9       ;            ;          ; GND                                                       ; gnd    ;              ;         ; --         ;                 ; --       ; --           ;
; F10      ; 512        ; 8        ; RESERVED_INPUT_WITH_WEAK_PULLUP                           ;        ;              ;         ; Column I/O ;                 ; no       ; On           ;
; F11      ; 500        ; 8        ; VGA_B[0]                                                  ; output ; 2.5 V        ;         ; Column I/O ; N               ; no       ; Off          ;
; F12      ; 498        ; 8        ; VGA_G[0]                                                  ; output ; 2.5 V        ;         ; Column I/O ; N               ; no       ; Off          ;
; F13      ;            ;          ; GND                                                       ; gnd    ;              ;         ; --         ;                 ; --       ; --           ;
; F14      ; 485        ; 8        ; VGA_B[4]                                                  ; output ; 2.5 V        ;         ; Column I/O ; N               ; no       ; Off          ;
; F15      ; 466        ; 7        ; RESERVED_INPUT_WITH_WEAK_PULLUP                           ;        ;              ;         ; Column I/O ;                 ; no       ; On           ;
; F16      ;            ;          ; GND                                                       ; gnd    ;              ;         ; --         ;                 ; --       ; --           ;
; F17      ; 455        ; 7        ; RESERVED_INPUT_WITH_WEAK_PULLUP                           ;        ;              ;         ; Column I/O ;                 ; no       ; On           ;
; F18      ; 428        ; 7        ; RESERVED_INPUT_WITH_WEAK_PULLUP                           ;        ;              ;         ; Column I/O ;                 ; no       ; On           ;
; F19      ; 420        ; 7        ; RESERVED_INPUT_WITH_WEAK_PULLUP                           ;        ;              ;         ; Column I/O ;                 ; no       ; On           ;
; F20      ;            ;          ; GND                                                       ; gnd    ;              ;         ; --         ;                 ; --       ; --           ;
; F21      ; 408        ; 7        ; RESERVED_INPUT_WITH_WEAK_PULLUP                           ;        ;              ;         ; Column I/O ;                 ; no       ; On           ;
; F22      ; 409        ; 7        ; RESERVED_INPUT_WITH_WEAK_PULLUP                           ;        ;              ;         ; Column I/O ;                 ; --       ; --           ;
; F23      ;            ;          ; GND                                                       ; gnd    ;              ;         ; --         ;                 ; --       ; --           ;
; F24      ; 396        ; 6        ; RESERVED_INPUT_WITH_WEAK_PULLUP                           ;        ;              ;         ; Row I/O    ;                 ; no       ; On           ;
; F25      ; 395        ; 6        ; RESERVED_INPUT_WITH_WEAK_PULLUP                           ;        ;              ;         ; Row I/O    ;                 ; no       ; On           ;
; F26      ; 379        ; 6        ; RESERVED_INPUT_WITH_WEAK_PULLUP                           ;        ;              ;         ; Row I/O    ;                 ; no       ; On           ;
; F27      ; 373        ; 6        ; RESERVED_INPUT_WITH_WEAK_PULLUP                           ;        ;              ;         ; Row I/O    ;                 ; no       ; On           ;
; F28      ; 372        ; 6        ; RESERVED_INPUT_WITH_WEAK_PULLUP                           ;        ;              ;         ; Row I/O    ;                 ; no       ; On           ;
; G1       ; 26         ; 1        ; RESERVED_INPUT_WITH_WEAK_PULLUP                           ;        ;              ;         ; Row I/O    ;                 ; no       ; On           ;
; G2       ; 25         ; 1        ; RESERVED_INPUT_WITH_WEAK_PULLUP                           ;        ;              ;         ; Row I/O    ;                 ; no       ; On           ;
; G3       ; 13         ; 1        ; RESERVED_INPUT_WITH_WEAK_PULLUP                           ;        ;              ;         ; Row I/O    ;                 ; no       ; On           ;
; G4       ; 12         ; 1        ; RESERVED_INPUT_WITH_WEAK_PULLUP                           ;        ;              ;         ; Row I/O    ;                 ; no       ; On           ;
; G5       ; 6          ; 1        ; RESERVED_INPUT_WITH_WEAK_PULLUP                           ;        ;              ;         ; Row I/O    ;                 ; no       ; On           ;
; G6       ; 5          ; 1        ; RESERVED_INPUT_WITH_WEAK_PULLUP                           ;        ;              ;         ; Row I/O    ;                 ; no       ; On           ;
; G7       ; 530        ; 8        ; RESERVED_INPUT_WITH_WEAK_PULLUP                           ;        ;              ;         ; Column I/O ;                 ; no       ; On           ;
; G8       ; 528        ; 8        ; RESERVED_INPUT_WITH_WEAK_PULLUP                           ;        ;              ;         ; Column I/O ;                 ; no       ; On           ;
; G9       ; 525        ; 8        ; RESERVED_INPUT_WITH_WEAK_PULLUP                           ;        ;              ;         ; Column I/O ;                 ; --       ; --           ;
; G10      ; 513        ; 8        ; RESERVED_INPUT_WITH_WEAK_PULLUP                           ;        ;              ;         ; Column I/O ;                 ; no       ; On           ;
; G11      ; 506        ; 8        ; VGA_R[6]                                                  ; output ; 2.5 V        ;         ; Column I/O ; N               ; no       ; Off          ;
; G12      ; 503        ; 8        ; VGA_B[5]                                                  ; output ; 2.5 V        ;         ; Column I/O ; N               ; no       ; Off          ;
; G13      ; 493        ; 8        ; VGA_R[8]                                                  ; output ; 2.5 V        ;         ; Column I/O ; N               ; no       ; Off          ;
; G14      ; 484        ; 8        ; VGA_G[3]                                                  ; output ; 2.5 V        ;         ; Column I/O ; N               ; no       ; Off          ;
; G15      ; 457        ; 7        ; RESERVED_INPUT_WITH_WEAK_PULLUP                           ;        ;              ;         ; Column I/O ;                 ; --       ; --           ;
; G16      ; 453        ; 7        ; RESERVED_INPUT_WITH_WEAK_PULLUP                           ;        ;              ;         ; Column I/O ;                 ; no       ; On           ;
; G17      ; 437        ; 7        ; RESERVED_INPUT_WITH_WEAK_PULLUP                           ;        ;              ;         ; Column I/O ;                 ; --       ; --           ;
; G18      ; 452        ; 7        ; RESERVED_INPUT_WITH_WEAK_PULLUP                           ;        ;              ;         ; Column I/O ;                 ; no       ; On           ;
; G19      ; 451        ; 7        ; RESERVED_INPUT_WITH_WEAK_PULLUP                           ;        ;              ;         ; Column I/O ;                 ; no       ; On           ;
; G20      ; 444        ; 7        ; RESERVED_INPUT_WITH_WEAK_PULLUP                           ;        ;              ;         ; Column I/O ;                 ; no       ; On           ;
; G21      ; 445        ; 7        ; RESERVED_INPUT_WITH_WEAK_PULLUP                           ;        ;              ;         ; Column I/O ;                 ; no       ; On           ;
; G22      ; 449        ; 7        ; RESERVED_INPUT_WITH_WEAK_PULLUP                           ;        ;              ;         ; Column I/O ;                 ; no       ; On           ;
; G23      ; 398        ; 6        ; RESERVED_INPUT_WITH_WEAK_PULLUP                           ;        ;              ;         ; Row I/O    ;                 ; no       ; On           ;
; G24      ; 397        ; 6        ; RESERVED_INPUT_WITH_WEAK_PULLUP                           ;        ;              ;         ; Row I/O    ;                 ; no       ; On           ;
; G25      ; 393        ; 6        ; RESERVED_INPUT_WITH_WEAK_PULLUP                           ;        ;              ;         ; Row I/O    ;                 ; no       ; On           ;
; G26      ; 392        ; 6        ; RESERVED_INPUT_WITH_WEAK_PULLUP                           ;        ;              ;         ; Row I/O    ;                 ; no       ; On           ;
; G27      ; 367        ; 6        ; RESERVED_INPUT_WITH_WEAK_PULLUP                           ;        ;              ;         ; Row I/O    ;                 ; no       ; On           ;
; G28      ; 366        ; 6        ; RESERVED_INPUT_WITH_WEAK_PULLUP                           ;        ;              ;         ; Row I/O    ;                 ; no       ; On           ;
; H1       ;            ; 1        ; VCCIO1                                                    ; power  ;              ; 2.5V    ; --         ;                 ; --       ; --           ;
; H2       ;            ;          ; GND                                                       ; gnd    ;              ;         ; --         ;                 ; --       ; --           ;
; H3       ; 15         ; 1        ; RESERVED_INPUT_WITH_WEAK_PULLUP                           ;        ;              ;         ; Row I/O    ;                 ; no       ; On           ;
; H4       ; 14         ; 1        ; RESERVED_INPUT_WITH_WEAK_PULLUP                           ;        ;              ;         ; Row I/O    ;                 ; no       ; On           ;
; H5       ; 20         ; 1        ; RESERVED_INPUT_WITH_WEAK_PULLUP                           ;        ;              ;         ; Row I/O    ;                 ; no       ; On           ;
; H6       ; 11         ; 1        ; RESERVED_INPUT_WITH_WEAK_PULLUP                           ;        ;              ;         ; Row I/O    ;                 ; no       ; On           ;
; H7       ; 4          ; 1        ; RESERVED_INPUT_WITH_WEAK_PULLUP                           ;        ;              ;         ; Row I/O    ;                 ; --       ; --           ;
; H8       ; 529        ; 8        ; RESERVED_INPUT_WITH_WEAK_PULLUP                           ;        ;              ;         ; Column I/O ;                 ; no       ; On           ;
; H9       ;            ;          ; GNDA3                                                     ; gnd    ;              ;         ; --         ;                 ; --       ; --           ;
; H10      ; 514        ; 8        ; RESERVED_INPUT_WITH_WEAK_PULLUP                           ;        ;              ;         ; Column I/O ;                 ; no       ; On           ;
; H11      ;            ; 8        ; VCCIO8                                                    ; power  ;              ; 2.5V    ; --         ;                 ; --       ; --           ;
; H12      ; 507        ; 8        ; VGA_G[8]                                                  ; output ; 2.5 V        ;         ; Column I/O ; N               ; no       ; Off          ;
; H13      ; 494        ; 8        ; VGA_G[5]                                                  ; output ; 2.5 V        ;         ; Column I/O ; N               ; no       ; Off          ;
; H14      ; 480        ; 8        ; VGA_G[1]                                                  ; output ; 2.5 V        ;         ; Column I/O ; N               ; no       ; Off          ;
; H15      ; 464        ; 7        ; RESERVED_INPUT_WITH_WEAK_PULLUP                           ;        ;              ;         ; Column I/O ;                 ; no       ; On           ;
; H16      ; 459        ; 7        ; RESERVED_INPUT_WITH_WEAK_PULLUP                           ;        ;              ;         ; Column I/O ;                 ; no       ; On           ;
; H17      ; 454        ; 7        ; RESERVED_INPUT_WITH_WEAK_PULLUP                           ;        ;              ;         ; Column I/O ;                 ; no       ; On           ;
; H18      ;            ; 7        ; VCCIO7                                                    ; power  ;              ; 2.5V    ; --         ;                 ; --       ; --           ;
; H19      ; 446        ; 7        ; RESERVED_INPUT_WITH_WEAK_PULLUP                           ;        ;              ;         ; Column I/O ;                 ; no       ; On           ;
; H20      ;            ;          ; GNDA2                                                     ; gnd    ;              ;         ; --         ;                 ; --       ; --           ;
; H21      ; 448        ; 7        ; RESERVED_INPUT_WITH_WEAK_PULLUP                           ;        ;              ;         ; Column I/O ;                 ; no       ; On           ;
; H22      ; 399        ; 6        ; RESERVED_INPUT_WITH_WEAK_PULLUP                           ;        ;              ;         ; Row I/O    ;                 ; no       ; On           ;
; H23      ; 391        ; 6        ; RESERVED_INPUT_WITH_WEAK_PULLUP                           ;        ;              ;         ; Row I/O    ;                 ; no       ; On           ;
; H24      ; 390        ; 6        ; RESERVED_INPUT_WITH_WEAK_PULLUP                           ;        ;              ;         ; Row I/O    ;                 ; no       ; On           ;
; H25      ; 377        ; 6        ; RESERVED_INPUT_WITH_WEAK_PULLUP                           ;        ;              ;         ; Row I/O    ;                 ; no       ; On           ;
; H26      ; 376        ; 6        ; RESERVED_INPUT_WITH_WEAK_PULLUP                           ;        ;              ;         ; Row I/O    ;                 ; no       ; On           ;
; H27      ;            ;          ; GND                                                       ; gnd    ;              ;         ; --         ;                 ; --       ; --           ;
; H28      ;            ; 6        ; VCCIO6                                                    ; power  ;              ; 2.5V    ; --         ;                 ; --       ; --           ;
; J1       ; 64         ; 1        ; GND+                                                      ;        ;              ;         ; Row I/O    ;                 ; --       ; --           ;
; J2       ;            ;          ; GND                                                       ; gnd    ;              ;         ; --         ;                 ; --       ; --           ;
; J3       ; 23         ; 1        ; RESERVED_INPUT_WITH_WEAK_PULLUP                           ;        ;              ;         ; Row I/O    ;                 ; no       ; On           ;
; J4       ; 22         ; 1        ; RESERVED_INPUT_WITH_WEAK_PULLUP                           ;        ;              ;         ; Row I/O    ;                 ; no       ; On           ;
; J5       ; 36         ; 1        ; RESERVED_INPUT_WITH_WEAK_PULLUP                           ;        ;              ;         ; Row I/O    ;                 ; no       ; On           ;
; J6       ; 35         ; 1        ; RESERVED_INPUT_WITH_WEAK_PULLUP                           ;        ;              ;         ; Row I/O    ;                 ; no       ; On           ;
; J7       ; 37         ; 1        ; RESERVED_INPUT_WITH_WEAK_PULLUP                           ;        ;              ;         ; Row I/O    ;                 ; no       ; On           ;
; J8       ;            ; --       ; VCCA3                                                     ; power  ;              ; 2.5V    ; --         ;                 ; --       ; --           ;
; J9       ;            ;          ; VCCD_PLL3                                                 ; power  ;              ; 1.2V    ; --         ;                 ; --       ; --           ;
; J10      ; 515        ; 8        ; RESERVED_INPUT_WITH_WEAK_PULLUP                           ;        ;              ;         ; Column I/O ;                 ; no       ; On           ;
; J11      ;            ;          ; GND                                                       ; gnd    ;              ;         ; --         ;                 ; --       ; --           ;
; J12      ; 490        ; 8        ; VGA_B[2]                                                  ; output ; 2.5 V        ;         ; Column I/O ; N               ; no       ; Off          ;
; J13      ; 489        ; 8        ; VGA_B[1]                                                  ; output ; 2.5 V        ;         ; Column I/O ; N               ; no       ; Off          ;
; J14      ; 481        ; 8        ; HEX_BOTTOM[5]                                             ; output ; 2.5 V        ;         ; Column I/O ; N               ; no       ; Off          ;
; J15      ; 465        ; 7        ; RESERVED_INPUT_WITH_WEAK_PULLUP                           ;        ;              ;         ; Column I/O ;                 ; no       ; On           ;
; J16      ; 458        ; 7        ; RESERVED_INPUT_WITH_WEAK_PULLUP                           ;        ;              ;         ; Column I/O ;                 ; no       ; On           ;
; J17      ; 450        ; 7        ; RESERVED_INPUT_WITH_WEAK_PULLUP                           ;        ;              ;         ; Column I/O ;                 ; no       ; On           ;
; J18      ;            ;          ; GND                                                       ; gnd    ;              ;         ; --         ;                 ; --       ; --           ;
; J19      ; 447        ; 7        ; RESERVED_INPUT_WITH_WEAK_PULLUP                           ;        ;              ;         ; Column I/O ;                 ; no       ; On           ;
; J20      ;            ;          ; VCCD_PLL2                                                 ; power  ;              ; 1.2V    ; --         ;                 ; --       ; --           ;
; J21      ;            ; --       ; VCCA2                                                     ; power  ;              ; 2.5V    ; --         ;                 ; --       ; --           ;
; J22      ; 394        ; 6        ; RESERVED_INPUT_WITH_WEAK_PULLUP                           ;        ;              ;         ; Row I/O    ;                 ; --       ; --           ;
; J23      ; 387        ; 6        ; RESERVED_INPUT_WITH_WEAK_PULLUP                           ;        ;              ;         ; Row I/O    ;                 ; no       ; On           ;
; J24      ; 386        ; 6        ; RESERVED_INPUT_WITH_WEAK_PULLUP                           ;        ;              ;         ; Row I/O    ;                 ; no       ; On           ;
; J25      ; 365        ; 6        ; RESERVED_INPUT_WITH_WEAK_PULLUP                           ;        ;              ;         ; Row I/O    ;                 ; no       ; On           ;
; J26      ; 364        ; 6        ; RESERVED_INPUT_WITH_WEAK_PULLUP                           ;        ;              ;         ; Row I/O    ;                 ; no       ; On           ;
; J27      ; 338        ; 6        ; PS2_CLK                                                   ; input  ; 2.5 V        ;         ; Row I/O    ; N               ; no       ; Off          ;
; J28      ; 337        ; 6        ; PS2_DAT                                                   ; input  ; 2.5 V        ;         ; Row I/O    ; N               ; no       ; Off          ;
; K1       ; 28         ; 1        ; RESERVED_INPUT_WITH_WEAK_PULLUP                           ;        ;              ;         ; Row I/O    ;                 ; no       ; On           ;
; K2       ; 27         ; 1        ; RESERVED_INPUT_WITH_WEAK_PULLUP                           ;        ;              ;         ; Row I/O    ;                 ; no       ; On           ;
; K3       ; 30         ; 1        ; RESERVED_INPUT_WITH_WEAK_PULLUP                           ;        ;              ;         ; Row I/O    ;                 ; no       ; On           ;
; K4       ; 29         ; 1        ; RESERVED_INPUT_WITH_WEAK_PULLUP                           ;        ;              ;         ; Row I/O    ;                 ; no       ; On           ;
; K5       ;            ; 1        ; VCCIO1                                                    ; power  ;              ; 2.5V    ; --         ;                 ; --       ; --           ;
; K6       ;            ;          ; GND                                                       ; gnd    ;              ;         ; --         ;                 ; --       ; --           ;
; K7       ; 38         ; 1        ; RESERVED_INPUT_WITH_WEAK_PULLUP                           ;        ;              ;         ; Row I/O    ;                 ; no       ; On           ;
; K8       ; 39         ; 1        ; RESERVED_INPUT_WITH_WEAK_PULLUP                           ;        ;              ;         ; Row I/O    ;                 ; no       ; On           ;
; K9       ;            ;          ; VCCINT                                                    ; power  ;              ; 1.2V    ; --         ;                 ; --       ; --           ;
; K10      ;            ;          ; GND                                                       ; gnd    ;              ;         ; --         ;                 ; --       ; --           ;
; K11      ;            ;          ; VCCINT                                                    ; power  ;              ; 1.2V    ; --         ;                 ; --       ; --           ;
; K12      ;            ;          ; GND                                                       ; gnd    ;              ;         ; --         ;                 ; --       ; --           ;
; K13      ;            ;          ; VCCINT                                                    ; power  ;              ; 1.2V    ; --         ;                 ; --       ; --           ;
; K14      ;            ;          ; GND                                                       ; gnd    ;              ;         ; --         ;                 ; --       ; --           ;
; K15      ;            ;          ; VCCINT                                                    ; power  ;              ; 1.2V    ; --         ;                 ; --       ; --           ;
; K16      ;            ;          ; GND                                                       ; gnd    ;              ;         ; --         ;                 ; --       ; --           ;
; K17      ;            ;          ; VCCINT                                                    ; power  ;              ; 1.2V    ; --         ;                 ; --       ; --           ;
; K18      ;            ;          ; GND                                                       ; gnd    ;              ;         ; --         ;                 ; --       ; --           ;
; K19      ;            ;          ; VCCINT                                                    ; power  ;              ; 1.2V    ; --         ;                 ; --       ; --           ;
; K20      ;            ;          ; GND                                                       ; gnd    ;              ;         ; --         ;                 ; --       ; --           ;
; K21      ; 389        ; 6        ; RESERVED_INPUT_WITH_WEAK_PULLUP                           ;        ;              ;         ; Row I/O    ;                 ; no       ; On           ;
; K22      ; 388        ; 6        ; RESERVED_INPUT_WITH_WEAK_PULLUP                           ;        ;              ;         ; Row I/O    ;                 ; no       ; On           ;
; K23      ;            ;          ; GND                                                       ; gnd    ;              ;         ; --         ;                 ; --       ; --           ;
; K24      ;            ; 6        ; VCCIO6                                                    ; power  ;              ; 2.5V    ; --         ;                 ; --       ; --           ;
; K25      ; 371        ; 6        ; RESERVED_INPUT_WITH_WEAK_PULLUP                           ;        ;              ;         ; Row I/O    ;                 ; no       ; On           ;
; K26      ; 370        ; 6        ; RESERVED_INPUT_WITH_WEAK_PULLUP                           ;        ;              ;         ; Row I/O    ;                 ; no       ; On           ;
; K27      ; 362        ; 6        ; RESERVED_INPUT_WITH_WEAK_PULLUP                           ;        ;              ;         ; Row I/O    ;                 ; no       ; On           ;
; K28      ; 361        ; 6        ; RESERVED_INPUT_WITH_WEAK_PULLUP                           ;        ;              ;         ; Row I/O    ;                 ; no       ; On           ;
; L1       ; 49         ; 1        ; RESERVED_INPUT_WITH_WEAK_PULLUP                           ;        ;              ;         ; Row I/O    ;                 ; no       ; On           ;
; L2       ; 48         ; 1        ; RESERVED_INPUT_WITH_WEAK_PULLUP                           ;        ;              ;         ; Row I/O    ;                 ; no       ; On           ;
; L3       ; 32         ; 1        ; RESERVED_INPUT_WITH_WEAK_PULLUP                           ;        ;              ;         ; Row I/O    ;                 ; no       ; On           ;
; L4       ; 31         ; 1        ; RESERVED_INPUT_WITH_WEAK_PULLUP                           ;        ;              ;         ; Row I/O    ;                 ; no       ; On           ;
; L5       ; 21         ; 1        ; HEX_TOP[1]                                                ; output ; 2.5 V        ;         ; Row I/O    ; N               ; no       ; Off          ;
; L6       ; 43         ; 1        ; RESERVED_INPUT_WITH_WEAK_PULLUP                           ;        ;              ;         ; Row I/O    ;                 ; no       ; On           ;
; L7       ; 42         ; 1        ; RESERVED_INPUT_WITH_WEAK_PULLUP                           ;        ;              ;         ; Row I/O    ;                 ; no       ; On           ;
; L8       ; 40         ; 1        ; RESERVED_INPUT_WITH_WEAK_PULLUP                           ;        ;              ;         ; Row I/O    ;                 ; no       ; On           ;
; L9       ;            ;          ; GND                                                       ; gnd    ;              ;         ; --         ;                 ; --       ; --           ;
; L10      ;            ;          ; VCCINT                                                    ; power  ;              ; 1.2V    ; --         ;                 ; --       ; --           ;
; L11      ;            ;          ; GND                                                       ; gnd    ;              ;         ; --         ;                 ; --       ; --           ;
; L12      ;            ;          ; VCCINT                                                    ; power  ;              ; 1.2V    ; --         ;                 ; --       ; --           ;
; L13      ;            ;          ; GND                                                       ; gnd    ;              ;         ; --         ;                 ; --       ; --           ;
; L14      ;            ;          ; VCCINT                                                    ; power  ;              ; 1.2V    ; --         ;                 ; --       ; --           ;
; L15      ;            ;          ; GND                                                       ; gnd    ;              ;         ; --         ;                 ; --       ; --           ;
; L16      ;            ;          ; VCCINT                                                    ; power  ;              ; 1.2V    ; --         ;                 ; --       ; --           ;
; L17      ;            ;          ; GND                                                       ; gnd    ;              ;         ; --         ;                 ; --       ; --           ;
; L18      ;            ;          ; VCCINT                                                    ; power  ;              ; 1.2V    ; --         ;                 ; --       ; --           ;
; L19      ;            ;          ; GND                                                       ; gnd    ;              ;         ; --         ;                 ; --       ; --           ;
; L20      ;            ;          ; VCCINT                                                    ; power  ;              ; 1.2V    ; --         ;                 ; --       ; --           ;
; L21      ; 385        ; 6        ; RESERVED_INPUT_WITH_WEAK_PULLUP                           ;        ;              ;         ; Row I/O    ;                 ; no       ; On           ;
; L22      ; 384        ; 6        ; RESERVED_INPUT_WITH_WEAK_PULLUP                           ;        ;              ;         ; Row I/O    ;                 ; no       ; On           ;
; L23      ; 360        ; 6        ; RESERVED_INPUT_WITH_WEAK_PULLUP                           ;        ;              ;         ; Row I/O    ;                 ; no       ; On           ;
; L24      ; 359        ; 6        ; RESERVED_INPUT_WITH_WEAK_PULLUP                           ;        ;              ;         ; Row I/O    ;                 ; no       ; On           ;
; L25      ; 369        ; 6        ; RESERVED_INPUT_WITH_WEAK_PULLUP                           ;        ;              ;         ; Row I/O    ;                 ; no       ; On           ;
; L26      ; 363        ; 6        ; RESERVED_INPUT_WITH_WEAK_PULLUP                           ;        ;              ;         ; Row I/O    ;                 ; no       ; On           ;
; L27      ; 358        ; 6        ; RESERVED_INPUT_WITH_WEAK_PULLUP                           ;        ;              ;         ; Row I/O    ;                 ; no       ; On           ;
; L28      ; 357        ; 6        ; RESERVED_INPUT_WITH_WEAK_PULLUP                           ;        ;              ;         ; Row I/O    ;                 ; no       ; On           ;
; M1       ; 51         ; 1        ; RESERVED_INPUT_WITH_WEAK_PULLUP                           ;        ;              ;         ; Row I/O    ;                 ; no       ; On           ;
; M2       ; 50         ; 1        ; RESERVED_INPUT_WITH_WEAK_PULLUP                           ;        ;              ;         ; Row I/O    ;                 ; no       ; On           ;
; M3       ; 34         ; 1        ; RESERVED_INPUT_WITH_WEAK_PULLUP                           ;        ;              ;         ; Row I/O    ;                 ; no       ; On           ;
; M4       ; 33         ; 1        ; RESERVED_INPUT_WITH_WEAK_PULLUP                           ;        ;              ;         ; Row I/O    ;                 ; no       ; On           ;
; M5       ; 41         ; 1        ; RESERVED_INPUT_WITH_WEAK_PULLUP                           ;        ;              ;         ; Row I/O    ;                 ; --       ; --           ;
; M6       ; 24         ; 1        ; ^nSTATUS                                                  ;        ;              ;         ; --         ;                 ; --       ; --           ;
; M7       ; 47         ; 1        ; RESERVED_INPUT_WITH_WEAK_PULLUP                           ;        ;              ;         ; Row I/O    ;                 ; no       ; On           ;
; M8       ; 46         ; 1        ; RESERVED_INPUT_WITH_WEAK_PULLUP                           ;        ;              ;         ; Row I/O    ;                 ; no       ; On           ;
; M9       ;            ;          ; VCCINT                                                    ; power  ;              ; 1.2V    ; --         ;                 ; --       ; --           ;
; M10      ;            ;          ; GND                                                       ; gnd    ;              ;         ; --         ;                 ; --       ; --           ;
; M11      ;            ;          ; VCCINT                                                    ; power  ;              ; 1.2V    ; --         ;                 ; --       ; --           ;
; M12      ;            ;          ; GND                                                       ; gnd    ;              ;         ; --         ;                 ; --       ; --           ;
; M13      ;            ;          ; VCCINT                                                    ; power  ;              ; 1.2V    ; --         ;                 ; --       ; --           ;
; M14      ;            ;          ; GND                                                       ; gnd    ;              ;         ; --         ;                 ; --       ; --           ;
; M15      ;            ;          ; VCCINT                                                    ; power  ;              ; 1.2V    ; --         ;                 ; --       ; --           ;
; M16      ;            ;          ; GND                                                       ; gnd    ;              ;         ; --         ;                 ; --       ; --           ;
; M17      ;            ;          ; VCCINT                                                    ; power  ;              ; 1.2V    ; --         ;                 ; --       ; --           ;
; M18      ;            ;          ; GND                                                       ; gnd    ;              ;         ; --         ;                 ; --       ; --           ;
; M19      ;            ;          ; VCCINT                                                    ; power  ;              ; 1.2V    ; --         ;                 ; --       ; --           ;
; M20      ;            ;          ; GND                                                       ; gnd    ;              ;         ; --         ;                 ; --       ; --           ;
; M21      ; 368        ; 6        ; RESERVED_INPUT_WITH_WEAK_PULLUP                           ;        ;              ;         ; Row I/O    ;                 ; --       ; --           ;
; M22      ; 342        ; 6        ; ^MSEL2                                                    ;        ;              ;         ; --         ;                 ; --       ; --           ;
; M23      ; 344        ; 6        ; RESERVED_INPUT_WITH_WEAK_PULLUP                           ;        ;              ;         ; Row I/O    ;                 ; no       ; On           ;
; M24      ; 347        ; 6        ; RESERVED_INPUT_WITH_WEAK_PULLUP                           ;        ;              ;         ; Row I/O    ;                 ; no       ; On           ;
; M25      ; 356        ; 6        ; RESERVED_INPUT_WITH_WEAK_PULLUP                           ;        ;              ;         ; Row I/O    ;                 ; no       ; On           ;
; M26      ; 355        ; 6        ; RESERVED_INPUT_WITH_WEAK_PULLUP                           ;        ;              ;         ; Row I/O    ;                 ; no       ; On           ;
; M27      ; 354        ; 6        ; RESERVED_INPUT_WITH_WEAK_PULLUP                           ;        ;              ;         ; Row I/O    ;                 ; no       ; On           ;
; M28      ; 353        ; 6        ; RESERVED_INPUT_WITH_WEAK_PULLUP                           ;        ;              ;         ; Row I/O    ;                 ; no       ; On           ;
; N1       ;            ; 1        ; VCCIO1                                                    ; power  ;              ; 2.5V    ; --         ;                 ; --       ; --           ;
; N2       ;            ;          ; GND                                                       ; gnd    ;              ;         ; --         ;                 ; --       ; --           ;
; N3       ; 45         ; 1        ; RESERVED_INPUT_WITH_WEAK_PULLUP                           ;        ;              ;         ; Row I/O    ;                 ; no       ; On           ;
; N4       ; 44         ; 1        ; RESERVED_INPUT_WITH_WEAK_PULLUP                           ;        ;              ;         ; Row I/O    ;                 ; no       ; On           ;
; N5       ;            ; 1        ; VCCIO1                                                    ; power  ;              ; 2.5V    ; --         ;                 ; --       ; --           ;
; N6       ;            ;          ; GND                                                       ; gnd    ;              ;         ; --         ;                 ; --       ; --           ;
; N7       ; 56         ; 1        ; ~ALTERA_DATA0~ / RESERVED_INPUT_WITH_WEAK_PULLUP          ; input  ; 2.5 V        ;         ; Row I/O    ; N               ; no       ; On           ;
; N8       ; 54         ; 1        ; RESERVED_INPUT_WITH_WEAK_PULLUP                           ;        ;              ;         ; Row I/O    ;                 ; no       ; On           ;
; N9       ;            ;          ; GND                                                       ; gnd    ;              ;         ; --         ;                 ; --       ; --           ;
; N10      ;            ;          ; VCCINT                                                    ; power  ;              ; 1.2V    ; --         ;                 ; --       ; --           ;
; N11      ;            ;          ; GND                                                       ; gnd    ;              ;         ; --         ;                 ; --       ; --           ;
; N12      ;            ;          ; VCCINT                                                    ; power  ;              ; 1.2V    ; --         ;                 ; --       ; --           ;
; N13      ;            ;          ; GND                                                       ; gnd    ;              ;         ; --         ;                 ; --       ; --           ;
; N14      ;            ;          ; VCCINT                                                    ; power  ;              ; 1.2V    ; --         ;                 ; --       ; --           ;
; N15      ;            ;          ; GND                                                       ; gnd    ;              ;         ; --         ;                 ; --       ; --           ;
; N16      ;            ;          ; VCCINT                                                    ; power  ;              ; 1.2V    ; --         ;                 ; --       ; --           ;
; N17      ;            ;          ; GND                                                       ; gnd    ;              ;         ; --         ;                 ; --       ; --           ;
; N18      ;            ;          ; VCCINT                                                    ; power  ;              ; 1.2V    ; --         ;                 ; --       ; --           ;
; N19      ;            ;          ; GND                                                       ; gnd    ;              ;         ; --         ;                 ; --       ; --           ;
; N20      ;            ;          ; VCCINT                                                    ; power  ;              ; 1.2V    ; --         ;                 ; --       ; --           ;
; N21      ; 348        ; 6        ; RESERVED_INPUT_WITH_WEAK_PULLUP                           ;        ;              ;         ; Row I/O    ;                 ; --       ; --           ;
; N22      ; 340        ; 6        ; ^MSEL0                                                    ;        ;              ;         ; --         ;                 ; --       ; --           ;
; N23      ;            ;          ; GND                                                       ; gnd    ;              ;         ; --         ;                 ; --       ; --           ;
; N24      ;            ; 6        ; VCCIO6                                                    ; power  ;              ; 2.5V    ; --         ;                 ; --       ; --           ;
; N25      ; 352        ; 6        ; RESERVED_INPUT_WITH_WEAK_PULLUP                           ;        ;              ;         ; Row I/O    ;                 ; no       ; On           ;
; N26      ; 351        ; 6        ; RESERVED_INPUT_WITH_WEAK_PULLUP                           ;        ;              ;         ; Row I/O    ;                 ; no       ; On           ;
; N27      ;            ;          ; GND                                                       ; gnd    ;              ;         ; --         ;                 ; --       ; --           ;
; N28      ;            ; 6        ; VCCIO6                                                    ; power  ;              ; 2.5V    ; --         ;                 ; --       ; --           ;
; P1       ; 53         ; 1        ; RESERVED_INPUT_WITH_WEAK_PULLUP                           ;        ;              ;         ; Row I/O    ;                 ; no       ; On           ;
; P2       ; 52         ; 1        ; RESERVED_INPUT_WITH_WEAK_PULLUP                           ;        ;              ;         ; Row I/O    ;                 ; no       ; On           ;
; P3       ; 55         ; 1        ; ~ALTERA_DCLK~                                             ; output ; 2.5 V        ;         ; Row I/O    ; N               ; no       ; On           ;
; P4       ; 57         ; 1        ; ^nCONFIG                                                  ;        ;              ;         ; --         ;                 ; --       ; --           ;
; P5       ; 59         ; 1        ; #TCK                                                      ; input  ;              ;         ; --         ;                 ; --       ; --           ;
; P6       ; 61         ; 1        ; #TDO                                                      ; output ;              ;         ; --         ;                 ; --       ; --           ;
; P7       ; 58         ; 1        ; #TDI                                                      ; input  ;              ;         ; --         ;                 ; --       ; --           ;
; P8       ; 60         ; 1        ; #TMS                                                      ; input  ;              ;         ; --         ;                 ; --       ; --           ;
; P9       ;            ;          ; VCCINT                                                    ; power  ;              ; 1.2V    ; --         ;                 ; --       ; --           ;
; P10      ;            ;          ; GND                                                       ; gnd    ;              ;         ; --         ;                 ; --       ; --           ;
; P11      ;            ;          ; VCCINT                                                    ; power  ;              ; 1.2V    ; --         ;                 ; --       ; --           ;
; P12      ;            ;          ; GND                                                       ; gnd    ;              ;         ; --         ;                 ; --       ; --           ;
; P13      ;            ;          ; VCCINT                                                    ; power  ;              ; 1.2V    ; --         ;                 ; --       ; --           ;
; P14      ;            ;          ; GND                                                       ; gnd    ;              ;         ; --         ;                 ; --       ; --           ;
; P15      ;            ;          ; VCCINT                                                    ; power  ;              ; 1.2V    ; --         ;                 ; --       ; --           ;
; P16      ;            ;          ; GND                                                       ; gnd    ;              ;         ; --         ;                 ; --       ; --           ;
; P17      ;            ;          ; VCCINT                                                    ; power  ;              ; 1.2V    ; --         ;                 ; --       ; --           ;
; P18      ;            ;          ; GND                                                       ; gnd    ;              ;         ; --         ;                 ; --       ; --           ;
; P19      ;            ;          ; VCCINT                                                    ; power  ;              ; 1.2V    ; --         ;                 ; --       ; --           ;
; P20      ;            ;          ; GND                                                       ; gnd    ;              ;         ; --         ;                 ; --       ; --           ;
; P21      ; 334        ; 5        ; RESERVED_INPUT_WITH_WEAK_PULLUP                           ;        ;              ;         ; Row I/O    ;                 ; no       ; On           ;
; P22      ; 343        ; 6        ; ^MSEL3                                                    ;        ;              ;         ; --         ;                 ; --       ; --           ;
; P23      ; 341        ; 6        ; ^MSEL1                                                    ;        ;              ;         ; --         ;                 ; --       ; --           ;
; P24      ; 339        ; 6        ; ^CONF_DONE                                                ;        ;              ;         ; --         ;                 ; --       ; --           ;
; P25      ; 346        ; 6        ; RESERVED_INPUT_WITH_WEAK_PULLUP                           ;        ;              ;         ; Row I/O    ;                 ; no       ; On           ;
; P26      ; 345        ; 6        ; RESERVED_INPUT_WITH_WEAK_PULLUP                           ;        ;              ;         ; Row I/O    ;                 ; no       ; On           ;
; P27      ; 350        ; 6        ; RESERVED_INPUT_WITH_WEAK_PULLUP                           ;        ;              ;         ; Row I/O    ;                 ; no       ; On           ;
; P28      ; 349        ; 6        ; ~ALTERA_nCEO~ / RESERVED_OUTPUT_OPEN_DRAIN                ; output ; 2.5 V        ;         ; Row I/O    ; N               ; no       ; Off          ;
; R1       ; 68         ; 2        ; RESERVED_INPUT_WITH_WEAK_PULLUP                           ;        ;              ;         ; Row I/O    ;                 ; no       ; On           ;
; R2       ; 67         ; 2        ; RESERVED_INPUT_WITH_WEAK_PULLUP                           ;        ;              ;         ; Row I/O    ;                 ; no       ; On           ;
; R3       ; 73         ; 2        ; RESERVED_INPUT_WITH_WEAK_PULLUP                           ;        ;              ;         ; Row I/O    ;                 ; no       ; On           ;
; R4       ; 74         ; 2        ; RESERVED_INPUT_WITH_WEAK_PULLUP                           ;        ;              ;         ; Row I/O    ;                 ; no       ; On           ;
; R5       ; 77         ; 2        ; RESERVED_INPUT_WITH_WEAK_PULLUP                           ;        ;              ;         ; Row I/O    ;                 ; no       ; On           ;
; R6       ; 70         ; 2        ; RESERVED_INPUT_WITH_WEAK_PULLUP                           ;        ;              ;         ; Row I/O    ;                 ; no       ; On           ;
; R7       ; 69         ; 2        ; RESERVED_INPUT_WITH_WEAK_PULLUP                           ;        ;              ;         ; Row I/O    ;                 ; no       ; On           ;
; R8       ; 62         ; 1        ; ^nCE                                                      ;        ;              ;         ; --         ;                 ; --       ; --           ;
; R9       ;            ;          ; GND                                                       ; gnd    ;              ;         ; --         ;                 ; --       ; --           ;
; R10      ;            ;          ; VCCINT                                                    ; power  ;              ; 1.2V    ; --         ;                 ; --       ; --           ;
; R11      ;            ;          ; GND                                                       ; gnd    ;              ;         ; --         ;                 ; --       ; --           ;
; R12      ;            ;          ; VCCINT                                                    ; power  ;              ; 1.2V    ; --         ;                 ; --       ; --           ;
; R13      ;            ;          ; GND                                                       ; gnd    ;              ;         ; --         ;                 ; --       ; --           ;
; R14      ;            ;          ; VCCINT                                                    ; power  ;              ; 1.2V    ; --         ;                 ; --       ; --           ;
; R15      ;            ;          ; GND                                                       ; gnd    ;              ;         ; --         ;                 ; --       ; --           ;
; R16      ;            ;          ; VCCINT                                                    ; power  ;              ; 1.2V    ; --         ;                 ; --       ; --           ;
; R17      ;            ;          ; GND                                                       ; gnd    ;              ;         ; --         ;                 ; --       ; --           ;
; R18      ;            ;          ; VCCINT                                                    ; power  ;              ; 1.2V    ; --         ;                 ; --       ; --           ;
; R19      ;            ;          ; GND                                                       ; gnd    ;              ;         ; --         ;                 ; --       ; --           ;
; R20      ;            ;          ; VCCINT                                                    ; power  ;              ; 1.2V    ; --         ;                 ; --       ; --           ;
; R21      ; 333        ; 5        ; RESERVED_INPUT_WITH_WEAK_PULLUP                           ;        ;              ;         ; Row I/O    ;                 ; no       ; On           ;
; R22      ; 332        ; 5        ; RESERVED_INPUT_WITH_WEAK_PULLUP                           ;        ;              ;         ; Row I/O    ;                 ; no       ; On           ;
; R23      ; 331        ; 5        ; RESERVED_INPUT_WITH_WEAK_PULLUP                           ;        ;              ;         ; Row I/O    ;                 ; no       ; On           ;
; R24      ; 330        ; 5        ; RESERVED_INPUT_WITH_WEAK_PULLUP                           ;        ;              ;         ; Row I/O    ;                 ; no       ; On           ;
; R25      ; 327        ; 5        ; RESERVED_INPUT_WITH_WEAK_PULLUP                           ;        ;              ;         ; Row I/O    ;                 ; no       ; On           ;
; R26      ; 326        ; 5        ; RESERVED_INPUT_WITH_WEAK_PULLUP                           ;        ;              ;         ; Row I/O    ;                 ; no       ; On           ;
; R27      ; 329        ; 5        ; RESERVED_INPUT_WITH_WEAK_PULLUP                           ;        ;              ;         ; Row I/O    ;                 ; no       ; On           ;
; R28      ; 328        ; 5        ; VGA_BLANK_N                                               ; output ; 2.5 V        ;         ; Row I/O    ; N               ; no       ; Off          ;
; T1       ;            ; 2        ; VCCIO2                                                    ; power  ;              ; 2.5V    ; --         ;                 ; --       ; --           ;
; T2       ;            ;          ; GND                                                       ; gnd    ;              ;         ; --         ;                 ; --       ; --           ;
; T3       ; 76         ; 2        ; RESERVED_INPUT_WITH_WEAK_PULLUP                           ;        ;              ;         ; Row I/O    ;                 ; no       ; On           ;
; T4       ; 75         ; 2        ; RESERVED_INPUT_WITH_WEAK_PULLUP                           ;        ;              ;         ; Row I/O    ;                 ; no       ; On           ;
; T5       ;            ; 2        ; VCCIO2                                                    ; power  ;              ; 2.5V    ; --         ;                 ; --       ; --           ;
; T6       ;            ;          ; GND                                                       ; gnd    ;              ;         ; --         ;                 ; --       ; --           ;
; T7       ; 78         ; 2        ; RESERVED_INPUT_WITH_WEAK_PULLUP                           ;        ;              ;         ; Row I/O    ;                 ; --       ; --           ;
; T8       ; 100        ; 2        ; RESERVED_INPUT_WITH_WEAK_PULLUP                           ;        ;              ;         ; Row I/O    ;                 ; --       ; --           ;
; T9       ;            ;          ; VCCINT                                                    ; power  ;              ; 1.2V    ; --         ;                 ; --       ; --           ;
; T10      ;            ;          ; GND                                                       ; gnd    ;              ;         ; --         ;                 ; --       ; --           ;
; T11      ;            ;          ; VCCINT                                                    ; power  ;              ; 1.2V    ; --         ;                 ; --       ; --           ;
; T12      ;            ;          ; GND                                                       ; gnd    ;              ;         ; --         ;                 ; --       ; --           ;
; T13      ;            ;          ; VCCINT                                                    ; power  ;              ; 1.2V    ; --         ;                 ; --       ; --           ;
; T14      ;            ;          ; GND                                                       ; gnd    ;              ;         ; --         ;                 ; --       ; --           ;
; T15      ;            ;          ; VCCINT                                                    ; power  ;              ; 1.2V    ; --         ;                 ; --       ; --           ;
; T16      ;            ;          ; GND                                                       ; gnd    ;              ;         ; --         ;                 ; --       ; --           ;
; T17      ;            ;          ; VCCINT                                                    ; power  ;              ; 1.2V    ; --         ;                 ; --       ; --           ;
; T18      ;            ;          ; GND                                                       ; gnd    ;              ;         ; --         ;                 ; --       ; --           ;
; T19      ;            ;          ; VCCINT                                                    ; power  ;              ; 1.2V    ; --         ;                 ; --       ; --           ;
; T20      ;            ;          ; GND                                                       ; gnd    ;              ;         ; --         ;                 ; --       ; --           ;
; T21      ; 325        ; 5        ; RESERVED_INPUT_WITH_WEAK_PULLUP                           ;        ;              ;         ; Row I/O    ;                 ; no       ; On           ;
; T22      ; 324        ; 5        ; RESERVED_INPUT_WITH_WEAK_PULLUP                           ;        ;              ;         ; Row I/O    ;                 ; no       ; On           ;
; T23      ;            ;          ; GND                                                       ; gnd    ;              ;         ; --         ;                 ; --       ; --           ;
; T24      ;            ; 5        ; VCCIO5                                                    ; power  ;              ; 2.5V    ; --         ;                 ; --       ; --           ;
; T25      ; 323        ; 5        ; RESERVED_INPUT_WITH_WEAK_PULLUP                           ;        ;              ;         ; Row I/O    ;                 ; no       ; On           ;
; T26      ; 322        ; 5        ; RESERVED_INPUT_WITH_WEAK_PULLUP                           ;        ;              ;         ; Row I/O    ;                 ; no       ; On           ;
; T27      ;            ;          ; GND                                                       ; gnd    ;              ;         ; --         ;                 ; --       ; --           ;
; T28      ;            ; 5        ; VCCIO5                                                    ; power  ;              ; 2.5V    ; --         ;                 ; --       ; --           ;
; U1       ; 80         ; 2        ; RESERVED_INPUT_WITH_WEAK_PULLUP                           ;        ;              ;         ; Row I/O    ;                 ; no       ; On           ;
; U2       ; 79         ; 2        ; RESERVED_INPUT_WITH_WEAK_PULLUP                           ;        ;              ;         ; Row I/O    ;                 ; no       ; On           ;
; U3       ; 71         ; 2        ; RESERVED_INPUT_WITH_WEAK_PULLUP                           ;        ;              ;         ; Row I/O    ;                 ; no       ; On           ;
; U4       ; 72         ; 2        ; RESERVED_INPUT_WITH_WEAK_PULLUP                           ;        ;              ;         ; Row I/O    ;                 ; no       ; On           ;
; U5       ; 90         ; 2        ; RESERVED_INPUT_WITH_WEAK_PULLUP                           ;        ;              ;         ; Row I/O    ;                 ; no       ; On           ;
; U6       ; 89         ; 2        ; RESERVED_INPUT_WITH_WEAK_PULLUP                           ;        ;              ;         ; Row I/O    ;                 ; no       ; On           ;
; U7       ; 103        ; 2        ; RESERVED_INPUT_WITH_WEAK_PULLUP                           ;        ;              ;         ; Row I/O    ;                 ; no       ; On           ;
; U8       ; 104        ; 2        ; RESERVED_INPUT_WITH_WEAK_PULLUP                           ;        ;              ;         ; Row I/O    ;                 ; no       ; On           ;
; U9       ;            ;          ; GND                                                       ; gnd    ;              ;         ; --         ;                 ; --       ; --           ;
; U10      ;            ;          ; VCCINT                                                    ; power  ;              ; 1.2V    ; --         ;                 ; --       ; --           ;
; U11      ;            ;          ; GND                                                       ; gnd    ;              ;         ; --         ;                 ; --       ; --           ;
; U12      ;            ;          ; VCCINT                                                    ; power  ;              ; 1.2V    ; --         ;                 ; --       ; --           ;
; U13      ;            ;          ; GND                                                       ; gnd    ;              ;         ; --         ;                 ; --       ; --           ;
; U14      ;            ;          ; VCCINT                                                    ; power  ;              ; 1.2V    ; --         ;                 ; --       ; --           ;
; U15      ;            ;          ; GND                                                       ; gnd    ;              ;         ; --         ;                 ; --       ; --           ;
; U16      ;            ;          ; VCCINT                                                    ; power  ;              ; 1.2V    ; --         ;                 ; --       ; --           ;
; U17      ;            ;          ; GND                                                       ; gnd    ;              ;         ; --         ;                 ; --       ; --           ;
; U18      ;            ;          ; VCCINT                                                    ; power  ;              ; 1.2V    ; --         ;                 ; --       ; --           ;
; U19      ;            ;          ; GND                                                       ; gnd    ;              ;         ; --         ;                 ; --       ; --           ;
; U20      ;            ;          ; VCCINT                                                    ; power  ;              ; 1.2V    ; --         ;                 ; --       ; --           ;
; U21      ; 319        ; 5        ; RESERVED_INPUT_WITH_WEAK_PULLUP                           ;        ;              ;         ; Row I/O    ;                 ; no       ; On           ;
; U22      ; 313        ; 5        ; RESERVED_INPUT_WITH_WEAK_PULLUP                           ;        ;              ;         ; Row I/O    ;                 ; no       ; On           ;
; U23      ; 305        ; 5        ; RESERVED_INPUT_WITH_WEAK_PULLUP                           ;        ;              ;         ; Row I/O    ;                 ; --       ; --           ;
; U24      ; 316        ; 5        ; RESERVED_INPUT_WITH_WEAK_PULLUP                           ;        ;              ;         ; Row I/O    ;                 ; --       ; --           ;
; U25      ; 315        ; 5        ; RESERVED_INPUT_WITH_WEAK_PULLUP                           ;        ;              ;         ; Row I/O    ;                 ; no       ; On           ;
; U26      ; 314        ; 5        ; RESERVED_INPUT_WITH_WEAK_PULLUP                           ;        ;              ;         ; Row I/O    ;                 ; no       ; On           ;
; U27      ; 318        ; 5        ; RESERVED_INPUT_WITH_WEAK_PULLUP                           ;        ;              ;         ; Row I/O    ;                 ; no       ; On           ;
; U28      ; 317        ; 5        ; RESERVED_INPUT_WITH_WEAK_PULLUP                           ;        ;              ;         ; Row I/O    ;                 ; no       ; On           ;
; V1       ; 84         ; 2        ; RESERVED_INPUT_WITH_WEAK_PULLUP                           ;        ;              ;         ; Row I/O    ;                 ; no       ; On           ;
; V2       ; 83         ; 2        ; RESERVED_INPUT_WITH_WEAK_PULLUP                           ;        ;              ;         ; Row I/O    ;                 ; no       ; On           ;
; V3       ; 82         ; 2        ; RESERVED_INPUT_WITH_WEAK_PULLUP                           ;        ;              ;         ; Row I/O    ;                 ; no       ; On           ;
; V4       ; 81         ; 2        ; RESERVED_INPUT_WITH_WEAK_PULLUP                           ;        ;              ;         ; Row I/O    ;                 ; no       ; On           ;
; V5       ; 108        ; 2        ; RESERVED_INPUT_WITH_WEAK_PULLUP                           ;        ;              ;         ; Row I/O    ;                 ; no       ; On           ;
; V6       ; 107        ; 2        ; RESERVED_INPUT_WITH_WEAK_PULLUP                           ;        ;              ;         ; Row I/O    ;                 ; no       ; On           ;
; V7       ; 110        ; 2        ; RESERVED_INPUT_WITH_WEAK_PULLUP                           ;        ;              ;         ; Row I/O    ;                 ; no       ; On           ;
; V8       ; 109        ; 2        ; RESERVED_INPUT_WITH_WEAK_PULLUP                           ;        ;              ;         ; Row I/O    ;                 ; no       ; On           ;
; V9       ;            ;          ; VCCINT                                                    ; power  ;              ; 1.2V    ; --         ;                 ; --       ; --           ;
; V10      ;            ;          ; GND                                                       ; gnd    ;              ;         ; --         ;                 ; --       ; --           ;
; V11      ;            ;          ; VCCINT                                                    ; power  ;              ; 1.2V    ; --         ;                 ; --       ; --           ;
; V12      ;            ;          ; GND                                                       ; gnd    ;              ;         ; --         ;                 ; --       ; --           ;
; V13      ;            ;          ; VCCINT                                                    ; power  ;              ; 1.2V    ; --         ;                 ; --       ; --           ;
; V14      ;            ;          ; GND                                                       ; gnd    ;              ;         ; --         ;                 ; --       ; --           ;
; V15      ;            ;          ; VCCINT                                                    ; power  ;              ; 1.2V    ; --         ;                 ; --       ; --           ;
; V16      ;            ;          ; GND                                                       ; gnd    ;              ;         ; --         ;                 ; --       ; --           ;
; V17      ;            ;          ; VCCINT                                                    ; power  ;              ; 1.2V    ; --         ;                 ; --       ; --           ;
; V18      ;            ;          ; GND                                                       ; gnd    ;              ;         ; --         ;                 ; --       ; --           ;
; V19      ;            ;          ; VCCINT                                                    ; power  ;              ; 1.2V    ; --         ;                 ; --       ; --           ;
; V20      ;            ;          ; GND                                                       ; gnd    ;              ;         ; --         ;                 ; --       ; --           ;
; V21      ; 311        ; 5        ; RESERVED_INPUT_WITH_WEAK_PULLUP                           ;        ;              ;         ; Row I/O    ;                 ; no       ; On           ;
; V22      ; 312        ; 5        ; RESERVED_INPUT_WITH_WEAK_PULLUP                           ;        ;              ;         ; Row I/O    ;                 ; no       ; On           ;
; V23      ; 309        ; 5        ; RESERVED_INPUT_WITH_WEAK_PULLUP                           ;        ;              ;         ; Row I/O    ;                 ; no       ; On           ;
; V24      ; 308        ; 5        ; RESERVED_INPUT_WITH_WEAK_PULLUP                           ;        ;              ;         ; Row I/O    ;                 ; no       ; On           ;
; V25      ; 307        ; 5        ; RESERVED_INPUT_WITH_WEAK_PULLUP                           ;        ;              ;         ; Row I/O    ;                 ; no       ; On           ;
; V26      ; 306        ; 5        ; RESERVED_INPUT_WITH_WEAK_PULLUP                           ;        ;              ;         ; Row I/O    ;                 ; no       ; On           ;
; V27      ; 304        ; 5        ; RESERVED_INPUT_WITH_WEAK_PULLUP                           ;        ;              ;         ; Row I/O    ;                 ; no       ; On           ;
; V28      ; 303        ; 5        ; RESERVED_INPUT_WITH_WEAK_PULLUP                           ;        ;              ;         ; Row I/O    ;                 ; no       ; On           ;
; W1       ; 88         ; 2        ; RESERVED_INPUT_WITH_WEAK_PULLUP                           ;        ;              ;         ; Row I/O    ;                 ; no       ; On           ;
; W2       ; 87         ; 2        ; RESERVED_INPUT_WITH_WEAK_PULLUP                           ;        ;              ;         ; Row I/O    ;                 ; no       ; On           ;
; W3       ; 112        ; 2        ; RESERVED_INPUT_WITH_WEAK_PULLUP                           ;        ;              ;         ; Row I/O    ;                 ; no       ; On           ;
; W4       ; 111        ; 2        ; RESERVED_INPUT_WITH_WEAK_PULLUP                           ;        ;              ;         ; Row I/O    ;                 ; no       ; On           ;
; W5       ;            ; 2        ; VCCIO2                                                    ; power  ;              ; 2.5V    ; --         ;                 ; --       ; --           ;
; W6       ;            ;          ; GND                                                       ; gnd    ;              ;         ; --         ;                 ; --       ; --           ;
; W7       ; 115        ; 2        ; RESERVED_INPUT_WITH_WEAK_PULLUP                           ;        ;              ;         ; Row I/O    ;                 ; no       ; On           ;
; W8       ; 116        ; 2        ; RESERVED_INPUT_WITH_WEAK_PULLUP                           ;        ;              ;         ; Row I/O    ;                 ; no       ; On           ;
; W9       ;            ;          ; GND                                                       ; gnd    ;              ;         ; --         ;                 ; --       ; --           ;
; W10      ;            ;          ; VCCINT                                                    ; power  ;              ; 1.2V    ; --         ;                 ; --       ; --           ;
; W11      ;            ;          ; GND                                                       ; gnd    ;              ;         ; --         ;                 ; --       ; --           ;
; W12      ;            ;          ; VCCINT                                                    ; power  ;              ; 1.2V    ; --         ;                 ; --       ; --           ;
; W13      ;            ;          ; GND                                                       ; gnd    ;              ;         ; --         ;                 ; --       ; --           ;
; W14      ;            ;          ; VCCINT                                                    ; power  ;              ; 1.2V    ; --         ;                 ; --       ; --           ;
; W15      ;            ;          ; GND                                                       ; gnd    ;              ;         ; --         ;                 ; --       ; --           ;
; W16      ;            ;          ; VCCINT                                                    ; power  ;              ; 1.2V    ; --         ;                 ; --       ; --           ;
; W17      ;            ;          ; GND                                                       ; gnd    ;              ;         ; --         ;                 ; --       ; --           ;
; W18      ;            ;          ; VCCINT                                                    ; power  ;              ; 1.2V    ; --         ;                 ; --       ; --           ;
; W19      ;            ;          ; GND                                                       ; gnd    ;              ;         ; --         ;                 ; --       ; --           ;
; W20      ;            ;          ; VCCINT                                                    ; power  ;              ; 1.2V    ; --         ;                 ; --       ; --           ;
; W21      ; 310        ; 5        ; RESERVED_INPUT_WITH_WEAK_PULLUP                           ;        ;              ;         ; Row I/O    ;                 ; no       ; On           ;
; W22      ; 321        ; 5        ; RESERVED_INPUT_WITH_WEAK_PULLUP                           ;        ;              ;         ; Row I/O    ;                 ; no       ; On           ;
; W23      ;            ;          ; GND                                                       ; gnd    ;              ;         ; --         ;                 ; --       ; --           ;
; W24      ;            ; 5        ; VCCIO5                                                    ; power  ;              ; 2.5V    ; --         ;                 ; --       ; --           ;
; W25      ; 300        ; 5        ; RESERVED_INPUT_WITH_WEAK_PULLUP                           ;        ;              ;         ; Row I/O    ;                 ; no       ; On           ;
; W26      ; 299        ; 5        ; RESERVED_INPUT_WITH_WEAK_PULLUP                           ;        ;              ;         ; Row I/O    ;                 ; no       ; On           ;
; W27      ; 301        ; 5        ; RESERVED_INPUT_WITH_WEAK_PULLUP                           ;        ;              ;         ; Row I/O    ;                 ; no       ; On           ;
; W28      ; 302        ; 5        ; RESERVED_INPUT_WITH_WEAK_PULLUP                           ;        ;              ;         ; Row I/O    ;                 ; no       ; On           ;
; Y1       ; 66         ; 2        ; GND+                                                      ;        ;              ;         ; Row I/O    ;                 ; --       ; --           ;
; Y2       ; 65         ; 2        ; CLOCK_50                                                  ; input  ; 2.5 V        ;         ; Row I/O    ; Y               ; no       ; Off          ;
; Y3       ; 92         ; 2        ; RESERVED_INPUT_WITH_WEAK_PULLUP                           ;        ;              ;         ; Row I/O    ;                 ; no       ; On           ;
; Y4       ; 91         ; 2        ; RESERVED_INPUT_WITH_WEAK_PULLUP                           ;        ;              ;         ; Row I/O    ;                 ; no       ; On           ;
; Y5       ; 114        ; 2        ; RESERVED_INPUT_WITH_WEAK_PULLUP                           ;        ;              ;         ; Row I/O    ;                 ; no       ; On           ;
; Y6       ; 113        ; 2        ; RESERVED_INPUT_WITH_WEAK_PULLUP                           ;        ;              ;         ; Row I/O    ;                 ; no       ; On           ;
; Y7       ; 117        ; 2        ; RESERVED_INPUT_WITH_WEAK_PULLUP                           ;        ;              ;         ; Row I/O    ;                 ; no       ; On           ;
; Y8       ;            ; --       ; VCCA1                                                     ; power  ;              ; 2.5V    ; --         ;                 ; --       ; --           ;
; Y9       ;            ;          ; VCCD_PLL1                                                 ; power  ;              ; 1.2V    ; --         ;                 ; --       ; --           ;
; Y10      ; 140        ; 3        ; RESERVED_INPUT_WITH_WEAK_PULLUP                           ;        ;              ;         ; Column I/O ;                 ; --       ; --           ;
; Y11      ;            ;          ; GND                                                       ; gnd    ;              ;         ; --         ;                 ; --       ; --           ;
; Y12      ; 187        ; 3        ; RESERVED_INPUT_WITH_WEAK_PULLUP                           ;        ;              ;         ; Column I/O ;                 ; no       ; On           ;
; Y13      ; 189        ; 3        ; RESERVED_INPUT_WITH_WEAK_PULLUP                           ;        ;              ;         ; Column I/O ;                 ; no       ; On           ;
; Y14      ; 197        ; 3        ; RESERVED_INPUT_WITH_WEAK_PULLUP                           ;        ;              ;         ; Column I/O ;                 ; no       ; On           ;
; Y15      ; 198        ; 3        ; RESERVED_INPUT_WITH_WEAK_PULLUP                           ;        ;              ;         ; Column I/O ;                 ; no       ; On           ;
; Y16      ; 250        ; 4        ; RESERVED_INPUT_WITH_WEAK_PULLUP                           ;        ;              ;         ; Column I/O ;                 ; no       ; On           ;
; Y17      ; 249        ; 4        ; RESERVED_INPUT_WITH_WEAK_PULLUP                           ;        ;              ;         ; Column I/O ;                 ; no       ; On           ;
; Y18      ;            ;          ; GND                                                       ; gnd    ;              ;         ; --         ;                 ; --       ; --           ;
; Y19      ; 263        ; 4        ; RESERVED_INPUT_WITH_WEAK_PULLUP                           ;        ;              ;         ; Column I/O ;                 ; no       ; On           ;
; Y20      ;            ;          ; VCCD_PLL4                                                 ; power  ;              ; 1.2V    ; --         ;                 ; --       ; --           ;
; Y21      ;            ; --       ; VCCA4                                                     ; power  ;              ; 2.5V    ; --         ;                 ; --       ; --           ;
; Y22      ; 320        ; 5        ; RESERVED_INPUT_WITH_WEAK_PULLUP                           ;        ;              ;         ; Row I/O    ;                 ; no       ; On           ;
; Y23      ; 288        ; 5        ; RESERVED_INPUT_WITH_WEAK_PULLUP                           ;        ;              ;         ; Row I/O    ;                 ; no       ; On           ;
; Y24      ; 287        ; 5        ; RESERVED_INPUT_WITH_WEAK_PULLUP                           ;        ;              ;         ; Row I/O    ;                 ; no       ; On           ;
; Y25      ; 298        ; 5        ; RESERVED_INPUT_WITH_WEAK_PULLUP                           ;        ;              ;         ; Row I/O    ;                 ; no       ; On           ;
; Y26      ; 297        ; 5        ; RESERVED_INPUT_WITH_WEAK_PULLUP                           ;        ;              ;         ; Row I/O    ;                 ; no       ; On           ;
; Y27      ; 336        ; 5        ; GND+                                                      ;        ;              ;         ; Row I/O    ;                 ; --       ; --           ;
; Y28      ; 335        ; 5        ; GND+                                                      ;        ;              ;         ; Row I/O    ;                 ; --       ; --           ;
+----------+------------+----------+-----------------------------------------------------------+--------+--------------+---------+------------+-----------------+----------+--------------+
Note: Pin directions (input, output or bidir) are based on device operating in user mode.


+---------------------------------------------------------------------------------------------------------------------------------+
; PLL Summary                                                                                                                     ;
+-------------------------------+-------------------------------------------------------------------------------------------------+
; Name                          ; PLL_clock_top:u_pll|PLL_clock:uPLL|altpll:altpll_component|PLL_clock_altpll:auto_generated|pll1 ;
+-------------------------------+-------------------------------------------------------------------------------------------------+
; SDC pin name                  ; u_pll|uPLL|altpll_component|auto_generated|pll1                                                 ;
; PLL mode                      ; Normal                                                                                          ;
; Compensate clock              ; clock0                                                                                          ;
; Compensated input/output pins ; --                                                                                              ;
; Switchover type               ; --                                                                                              ;
; Input frequency 0             ; 50.0 MHz                                                                                        ;
; Input frequency 1             ; --                                                                                              ;
; Nominal PFD frequency         ; 50.0 MHz                                                                                        ;
; Nominal VCO frequency         ; 600.0 MHz                                                                                       ;
; VCO post scale K counter      ; 2                                                                                               ;
; VCO frequency control         ; Auto                                                                                            ;
; VCO phase shift step          ; 208 ps                                                                                          ;
; VCO multiply                  ; --                                                                                              ;
; VCO divide                    ; --                                                                                              ;
; Freq min lock                 ; 25.0 MHz                                                                                        ;
; Freq max lock                 ; 54.18 MHz                                                                                       ;
; M VCO Tap                     ; 0                                                                                               ;
; M Initial                     ; 1                                                                                               ;
; M value                       ; 12                                                                                              ;
; N value                       ; 1                                                                                               ;
; Charge pump current           ; setting 1                                                                                       ;
; Loop filter resistance        ; setting 27                                                                                      ;
; Loop filter capacitance       ; setting 0                                                                                       ;
; Bandwidth                     ; 680 kHz to 980 kHz                                                                              ;
; Bandwidth type                ; Medium                                                                                          ;
; Real time reconfigurable      ; Off                                                                                             ;
; Scan chain MIF file           ; --                                                                                              ;
; Preserve PLL counter order    ; Off                                                                                             ;
; PLL location                  ; PLL_1                                                                                           ;
; Inclk0 signal                 ; CLOCK_50                                                                                        ;
; Inclk1 signal                 ; --                                                                                              ;
; Inclk0 signal type            ; Dedicated Pin                                                                                   ;
; Inclk1 signal type            ; --                                                                                              ;
+-------------------------------+-------------------------------------------------------------------------------------------------+


+----------------------------------------------------------------------------------------------------------------------------------------------------------------------------------------------------------------------------------------------------------------------------------------------------------------------------------------------+
; PLL Usage                                                                                                                                                                                                                                                                                                                                    ;
+-------------------------------------------------------------------------------------------------------------+--------------+------+-----+------------------+-------------+------------------+------------+---------+---------------+------------+---------------+---------+---------+--------------------------------------------------------+
; Name                                                                                                        ; Output Clock ; Mult ; Div ; Output Frequency ; Phase Shift ; Phase Shift Step ; Duty Cycle ; Counter ; Counter Value ; High / Low ; Cascade Input ; Initial ; VCO Tap ; SDC Pin Name                                           ;
+-------------------------------------------------------------------------------------------------------------+--------------+------+-----+------------------+-------------+------------------+------------+---------+---------------+------------+---------------+---------+---------+--------------------------------------------------------+
; PLL_clock_top:u_pll|PLL_clock:uPLL|altpll:altpll_component|PLL_clock_altpll:auto_generated|wire_pll1_clk[0] ; clock0       ; 2    ; 1   ; 100.0 MHz        ; 0 (0 ps)    ; 7.50 (208 ps)    ; 50/50      ; C0      ; 6             ; 3/3 Even   ; --            ; 1       ; 0       ; u_pll|uPLL|altpll_component|auto_generated|pll1|clk[0] ;
+-------------------------------------------------------------------------------------------------------------+--------------+------+-----+------------------+-------------+------------------+------------+---------+---------------+------------+---------------+---------+---------+--------------------------------------------------------+


+-----------------------------------------------+
; I/O Assignment Warnings                       ;
+---------------+-------------------------------+
; Pin Name      ; Reason                        ;
+---------------+-------------------------------+
; VGA_R[0]      ; Incomplete set of assignments ;
; VGA_R[1]      ; Incomplete set of assignments ;
; VGA_R[2]      ; Incomplete set of assignments ;
; VGA_R[3]      ; Incomplete set of assignments ;
; VGA_R[4]      ; Incomplete set of assignments ;
; VGA_R[5]      ; Incomplete set of assignments ;
; VGA_R[6]      ; Incomplete set of assignments ;
; VGA_R[7]      ; Incomplete set of assignments ;
; VGA_R[8]      ; Incomplete set of assignments ;
; VGA_R[9]      ; Incomplete set of assignments ;
; VGA_G[0]      ; Incomplete set of assignments ;
; VGA_G[1]      ; Incomplete set of assignments ;
; VGA_G[2]      ; Incomplete set of assignments ;
; VGA_G[3]      ; Incomplete set of assignments ;
; VGA_G[4]      ; Incomplete set of assignments ;
; VGA_G[5]      ; Incomplete set of assignments ;
; VGA_G[6]      ; Incomplete set of assignments ;
; VGA_G[7]      ; Incomplete set of assignments ;
; VGA_G[8]      ; Incomplete set of assignments ;
; VGA_G[9]      ; Incomplete set of assignments ;
; VGA_B[0]      ; Incomplete set of assignments ;
; VGA_B[1]      ; Incomplete set of assignments ;
; VGA_B[2]      ; Incomplete set of assignments ;
; VGA_B[3]      ; Incomplete set of assignments ;
; VGA_B[4]      ; Incomplete set of assignments ;
; VGA_B[5]      ; Incomplete set of assignments ;
; VGA_B[6]      ; Incomplete set of assignments ;
; VGA_B[7]      ; Incomplete set of assignments ;
; VGA_B[8]      ; Incomplete set of assignments ;
; VGA_B[9]      ; Incomplete set of assignments ;
; VGA_HS        ; Incomplete set of assignments ;
; VGA_VS        ; Incomplete set of assignments ;
; VGA_BLANK_N   ; Incomplete set of assignments ;
; VGA_CLK       ; Incomplete set of assignments ;
; HEX_TOP[0]    ; Incomplete set of assignments ;
; HEX_TOP[1]    ; Incomplete set of assignments ;
; HEX_TOP[2]    ; Incomplete set of assignments ;
; HEX_TOP[3]    ; Incomplete set of assignments ;
; HEX_TOP[4]    ; Incomplete set of assignments ;
; HEX_TOP[5]    ; Incomplete set of assignments ;
; HEX_TOP[6]    ; Incomplete set of assignments ;
; HEX_BOTTOM[0] ; Incomplete set of assignments ;
; HEX_BOTTOM[1] ; Incomplete set of assignments ;
; HEX_BOTTOM[2] ; Incomplete set of assignments ;
; HEX_BOTTOM[3] ; Incomplete set of assignments ;
; HEX_BOTTOM[4] ; Incomplete set of assignments ;
; HEX_BOTTOM[5] ; Incomplete set of assignments ;
; HEX_BOTTOM[6] ; Incomplete set of assignments ;
; CLOCK_50      ; Incomplete set of assignments ;
; RESET_N       ; Incomplete set of assignments ;
; PS2_DAT       ; Incomplete set of assignments ;
; PS2_CLK       ; Incomplete set of assignments ;
; VGA_R[0]      ; Missing location assignment   ;
; VGA_R[1]      ; Missing location assignment   ;
; VGA_R[2]      ; Missing location assignment   ;
; VGA_R[3]      ; Missing location assignment   ;
; VGA_R[4]      ; Missing location assignment   ;
; VGA_R[5]      ; Missing location assignment   ;
; VGA_R[6]      ; Missing location assignment   ;
; VGA_R[7]      ; Missing location assignment   ;
; VGA_R[8]      ; Missing location assignment   ;
; VGA_R[9]      ; Missing location assignment   ;
; VGA_G[0]      ; Missing location assignment   ;
; VGA_G[1]      ; Missing location assignment   ;
; VGA_G[2]      ; Missing location assignment   ;
; VGA_G[3]      ; Missing location assignment   ;
; VGA_G[4]      ; Missing location assignment   ;
; VGA_G[5]      ; Missing location assignment   ;
; VGA_G[6]      ; Missing location assignment   ;
; VGA_G[7]      ; Missing location assignment   ;
; VGA_G[8]      ; Missing location assignment   ;
; VGA_G[9]      ; Missing location assignment   ;
; VGA_B[0]      ; Missing location assignment   ;
; VGA_B[1]      ; Missing location assignment   ;
; VGA_B[2]      ; Missing location assignment   ;
; VGA_B[3]      ; Missing location assignment   ;
; VGA_B[4]      ; Missing location assignment   ;
; VGA_B[5]      ; Missing location assignment   ;
; VGA_B[6]      ; Missing location assignment   ;
; VGA_B[7]      ; Missing location assignment   ;
; VGA_B[8]      ; Missing location assignment   ;
; VGA_B[9]      ; Missing location assignment   ;
; VGA_HS        ; Missing location assignment   ;
; VGA_VS        ; Missing location assignment   ;
; VGA_BLANK_N   ; Missing location assignment   ;
; HEX_TOP[0]    ; Missing location assignment   ;
; HEX_TOP[1]    ; Missing location assignment   ;
; HEX_TOP[2]    ; Missing location assignment   ;
; HEX_TOP[3]    ; Missing location assignment   ;
; HEX_TOP[4]    ; Missing location assignment   ;
; HEX_TOP[5]    ; Missing location assignment   ;
; HEX_TOP[6]    ; Missing location assignment   ;
; HEX_BOTTOM[0] ; Missing location assignment   ;
; HEX_BOTTOM[1] ; Missing location assignment   ;
; HEX_BOTTOM[2] ; Missing location assignment   ;
; HEX_BOTTOM[3] ; Missing location assignment   ;
; HEX_BOTTOM[4] ; Missing location assignment   ;
; HEX_BOTTOM[5] ; Missing location assignment   ;
; HEX_BOTTOM[6] ; Missing location assignment   ;
; RESET_N       ; Missing location assignment   ;
; PS2_DAT       ; Missing location assignment   ;
; PS2_CLK       ; Missing location assignment   ;
+---------------+-------------------------------+


+--------------------------------------------------------------------------------------------------------------------------------------------------------------------------------------------------------------------------------------------------------------------------------------------------------------------------------------------------------------------------------------------------------------------------------------------------------+
; Fitter Resource Utilization by Entity                                                                                                                                                                                                                                                                                                                                                                                                                  ;
+-----------------------------------------------------------+-------------+---------------------------+---------------+-------------+------+--------------+---------+-----------+------+--------------+--------------+-------------------+------------------+----------------------------------------------------------------------------------------------------------------------------------------+------------------------------------+--------------+
; Compilation Hierarchy Node                                ; Logic Cells ; Dedicated Logic Registers ; I/O Registers ; Memory Bits ; M9Ks ; DSP Elements ; DSP 9x9 ; DSP 18x18 ; Pins ; Virtual Pins ; LUT-Only LCs ; Register-Only LCs ; LUT/Register LCs ; Full Hierarchy Name                                                                                                                    ; Entity Name                        ; Library Name ;
+-----------------------------------------------------------+-------------+---------------------------+---------------+-------------+------+--------------+---------+-----------+------+--------------+--------------+-------------------+------------------+----------------------------------------------------------------------------------------------------------------------------------------+------------------------------------+--------------+
; |tank_duel_top                                            ; 1964 (2)    ; 365 (0)                   ; 0 (0)         ; 240         ; 1    ; 0            ; 0       ; 0         ; 52   ; 0            ; 1599 (2)     ; 70 (0)            ; 295 (0)          ; |tank_duel_top                                                                                                                         ; tank_duel_top                      ; work         ;
;    |PLL_clock_top:u_pll|                                  ; 36 (36)     ; 23 (23)                   ; 0 (0)         ; 0           ; 0    ; 0            ; 0       ; 0         ; 0    ; 0            ; 13 (13)      ; 0 (0)             ; 23 (23)          ; |tank_duel_top|PLL_clock_top:u_pll                                                                                                     ; PLL_clock_top                      ; work         ;
;       |PLL_clock:uPLL|                                    ; 0 (0)       ; 0 (0)                     ; 0 (0)         ; 0           ; 0    ; 0            ; 0       ; 0         ; 0    ; 0            ; 0 (0)        ; 0 (0)             ; 0 (0)            ; |tank_duel_top|PLL_clock_top:u_pll|PLL_clock:uPLL                                                                                      ; PLL_clock                          ; work         ;
;          |altpll:altpll_component|                        ; 0 (0)       ; 0 (0)                     ; 0 (0)         ; 0           ; 0    ; 0            ; 0       ; 0         ; 0    ; 0            ; 0 (0)        ; 0 (0)             ; 0 (0)            ; |tank_duel_top|PLL_clock_top:u_pll|PLL_clock:uPLL|altpll:altpll_component                                                              ; altpll                             ; work         ;
;             |PLL_clock_altpll:auto_generated|             ; 0 (0)       ; 0 (0)                     ; 0 (0)         ; 0           ; 0    ; 0            ; 0       ; 0         ; 0    ; 0            ; 0 (0)        ; 0 (0)             ; 0 (0)            ; |tank_duel_top|PLL_clock_top:u_pll|PLL_clock:uPLL|altpll:altpll_component|PLL_clock_altpll:auto_generated                              ; PLL_clock_altpll                   ; work         ;
;    |bullet_bottom_top:u_bullets_bottom|                   ; 384 (0)     ; 110 (0)                   ; 0 (0)         ; 0           ; 0    ; 0            ; 0       ; 0         ; 0    ; 0            ; 274 (0)      ; 25 (0)            ; 85 (0)           ; |tank_duel_top|bullet_bottom_top:u_bullets_bottom                                                                                      ; bullet_bottom_top                  ; work         ;
;       |tank_bullet_bottom_refine:\gen_bullets:0:u_bullet| ; 84 (84)     ; 22 (22)                   ; 0 (0)         ; 0           ; 0    ; 0            ; 0       ; 0         ; 0    ; 0            ; 62 (62)      ; 3 (3)             ; 19 (19)          ; |tank_duel_top|bullet_bottom_top:u_bullets_bottom|tank_bullet_bottom_refine:\gen_bullets:0:u_bullet                                    ; tank_bullet_bottom_refine          ; work         ;
;       |tank_bullet_bottom_refine:\gen_bullets:1:u_bullet| ; 73 (73)     ; 22 (22)                   ; 0 (0)         ; 0           ; 0    ; 0            ; 0       ; 0         ; 0    ; 0            ; 51 (51)      ; 4 (4)             ; 18 (18)          ; |tank_duel_top|bullet_bottom_top:u_bullets_bottom|tank_bullet_bottom_refine:\gen_bullets:1:u_bullet                                    ; tank_bullet_bottom_refine          ; work         ;
;       |tank_bullet_bottom_refine:\gen_bullets:2:u_bullet| ; 73 (73)     ; 22 (22)                   ; 0 (0)         ; 0           ; 0    ; 0            ; 0       ; 0         ; 0    ; 0            ; 51 (51)      ; 4 (4)             ; 18 (18)          ; |tank_duel_top|bullet_bottom_top:u_bullets_bottom|tank_bullet_bottom_refine:\gen_bullets:2:u_bullet                                    ; tank_bullet_bottom_refine          ; work         ;
;       |tank_bullet_bottom_refine:\gen_bullets:3:u_bullet| ; 78 (78)     ; 22 (22)                   ; 0 (0)         ; 0           ; 0    ; 0            ; 0       ; 0         ; 0    ; 0            ; 56 (56)      ; 7 (7)             ; 15 (15)          ; |tank_duel_top|bullet_bottom_top:u_bullets_bottom|tank_bullet_bottom_refine:\gen_bullets:3:u_bullet                                    ; tank_bullet_bottom_refine          ; work         ;
;       |tank_bullet_bottom_refine:\gen_bullets:4:u_bullet| ; 76 (76)     ; 22 (22)                   ; 0 (0)         ; 0           ; 0    ; 0            ; 0       ; 0         ; 0    ; 0            ; 54 (54)      ; 7 (7)             ; 15 (15)          ; |tank_duel_top|bullet_bottom_top:u_bullets_bottom|tank_bullet_bottom_refine:\gen_bullets:4:u_bullet                                    ; tank_bullet_bottom_refine          ; work         ;
;    |bullet_top_top:u_bullets_top|                         ; 511 (0)     ; 110 (0)                   ; 0 (0)         ; 0           ; 0    ; 0            ; 0       ; 0         ; 0    ; 0            ; 401 (0)      ; 25 (0)            ; 85 (0)           ; |tank_duel_top|bullet_top_top:u_bullets_top                                                                                            ; bullet_top_top                     ; work         ;
;       |tank_bullet_top_refine:\gen_bullets:0:u_bullet|    ; 107 (107)   ; 22 (22)                   ; 0 (0)         ; 0           ; 0    ; 0            ; 0       ; 0         ; 0    ; 0            ; 85 (85)      ; 5 (5)             ; 17 (17)          ; |tank_duel_top|bullet_top_top:u_bullets_top|tank_bullet_top_refine:\gen_bullets:0:u_bullet                                             ; tank_bullet_top_refine             ; work         ;
;       |tank_bullet_top_refine:\gen_bullets:1:u_bullet|    ; 96 (96)     ; 22 (22)                   ; 0 (0)         ; 0           ; 0    ; 0            ; 0       ; 0         ; 0    ; 0            ; 74 (74)      ; 2 (2)             ; 20 (20)          ; |tank_duel_top|bullet_top_top:u_bullets_top|tank_bullet_top_refine:\gen_bullets:1:u_bullet                                             ; tank_bullet_top_refine             ; work         ;
;       |tank_bullet_top_refine:\gen_bullets:2:u_bullet|    ; 97 (97)     ; 22 (22)                   ; 0 (0)         ; 0           ; 0    ; 0            ; 0       ; 0         ; 0    ; 0            ; 75 (75)      ; 6 (6)             ; 16 (16)          ; |tank_duel_top|bullet_top_top:u_bullets_top|tank_bullet_top_refine:\gen_bullets:2:u_bullet                                             ; tank_bullet_top_refine             ; work         ;
;       |tank_bullet_top_refine:\gen_bullets:3:u_bullet|    ; 113 (113)   ; 22 (22)                   ; 0 (0)         ; 0           ; 0    ; 0            ; 0       ; 0         ; 0    ; 0            ; 91 (91)      ; 6 (6)             ; 16 (16)          ; |tank_duel_top|bullet_top_top:u_bullets_top|tank_bullet_top_refine:\gen_bullets:3:u_bullet                                             ; tank_bullet_top_refine             ; work         ;
;       |tank_bullet_top_refine:\gen_bullets:4:u_bullet|    ; 98 (98)     ; 22 (22)                   ; 0 (0)         ; 0           ; 0    ; 0            ; 0       ; 0         ; 0    ; 0            ; 76 (76)      ; 6 (6)             ; 16 (16)          ; |tank_duel_top|bullet_top_top:u_bullets_top|tank_bullet_top_refine:\gen_bullets:4:u_bullet                                             ; tank_bullet_top_refine             ; work         ;
;    |keyboard_top:u_kbd|                                   ; 57 (0)      ; 43 (0)                    ; 0 (0)         ; 0           ; 0    ; 0            ; 0       ; 0         ; 0    ; 0            ; 14 (0)       ; 16 (0)            ; 27 (0)           ; |tank_duel_top|keyboard_top:u_kbd                                                                                                      ; keyboard_top                       ; work         ;
;       |keyboard_ctrl:Ukeycontrol|                         ; 22 (22)     ; 7 (7)                     ; 0 (0)         ; 0           ; 0    ; 0            ; 0       ; 0         ; 0    ; 0            ; 7 (7)        ; 1 (1)             ; 14 (14)          ; |tank_duel_top|keyboard_top:u_kbd|keyboard_ctrl:Ukeycontrol                                                                            ; keyboard_ctrl                      ; work         ;
;       |ps2:uPS2|                                          ; 43 (0)      ; 36 (0)                    ; 0 (0)         ; 0           ; 0    ; 0            ; 0       ; 0         ; 0    ; 0            ; 7 (0)        ; 15 (0)            ; 21 (0)           ; |tank_duel_top|keyboard_top:u_kbd|ps2:uPS2                                                                                             ; ps2                                ; work         ;
;          |keyboard:u1|                                    ; 41 (41)     ; 34 (34)                   ; 0 (0)         ; 0           ; 0    ; 0            ; 0       ; 0         ; 0    ; 0            ; 7 (7)        ; 15 (15)           ; 19 (19)          ; |tank_duel_top|keyboard_top:u_kbd|ps2:uPS2|keyboard:u1                                                                                 ; keyboard                           ; work         ;
;          |oneshot:pulser|                                 ; 2 (2)       ; 2 (2)                     ; 0 (0)         ; 0           ; 0    ; 0            ; 0       ; 0         ; 0    ; 0            ; 0 (0)        ; 0 (0)             ; 2 (2)            ; |tank_duel_top|keyboard_top:u_kbd|ps2:uPS2|oneshot:pulser                                                                              ; oneshot                            ; work         ;
;    |pixelGenerator_dynamicbulletmodule:u_pix|             ; 820 (820)   ; 3 (3)                     ; 0 (0)         ; 240         ; 1    ; 0            ; 0       ; 0         ; 0    ; 0            ; 773 (773)    ; 0 (0)             ; 47 (47)          ; |tank_duel_top|pixelGenerator_dynamicbulletmodule:u_pix                                                                                ; pixelGenerator_dynamicbulletmodule ; work         ;
;       |colorROM:colors|                                   ; 0 (0)       ; 0 (0)                     ; 0 (0)         ; 240         ; 1    ; 0            ; 0       ; 0         ; 0    ; 0            ; 0 (0)        ; 0 (0)             ; 0 (0)            ; |tank_duel_top|pixelGenerator_dynamicbulletmodule:u_pix|colorROM:colors                                                                ; colorROM                           ; work         ;
;          |altsyncram:altsyncram_component|                ; 0 (0)       ; 0 (0)                     ; 0 (0)         ; 240         ; 1    ; 0            ; 0       ; 0         ; 0    ; 0            ; 0 (0)        ; 0 (0)             ; 0 (0)            ; |tank_duel_top|pixelGenerator_dynamicbulletmodule:u_pix|colorROM:colors|altsyncram:altsyncram_component                                ; altsyncram                         ; work         ;
;             |altsyncram_b481:auto_generated|              ; 0 (0)       ; 0 (0)                     ; 0 (0)         ; 240         ; 1    ; 0            ; 0       ; 0         ; 0    ; 0            ; 0 (0)        ; 0 (0)             ; 0 (0)            ; |tank_duel_top|pixelGenerator_dynamicbulletmodule:u_pix|colorROM:colors|altsyncram:altsyncram_component|altsyncram_b481:auto_generated ; altsyncram_b481                    ; work         ;
;    |scoremodule:u_score|                                  ; 17 (1)      ; 8 (0)                     ; 0 (0)         ; 0           ; 0    ; 0            ; 0       ; 0         ; 0    ; 0            ; 8 (0)        ; 0 (0)             ; 9 (1)            ; |tank_duel_top|scoremodule:u_score                                                                                                     ; scoremodule                        ; work         ;
;       |leddcd:uled_b|                                     ; 3 (3)       ; 0 (0)                     ; 0 (0)         ; 0           ; 0    ; 0            ; 0       ; 0         ; 0    ; 0            ; 3 (3)        ; 0 (0)             ; 0 (0)            ; |tank_duel_top|scoremodule:u_score|leddcd:uled_b                                                                                       ; leddcd                             ; work         ;
;       |leddcd:uled_t|                                     ; 3 (3)       ; 0 (0)                     ; 0 (0)         ; 0           ; 0    ; 0            ; 0       ; 0         ; 0    ; 0            ; 3 (3)        ; 0 (0)             ; 0 (0)            ; |tank_duel_top|scoremodule:u_score|leddcd:uled_t                                                                                       ; leddcd                             ; work         ;
;       |score_bottomtank:uscore_b|                         ; 5 (5)       ; 4 (4)                     ; 0 (0)         ; 0           ; 0    ; 0            ; 0       ; 0         ; 0    ; 0            ; 1 (1)        ; 0 (0)             ; 4 (4)            ; |tank_duel_top|scoremodule:u_score|score_bottomtank:uscore_b                                                                           ; score_bottomtank                   ; work         ;
;       |score_toptank:uscore_t|                            ; 5 (5)       ; 4 (4)                     ; 0 (0)         ; 0           ; 0    ; 0            ; 0       ; 0         ; 0    ; 0            ; 1 (1)        ; 0 (0)             ; 4 (4)            ; |tank_duel_top|scoremodule:u_score|score_toptank:uscore_t                                                                              ; score_toptank                      ; work         ;
;    |tank_bottom:u_tank_bottom|                            ; 53 (40)     ; 11 (11)                   ; 0 (0)         ; 0           ; 0    ; 0            ; 0       ; 0         ; 0    ; 0            ; 42 (29)      ; 0 (0)             ; 11 (11)          ; |tank_duel_top|tank_bottom:u_tank_bottom                                                                                               ; tank_bottom                        ; work         ;
;       |lpm_add_sub:Add0|                                  ; 13 (0)      ; 0 (0)                     ; 0 (0)         ; 0           ; 0    ; 0            ; 0       ; 0         ; 0    ; 0            ; 13 (0)       ; 0 (0)             ; 0 (0)            ; |tank_duel_top|tank_bottom:u_tank_bottom|lpm_add_sub:Add0                                                                              ; lpm_add_sub                        ; work         ;
;          |add_sub_lvi:auto_generated|                     ; 13 (13)     ; 0 (0)                     ; 0 (0)         ; 0           ; 0    ; 0            ; 0       ; 0         ; 0    ; 0            ; 13 (13)      ; 0 (0)             ; 0 (0)            ; |tank_duel_top|tank_bottom:u_tank_bottom|lpm_add_sub:Add0|add_sub_lvi:auto_generated                                                   ; add_sub_lvi                        ; work         ;
;    |tank_top:u_tank_top|                                  ; 51 (39)     ; 11 (11)                   ; 0 (0)         ; 0           ; 0    ; 0            ; 0       ; 0         ; 0    ; 0            ; 40 (30)      ; 0 (0)             ; 11 (8)           ; |tank_duel_top|tank_top:u_tank_top                                                                                                     ; tank_top                           ; work         ;
;       |lpm_add_sub:Add0|                                  ; 13 (0)      ; 0 (0)                     ; 0 (0)         ; 0           ; 0    ; 0            ; 0       ; 0         ; 0    ; 0            ; 10 (0)       ; 0 (0)             ; 3 (0)            ; |tank_duel_top|tank_top:u_tank_top|lpm_add_sub:Add0                                                                                    ; lpm_add_sub                        ; work         ;
;          |add_sub_lvi:auto_generated|                     ; 13 (13)     ; 0 (0)                     ; 0 (0)         ; 0           ; 0    ; 0            ; 0       ; 0         ; 0    ; 0            ; 10 (10)      ; 0 (0)             ; 3 (3)            ; |tank_duel_top|tank_top:u_tank_top|lpm_add_sub:Add0|add_sub_lvi:auto_generated                                                         ; add_sub_lvi                        ; work         ;
;    |vga_sync_pipe:u_sync|                                 ; 78 (78)     ; 46 (46)                   ; 0 (0)         ; 0           ; 0    ; 0            ; 0       ; 0         ; 0    ; 0            ; 32 (32)      ; 4 (4)             ; 42 (42)          ; |tank_duel_top|vga_sync_pipe:u_sync                                                                                                    ; vga_sync_pipe                      ; work         ;
+-----------------------------------------------------------+-------------+---------------------------+---------------+-------------+------+--------------+---------+-----------+------+--------------+--------------+-------------------+------------------+----------------------------------------------------------------------------------------------------------------------------------------+------------------------------------+--------------+
Note: For table entries with two numbers listed, the numbers in parentheses indicate the number of resources of the given type used by the specific entity alone. The numbers listed outside of parentheses indicate the total resources of the given type used by the specific entity and all of its sub-entities in the hierarchy.


+-----------------------------------------------------------------------------------------------+
; Delay Chain Summary                                                                           ;
+---------------+----------+---------------+---------------+-----------------------+-----+------+
; Name          ; Pin Type ; Pad to Core 0 ; Pad to Core 1 ; Pad to Input Register ; TCO ; TCOE ;
+---------------+----------+---------------+---------------+-----------------------+-----+------+
; VGA_R[0]      ; Output   ; --            ; --            ; --                    ; --  ; --   ;
; VGA_R[1]      ; Output   ; --            ; --            ; --                    ; --  ; --   ;
; VGA_R[2]      ; Output   ; --            ; --            ; --                    ; --  ; --   ;
; VGA_R[3]      ; Output   ; --            ; --            ; --                    ; --  ; --   ;
; VGA_R[4]      ; Output   ; --            ; --            ; --                    ; --  ; --   ;
; VGA_R[5]      ; Output   ; --            ; --            ; --                    ; --  ; --   ;
; VGA_R[6]      ; Output   ; --            ; --            ; --                    ; --  ; --   ;
; VGA_R[7]      ; Output   ; --            ; --            ; --                    ; --  ; --   ;
; VGA_R[8]      ; Output   ; --            ; --            ; --                    ; --  ; --   ;
; VGA_R[9]      ; Output   ; --            ; --            ; --                    ; --  ; --   ;
; VGA_G[0]      ; Output   ; --            ; --            ; --                    ; --  ; --   ;
; VGA_G[1]      ; Output   ; --            ; --            ; --                    ; --  ; --   ;
; VGA_G[2]      ; Output   ; --            ; --            ; --                    ; --  ; --   ;
; VGA_G[3]      ; Output   ; --            ; --            ; --                    ; --  ; --   ;
; VGA_G[4]      ; Output   ; --            ; --            ; --                    ; --  ; --   ;
; VGA_G[5]      ; Output   ; --            ; --            ; --                    ; --  ; --   ;
; VGA_G[6]      ; Output   ; --            ; --            ; --                    ; --  ; --   ;
; VGA_G[7]      ; Output   ; --            ; --            ; --                    ; --  ; --   ;
; VGA_G[8]      ; Output   ; --            ; --            ; --                    ; --  ; --   ;
; VGA_G[9]      ; Output   ; --            ; --            ; --                    ; --  ; --   ;
; VGA_B[0]      ; Output   ; --            ; --            ; --                    ; --  ; --   ;
; VGA_B[1]      ; Output   ; --            ; --            ; --                    ; --  ; --   ;
; VGA_B[2]      ; Output   ; --            ; --            ; --                    ; --  ; --   ;
; VGA_B[3]      ; Output   ; --            ; --            ; --                    ; --  ; --   ;
; VGA_B[4]      ; Output   ; --            ; --            ; --                    ; --  ; --   ;
; VGA_B[5]      ; Output   ; --            ; --            ; --                    ; --  ; --   ;
; VGA_B[6]      ; Output   ; --            ; --            ; --                    ; --  ; --   ;
; VGA_B[7]      ; Output   ; --            ; --            ; --                    ; --  ; --   ;
; VGA_B[8]      ; Output   ; --            ; --            ; --                    ; --  ; --   ;
; VGA_B[9]      ; Output   ; --            ; --            ; --                    ; --  ; --   ;
; VGA_HS        ; Output   ; --            ; --            ; --                    ; --  ; --   ;
; VGA_VS        ; Output   ; --            ; --            ; --                    ; --  ; --   ;
; VGA_BLANK_N   ; Output   ; --            ; --            ; --                    ; --  ; --   ;
; VGA_CLK       ; Output   ; --            ; --            ; --                    ; --  ; --   ;
; HEX_TOP[0]    ; Output   ; --            ; --            ; --                    ; --  ; --   ;
; HEX_TOP[1]    ; Output   ; --            ; --            ; --                    ; --  ; --   ;
; HEX_TOP[2]    ; Output   ; --            ; --            ; --                    ; --  ; --   ;
; HEX_TOP[3]    ; Output   ; --            ; --            ; --                    ; --  ; --   ;
; HEX_TOP[4]    ; Output   ; --            ; --            ; --                    ; --  ; --   ;
; HEX_TOP[5]    ; Output   ; --            ; --            ; --                    ; --  ; --   ;
; HEX_TOP[6]    ; Output   ; --            ; --            ; --                    ; --  ; --   ;
; HEX_BOTTOM[0] ; Output   ; --            ; --            ; --                    ; --  ; --   ;
; HEX_BOTTOM[1] ; Output   ; --            ; --            ; --                    ; --  ; --   ;
; HEX_BOTTOM[2] ; Output   ; --            ; --            ; --                    ; --  ; --   ;
; HEX_BOTTOM[3] ; Output   ; --            ; --            ; --                    ; --  ; --   ;
; HEX_BOTTOM[4] ; Output   ; --            ; --            ; --                    ; --  ; --   ;
; HEX_BOTTOM[5] ; Output   ; --            ; --            ; --                    ; --  ; --   ;
; HEX_BOTTOM[6] ; Output   ; --            ; --            ; --                    ; --  ; --   ;
; CLOCK_50      ; Input    ; (0) 0 ps      ; --            ; --                    ; --  ; --   ;
; RESET_N       ; Input    ; (0) 0 ps      ; --            ; --                    ; --  ; --   ;
; PS2_DAT       ; Input    ; (0) 0 ps      ; --            ; --                    ; --  ; --   ;
; PS2_CLK       ; Input    ; (0) 0 ps      ; --            ; --                    ; --  ; --   ;
+---------------+----------+---------------+---------------+-----------------------+-----+------+


+---------------------------------------------------+
; Pad To Core Delay Chain Fanout                    ;
+---------------------+-------------------+---------+
; Source Pin / Fanout ; Pad To Core Index ; Setting ;
+---------------------+-------------------+---------+
; CLOCK_50            ;                   ;         ;
; RESET_N             ;                   ;         ;
; PS2_DAT             ;                   ;         ;
; PS2_CLK             ;                   ;         ;
+---------------------+-------------------+---------+


+-------------------------------------------------------------------------------------------------------------------------------------------------------------------------------------------------------------------------------------------------------+
; Control Signals                                                                                                                                                                                                                                       ;
+-------------------------------------------------------------------------------------------------------------+--------------------+---------+---------------------------+--------+----------------------+------------------+---------------------------+
; Name                                                                                                        ; Location           ; Fan-Out ; Usage                     ; Global ; Global Resource Used ; Global Line Name ; Enable Signal Source Name ;
+-------------------------------------------------------------------------------------------------------------+--------------------+---------+---------------------------+--------+----------------------+------------------+---------------------------+
; CLOCK_50                                                                                                    ; PIN_Y2             ; 2       ; Clock                     ; no     ; --                   ; --               ; --                        ;
; PLL_clock_top:u_pll|PLL_clock:uPLL|altpll:altpll_component|PLL_clock_altpll:auto_generated|wire_pll1_clk[0] ; PLL_1              ; 292     ; Clock                     ; yes    ; Global Clock         ; GCLK3            ; --                        ;
; PLL_clock_top:u_pll|freeze_reg                                                                              ; FF_X53_Y38_N21     ; 23      ; Clock enable              ; no     ; --                   ; --               ; --                        ;
; PLL_clock_top:u_pll|move_pulse                                                                              ; FF_X62_Y40_N9      ; 81      ; Clock enable              ; no     ; --                   ; --               ; --                        ;
; RESET_N                                                                                                     ; PIN_A14            ; 10      ; Clock enable, Sync. clear ; no     ; --                   ; --               ; --                        ;
; RESET_N                                                                                                     ; PIN_A14            ; 283     ; Async. clear              ; yes    ; Global Clock         ; GCLK14           ; --                        ;
; bullet_bottom_top:u_bullets_bottom|tank_bullet_bottom_refine:\gen_bullets:0:u_bullet|fire_next~0            ; LCCOMB_X54_Y37_N28 ; 2       ; Clock enable              ; no     ; --                   ; --               ; --                        ;
; bullet_bottom_top:u_bullets_bottom|tank_bullet_bottom_refine:\gen_bullets:0:u_bullet|state_reg              ; FF_X54_Y37_N3      ; 15      ; Sync. clear               ; no     ; --                   ; --               ; --                        ;
; bullet_bottom_top:u_bullets_bottom|tank_bullet_bottom_refine:\gen_bullets:0:u_bullet|x_reg[0]~0             ; LCCOMB_X53_Y37_N2  ; 11      ; Clock enable              ; no     ; --                   ; --               ; --                        ;
; bullet_bottom_top:u_bullets_bottom|tank_bullet_bottom_refine:\gen_bullets:0:u_bullet|y_next~3               ; LCCOMB_X55_Y38_N22 ; 8       ; Clock enable              ; no     ; --                   ; --               ; --                        ;
; bullet_bottom_top:u_bullets_bottom|tank_bullet_bottom_refine:\gen_bullets:1:u_bullet|fire_next~0            ; LCCOMB_X49_Y32_N0  ; 2       ; Clock enable              ; no     ; --                   ; --               ; --                        ;
; bullet_bottom_top:u_bullets_bottom|tank_bullet_bottom_refine:\gen_bullets:1:u_bullet|state_reg              ; FF_X48_Y32_N31     ; 15      ; Sync. clear               ; no     ; --                   ; --               ; --                        ;
; bullet_bottom_top:u_bullets_bottom|tank_bullet_bottom_refine:\gen_bullets:1:u_bullet|x_reg[0]~0             ; LCCOMB_X52_Y32_N2  ; 11      ; Clock enable              ; no     ; --                   ; --               ; --                        ;
; bullet_bottom_top:u_bullets_bottom|tank_bullet_bottom_refine:\gen_bullets:1:u_bullet|y_next~3               ; LCCOMB_X48_Y32_N26 ; 8       ; Clock enable              ; no     ; --                   ; --               ; --                        ;
; bullet_bottom_top:u_bullets_bottom|tank_bullet_bottom_refine:\gen_bullets:2:u_bullet|fire_next~0            ; LCCOMB_X52_Y30_N4  ; 2       ; Clock enable              ; no     ; --                   ; --               ; --                        ;
; bullet_bottom_top:u_bullets_bottom|tank_bullet_bottom_refine:\gen_bullets:2:u_bullet|state_reg              ; FF_X50_Y30_N31     ; 15      ; Sync. clear               ; no     ; --                   ; --               ; --                        ;
; bullet_bottom_top:u_bullets_bottom|tank_bullet_bottom_refine:\gen_bullets:2:u_bullet|x_reg[0]~0             ; LCCOMB_X53_Y33_N0  ; 11      ; Clock enable              ; no     ; --                   ; --               ; --                        ;
; bullet_bottom_top:u_bullets_bottom|tank_bullet_bottom_refine:\gen_bullets:2:u_bullet|y_next~3               ; LCCOMB_X50_Y30_N2  ; 8       ; Clock enable              ; no     ; --                   ; --               ; --                        ;
; bullet_bottom_top:u_bullets_bottom|tank_bullet_bottom_refine:\gen_bullets:3:u_bullet|fire_next~0            ; LCCOMB_X50_Y34_N16 ; 2       ; Clock enable              ; no     ; --                   ; --               ; --                        ;
; bullet_bottom_top:u_bullets_bottom|tank_bullet_bottom_refine:\gen_bullets:3:u_bullet|state_reg              ; FF_X50_Y34_N19     ; 15      ; Sync. clear               ; no     ; --                   ; --               ; --                        ;
; bullet_bottom_top:u_bullets_bottom|tank_bullet_bottom_refine:\gen_bullets:3:u_bullet|x_reg[0]~0             ; LCCOMB_X50_Y34_N22 ; 11      ; Clock enable              ; no     ; --                   ; --               ; --                        ;
; bullet_bottom_top:u_bullets_bottom|tank_bullet_bottom_refine:\gen_bullets:3:u_bullet|y_next~3               ; LCCOMB_X49_Y34_N2  ; 8       ; Clock enable              ; no     ; --                   ; --               ; --                        ;
; bullet_bottom_top:u_bullets_bottom|tank_bullet_bottom_refine:\gen_bullets:4:u_bullet|fire_next~0            ; LCCOMB_X54_Y30_N28 ; 2       ; Clock enable              ; no     ; --                   ; --               ; --                        ;
; bullet_bottom_top:u_bullets_bottom|tank_bullet_bottom_refine:\gen_bullets:4:u_bullet|state_reg              ; FF_X55_Y29_N11     ; 15      ; Sync. clear               ; no     ; --                   ; --               ; --                        ;
; bullet_bottom_top:u_bullets_bottom|tank_bullet_bottom_refine:\gen_bullets:4:u_bullet|x_reg[0]~0             ; LCCOMB_X50_Y34_N30 ; 11      ; Clock enable              ; no     ; --                   ; --               ; --                        ;
; bullet_bottom_top:u_bullets_bottom|tank_bullet_bottom_refine:\gen_bullets:4:u_bullet|y_next~3               ; LCCOMB_X55_Y29_N4  ; 8       ; Clock enable              ; no     ; --                   ; --               ; --                        ;
; bullet_top_top:u_bullets_top|tank_bullet_top_refine:\gen_bullets:0:u_bullet|state_reg                       ; FF_X62_Y33_N27     ; 16      ; Sync. clear               ; no     ; --                   ; --               ; --                        ;
; bullet_top_top:u_bullets_top|tank_bullet_top_refine:\gen_bullets:0:u_bullet|state_reg~0                     ; LCCOMB_X62_Y33_N16 ; 3       ; Clock enable              ; no     ; --                   ; --               ; --                        ;
; bullet_top_top:u_bullets_top|tank_bullet_top_refine:\gen_bullets:0:u_bullet|x_reg[0]~0                      ; LCCOMB_X61_Y31_N2  ; 10      ; Clock enable              ; no     ; --                   ; --               ; --                        ;
; bullet_top_top:u_bullets_top|tank_bullet_top_refine:\gen_bullets:0:u_bullet|y_next~2                        ; LCCOMB_X62_Y31_N12 ; 8       ; Clock enable              ; no     ; --                   ; --               ; --                        ;
; bullet_top_top:u_bullets_top|tank_bullet_top_refine:\gen_bullets:1:u_bullet|state_reg                       ; FF_X65_Y33_N19     ; 16      ; Sync. clear               ; no     ; --                   ; --               ; --                        ;
; bullet_top_top:u_bullets_top|tank_bullet_top_refine:\gen_bullets:1:u_bullet|state_reg~0                     ; LCCOMB_X65_Y33_N28 ; 3       ; Clock enable              ; no     ; --                   ; --               ; --                        ;
; bullet_top_top:u_bullets_top|tank_bullet_top_refine:\gen_bullets:1:u_bullet|x_reg[0]~0                      ; LCCOMB_X65_Y34_N26 ; 10      ; Clock enable              ; no     ; --                   ; --               ; --                        ;
; bullet_top_top:u_bullets_top|tank_bullet_top_refine:\gen_bullets:1:u_bullet|y_next~2                        ; LCCOMB_X65_Y31_N22 ; 8       ; Clock enable              ; no     ; --                   ; --               ; --                        ;
; bullet_top_top:u_bullets_top|tank_bullet_top_refine:\gen_bullets:2:u_bullet|state_reg                       ; FF_X56_Y36_N31     ; 16      ; Sync. clear               ; no     ; --                   ; --               ; --                        ;
; bullet_top_top:u_bullets_top|tank_bullet_top_refine:\gen_bullets:2:u_bullet|state_reg~0                     ; LCCOMB_X56_Y36_N24 ; 3       ; Clock enable              ; no     ; --                   ; --               ; --                        ;
; bullet_top_top:u_bullets_top|tank_bullet_top_refine:\gen_bullets:2:u_bullet|x_reg[0]~0                      ; LCCOMB_X56_Y36_N20 ; 10      ; Clock enable              ; no     ; --                   ; --               ; --                        ;
; bullet_top_top:u_bullets_top|tank_bullet_top_refine:\gen_bullets:2:u_bullet|y_next~2                        ; LCCOMB_X55_Y36_N30 ; 8       ; Clock enable              ; no     ; --                   ; --               ; --                        ;
; bullet_top_top:u_bullets_top|tank_bullet_top_refine:\gen_bullets:3:u_bullet|state_reg                       ; FF_X61_Y32_N29     ; 16      ; Sync. clear               ; no     ; --                   ; --               ; --                        ;
; bullet_top_top:u_bullets_top|tank_bullet_top_refine:\gen_bullets:3:u_bullet|state_reg~0                     ; LCCOMB_X61_Y32_N26 ; 3       ; Clock enable              ; no     ; --                   ; --               ; --                        ;
; bullet_top_top:u_bullets_top|tank_bullet_top_refine:\gen_bullets:3:u_bullet|x_reg[0]~0                      ; LCCOMB_X57_Y32_N24 ; 10      ; Clock enable              ; no     ; --                   ; --               ; --                        ;
; bullet_top_top:u_bullets_top|tank_bullet_top_refine:\gen_bullets:3:u_bullet|y_next~2                        ; LCCOMB_X58_Y32_N22 ; 8       ; Clock enable              ; no     ; --                   ; --               ; --                        ;
; bullet_top_top:u_bullets_top|tank_bullet_top_refine:\gen_bullets:4:u_bullet|state_reg                       ; FF_X61_Y35_N19     ; 16      ; Sync. clear               ; no     ; --                   ; --               ; --                        ;
; bullet_top_top:u_bullets_top|tank_bullet_top_refine:\gen_bullets:4:u_bullet|state_reg~0                     ; LCCOMB_X61_Y35_N28 ; 3       ; Clock enable              ; no     ; --                   ; --               ; --                        ;
; bullet_top_top:u_bullets_top|tank_bullet_top_refine:\gen_bullets:4:u_bullet|x_reg[0]~0                      ; LCCOMB_X61_Y38_N0  ; 10      ; Clock enable              ; no     ; --                   ; --               ; --                        ;
; bullet_top_top:u_bullets_top|tank_bullet_top_refine:\gen_bullets:4:u_bullet|y_next~2                        ; LCCOMB_X60_Y38_N2  ; 8       ; Clock enable              ; no     ; --                   ; --               ; --                        ;
; keyboard_top:u_kbd|keyboard_ctrl:Ukeycontrol|speed_sel_bottom_reg[0]~1                                      ; LCCOMB_X56_Y40_N24 ; 2       ; Clock enable              ; no     ; --                   ; --               ; --                        ;
; keyboard_top:u_kbd|keyboard_ctrl:Ukeycontrol|speed_sel_top_reg[0]~4                                         ; LCCOMB_X56_Y41_N30 ; 2       ; Clock enable              ; no     ; --                   ; --               ; --                        ;
; keyboard_top:u_kbd|keyboard_ctrl:Ukeycontrol|state_reg                                                      ; FF_X55_Y41_N5      ; 5       ; Sync. clear               ; no     ; --                   ; --               ; --                        ;
; keyboard_top:u_kbd|ps2:uPS2|keyboard:u1|INCNT[2]~1                                                          ; LCCOMB_X58_Y41_N16 ; 4       ; Clock enable              ; no     ; --                   ; --               ; --                        ;
; keyboard_top:u_kbd|ps2:uPS2|keyboard:u1|SHIFTIN[7]~0                                                        ; LCCOMB_X58_Y41_N14 ; 9       ; Clock enable              ; no     ; --                   ; --               ; --                        ;
; keyboard_top:u_kbd|ps2:uPS2|keyboard:u1|clock_enable                                                        ; FF_X58_Y1_N5       ; 10      ; Clock enable              ; no     ; --                   ; --               ; --                        ;
; keyboard_top:u_kbd|ps2:uPS2|keyboard:u1|keyboard_clk_filtered                                               ; FF_X58_Y1_N21      ; 23      ; Clock                     ; yes    ; Global Clock         ; GCLK17           ; --                        ;
; keyboard_top:u_kbd|ps2:uPS2|keyboard:u1|ready_set                                                           ; FF_X59_Y41_N31     ; 2       ; Clock                     ; no     ; --                   ; --               ; --                        ;
; keyboard_top:u_kbd|ps2:uPS2|keyboard:u1|scan_code[7]~0                                                      ; LCCOMB_X58_Y41_N12 ; 8       ; Clock enable              ; no     ; --                   ; --               ; --                        ;
; keyboard_top:u_kbd|ps2:uPS2|keyboard:u1|scan_ready                                                          ; FF_X56_Y40_N1      ; 5       ; Clock enable              ; no     ; --                   ; --               ; --                        ;
; keyboard_top:u_kbd|ps2:uPS2|oneshot:pulser|pulse_out                                                        ; FF_X55_Y40_N5      ; 1       ; Async. clear              ; no     ; --                   ; --               ; --                        ;
; tank_top:u_tank_top|x_reg[0]~0                                                                              ; LCCOMB_X53_Y38_N22 ; 21      ; Clock enable              ; no     ; --                   ; --               ; --                        ;
; vga_sync_pipe:u_sync|LessThan5~0                                                                            ; LCCOMB_X59_Y28_N4  ; 11      ; Clock enable              ; no     ; --                   ; --               ; --                        ;
; vga_sync_pipe:u_sync|LessThan6~1                                                                            ; LCCOMB_X57_Y30_N4  ; 10      ; Clock enable              ; no     ; --                   ; --               ; --                        ;
; vga_sync_pipe:u_sync|pixel_clock_int                                                                        ; FF_X1_Y36_N11      ; 49      ; Clock                     ; yes    ; Global Clock         ; GCLK0            ; --                        ;
+-------------------------------------------------------------------------------------------------------------+--------------------+---------+---------------------------+--------+----------------------+------------------+---------------------------+


+----------------------------------------------------------------------------------------------------------------------------------------------------------------------------------------------------------------------------------------------------+
; Global & Other Fast Signals                                                                                                                                                                                                                        ;
+-------------------------------------------------------------------------------------------------------------+---------------+---------+--------------------------------------+----------------------+------------------+---------------------------+
; Name                                                                                                        ; Location      ; Fan-Out ; Fan-Out Using Intentional Clock Skew ; Global Resource Used ; Global Line Name ; Enable Signal Source Name ;
+-------------------------------------------------------------------------------------------------------------+---------------+---------+--------------------------------------+----------------------+------------------+---------------------------+
; PLL_clock_top:u_pll|PLL_clock:uPLL|altpll:altpll_component|PLL_clock_altpll:auto_generated|wire_pll1_clk[0] ; PLL_1         ; 292     ; 41                                   ; Global Clock         ; GCLK3            ; --                        ;
; RESET_N                                                                                                     ; PIN_A14       ; 283     ; 0                                    ; Global Clock         ; GCLK14           ; --                        ;
; keyboard_top:u_kbd|ps2:uPS2|keyboard:u1|keyboard_clk_filtered                                               ; FF_X58_Y1_N21 ; 23      ; 9                                    ; Global Clock         ; GCLK17           ; --                        ;
; vga_sync_pipe:u_sync|pixel_clock_int                                                                        ; FF_X1_Y36_N11 ; 49      ; 19                                   ; Global Clock         ; GCLK0            ; --                        ;
+-------------------------------------------------------------------------------------------------------------+---------------+---------+--------------------------------------+----------------------+------------------+---------------------------+


+------------------------------------------------------------------------------------------------------------------------------------------------------------------------------------------------------------------------------------------------------------------------------------------------------------------------------------------------------------------------------------------------------------------------------------------------------------------------------------------------------------------------------------------------------------------------------------------------------------------------------------------------------------+
; Fitter RAM Summary                                                                                                                                                                                                                                                                                                                                                                                                                                                                                                                                                                                                                                         ;
+------------------------------------------------------------------------------------------------------------------------------------+------+------+--------------+--------------+--------------+--------------+--------------+------------------------+-------------------------+------------------------+-------------------------+------+-----------------------------+-----------------------------+-----------------------------+-----------------------------+---------------------+------+--------------+----------------+----------------------+------------------------+------------------------+----------+------------------------+---------------+
; Name                                                                                                                               ; Type ; Mode ; Clock Mode   ; Port A Depth ; Port A Width ; Port B Depth ; Port B Width ; Port A Input Registers ; Port A Output Registers ; Port B Input Registers ; Port B Output Registers ; Size ; Implementation Port A Depth ; Implementation Port A Width ; Implementation Port B Depth ; Implementation Port B Width ; Implementation Bits ; M9Ks ; MIF          ; Location       ; Mixed Width RDW Mode ; Port A RDW Mode        ; Port B RDW Mode        ; ECC Mode ; ECC Pipeline Registers ; Fits in MLABs ;
+------------------------------------------------------------------------------------------------------------------------------------+------+------+--------------+--------------+--------------+--------------+--------------+------------------------+-------------------------+------------------------+-------------------------+------+-----------------------------+-----------------------------+-----------------------------+-----------------------------+---------------------+------+--------------+----------------+----------------------+------------------------+------------------------+----------+------------------------+---------------+
; pixelGenerator_dynamicbulletmodule:u_pix|colorROM:colors|altsyncram:altsyncram_component|altsyncram_b481:auto_generated|ALTSYNCRAM ; AUTO ; ROM  ; Single Clock ; 8            ; 30           ; --           ; --           ; yes                    ; no                      ; --                     ; --                      ; 240  ; 8                           ; 30                          ; --                          ; --                          ; 240                 ; 1    ; colorROM.mif ; M9K_X37_Y72_N0 ; Don't care           ; New data with NBE Read ; New data with NBE Read ; Off      ; No                     ; No - Unknown  ;
+------------------------------------------------------------------------------------------------------------------------------------+------+------+--------------+--------------+--------------+--------------+--------------+------------------------+-------------------------+------------------------+-------------------------+------+-----------------------------+-----------------------------+-----------------------------+-----------------------------+---------------------+------+--------------+----------------+----------------------+------------------------+------------------------+----------+------------------------+---------------+
Note: Fitter may spread logical memories into multiple blocks to improve timing. The actual required RAM blocks can be found in the Fitter Resource Usage section.


RAM content values are presented in the following format: (Binary) (Octal) (Decimal) (Hexadecimal) 
+------------------------------------------------------------------------------------------------------------------------------------------------------------------------------------------------------------------------------------------------------------------+
; |tank_duel_top|pixelGenerator_dynamicbulletmodule:u_pix|colorROM:colors|altsyncram:altsyncram_component|altsyncram_b481:auto_generated|ALTSYNCRAM                                                                                                                ;
+------------------------------------------------------------------------------------------------------------------------------------------------------------------------------------------------------------------------------------------------------------------+
;   Addr   ;              +0              ;              +1              ;              +2              ;              +3              ;              +4              ;              +5              ;              +6              ;              +7              ;
+----------+------------------------------+------------------------------+------------------------------+------------------------------+------------------------------+------------------------------+------------------------------+------------------------------+
;0;(111111111100000000000000000000) (-815934592) (1072693248) (3FF00000)    ;(000000000011111111110000000000) (3776000) (1047552) (FFC00)   ;(000000000000000000001111111111) (1777) (1023) (3FF)   ;(111111111111111111110000000000) (-812158592) (1073740800) (3FFFFC00)   ;(111111111100000000001111111111) (-815932815) (1072694271) (3FF003FF)   ;(000000000011111111111111111111) (3777777) (1048575) (FFFFF)   ;(000000000000000000000000000000) (0) (0) (00)   ;(111111111111111111111111111111) (-812156815) (1073741823) (3FFFFFFF)   ;


+---------------------------------------------------+
; Routing Usage Summary                             ;
+-----------------------+---------------------------+
; Routing Resource Type ; Usage                     ;
+-----------------------+---------------------------+
; Block interconnects   ; 2,661 / 342,891 ( < 1 % ) ;
; C16 interconnects     ; 28 / 10,120 ( < 1 % )     ;
; C4 interconnects      ; 1,199 / 209,544 ( < 1 % ) ;
; Direct links          ; 661 / 342,891 ( < 1 % )   ;
; Global clocks         ; 4 / 20 ( 20 % )           ;
; Local interconnects   ; 565 / 119,088 ( < 1 % )   ;
; R24 interconnects     ; 21 / 9,963 ( < 1 % )      ;
; R4 interconnects      ; 1,444 / 289,782 ( < 1 % ) ;
+-----------------------+---------------------------+


+-----------------------------------------------------------------------------+
; LAB Logic Elements                                                          ;
+---------------------------------------------+-------------------------------+
; Number of Logic Elements  (Average = 12.05) ; Number of LABs  (Total = 163) ;
+---------------------------------------------+-------------------------------+
; 1                                           ; 5                             ;
; 2                                           ; 8                             ;
; 3                                           ; 0                             ;
; 4                                           ; 1                             ;
; 5                                           ; 1                             ;
; 6                                           ; 2                             ;
; 7                                           ; 1                             ;
; 8                                           ; 0                             ;
; 9                                           ; 16                            ;
; 10                                          ; 16                            ;
; 11                                          ; 21                            ;
; 12                                          ; 10                            ;
; 13                                          ; 8                             ;
; 14                                          ; 10                            ;
; 15                                          ; 8                             ;
; 16                                          ; 56                            ;
+---------------------------------------------+-------------------------------+


+--------------------------------------------------------------------+
; LAB-wide Signals                                                   ;
+------------------------------------+-------------------------------+
; LAB-wide Signals  (Average = 1.05) ; Number of LABs  (Total = 163) ;
+------------------------------------+-------------------------------+
; 1 Async. clear                     ; 58                            ;
; 1 Clock                            ; 70                            ;
; 1 Clock enable                     ; 36                            ;
; 1 Sync. clear                      ; 2                             ;
; 2 Async. clears                    ; 1                             ;
; 2 Clock enables                    ; 3                             ;
; 2 Clocks                           ; 1                             ;
+------------------------------------+-------------------------------+


+------------------------------------------------------------------------------+
; LAB Signals Sourced                                                          ;
+----------------------------------------------+-------------------------------+
; Number of Signals Sourced  (Average = 10.74) ; Number of LABs  (Total = 163) ;
+----------------------------------------------+-------------------------------+
; 0                                            ; 0                             ;
; 1                                            ; 31                            ;
; 2                                            ; 9                             ;
; 3                                            ; 5                             ;
; 4                                            ; 3                             ;
; 5                                            ; 2                             ;
; 6                                            ; 3                             ;
; 7                                            ; 4                             ;
; 8                                            ; 8                             ;
; 9                                            ; 8                             ;
; 10                                           ; 7                             ;
; 11                                           ; 14                            ;
; 12                                           ; 6                             ;
; 13                                           ; 3                             ;
; 14                                           ; 10                            ;
; 15                                           ; 8                             ;
; 16                                           ; 3                             ;
; 17                                           ; 5                             ;
; 18                                           ; 7                             ;
; 19                                           ; 5                             ;
; 20                                           ; 1                             ;
; 21                                           ; 0                             ;
; 22                                           ; 5                             ;
; 23                                           ; 2                             ;
; 24                                           ; 3                             ;
; 25                                           ; 6                             ;
; 26                                           ; 4                             ;
; 27                                           ; 0                             ;
; 28                                           ; 0                             ;
; 29                                           ; 0                             ;
; 30                                           ; 0                             ;
; 31                                           ; 1                             ;
+----------------------------------------------+-------------------------------+


+---------------------------------------------------------------------------------+
; LAB Signals Sourced Out                                                         ;
+-------------------------------------------------+-------------------------------+
; Number of Signals Sourced Out  (Average = 7.15) ; Number of LABs  (Total = 163) ;
+-------------------------------------------------+-------------------------------+
; 0                                               ; 0                             ;
; 1                                               ; 45                            ;
; 2                                               ; 17                            ;
; 3                                               ; 3                             ;
; 4                                               ; 10                            ;
; 5                                               ; 8                             ;
; 6                                               ; 3                             ;
; 7                                               ; 2                             ;
; 8                                               ; 6                             ;
; 9                                               ; 4                             ;
; 10                                              ; 9                             ;
; 11                                              ; 19                            ;
; 12                                              ; 5                             ;
; 13                                              ; 7                             ;
; 14                                              ; 2                             ;
; 15                                              ; 6                             ;
; 16                                              ; 3                             ;
; 17                                              ; 4                             ;
; 18                                              ; 0                             ;
; 19                                              ; 6                             ;
; 20                                              ; 1                             ;
; 21                                              ; 2                             ;
; 22                                              ; 1                             ;
+-------------------------------------------------+-------------------------------+


+------------------------------------------------------------------------------+
; LAB Distinct Inputs                                                          ;
+----------------------------------------------+-------------------------------+
; Number of Distinct Inputs  (Average = 15.13) ; Number of LABs  (Total = 163) ;
+----------------------------------------------+-------------------------------+
; 0                                            ; 0                             ;
; 1                                            ; 1                             ;
; 2                                            ; 9                             ;
; 3                                            ; 1                             ;
; 4                                            ; 3                             ;
; 5                                            ; 1                             ;
; 6                                            ; 1                             ;
; 7                                            ; 2                             ;
; 8                                            ; 5                             ;
; 9                                            ; 2                             ;
; 10                                           ; 20                            ;
; 11                                           ; 12                            ;
; 12                                           ; 8                             ;
; 13                                           ; 8                             ;
; 14                                           ; 9                             ;
; 15                                           ; 5                             ;
; 16                                           ; 4                             ;
; 17                                           ; 9                             ;
; 18                                           ; 19                            ;
; 19                                           ; 7                             ;
; 20                                           ; 7                             ;
; 21                                           ; 1                             ;
; 22                                           ; 7                             ;
; 23                                           ; 3                             ;
; 24                                           ; 3                             ;
; 25                                           ; 2                             ;
; 26                                           ; 1                             ;
; 27                                           ; 1                             ;
; 28                                           ; 1                             ;
; 29                                           ; 5                             ;
; 30                                           ; 3                             ;
; 31                                           ; 0                             ;
; 32                                           ; 1                             ;
; 33                                           ; 1                             ;
; 34                                           ; 0                             ;
; 35                                           ; 0                             ;
; 36                                           ; 0                             ;
; 37                                           ; 1                             ;
+----------------------------------------------+-------------------------------+


+------------------------------------------+
; I/O Rules Summary                        ;
+----------------------------------+-------+
; I/O Rules Statistic              ; Total ;
+----------------------------------+-------+
; Total I/O Rules                  ; 30    ;
; Number of I/O Rules Passed       ; 12    ;
; Number of I/O Rules Failed       ; 0     ;
; Number of I/O Rules Unchecked    ; 0     ;
; Number of I/O Rules Inapplicable ; 18    ;
+----------------------------------+-------+


+-----------------------------------------------------------------------------------------------------------------------------------------------------------------------------------------------------------------------------------------------------------------------------------------------------+
; I/O Rules Details                                                                                                                                                                                                                                                                                   ;
+--------------+-----------+-----------------------------------+------------------------------------------------------------------------------------------------------+----------+--------------------------------------------------------------------------+---------------------+-------------------+
; Status       ; ID        ; Category                          ; Rule Description                                                                                     ; Severity ; Information                                                              ; Area                ; Extra Information ;
+--------------+-----------+-----------------------------------+------------------------------------------------------------------------------------------------------+----------+--------------------------------------------------------------------------+---------------------+-------------------+
; Pass         ; IO_000001 ; Capacity Checks                   ; Number of pins in an I/O bank should not exceed the number of locations available.                   ; Critical ; 0 such failures found.                                                   ; I/O                 ;                   ;
; Inapplicable ; IO_000002 ; Capacity Checks                   ; Number of clocks in an I/O bank should not exceed the number of clocks available.                    ; Critical ; No Global Signal assignments found.                                      ; I/O                 ;                   ;
; Pass         ; IO_000003 ; Capacity Checks                   ; Number of pins in a Vrefgroup should not exceed the number of locations available.                   ; Critical ; 0 such failures found.                                                   ; I/O                 ;                   ;
; Inapplicable ; IO_000004 ; Voltage Compatibility Checks      ; The I/O bank should support the requested VCCIO.                                                     ; Critical ; No IOBANK_VCCIO assignments found.                                       ; I/O                 ;                   ;
; Inapplicable ; IO_000005 ; Voltage Compatibility Checks      ; The I/O bank should not have competing VREF values.                                                  ; Critical ; No VREF I/O Standard assignments found.                                  ; I/O                 ;                   ;
; Pass         ; IO_000006 ; Voltage Compatibility Checks      ; The I/O bank should not have competing VCCIO values.                                                 ; Critical ; 0 such failures found.                                                   ; I/O                 ;                   ;
; Pass         ; IO_000007 ; Valid Location Checks             ; Checks for unavailable locations.                                                                    ; Critical ; 0 such failures found.                                                   ; I/O                 ;                   ;
; Inapplicable ; IO_000008 ; Valid Location Checks             ; Checks for reserved locations.                                                                       ; Critical ; No reserved LogicLock region found.                                      ; I/O                 ;                   ;
; Pass         ; IO_000009 ; I/O Properties Checks for One I/O ; The location should support the requested I/O standard.                                              ; Critical ; 0 such failures found.                                                   ; I/O                 ;                   ;
; Pass         ; IO_000010 ; I/O Properties Checks for One I/O ; The location should support the requested I/O direction.                                             ; Critical ; 0 such failures found.                                                   ; I/O                 ;                   ;
; Inapplicable ; IO_000011 ; I/O Properties Checks for One I/O ; The location should support the requested Current Strength.                                          ; Critical ; No Current Strength assignments found.                                   ; I/O                 ;                   ;
; Pass         ; IO_000012 ; I/O Properties Checks for One I/O ; The location should support the requested On Chip Termination value.                                 ; Critical ; 0 such failures found.                                                   ; I/O                 ;                   ;
; Inapplicable ; IO_000013 ; I/O Properties Checks for One I/O ; The location should support the requested Bus Hold value.                                            ; Critical ; No Enable Bus-Hold Circuitry assignments found.                          ; I/O                 ;                   ;
; Inapplicable ; IO_000014 ; I/O Properties Checks for One I/O ; The location should support the requested Weak Pull Up value.                                        ; Critical ; No Weak Pull-Up Resistor assignments found.                              ; I/O                 ;                   ;
; Pass         ; IO_000015 ; I/O Properties Checks for One I/O ; The location should support the requested PCI Clamp Diode.                                           ; Critical ; 0 such failures found.                                                   ; I/O                 ;                   ;
; Inapplicable ; IO_000018 ; I/O Properties Checks for One I/O ; The I/O standard should support the requested Current Strength.                                      ; Critical ; No Current Strength assignments found.                                   ; I/O                 ;                   ;
; Pass         ; IO_000019 ; I/O Properties Checks for One I/O ; The I/O standard should support the requested On Chip Termination value.                             ; Critical ; 0 such failures found.                                                   ; I/O                 ;                   ;
; Pass         ; IO_000020 ; I/O Properties Checks for One I/O ; The I/O standard should support the requested PCI Clamp Diode.                                       ; Critical ; 0 such failures found.                                                   ; I/O                 ;                   ;
; Inapplicable ; IO_000021 ; I/O Properties Checks for One I/O ; The I/O standard should support the requested Weak Pull Up value.                                    ; Critical ; No Weak Pull-Up Resistor assignments found.                              ; I/O                 ;                   ;
; Inapplicable ; IO_000022 ; I/O Properties Checks for One I/O ; The I/O standard should support the requested Bus Hold value.                                        ; Critical ; No Enable Bus-Hold Circuitry assignments found.                          ; I/O                 ;                   ;
; Inapplicable ; IO_000023 ; I/O Properties Checks for One I/O ; The I/O standard should support the Open Drain value.                                                ; Critical ; No open drain assignments found.                                         ; I/O                 ;                   ;
; Pass         ; IO_000024 ; I/O Properties Checks for One I/O ; The I/O direction should support the On Chip Termination value.                                      ; Critical ; 0 such failures found.                                                   ; I/O                 ;                   ;
; Inapplicable ; IO_000026 ; I/O Properties Checks for One I/O ; On Chip Termination and Current Strength should not be used at the same time.                        ; Critical ; No Current Strength assignments found.                                   ; I/O                 ;                   ;
; Inapplicable ; IO_000027 ; I/O Properties Checks for One I/O ; Weak Pull Up and Bus Hold should not be used at the same time.                                       ; Critical ; No Enable Bus-Hold Circuitry or Weak Pull-Up Resistor assignments found. ; I/O                 ;                   ;
; Inapplicable ; IO_000045 ; I/O Properties Checks for One I/O ; The I/O standard should support the requested Slew Rate value.                                       ; Critical ; No Slew Rate assignments found.                                          ; I/O                 ;                   ;
; Inapplicable ; IO_000046 ; I/O Properties Checks for One I/O ; The location should support the requested Slew Rate value.                                           ; Critical ; No Slew Rate assignments found.                                          ; I/O                 ;                   ;
; Inapplicable ; IO_000047 ; I/O Properties Checks for One I/O ; On Chip Termination and Slew Rate should not be used at the same time.                               ; Critical ; No Slew Rate assignments found.                                          ; I/O                 ;                   ;
; Pass         ; IO_000033 ; Electromigration Checks           ; Current density for consecutive I/Os should not exceed 240mA for row I/Os and 240mA for column I/Os. ; Critical ; 0 such failures found.                                                   ; I/O                 ;                   ;
; Inapplicable ; IO_000034 ; SI Related Distance Checks        ; Single-ended outputs should be 5 LAB row(s) away from a differential I/O.                            ; High     ; No Differential I/O Standard assignments found.                          ; I/O                 ;                   ;
; Inapplicable ; IO_000042 ; SI Related SSO Limit Checks       ; No more than 20 outputs are allowed in a VREF group when VREF is being read from.                    ; High     ; No VREF I/O Standard assignments found.                                  ; I/O                 ;                   ;
; ----         ; ----      ; Disclaimer                        ; OCT rules are checked but not reported.                                                              ; None     ; ----                                                                     ; On Chip Termination ;                   ;
+--------------+-----------+-----------------------------------+------------------------------------------------------------------------------------------------------+----------+--------------------------------------------------------------------------+---------------------+-------------------+


+--------------------------------------------------------------------------------------------------------------------------------------------------------------------------------------------------------------------------------------------------------------------------------------------------------------------------------------------------------------------------------------------------------------------------------------------------------------------------+
; I/O Rules Matrix                                                                                                                                                                                                                                                                                                                                                                                                                                                         ;
+--------------------+--------------+--------------+--------------+--------------+--------------+-----------+--------------+--------------+-----------+-----------+--------------+--------------+--------------+--------------+--------------+--------------+--------------+--------------+--------------+--------------+--------------+--------------+--------------+--------------+--------------+--------------+--------------+-----------+--------------+--------------+
; Pin/Rules          ; IO_000001    ; IO_000002    ; IO_000003    ; IO_000004    ; IO_000005    ; IO_000006 ; IO_000007    ; IO_000008    ; IO_000009 ; IO_000010 ; IO_000011    ; IO_000012    ; IO_000013    ; IO_000014    ; IO_000015    ; IO_000018    ; IO_000019    ; IO_000020    ; IO_000021    ; IO_000022    ; IO_000023    ; IO_000024    ; IO_000026    ; IO_000027    ; IO_000045    ; IO_000046    ; IO_000047    ; IO_000033 ; IO_000034    ; IO_000042    ;
+--------------------+--------------+--------------+--------------+--------------+--------------+-----------+--------------+--------------+-----------+-----------+--------------+--------------+--------------+--------------+--------------+--------------+--------------+--------------+--------------+--------------+--------------+--------------+--------------+--------------+--------------+--------------+--------------+-----------+--------------+--------------+
; Total Pass         ; 2            ; 0            ; 2            ; 0            ; 0            ; 52        ; 2            ; 0            ; 52        ; 52        ; 0            ; 48           ; 0            ; 0            ; 4            ; 0            ; 48           ; 4            ; 0            ; 0            ; 0            ; 48           ; 0            ; 0            ; 0            ; 0            ; 0            ; 52        ; 0            ; 0            ;
; Total Unchecked    ; 0            ; 0            ; 0            ; 0            ; 0            ; 0         ; 0            ; 0            ; 0         ; 0         ; 0            ; 0            ; 0            ; 0            ; 0            ; 0            ; 0            ; 0            ; 0            ; 0            ; 0            ; 0            ; 0            ; 0            ; 0            ; 0            ; 0            ; 0         ; 0            ; 0            ;
; Total Inapplicable ; 50           ; 52           ; 50           ; 52           ; 52           ; 0         ; 50           ; 52           ; 0         ; 0         ; 52           ; 4            ; 52           ; 52           ; 48           ; 52           ; 4            ; 48           ; 52           ; 52           ; 52           ; 4            ; 52           ; 52           ; 52           ; 52           ; 52           ; 0         ; 52           ; 52           ;
; Total Fail         ; 0            ; 0            ; 0            ; 0            ; 0            ; 0         ; 0            ; 0            ; 0         ; 0         ; 0            ; 0            ; 0            ; 0            ; 0            ; 0            ; 0            ; 0            ; 0            ; 0            ; 0            ; 0            ; 0            ; 0            ; 0            ; 0            ; 0            ; 0         ; 0            ; 0            ;
; VGA_R[0]           ; Inapplicable ; Inapplicable ; Inapplicable ; Inapplicable ; Inapplicable ; Pass      ; Inapplicable ; Inapplicable ; Pass      ; Pass      ; Inapplicable ; Pass         ; Inapplicable ; Inapplicable ; Inapplicable ; Inapplicable ; Pass         ; Inapplicable ; Inapplicable ; Inapplicable ; Inapplicable ; Pass         ; Inapplicable ; Inapplicable ; Inapplicable ; Inapplicable ; Inapplicable ; Pass      ; Inapplicable ; Inapplicable ;
; VGA_R[1]           ; Inapplicable ; Inapplicable ; Inapplicable ; Inapplicable ; Inapplicable ; Pass      ; Inapplicable ; Inapplicable ; Pass      ; Pass      ; Inapplicable ; Pass         ; Inapplicable ; Inapplicable ; Inapplicable ; Inapplicable ; Pass         ; Inapplicable ; Inapplicable ; Inapplicable ; Inapplicable ; Pass         ; Inapplicable ; Inapplicable ; Inapplicable ; Inapplicable ; Inapplicable ; Pass      ; Inapplicable ; Inapplicable ;
; VGA_R[2]           ; Inapplicable ; Inapplicable ; Inapplicable ; Inapplicable ; Inapplicable ; Pass      ; Inapplicable ; Inapplicable ; Pass      ; Pass      ; Inapplicable ; Pass         ; Inapplicable ; Inapplicable ; Inapplicable ; Inapplicable ; Pass         ; Inapplicable ; Inapplicable ; Inapplicable ; Inapplicable ; Pass         ; Inapplicable ; Inapplicable ; Inapplicable ; Inapplicable ; Inapplicable ; Pass      ; Inapplicable ; Inapplicable ;
; VGA_R[3]           ; Inapplicable ; Inapplicable ; Inapplicable ; Inapplicable ; Inapplicable ; Pass      ; Inapplicable ; Inapplicable ; Pass      ; Pass      ; Inapplicable ; Pass         ; Inapplicable ; Inapplicable ; Inapplicable ; Inapplicable ; Pass         ; Inapplicable ; Inapplicable ; Inapplicable ; Inapplicable ; Pass         ; Inapplicable ; Inapplicable ; Inapplicable ; Inapplicable ; Inapplicable ; Pass      ; Inapplicable ; Inapplicable ;
; VGA_R[4]           ; Inapplicable ; Inapplicable ; Inapplicable ; Inapplicable ; Inapplicable ; Pass      ; Inapplicable ; Inapplicable ; Pass      ; Pass      ; Inapplicable ; Pass         ; Inapplicable ; Inapplicable ; Inapplicable ; Inapplicable ; Pass         ; Inapplicable ; Inapplicable ; Inapplicable ; Inapplicable ; Pass         ; Inapplicable ; Inapplicable ; Inapplicable ; Inapplicable ; Inapplicable ; Pass      ; Inapplicable ; Inapplicable ;
; VGA_R[5]           ; Inapplicable ; Inapplicable ; Inapplicable ; Inapplicable ; Inapplicable ; Pass      ; Inapplicable ; Inapplicable ; Pass      ; Pass      ; Inapplicable ; Pass         ; Inapplicable ; Inapplicable ; Inapplicable ; Inapplicable ; Pass         ; Inapplicable ; Inapplicable ; Inapplicable ; Inapplicable ; Pass         ; Inapplicable ; Inapplicable ; Inapplicable ; Inapplicable ; Inapplicable ; Pass      ; Inapplicable ; Inapplicable ;
; VGA_R[6]           ; Inapplicable ; Inapplicable ; Inapplicable ; Inapplicable ; Inapplicable ; Pass      ; Inapplicable ; Inapplicable ; Pass      ; Pass      ; Inapplicable ; Pass         ; Inapplicable ; Inapplicable ; Inapplicable ; Inapplicable ; Pass         ; Inapplicable ; Inapplicable ; Inapplicable ; Inapplicable ; Pass         ; Inapplicable ; Inapplicable ; Inapplicable ; Inapplicable ; Inapplicable ; Pass      ; Inapplicable ; Inapplicable ;
; VGA_R[7]           ; Inapplicable ; Inapplicable ; Inapplicable ; Inapplicable ; Inapplicable ; Pass      ; Inapplicable ; Inapplicable ; Pass      ; Pass      ; Inapplicable ; Pass         ; Inapplicable ; Inapplicable ; Inapplicable ; Inapplicable ; Pass         ; Inapplicable ; Inapplicable ; Inapplicable ; Inapplicable ; Pass         ; Inapplicable ; Inapplicable ; Inapplicable ; Inapplicable ; Inapplicable ; Pass      ; Inapplicable ; Inapplicable ;
; VGA_R[8]           ; Inapplicable ; Inapplicable ; Inapplicable ; Inapplicable ; Inapplicable ; Pass      ; Inapplicable ; Inapplicable ; Pass      ; Pass      ; Inapplicable ; Pass         ; Inapplicable ; Inapplicable ; Inapplicable ; Inapplicable ; Pass         ; Inapplicable ; Inapplicable ; Inapplicable ; Inapplicable ; Pass         ; Inapplicable ; Inapplicable ; Inapplicable ; Inapplicable ; Inapplicable ; Pass      ; Inapplicable ; Inapplicable ;
; VGA_R[9]           ; Inapplicable ; Inapplicable ; Inapplicable ; Inapplicable ; Inapplicable ; Pass      ; Inapplicable ; Inapplicable ; Pass      ; Pass      ; Inapplicable ; Pass         ; Inapplicable ; Inapplicable ; Inapplicable ; Inapplicable ; Pass         ; Inapplicable ; Inapplicable ; Inapplicable ; Inapplicable ; Pass         ; Inapplicable ; Inapplicable ; Inapplicable ; Inapplicable ; Inapplicable ; Pass      ; Inapplicable ; Inapplicable ;
; VGA_G[0]           ; Inapplicable ; Inapplicable ; Inapplicable ; Inapplicable ; Inapplicable ; Pass      ; Inapplicable ; Inapplicable ; Pass      ; Pass      ; Inapplicable ; Pass         ; Inapplicable ; Inapplicable ; Inapplicable ; Inapplicable ; Pass         ; Inapplicable ; Inapplicable ; Inapplicable ; Inapplicable ; Pass         ; Inapplicable ; Inapplicable ; Inapplicable ; Inapplicable ; Inapplicable ; Pass      ; Inapplicable ; Inapplicable ;
; VGA_G[1]           ; Inapplicable ; Inapplicable ; Inapplicable ; Inapplicable ; Inapplicable ; Pass      ; Inapplicable ; Inapplicable ; Pass      ; Pass      ; Inapplicable ; Pass         ; Inapplicable ; Inapplicable ; Inapplicable ; Inapplicable ; Pass         ; Inapplicable ; Inapplicable ; Inapplicable ; Inapplicable ; Pass         ; Inapplicable ; Inapplicable ; Inapplicable ; Inapplicable ; Inapplicable ; Pass      ; Inapplicable ; Inapplicable ;
; VGA_G[2]           ; Inapplicable ; Inapplicable ; Inapplicable ; Inapplicable ; Inapplicable ; Pass      ; Inapplicable ; Inapplicable ; Pass      ; Pass      ; Inapplicable ; Pass         ; Inapplicable ; Inapplicable ; Inapplicable ; Inapplicable ; Pass         ; Inapplicable ; Inapplicable ; Inapplicable ; Inapplicable ; Pass         ; Inapplicable ; Inapplicable ; Inapplicable ; Inapplicable ; Inapplicable ; Pass      ; Inapplicable ; Inapplicable ;
; VGA_G[3]           ; Inapplicable ; Inapplicable ; Inapplicable ; Inapplicable ; Inapplicable ; Pass      ; Inapplicable ; Inapplicable ; Pass      ; Pass      ; Inapplicable ; Pass         ; Inapplicable ; Inapplicable ; Inapplicable ; Inapplicable ; Pass         ; Inapplicable ; Inapplicable ; Inapplicable ; Inapplicable ; Pass         ; Inapplicable ; Inapplicable ; Inapplicable ; Inapplicable ; Inapplicable ; Pass      ; Inapplicable ; Inapplicable ;
; VGA_G[4]           ; Inapplicable ; Inapplicable ; Inapplicable ; Inapplicable ; Inapplicable ; Pass      ; Inapplicable ; Inapplicable ; Pass      ; Pass      ; Inapplicable ; Pass         ; Inapplicable ; Inapplicable ; Inapplicable ; Inapplicable ; Pass         ; Inapplicable ; Inapplicable ; Inapplicable ; Inapplicable ; Pass         ; Inapplicable ; Inapplicable ; Inapplicable ; Inapplicable ; Inapplicable ; Pass      ; Inapplicable ; Inapplicable ;
; VGA_G[5]           ; Inapplicable ; Inapplicable ; Inapplicable ; Inapplicable ; Inapplicable ; Pass      ; Inapplicable ; Inapplicable ; Pass      ; Pass      ; Inapplicable ; Pass         ; Inapplicable ; Inapplicable ; Inapplicable ; Inapplicable ; Pass         ; Inapplicable ; Inapplicable ; Inapplicable ; Inapplicable ; Pass         ; Inapplicable ; Inapplicable ; Inapplicable ; Inapplicable ; Inapplicable ; Pass      ; Inapplicable ; Inapplicable ;
; VGA_G[6]           ; Inapplicable ; Inapplicable ; Inapplicable ; Inapplicable ; Inapplicable ; Pass      ; Inapplicable ; Inapplicable ; Pass      ; Pass      ; Inapplicable ; Pass         ; Inapplicable ; Inapplicable ; Inapplicable ; Inapplicable ; Pass         ; Inapplicable ; Inapplicable ; Inapplicable ; Inapplicable ; Pass         ; Inapplicable ; Inapplicable ; Inapplicable ; Inapplicable ; Inapplicable ; Pass      ; Inapplicable ; Inapplicable ;
; VGA_G[7]           ; Inapplicable ; Inapplicable ; Inapplicable ; Inapplicable ; Inapplicable ; Pass      ; Inapplicable ; Inapplicable ; Pass      ; Pass      ; Inapplicable ; Pass         ; Inapplicable ; Inapplicable ; Inapplicable ; Inapplicable ; Pass         ; Inapplicable ; Inapplicable ; Inapplicable ; Inapplicable ; Pass         ; Inapplicable ; Inapplicable ; Inapplicable ; Inapplicable ; Inapplicable ; Pass      ; Inapplicable ; Inapplicable ;
; VGA_G[8]           ; Inapplicable ; Inapplicable ; Inapplicable ; Inapplicable ; Inapplicable ; Pass      ; Inapplicable ; Inapplicable ; Pass      ; Pass      ; Inapplicable ; Pass         ; Inapplicable ; Inapplicable ; Inapplicable ; Inapplicable ; Pass         ; Inapplicable ; Inapplicable ; Inapplicable ; Inapplicable ; Pass         ; Inapplicable ; Inapplicable ; Inapplicable ; Inapplicable ; Inapplicable ; Pass      ; Inapplicable ; Inapplicable ;
; VGA_G[9]           ; Inapplicable ; Inapplicable ; Inapplicable ; Inapplicable ; Inapplicable ; Pass      ; Inapplicable ; Inapplicable ; Pass      ; Pass      ; Inapplicable ; Pass         ; Inapplicable ; Inapplicable ; Inapplicable ; Inapplicable ; Pass         ; Inapplicable ; Inapplicable ; Inapplicable ; Inapplicable ; Pass         ; Inapplicable ; Inapplicable ; Inapplicable ; Inapplicable ; Inapplicable ; Pass      ; Inapplicable ; Inapplicable ;
; VGA_B[0]           ; Inapplicable ; Inapplicable ; Inapplicable ; Inapplicable ; Inapplicable ; Pass      ; Inapplicable ; Inapplicable ; Pass      ; Pass      ; Inapplicable ; Pass         ; Inapplicable ; Inapplicable ; Inapplicable ; Inapplicable ; Pass         ; Inapplicable ; Inapplicable ; Inapplicable ; Inapplicable ; Pass         ; Inapplicable ; Inapplicable ; Inapplicable ; Inapplicable ; Inapplicable ; Pass      ; Inapplicable ; Inapplicable ;
; VGA_B[1]           ; Inapplicable ; Inapplicable ; Inapplicable ; Inapplicable ; Inapplicable ; Pass      ; Inapplicable ; Inapplicable ; Pass      ; Pass      ; Inapplicable ; Pass         ; Inapplicable ; Inapplicable ; Inapplicable ; Inapplicable ; Pass         ; Inapplicable ; Inapplicable ; Inapplicable ; Inapplicable ; Pass         ; Inapplicable ; Inapplicable ; Inapplicable ; Inapplicable ; Inapplicable ; Pass      ; Inapplicable ; Inapplicable ;
; VGA_B[2]           ; Inapplicable ; Inapplicable ; Inapplicable ; Inapplicable ; Inapplicable ; Pass      ; Inapplicable ; Inapplicable ; Pass      ; Pass      ; Inapplicable ; Pass         ; Inapplicable ; Inapplicable ; Inapplicable ; Inapplicable ; Pass         ; Inapplicable ; Inapplicable ; Inapplicable ; Inapplicable ; Pass         ; Inapplicable ; Inapplicable ; Inapplicable ; Inapplicable ; Inapplicable ; Pass      ; Inapplicable ; Inapplicable ;
; VGA_B[3]           ; Inapplicable ; Inapplicable ; Inapplicable ; Inapplicable ; Inapplicable ; Pass      ; Inapplicable ; Inapplicable ; Pass      ; Pass      ; Inapplicable ; Pass         ; Inapplicable ; Inapplicable ; Inapplicable ; Inapplicable ; Pass         ; Inapplicable ; Inapplicable ; Inapplicable ; Inapplicable ; Pass         ; Inapplicable ; Inapplicable ; Inapplicable ; Inapplicable ; Inapplicable ; Pass      ; Inapplicable ; Inapplicable ;
; VGA_B[4]           ; Inapplicable ; Inapplicable ; Inapplicable ; Inapplicable ; Inapplicable ; Pass      ; Inapplicable ; Inapplicable ; Pass      ; Pass      ; Inapplicable ; Pass         ; Inapplicable ; Inapplicable ; Inapplicable ; Inapplicable ; Pass         ; Inapplicable ; Inapplicable ; Inapplicable ; Inapplicable ; Pass         ; Inapplicable ; Inapplicable ; Inapplicable ; Inapplicable ; Inapplicable ; Pass      ; Inapplicable ; Inapplicable ;
; VGA_B[5]           ; Inapplicable ; Inapplicable ; Inapplicable ; Inapplicable ; Inapplicable ; Pass      ; Inapplicable ; Inapplicable ; Pass      ; Pass      ; Inapplicable ; Pass         ; Inapplicable ; Inapplicable ; Inapplicable ; Inapplicable ; Pass         ; Inapplicable ; Inapplicable ; Inapplicable ; Inapplicable ; Pass         ; Inapplicable ; Inapplicable ; Inapplicable ; Inapplicable ; Inapplicable ; Pass      ; Inapplicable ; Inapplicable ;
; VGA_B[6]           ; Inapplicable ; Inapplicable ; Inapplicable ; Inapplicable ; Inapplicable ; Pass      ; Inapplicable ; Inapplicable ; Pass      ; Pass      ; Inapplicable ; Pass         ; Inapplicable ; Inapplicable ; Inapplicable ; Inapplicable ; Pass         ; Inapplicable ; Inapplicable ; Inapplicable ; Inapplicable ; Pass         ; Inapplicable ; Inapplicable ; Inapplicable ; Inapplicable ; Inapplicable ; Pass      ; Inapplicable ; Inapplicable ;
; VGA_B[7]           ; Inapplicable ; Inapplicable ; Inapplicable ; Inapplicable ; Inapplicable ; Pass      ; Inapplicable ; Inapplicable ; Pass      ; Pass      ; Inapplicable ; Pass         ; Inapplicable ; Inapplicable ; Inapplicable ; Inapplicable ; Pass         ; Inapplicable ; Inapplicable ; Inapplicable ; Inapplicable ; Pass         ; Inapplicable ; Inapplicable ; Inapplicable ; Inapplicable ; Inapplicable ; Pass      ; Inapplicable ; Inapplicable ;
; VGA_B[8]           ; Inapplicable ; Inapplicable ; Inapplicable ; Inapplicable ; Inapplicable ; Pass      ; Inapplicable ; Inapplicable ; Pass      ; Pass      ; Inapplicable ; Pass         ; Inapplicable ; Inapplicable ; Inapplicable ; Inapplicable ; Pass         ; Inapplicable ; Inapplicable ; Inapplicable ; Inapplicable ; Pass         ; Inapplicable ; Inapplicable ; Inapplicable ; Inapplicable ; Inapplicable ; Pass      ; Inapplicable ; Inapplicable ;
; VGA_B[9]           ; Inapplicable ; Inapplicable ; Inapplicable ; Inapplicable ; Inapplicable ; Pass      ; Inapplicable ; Inapplicable ; Pass      ; Pass      ; Inapplicable ; Pass         ; Inapplicable ; Inapplicable ; Inapplicable ; Inapplicable ; Pass         ; Inapplicable ; Inapplicable ; Inapplicable ; Inapplicable ; Pass         ; Inapplicable ; Inapplicable ; Inapplicable ; Inapplicable ; Inapplicable ; Pass      ; Inapplicable ; Inapplicable ;
; VGA_HS             ; Inapplicable ; Inapplicable ; Inapplicable ; Inapplicable ; Inapplicable ; Pass      ; Inapplicable ; Inapplicable ; Pass      ; Pass      ; Inapplicable ; Pass         ; Inapplicable ; Inapplicable ; Inapplicable ; Inapplicable ; Pass         ; Inapplicable ; Inapplicable ; Inapplicable ; Inapplicable ; Pass         ; Inapplicable ; Inapplicable ; Inapplicable ; Inapplicable ; Inapplicable ; Pass      ; Inapplicable ; Inapplicable ;
; VGA_VS             ; Inapplicable ; Inapplicable ; Inapplicable ; Inapplicable ; Inapplicable ; Pass      ; Inapplicable ; Inapplicable ; Pass      ; Pass      ; Inapplicable ; Pass         ; Inapplicable ; Inapplicable ; Inapplicable ; Inapplicable ; Pass         ; Inapplicable ; Inapplicable ; Inapplicable ; Inapplicable ; Pass         ; Inapplicable ; Inapplicable ; Inapplicable ; Inapplicable ; Inapplicable ; Pass      ; Inapplicable ; Inapplicable ;
; VGA_BLANK_N        ; Inapplicable ; Inapplicable ; Inapplicable ; Inapplicable ; Inapplicable ; Pass      ; Inapplicable ; Inapplicable ; Pass      ; Pass      ; Inapplicable ; Pass         ; Inapplicable ; Inapplicable ; Inapplicable ; Inapplicable ; Pass         ; Inapplicable ; Inapplicable ; Inapplicable ; Inapplicable ; Pass         ; Inapplicable ; Inapplicable ; Inapplicable ; Inapplicable ; Inapplicable ; Pass      ; Inapplicable ; Inapplicable ;
; VGA_CLK            ; Pass         ; Inapplicable ; Pass         ; Inapplicable ; Inapplicable ; Pass      ; Pass         ; Inapplicable ; Pass      ; Pass      ; Inapplicable ; Pass         ; Inapplicable ; Inapplicable ; Inapplicable ; Inapplicable ; Pass         ; Inapplicable ; Inapplicable ; Inapplicable ; Inapplicable ; Pass         ; Inapplicable ; Inapplicable ; Inapplicable ; Inapplicable ; Inapplicable ; Pass      ; Inapplicable ; Inapplicable ;
; HEX_TOP[0]         ; Inapplicable ; Inapplicable ; Inapplicable ; Inapplicable ; Inapplicable ; Pass      ; Inapplicable ; Inapplicable ; Pass      ; Pass      ; Inapplicable ; Pass         ; Inapplicable ; Inapplicable ; Inapplicable ; Inapplicable ; Pass         ; Inapplicable ; Inapplicable ; Inapplicable ; Inapplicable ; Pass         ; Inapplicable ; Inapplicable ; Inapplicable ; Inapplicable ; Inapplicable ; Pass      ; Inapplicable ; Inapplicable ;
; HEX_TOP[1]         ; Inapplicable ; Inapplicable ; Inapplicable ; Inapplicable ; Inapplicable ; Pass      ; Inapplicable ; Inapplicable ; Pass      ; Pass      ; Inapplicable ; Pass         ; Inapplicable ; Inapplicable ; Inapplicable ; Inapplicable ; Pass         ; Inapplicable ; Inapplicable ; Inapplicable ; Inapplicable ; Pass         ; Inapplicable ; Inapplicable ; Inapplicable ; Inapplicable ; Inapplicable ; Pass      ; Inapplicable ; Inapplicable ;
; HEX_TOP[2]         ; Inapplicable ; Inapplicable ; Inapplicable ; Inapplicable ; Inapplicable ; Pass      ; Inapplicable ; Inapplicable ; Pass      ; Pass      ; Inapplicable ; Pass         ; Inapplicable ; Inapplicable ; Inapplicable ; Inapplicable ; Pass         ; Inapplicable ; Inapplicable ; Inapplicable ; Inapplicable ; Pass         ; Inapplicable ; Inapplicable ; Inapplicable ; Inapplicable ; Inapplicable ; Pass      ; Inapplicable ; Inapplicable ;
; HEX_TOP[3]         ; Inapplicable ; Inapplicable ; Inapplicable ; Inapplicable ; Inapplicable ; Pass      ; Inapplicable ; Inapplicable ; Pass      ; Pass      ; Inapplicable ; Pass         ; Inapplicable ; Inapplicable ; Inapplicable ; Inapplicable ; Pass         ; Inapplicable ; Inapplicable ; Inapplicable ; Inapplicable ; Pass         ; Inapplicable ; Inapplicable ; Inapplicable ; Inapplicable ; Inapplicable ; Pass      ; Inapplicable ; Inapplicable ;
; HEX_TOP[4]         ; Inapplicable ; Inapplicable ; Inapplicable ; Inapplicable ; Inapplicable ; Pass      ; Inapplicable ; Inapplicable ; Pass      ; Pass      ; Inapplicable ; Pass         ; Inapplicable ; Inapplicable ; Inapplicable ; Inapplicable ; Pass         ; Inapplicable ; Inapplicable ; Inapplicable ; Inapplicable ; Pass         ; Inapplicable ; Inapplicable ; Inapplicable ; Inapplicable ; Inapplicable ; Pass      ; Inapplicable ; Inapplicable ;
; HEX_TOP[5]         ; Inapplicable ; Inapplicable ; Inapplicable ; Inapplicable ; Inapplicable ; Pass      ; Inapplicable ; Inapplicable ; Pass      ; Pass      ; Inapplicable ; Pass         ; Inapplicable ; Inapplicable ; Inapplicable ; Inapplicable ; Pass         ; Inapplicable ; Inapplicable ; Inapplicable ; Inapplicable ; Pass         ; Inapplicable ; Inapplicable ; Inapplicable ; Inapplicable ; Inapplicable ; Pass      ; Inapplicable ; Inapplicable ;
; HEX_TOP[6]         ; Inapplicable ; Inapplicable ; Inapplicable ; Inapplicable ; Inapplicable ; Pass      ; Inapplicable ; Inapplicable ; Pass      ; Pass      ; Inapplicable ; Pass         ; Inapplicable ; Inapplicable ; Inapplicable ; Inapplicable ; Pass         ; Inapplicable ; Inapplicable ; Inapplicable ; Inapplicable ; Pass         ; Inapplicable ; Inapplicable ; Inapplicable ; Inapplicable ; Inapplicable ; Pass      ; Inapplicable ; Inapplicable ;
; HEX_BOTTOM[0]      ; Inapplicable ; Inapplicable ; Inapplicable ; Inapplicable ; Inapplicable ; Pass      ; Inapplicable ; Inapplicable ; Pass      ; Pass      ; Inapplicable ; Pass         ; Inapplicable ; Inapplicable ; Inapplicable ; Inapplicable ; Pass         ; Inapplicable ; Inapplicable ; Inapplicable ; Inapplicable ; Pass         ; Inapplicable ; Inapplicable ; Inapplicable ; Inapplicable ; Inapplicable ; Pass      ; Inapplicable ; Inapplicable ;
; HEX_BOTTOM[1]      ; Inapplicable ; Inapplicable ; Inapplicable ; Inapplicable ; Inapplicable ; Pass      ; Inapplicable ; Inapplicable ; Pass      ; Pass      ; Inapplicable ; Pass         ; Inapplicable ; Inapplicable ; Inapplicable ; Inapplicable ; Pass         ; Inapplicable ; Inapplicable ; Inapplicable ; Inapplicable ; Pass         ; Inapplicable ; Inapplicable ; Inapplicable ; Inapplicable ; Inapplicable ; Pass      ; Inapplicable ; Inapplicable ;
; HEX_BOTTOM[2]      ; Inapplicable ; Inapplicable ; Inapplicable ; Inapplicable ; Inapplicable ; Pass      ; Inapplicable ; Inapplicable ; Pass      ; Pass      ; Inapplicable ; Pass         ; Inapplicable ; Inapplicable ; Inapplicable ; Inapplicable ; Pass         ; Inapplicable ; Inapplicable ; Inapplicable ; Inapplicable ; Pass         ; Inapplicable ; Inapplicable ; Inapplicable ; Inapplicable ; Inapplicable ; Pass      ; Inapplicable ; Inapplicable ;
; HEX_BOTTOM[3]      ; Inapplicable ; Inapplicable ; Inapplicable ; Inapplicable ; Inapplicable ; Pass      ; Inapplicable ; Inapplicable ; Pass      ; Pass      ; Inapplicable ; Pass         ; Inapplicable ; Inapplicable ; Inapplicable ; Inapplicable ; Pass         ; Inapplicable ; Inapplicable ; Inapplicable ; Inapplicable ; Pass         ; Inapplicable ; Inapplicable ; Inapplicable ; Inapplicable ; Inapplicable ; Pass      ; Inapplicable ; Inapplicable ;
; HEX_BOTTOM[4]      ; Inapplicable ; Inapplicable ; Inapplicable ; Inapplicable ; Inapplicable ; Pass      ; Inapplicable ; Inapplicable ; Pass      ; Pass      ; Inapplicable ; Pass         ; Inapplicable ; Inapplicable ; Inapplicable ; Inapplicable ; Pass         ; Inapplicable ; Inapplicable ; Inapplicable ; Inapplicable ; Pass         ; Inapplicable ; Inapplicable ; Inapplicable ; Inapplicable ; Inapplicable ; Pass      ; Inapplicable ; Inapplicable ;
; HEX_BOTTOM[5]      ; Inapplicable ; Inapplicable ; Inapplicable ; Inapplicable ; Inapplicable ; Pass      ; Inapplicable ; Inapplicable ; Pass      ; Pass      ; Inapplicable ; Pass         ; Inapplicable ; Inapplicable ; Inapplicable ; Inapplicable ; Pass         ; Inapplicable ; Inapplicable ; Inapplicable ; Inapplicable ; Pass         ; Inapplicable ; Inapplicable ; Inapplicable ; Inapplicable ; Inapplicable ; Pass      ; Inapplicable ; Inapplicable ;
; HEX_BOTTOM[6]      ; Inapplicable ; Inapplicable ; Inapplicable ; Inapplicable ; Inapplicable ; Pass      ; Inapplicable ; Inapplicable ; Pass      ; Pass      ; Inapplicable ; Pass         ; Inapplicable ; Inapplicable ; Inapplicable ; Inapplicable ; Pass         ; Inapplicable ; Inapplicable ; Inapplicable ; Inapplicable ; Pass         ; Inapplicable ; Inapplicable ; Inapplicable ; Inapplicable ; Inapplicable ; Pass      ; Inapplicable ; Inapplicable ;
; CLOCK_50           ; Pass         ; Inapplicable ; Pass         ; Inapplicable ; Inapplicable ; Pass      ; Pass         ; Inapplicable ; Pass      ; Pass      ; Inapplicable ; Inapplicable ; Inapplicable ; Inapplicable ; Pass         ; Inapplicable ; Inapplicable ; Pass         ; Inapplicable ; Inapplicable ; Inapplicable ; Inapplicable ; Inapplicable ; Inapplicable ; Inapplicable ; Inapplicable ; Inapplicable ; Pass      ; Inapplicable ; Inapplicable ;
; RESET_N            ; Inapplicable ; Inapplicable ; Inapplicable ; Inapplicable ; Inapplicable ; Pass      ; Inapplicable ; Inapplicable ; Pass      ; Pass      ; Inapplicable ; Inapplicable ; Inapplicable ; Inapplicable ; Pass         ; Inapplicable ; Inapplicable ; Pass         ; Inapplicable ; Inapplicable ; Inapplicable ; Inapplicable ; Inapplicable ; Inapplicable ; Inapplicable ; Inapplicable ; Inapplicable ; Pass      ; Inapplicable ; Inapplicable ;
; PS2_DAT            ; Inapplicable ; Inapplicable ; Inapplicable ; Inapplicable ; Inapplicable ; Pass      ; Inapplicable ; Inapplicable ; Pass      ; Pass      ; Inapplicable ; Inapplicable ; Inapplicable ; Inapplicable ; Pass         ; Inapplicable ; Inapplicable ; Pass         ; Inapplicable ; Inapplicable ; Inapplicable ; Inapplicable ; Inapplicable ; Inapplicable ; Inapplicable ; Inapplicable ; Inapplicable ; Pass      ; Inapplicable ; Inapplicable ;
; PS2_CLK            ; Inapplicable ; Inapplicable ; Inapplicable ; Inapplicable ; Inapplicable ; Pass      ; Inapplicable ; Inapplicable ; Pass      ; Pass      ; Inapplicable ; Inapplicable ; Inapplicable ; Inapplicable ; Pass         ; Inapplicable ; Inapplicable ; Pass         ; Inapplicable ; Inapplicable ; Inapplicable ; Inapplicable ; Inapplicable ; Inapplicable ; Inapplicable ; Inapplicable ; Inapplicable ; Pass      ; Inapplicable ; Inapplicable ;
+--------------------+--------------+--------------+--------------+--------------+--------------+-----------+--------------+--------------+-----------+-----------+--------------+--------------+--------------+--------------+--------------+--------------+--------------+--------------+--------------+--------------+--------------+--------------+--------------+--------------+--------------+--------------+--------------+-----------+--------------+--------------+


+---------------------------------------------------------------------------------------------+
; Fitter Device Options                                                                       ;
+------------------------------------------------------------------+--------------------------+
; Option                                                           ; Setting                  ;
+------------------------------------------------------------------+--------------------------+
; Enable user-supplied start-up clock (CLKUSR)                     ; Off                      ;
; Enable device-wide reset (DEV_CLRn)                              ; Off                      ;
; Enable device-wide output enable (DEV_OE)                        ; Off                      ;
; Enable INIT_DONE output                                          ; Off                      ;
; Configuration scheme                                             ; Active Serial            ;
; Error detection CRC                                              ; Off                      ;
; Enable open drain on CRC_ERROR pin                               ; Off                      ;
; Enable input tri-state on active configuration pins in user mode ; Off                      ;
; Configuration Voltage Level                                      ; Auto                     ;
; Force Configuration Voltage Level                                ; Off                      ;
; nCEO                                                             ; As output driving ground ;
; Data[0]                                                          ; As input tri-stated      ;
; Data[1]/ASDO                                                     ; As input tri-stated      ;
; Data[7..2]                                                       ; Unreserved               ;
; FLASH_nCE/nCSO                                                   ; As input tri-stated      ;
; Other Active Parallel pins                                       ; Unreserved               ;
; DCLK                                                             ; As output driving ground ;
+------------------------------------------------------------------+--------------------------+


+------------------------------------+
; Operating Settings and Conditions  ;
+---------------------------+--------+
; Setting                   ; Value  ;
+---------------------------+--------+
; Nominal Core Voltage      ; 1.20 V ;
; Low Junction Temperature  ; 0 °C   ;
; High Junction Temperature ; 85 °C  ;
+---------------------------+--------+


+---------------------------------------------------------------------------------------------------------------------------------------------------------------------------------------------------------------+
; Estimated Delay Added for Hold Timing Summary                                                                                                                                                                 ;
+---------------------------------------------------------------------------------------------+---------------------------------------------------------------------------------------------+-------------------+
; Source Clock(s)                                                                             ; Destination Clock(s)                                                                        ; Delay Added in ns ;
+---------------------------------------------------------------------------------------------+---------------------------------------------------------------------------------------------+-------------------+
; u_pll|uPLL|altpll_component|auto_generated|pll1|clk[0]                                      ; vga_sync_pipe:u_sync|pixel_clock_int                                                        ; 110.9             ;
; u_pll|uPLL|altpll_component|auto_generated|pll1|clk[0],vga_sync_pipe:u_sync|pixel_clock_int ; vga_sync_pipe:u_sync|pixel_clock_int                                                        ; 18.3              ;
; u_pll|uPLL|altpll_component|auto_generated|pll1|clk[0]                                      ; u_pll|uPLL|altpll_component|auto_generated|pll1|clk[0],vga_sync_pipe:u_sync|pixel_clock_int ; 9.8               ;
; keyboard_top:u_kbd|ps2:uPS2|keyboard:u1|keyboard_clk_filtered                               ; keyboard_top:u_kbd|ps2:uPS2|keyboard:u1|keyboard_clk_filtered                               ; 2.3               ;
+---------------------------------------------------------------------------------------------+---------------------------------------------------------------------------------------------+-------------------+
Note: For more information on problematic transfers, consider running the Fitter again with the Optimize hold timing option (Settings Menu) turned off.
This will disable optimization of problematic paths and expose them for further analysis using the Timing Analyzer.


+--------------------------------------------------------------------------------------------------------------------------------------------------------------------------------+
; Estimated Delay Added for Hold Timing Details                                                                                                                                  ;
+-------------------------------------------------------------------------------------------------+----------------------------------------------------------+-------------------+
; Source Register                                                                                 ; Destination Register                                     ; Delay Added in ns ;
+-------------------------------------------------------------------------------------------------+----------------------------------------------------------+-------------------+
; keyboard_top:u_kbd|ps2:uPS2|keyboard:u1|ready_set                                               ; keyboard_top:u_kbd|ps2:uPS2|keyboard:u1|ready_set        ; 3.808             ;
; bullet_bottom_top:u_bullets_bottom|tank_bullet_bottom_refine:\gen_bullets:1:u_bullet|active_reg ; pixelGenerator_dynamicbulletmodule:u_pix|colorAddress[0] ; 3.116             ;
; bullet_bottom_top:u_bullets_bottom|tank_bullet_bottom_refine:\gen_bullets:3:u_bullet|active_reg ; pixelGenerator_dynamicbulletmodule:u_pix|colorAddress[0] ; 2.847             ;
; bullet_top_top:u_bullets_top|tank_bullet_top_refine:\gen_bullets:0:u_bullet|active_reg          ; pixelGenerator_dynamicbulletmodule:u_pix|colorAddress[0] ; 2.836             ;
; bullet_bottom_top:u_bullets_bottom|tank_bullet_bottom_refine:\gen_bullets:2:u_bullet|active_reg ; pixelGenerator_dynamicbulletmodule:u_pix|colorAddress[0] ; 2.807             ;
; bullet_top_top:u_bullets_top|tank_bullet_top_refine:\gen_bullets:4:u_bullet|active_reg          ; pixelGenerator_dynamicbulletmodule:u_pix|colorAddress[0] ; 2.746             ;
; bullet_top_top:u_bullets_top|tank_bullet_top_refine:\gen_bullets:3:u_bullet|active_reg          ; pixelGenerator_dynamicbulletmodule:u_pix|colorAddress[0] ; 2.585             ;
; bullet_bottom_top:u_bullets_bottom|tank_bullet_bottom_refine:\gen_bullets:0:u_bullet|active_reg ; pixelGenerator_dynamicbulletmodule:u_pix|colorAddress[0] ; 2.528             ;
; bullet_top_top:u_bullets_top|tank_bullet_top_refine:\gen_bullets:1:u_bullet|active_reg          ; pixelGenerator_dynamicbulletmodule:u_pix|colorAddress[0] ; 2.487             ;
; bullet_bottom_top:u_bullets_bottom|tank_bullet_bottom_refine:\gen_bullets:0:u_bullet|y_reg[9]   ; pixelGenerator_dynamicbulletmodule:u_pix|colorAddress[0] ; 2.367             ;
; bullet_bottom_top:u_bullets_bottom|tank_bullet_bottom_refine:\gen_bullets:3:u_bullet|y_reg[9]   ; pixelGenerator_dynamicbulletmodule:u_pix|colorAddress[0] ; 2.330             ;
; bullet_bottom_top:u_bullets_bottom|tank_bullet_bottom_refine:\gen_bullets:1:u_bullet|y_reg[9]   ; pixelGenerator_dynamicbulletmodule:u_pix|colorAddress[0] ; 2.296             ;
; bullet_bottom_top:u_bullets_bottom|tank_bullet_bottom_refine:\gen_bullets:1:u_bullet|x_reg[9]   ; pixelGenerator_dynamicbulletmodule:u_pix|colorAddress[0] ; 2.239             ;
; bullet_bottom_top:u_bullets_bottom|tank_bullet_bottom_refine:\gen_bullets:4:u_bullet|active_reg ; pixelGenerator_dynamicbulletmodule:u_pix|colorAddress[0] ; 2.236             ;
; bullet_bottom_top:u_bullets_bottom|tank_bullet_bottom_refine:\gen_bullets:0:u_bullet|x_reg[9]   ; pixelGenerator_dynamicbulletmodule:u_pix|colorAddress[0] ; 2.142             ;
; bullet_bottom_top:u_bullets_bottom|tank_bullet_bottom_refine:\gen_bullets:4:u_bullet|y_reg[9]   ; pixelGenerator_dynamicbulletmodule:u_pix|colorAddress[0] ; 2.071             ;
; tank_bottom:u_tank_bottom|x_reg[9]                                                              ; pixelGenerator_dynamicbulletmodule:u_pix|colorAddress[2] ; 2.045             ;
; keyboard_top:u_kbd|ps2:uPS2|oneshot:pulser|pulse_out                                            ; keyboard_top:u_kbd|ps2:uPS2|keyboard:u1|scan_ready       ; 1.990             ;
; bullet_top_top:u_bullets_top|tank_bullet_top_refine:\gen_bullets:3:u_bullet|y_reg[3]            ; pixelGenerator_dynamicbulletmodule:u_pix|colorAddress[0] ; 1.968             ;
; bullet_top_top:u_bullets_top|tank_bullet_top_refine:\gen_bullets:0:u_bullet|y_reg[3]            ; pixelGenerator_dynamicbulletmodule:u_pix|colorAddress[0] ; 1.965             ;
; vga_sync_pipe:u_sync|pixel_clock_int                                                            ; vga_sync_pipe:u_sync|pixel_clock_int                     ; 1.954             ;
; bullet_top_top:u_bullets_top|tank_bullet_top_refine:\gen_bullets:3:u_bullet|y_reg[2]            ; pixelGenerator_dynamicbulletmodule:u_pix|colorAddress[0] ; 1.936             ;
; bullet_bottom_top:u_bullets_bottom|tank_bullet_bottom_refine:\gen_bullets:4:u_bullet|x_reg[9]   ; pixelGenerator_dynamicbulletmodule:u_pix|colorAddress[0] ; 1.876             ;
; bullet_top_top:u_bullets_top|tank_bullet_top_refine:\gen_bullets:2:u_bullet|x_reg[9]            ; pixelGenerator_dynamicbulletmodule:u_pix|colorAddress[0] ; 1.839             ;
; bullet_bottom_top:u_bullets_bottom|tank_bullet_bottom_refine:\gen_bullets:0:u_bullet|y_reg[8]   ; pixelGenerator_dynamicbulletmodule:u_pix|colorAddress[0] ; 1.829             ;
; bullet_top_top:u_bullets_top|tank_bullet_top_refine:\gen_bullets:4:u_bullet|y_reg[9]            ; pixelGenerator_dynamicbulletmodule:u_pix|colorAddress[0] ; 1.783             ;
; bullet_bottom_top:u_bullets_bottom|tank_bullet_bottom_refine:\gen_bullets:3:u_bullet|y_reg[8]   ; pixelGenerator_dynamicbulletmodule:u_pix|colorAddress[0] ; 1.754             ;
; bullet_top_top:u_bullets_top|tank_bullet_top_refine:\gen_bullets:2:u_bullet|x_reg[7]            ; pixelGenerator_dynamicbulletmodule:u_pix|colorAddress[0] ; 1.753             ;
; bullet_bottom_top:u_bullets_bottom|tank_bullet_bottom_refine:\gen_bullets:2:u_bullet|y_reg[9]   ; pixelGenerator_dynamicbulletmodule:u_pix|colorAddress[0] ; 1.728             ;
; bullet_top_top:u_bullets_top|tank_bullet_top_refine:\gen_bullets:0:u_bullet|y_reg[9]            ; pixelGenerator_dynamicbulletmodule:u_pix|colorAddress[0] ; 1.718             ;
; bullet_top_top:u_bullets_top|tank_bullet_top_refine:\gen_bullets:2:u_bullet|x_reg[8]            ; pixelGenerator_dynamicbulletmodule:u_pix|colorAddress[0] ; 1.711             ;
; bullet_top_top:u_bullets_top|tank_bullet_top_refine:\gen_bullets:2:u_bullet|y_reg[3]            ; pixelGenerator_dynamicbulletmodule:u_pix|colorAddress[0] ; 1.699             ;
; bullet_top_top:u_bullets_top|tank_bullet_top_refine:\gen_bullets:0:u_bullet|y_reg[2]            ; pixelGenerator_dynamicbulletmodule:u_pix|colorAddress[0] ; 1.692             ;
; bullet_bottom_top:u_bullets_bottom|tank_bullet_bottom_refine:\gen_bullets:0:u_bullet|y_reg[7]   ; pixelGenerator_dynamicbulletmodule:u_pix|colorAddress[0] ; 1.679             ;
; bullet_bottom_top:u_bullets_bottom|tank_bullet_bottom_refine:\gen_bullets:0:u_bullet|y_reg[6]   ; pixelGenerator_dynamicbulletmodule:u_pix|colorAddress[0] ; 1.676             ;
; bullet_top_top:u_bullets_top|tank_bullet_top_refine:\gen_bullets:2:u_bullet|y_reg[6]            ; pixelGenerator_dynamicbulletmodule:u_pix|colorAddress[0] ; 1.644             ;
; bullet_top_top:u_bullets_top|tank_bullet_top_refine:\gen_bullets:0:u_bullet|y_reg[5]            ; pixelGenerator_dynamicbulletmodule:u_pix|colorAddress[0] ; 1.635             ;
; bullet_bottom_top:u_bullets_bottom|tank_bullet_bottom_refine:\gen_bullets:1:u_bullet|x_reg[8]   ; pixelGenerator_dynamicbulletmodule:u_pix|colorAddress[0] ; 1.631             ;
; bullet_bottom_top:u_bullets_bottom|tank_bullet_bottom_refine:\gen_bullets:1:u_bullet|y_reg[8]   ; pixelGenerator_dynamicbulletmodule:u_pix|colorAddress[0] ; 1.624             ;
; bullet_bottom_top:u_bullets_bottom|tank_bullet_bottom_refine:\gen_bullets:4:u_bullet|y_reg[8]   ; pixelGenerator_dynamicbulletmodule:u_pix|colorAddress[0] ; 1.613             ;
; bullet_top_top:u_bullets_top|tank_bullet_top_refine:\gen_bullets:2:u_bullet|x_reg[6]            ; pixelGenerator_dynamicbulletmodule:u_pix|colorAddress[0] ; 1.611             ;
; tank_top:u_tank_top|x_reg[9]                                                                    ; pixelGenerator_dynamicbulletmodule:u_pix|colorAddress[2] ; 1.610             ;
; bullet_top_top:u_bullets_top|tank_bullet_top_refine:\gen_bullets:0:u_bullet|y_reg[7]            ; pixelGenerator_dynamicbulletmodule:u_pix|colorAddress[0] ; 1.608             ;
; bullet_bottom_top:u_bullets_bottom|tank_bullet_bottom_refine:\gen_bullets:0:u_bullet|y_reg[3]   ; pixelGenerator_dynamicbulletmodule:u_pix|colorAddress[0] ; 1.607             ;
; bullet_top_top:u_bullets_top|tank_bullet_top_refine:\gen_bullets:2:u_bullet|x_reg[5]            ; pixelGenerator_dynamicbulletmodule:u_pix|colorAddress[0] ; 1.605             ;
; bullet_top_top:u_bullets_top|tank_bullet_top_refine:\gen_bullets:0:u_bullet|y_reg[1]            ; pixelGenerator_dynamicbulletmodule:u_pix|colorAddress[0] ; 1.595             ;
; bullet_bottom_top:u_bullets_bottom|tank_bullet_bottom_refine:\gen_bullets:3:u_bullet|x_reg[9]   ; pixelGenerator_dynamicbulletmodule:u_pix|colorAddress[0] ; 1.588             ;
; bullet_bottom_top:u_bullets_bottom|tank_bullet_bottom_refine:\gen_bullets:1:u_bullet|x_reg[7]   ; pixelGenerator_dynamicbulletmodule:u_pix|colorAddress[0] ; 1.585             ;
; bullet_top_top:u_bullets_top|tank_bullet_top_refine:\gen_bullets:0:u_bullet|y_reg[8]            ; pixelGenerator_dynamicbulletmodule:u_pix|colorAddress[0] ; 1.583             ;
; bullet_top_top:u_bullets_top|tank_bullet_top_refine:\gen_bullets:2:u_bullet|active_reg          ; pixelGenerator_dynamicbulletmodule:u_pix|colorAddress[0] ; 1.565             ;
; bullet_bottom_top:u_bullets_bottom|tank_bullet_bottom_refine:\gen_bullets:0:u_bullet|y_reg[5]   ; pixelGenerator_dynamicbulletmodule:u_pix|colorAddress[0] ; 1.541             ;
; bullet_bottom_top:u_bullets_bottom|tank_bullet_bottom_refine:\gen_bullets:0:u_bullet|y_reg[4]   ; pixelGenerator_dynamicbulletmodule:u_pix|colorAddress[0] ; 1.537             ;
; keyboard_top:u_kbd|ps2:uPS2|keyboard:u1|INCNT[0]                                                ; keyboard_top:u_kbd|ps2:uPS2|keyboard:u1|ready_set        ; 1.534             ;
; keyboard_top:u_kbd|ps2:uPS2|keyboard:u1|INCNT[1]                                                ; keyboard_top:u_kbd|ps2:uPS2|keyboard:u1|ready_set        ; 1.534             ;
; keyboard_top:u_kbd|ps2:uPS2|keyboard:u1|INCNT[2]                                                ; keyboard_top:u_kbd|ps2:uPS2|keyboard:u1|ready_set        ; 1.534             ;
; PS2_DAT                                                                                         ; keyboard_top:u_kbd|ps2:uPS2|keyboard:u1|ready_set        ; 1.534             ;
; keyboard_top:u_kbd|ps2:uPS2|keyboard:u1|READ_CHAR                                               ; keyboard_top:u_kbd|ps2:uPS2|keyboard:u1|ready_set        ; 1.534             ;
; keyboard_top:u_kbd|ps2:uPS2|keyboard:u1|INCNT[3]                                                ; keyboard_top:u_kbd|ps2:uPS2|keyboard:u1|ready_set        ; 1.534             ;
; bullet_top_top:u_bullets_top|tank_bullet_top_refine:\gen_bullets:2:u_bullet|y_reg[1]            ; pixelGenerator_dynamicbulletmodule:u_pix|colorAddress[0] ; 1.530             ;
; tank_top:u_tank_top|x_reg[8]                                                                    ; pixelGenerator_dynamicbulletmodule:u_pix|colorAddress[2] ; 1.523             ;
; bullet_bottom_top:u_bullets_bottom|tank_bullet_bottom_refine:\gen_bullets:0:u_bullet|x_reg[8]   ; pixelGenerator_dynamicbulletmodule:u_pix|colorAddress[0] ; 1.522             ;
; bullet_top_top:u_bullets_top|tank_bullet_top_refine:\gen_bullets:0:u_bullet|x_reg[9]            ; pixelGenerator_dynamicbulletmodule:u_pix|colorAddress[0] ; 1.518             ;
; bullet_top_top:u_bullets_top|tank_bullet_top_refine:\gen_bullets:0:u_bullet|y_reg[4]            ; pixelGenerator_dynamicbulletmodule:u_pix|colorAddress[0] ; 1.518             ;
; bullet_bottom_top:u_bullets_bottom|tank_bullet_bottom_refine:\gen_bullets:3:u_bullet|y_reg[7]   ; pixelGenerator_dynamicbulletmodule:u_pix|colorAddress[0] ; 1.515             ;
; bullet_top_top:u_bullets_top|tank_bullet_top_refine:\gen_bullets:2:u_bullet|x_reg[3]            ; pixelGenerator_dynamicbulletmodule:u_pix|colorAddress[0] ; 1.511             ;
; bullet_bottom_top:u_bullets_bottom|tank_bullet_bottom_refine:\gen_bullets:1:u_bullet|x_reg[6]   ; pixelGenerator_dynamicbulletmodule:u_pix|colorAddress[0] ; 1.508             ;
; bullet_top_top:u_bullets_top|tank_bullet_top_refine:\gen_bullets:2:u_bullet|x_reg[4]            ; pixelGenerator_dynamicbulletmodule:u_pix|colorAddress[0] ; 1.507             ;
; bullet_bottom_top:u_bullets_bottom|tank_bullet_bottom_refine:\gen_bullets:1:u_bullet|y_reg[7]   ; pixelGenerator_dynamicbulletmodule:u_pix|colorAddress[0] ; 1.489             ;
; tank_bottom:u_tank_bottom|x_reg[8]                                                              ; pixelGenerator_dynamicbulletmodule:u_pix|colorAddress[2] ; 1.487             ;
; bullet_top_top:u_bullets_top|tank_bullet_top_refine:\gen_bullets:1:u_bullet|x_reg[9]            ; pixelGenerator_dynamicbulletmodule:u_pix|colorAddress[0] ; 1.479             ;
; bullet_top_top:u_bullets_top|tank_bullet_top_refine:\gen_bullets:2:u_bullet|y_reg[9]            ; pixelGenerator_dynamicbulletmodule:u_pix|colorAddress[0] ; 1.474             ;
; bullet_bottom_top:u_bullets_bottom|tank_bullet_bottom_refine:\gen_bullets:0:u_bullet|x_reg[0]   ; pixelGenerator_dynamicbulletmodule:u_pix|colorAddress[0] ; 1.463             ;
; bullet_bottom_top:u_bullets_bottom|tank_bullet_bottom_refine:\gen_bullets:3:u_bullet|y_reg[4]   ; pixelGenerator_dynamicbulletmodule:u_pix|colorAddress[0] ; 1.462             ;
; bullet_bottom_top:u_bullets_bottom|tank_bullet_bottom_refine:\gen_bullets:4:u_bullet|y_reg[6]   ; pixelGenerator_dynamicbulletmodule:u_pix|colorAddress[0] ; 1.462             ;
; bullet_bottom_top:u_bullets_bottom|tank_bullet_bottom_refine:\gen_bullets:1:u_bullet|y_reg[6]   ; pixelGenerator_dynamicbulletmodule:u_pix|colorAddress[0] ; 1.461             ;
; bullet_bottom_top:u_bullets_bottom|tank_bullet_bottom_refine:\gen_bullets:1:u_bullet|x_reg[5]   ; pixelGenerator_dynamicbulletmodule:u_pix|colorAddress[0] ; 1.459             ;
; bullet_bottom_top:u_bullets_bottom|tank_bullet_bottom_refine:\gen_bullets:4:u_bullet|y_reg[7]   ; pixelGenerator_dynamicbulletmodule:u_pix|colorAddress[0] ; 1.458             ;
; bullet_top_top:u_bullets_top|tank_bullet_top_refine:\gen_bullets:3:u_bullet|y_reg[7]            ; pixelGenerator_dynamicbulletmodule:u_pix|colorAddress[0] ; 1.455             ;
; bullet_top_top:u_bullets_top|tank_bullet_top_refine:\gen_bullets:0:u_bullet|y_reg[6]            ; pixelGenerator_dynamicbulletmodule:u_pix|colorAddress[0] ; 1.452             ;
; tank_top:u_tank_top|x_reg[5]                                                                    ; pixelGenerator_dynamicbulletmodule:u_pix|colorAddress[2] ; 1.443             ;
; bullet_top_top:u_bullets_top|tank_bullet_top_refine:\gen_bullets:3:u_bullet|y_reg[1]            ; pixelGenerator_dynamicbulletmodule:u_pix|colorAddress[0] ; 1.427             ;
; bullet_top_top:u_bullets_top|tank_bullet_top_refine:\gen_bullets:2:u_bullet|x_reg[2]            ; pixelGenerator_dynamicbulletmodule:u_pix|colorAddress[0] ; 1.423             ;
; bullet_top_top:u_bullets_top|tank_bullet_top_refine:\gen_bullets:3:u_bullet|x_reg[9]            ; pixelGenerator_dynamicbulletmodule:u_pix|colorAddress[0] ; 1.413             ;
; tank_top:u_tank_top|x_reg[7]                                                                    ; pixelGenerator_dynamicbulletmodule:u_pix|colorAddress[2] ; 1.412             ;
; bullet_bottom_top:u_bullets_bottom|tank_bullet_bottom_refine:\gen_bullets:1:u_bullet|x_reg[4]   ; pixelGenerator_dynamicbulletmodule:u_pix|colorAddress[0] ; 1.406             ;
; tank_bottom:u_tank_bottom|x_reg[7]                                                              ; pixelGenerator_dynamicbulletmodule:u_pix|colorAddress[2] ; 1.400             ;
; bullet_bottom_top:u_bullets_bottom|tank_bullet_bottom_refine:\gen_bullets:0:u_bullet|y_reg[2]   ; pixelGenerator_dynamicbulletmodule:u_pix|colorAddress[0] ; 1.399             ;
; bullet_bottom_top:u_bullets_bottom|tank_bullet_bottom_refine:\gen_bullets:0:u_bullet|x_reg[7]   ; pixelGenerator_dynamicbulletmodule:u_pix|colorAddress[0] ; 1.385             ;
; bullet_top_top:u_bullets_top|tank_bullet_top_refine:\gen_bullets:0:u_bullet|x_reg[6]            ; pixelGenerator_dynamicbulletmodule:u_pix|colorAddress[0] ; 1.369             ;
; bullet_top_top:u_bullets_top|tank_bullet_top_refine:\gen_bullets:2:u_bullet|x_reg[1]            ; pixelGenerator_dynamicbulletmodule:u_pix|colorAddress[0] ; 1.367             ;
; bullet_top_top:u_bullets_top|tank_bullet_top_refine:\gen_bullets:2:u_bullet|y_reg[2]            ; pixelGenerator_dynamicbulletmodule:u_pix|colorAddress[0] ; 1.366             ;
; bullet_top_top:u_bullets_top|tank_bullet_top_refine:\gen_bullets:2:u_bullet|y_reg[7]            ; pixelGenerator_dynamicbulletmodule:u_pix|colorAddress[0] ; 1.361             ;
; bullet_top_top:u_bullets_top|tank_bullet_top_refine:\gen_bullets:4:u_bullet|y_reg[3]            ; pixelGenerator_dynamicbulletmodule:u_pix|colorAddress[0] ; 1.359             ;
; bullet_bottom_top:u_bullets_bottom|tank_bullet_bottom_refine:\gen_bullets:1:u_bullet|x_reg[3]   ; pixelGenerator_dynamicbulletmodule:u_pix|colorAddress[0] ; 1.358             ;
; bullet_top_top:u_bullets_top|tank_bullet_top_refine:\gen_bullets:2:u_bullet|y_reg[8]            ; pixelGenerator_dynamicbulletmodule:u_pix|colorAddress[0] ; 1.356             ;
; bullet_top_top:u_bullets_top|tank_bullet_top_refine:\gen_bullets:4:u_bullet|y_reg[2]            ; pixelGenerator_dynamicbulletmodule:u_pix|colorAddress[0] ; 1.353             ;
; bullet_bottom_top:u_bullets_bottom|tank_bullet_bottom_refine:\gen_bullets:3:u_bullet|y_reg[3]   ; pixelGenerator_dynamicbulletmodule:u_pix|colorAddress[0] ; 1.352             ;
; bullet_bottom_top:u_bullets_bottom|tank_bullet_bottom_refine:\gen_bullets:3:u_bullet|y_reg[2]   ; pixelGenerator_dynamicbulletmodule:u_pix|colorAddress[0] ; 1.346             ;
; bullet_bottom_top:u_bullets_bottom|tank_bullet_bottom_refine:\gen_bullets:0:u_bullet|x_reg[6]   ; pixelGenerator_dynamicbulletmodule:u_pix|colorAddress[0] ; 1.344             ;
; bullet_bottom_top:u_bullets_bottom|tank_bullet_bottom_refine:\gen_bullets:1:u_bullet|y_reg[5]   ; pixelGenerator_dynamicbulletmodule:u_pix|colorAddress[0] ; 1.338             ;
+-------------------------------------------------------------------------------------------------+----------------------------------------------------------+-------------------+
Note: This table only shows the top 100 path(s) that have the largest delay added for hold.


+-----------------+
; Fitter Messages ;
+-----------------+
Warning (18236): Number of processors has not been specified which may cause overloading on shared machines.  Set the global assignment NUM_PARALLEL_PROCESSORS in your QSF to an appropriate value for best performance.
Info (20030): Parallel compilation is enabled and will use 4 of the 4 processors detected
Info (119006): Selected device EP4CE115F29C7 for design "miniVGA"
Info (21077): Low junction temperature is 0 degrees C
Info (21077): High junction temperature is 85 degrees C
Info (15535): Implemented PLL "PLL_clock_top:u_pll|PLL_clock:uPLL|altpll:altpll_component|PLL_clock_altpll:auto_generated|pll1" as Cyclone IV E PLL type File: C:/VHDL_training/miniVGA/db/pll_clock_altpll.v Line: 51
    Info (15099): Implementing clock multiplication of 2, clock division of 1, and phase shift of 0 degrees (0 ps) for PLL_clock_top:u_pll|PLL_clock:uPLL|altpll:altpll_component|PLL_clock_altpll:auto_generated|wire_pll1_clk[0] port File: C:/VHDL_training/miniVGA/db/pll_clock_altpll.v Line: 51
Info (171003): Fitter is performing an Auto Fit compilation, which may decrease Fitter effort to reduce compilation time
Warning (292013): Feature LogicLock is only available with a valid subscription license. You can purchase a software subscription to gain full access to this feature.
Info (176444): Device migration not selected. If you intend to use device migration later, you may need to change the pin assignments as they may be incompatible with other devices
    Info (176445): Device EP4CE40F29C7 is compatible
    Info (176445): Device EP4CE40F29I7 is compatible
    Info (176445): Device EP4CE30F29C7 is compatible
    Info (176445): Device EP4CE30F29I7 is compatible
    Info (176445): Device EP4CE55F29C7 is compatible
    Info (176445): Device EP4CE55F29I7 is compatible
    Info (176445): Device EP4CE75F29C7 is compatible
    Info (176445): Device EP4CE75F29I7 is compatible
    Info (176445): Device EP4CE115F29I7 is compatible
Info (169124): Fitter converted 5 user pins into dedicated programming pins
    Info (169125): Pin ~ALTERA_ASDO_DATA1~ is reserved at location F4
    Info (169125): Pin ~ALTERA_FLASH_nCE_nCSO~ is reserved at location E2
    Info (169125): Pin ~ALTERA_DCLK~ is reserved at location P3
    Info (169125): Pin ~ALTERA_DATA0~ is reserved at location N7
    Info (169125): Pin ~ALTERA_nCEO~ is reserved at location P28
Warning (15714): Some pins have incomplete I/O assignments. Refer to the I/O Assignment Warnings report for details
Info (176045): Design uses memory blocks. Violating setup or hold times of memory block address registers for either read or write operations could cause memory contents to be corrupted. Make sure that all memory block address registers meet the setup and hold time requirements.
Critical Warning (169085): No exact pin location assignment(s) for 50 pins of 52 total pins. For the list of pins please refer to the I/O Assignment Warnings table in the fitter report.
Critical Warning (332012): Synopsys Design Constraints File file not found: 'miniVGA.sdc'. A Synopsys Design Constraints File is required by the Timing Analyzer to get proper timing constraints. Without it, the Compiler will not properly optimize the design.
Info (332144): No user constrained generated clocks found in the design
Info (332144): No user constrained base clocks found in the design
Info (332143): No user constrained clock uncertainty found in the design. Calling "derive_clock_uncertainty"
Info (332123): Deriving Clock Uncertainty. Please refer to report_sdc in the Timing Analyzer to see clock uncertainties.
Info (332130): Timing requirements not specified -- quality metrics such as performance may be sacrificed to reduce compilation time.
Info (176353): Automatically promoted node PLL_clock_top:u_pll|PLL_clock:uPLL|altpll:altpll_component|PLL_clock_altpll:auto_generated|wire_pll1_clk[0] (placed in counter C0 of PLL_1) File: C:/VHDL_training/miniVGA/db/pll_clock_altpll.v Line: 93
    Info (176355): Automatically promoted destinations to use location or clock signal Global Clock CLKCTRL_G3
Info (176353): Automatically promoted node vga_sync_pipe:u_sync|pixel_clock_int  File: C:/VHDL_training/miniVGA/vga_sync_pipe.vhd Line: 56
    Info (176355): Automatically promoted destinations to use location or clock signal Global Clock
    Info (176356): Following destination nodes may be non-global or may not use global or regional clocks
        Info (176357): Destination node vga_sync_pipe:u_sync|pixel_clock_int~0 File: C:/VHDL_training/miniVGA/vga_sync_pipe.vhd Line: 56
        Info (176357): Destination node VGA_CLK~output File: C:/VHDL_training/miniVGA/tank_duel_top .vhd Line: 28
Info (176353): Automatically promoted node keyboard_top:u_kbd|ps2:uPS2|keyboard:u1|keyboard_clk_filtered  File: C:/VHDL_training/miniVGA/keyboard.vhd Line: 19
    Info (176355): Automatically promoted destinations to use location or clock signal Global Clock
    Info (176356): Following destination nodes may be non-global or may not use global or regional clocks
        Info (176357): Destination node keyboard_top:u_kbd|ps2:uPS2|keyboard:u1|keyboard_clk_filtered~0 File: C:/VHDL_training/miniVGA/keyboard.vhd Line: 19
        Info (176357): Destination node keyboard_top:u_kbd|ps2:uPS2|keyboard:u1|keyboard_clk_filtered~1 File: C:/VHDL_training/miniVGA/keyboard.vhd Line: 19
        Info (176357): Destination node keyboard_top:u_kbd|ps2:uPS2|keyboard:u1|keyboard_clk_filtered~2 File: C:/VHDL_training/miniVGA/keyboard.vhd Line: 19
        Info (176357): Destination node keyboard_top:u_kbd|ps2:uPS2|keyboard:u1|keyboard_clk_filtered~3 File: C:/VHDL_training/miniVGA/keyboard.vhd Line: 19
Info (176353): Automatically promoted node RESET_N~input (placed in PIN A14 (CLK10, DIFFCLK_4n)) File: C:/VHDL_training/miniVGA/tank_duel_top .vhd Line: 15
    Info (176355): Automatically promoted destinations to use location or clock signal Global Clock CLKCTRL_G14
    Info (176356): Following destination nodes may be non-global or may not use global or regional clocks
        Info (176357): Destination node keyboard_top:u_kbd|ps2:uPS2|keyboard:u1|READ_CHAR File: C:/VHDL_training/miniVGA/keyboard.vhd Line: 17
        Info (176357): Destination node keyboard_top:u_kbd|ps2:uPS2|keyboard:u1|scan_code[7]~0 File: C:/VHDL_training/miniVGA/keyboard.vhd Line: 76
        Info (176357): Destination node keyboard_top:u_kbd|ps2:uPS2|keyboard:u1|ready_set File: C:/VHDL_training/miniVGA/keyboard.vhd Line: 18
        Info (176357): Destination node keyboard_top:u_kbd|ps2:uPS2|keyboard:u1|SHIFTIN[7]~0 File: C:/VHDL_training/miniVGA/keyboard.vhd Line: 76
        Info (176357): Destination node keyboard_top:u_kbd|ps2:uPS2|keyboard:u1|INCNT~0 File: C:/VHDL_training/miniVGA/keyboard.vhd Line: 15
        Info (176357): Destination node keyboard_top:u_kbd|ps2:uPS2|keyboard:u1|INCNT[2]~1 File: C:/VHDL_training/miniVGA/keyboard.vhd Line: 76
        Info (176357): Destination node keyboard_top:u_kbd|ps2:uPS2|keyboard:u1|INCNT~2 File: C:/VHDL_training/miniVGA/keyboard.vhd Line: 15
        Info (176357): Destination node keyboard_top:u_kbd|ps2:uPS2|keyboard:u1|INCNT~3 File: C:/VHDL_training/miniVGA/keyboard.vhd Line: 15
        Info (176357): Destination node keyboard_top:u_kbd|ps2:uPS2|keyboard:u1|INCNT~4 File: C:/VHDL_training/miniVGA/keyboard.vhd Line: 15
Info (176233): Starting register packing
Info (176235): Finished register packing
    Extra Info (176219): No registers were packed into other blocks
Info (176214): Statistics of I/O pins that need to be placed that use the same VCCIO and VREF, before I/O pin placement
    Info (176211): Number of I/O pins in group: 49 (unused VREF, 2.5V VCCIO, 2 input, 47 output, 0 bidirectional)
        Info (176212): I/O standards used: 2.5 V.
Info (176215): I/O bank details before I/O pin placement
    Info (176214): Statistics of I/O banks
        Info (176213): I/O bank number 1 does not use VREF pins and has undetermined VCCIO pins. 4 total pin(s) used --  52 pins available
        Info (176213): I/O bank number 2 does not use VREF pins and has undetermined VCCIO pins. 1 total pin(s) used --  62 pins available
        Info (176213): I/O bank number 3 does not use VREF pins and has undetermined VCCIO pins. 0 total pin(s) used --  73 pins available
        Info (176213): I/O bank number 4 does not use VREF pins and has undetermined VCCIO pins. 0 total pin(s) used --  71 pins available
        Info (176213): I/O bank number 5 does not use VREF pins and has undetermined VCCIO pins. 0 total pin(s) used --  65 pins available
        Info (176213): I/O bank number 6 does not use VREF pins and has undetermined VCCIO pins. 1 total pin(s) used --  57 pins available
        Info (176213): I/O bank number 7 does not use VREF pins and has undetermined VCCIO pins. 0 total pin(s) used --  72 pins available
        Info (176213): I/O bank number 8 does not use VREF pins and has 2.5V VCCIO pins. 2 total pin(s) used --  69 pins available
Warning (15705): Ignored locations or region assignments to the following nodes
    Warning (15706): Node "horiz_sync" is assigned to location or region, but does not exist in design
    Warning (15706): Node "verti_sync" is assigned to location or region, but does not exist in design
    Warning (15706): Node "vga_blank" is assigned to location or region, but does not exist in design
    Warning (15706): Node "vga_blue[0]" is assigned to location or region, but does not exist in design
    Warning (15706): Node "vga_blue[1]" is assigned to location or region, but does not exist in design
    Warning (15706): Node "vga_blue[2]" is assigned to location or region, but does not exist in design
    Warning (15706): Node "vga_blue[3]" is assigned to location or region, but does not exist in design
    Warning (15706): Node "vga_blue[4]" is assigned to location or region, but does not exist in design
    Warning (15706): Node "vga_blue[5]" is assigned to location or region, but does not exist in design
    Warning (15706): Node "vga_blue[6]" is assigned to location or region, but does not exist in design
    Warning (15706): Node "vga_blue[7]" is assigned to location or region, but does not exist in design
    Warning (15706): Node "vga_green[0]" is assigned to location or region, but does not exist in design
    Warning (15706): Node "vga_green[1]" is assigned to location or region, but does not exist in design
    Warning (15706): Node "vga_green[2]" is assigned to location or region, but does not exist in design
    Warning (15706): Node "vga_green[3]" is assigned to location or region, but does not exist in design
    Warning (15706): Node "vga_green[4]" is assigned to location or region, but does not exist in design
    Warning (15706): Node "vga_green[5]" is assigned to location or region, but does not exist in design
    Warning (15706): Node "vga_green[6]" is assigned to location or region, but does not exist in design
    Warning (15706): Node "vga_green[7]" is assigned to location or region, but does not exist in design
    Warning (15706): Node "vga_red[0]" is assigned to location or region, but does not exist in design
    Warning (15706): Node "vga_red[1]" is assigned to location or region, but does not exist in design
    Warning (15706): Node "vga_red[2]" is assigned to location or region, but does not exist in design
    Warning (15706): Node "vga_red[3]" is assigned to location or region, but does not exist in design
    Warning (15706): Node "vga_red[4]" is assigned to location or region, but does not exist in design
    Warning (15706): Node "vga_red[5]" is assigned to location or region, but does not exist in design
    Warning (15706): Node "vga_red[6]" is assigned to location or region, but does not exist in design
    Warning (15706): Node "vga_red[7]" is assigned to location or region, but does not exist in design
Info (171121): Fitter preparation operations ending: elapsed time is 00:00:03
Info (14896): Fitter has disabled Advanced Physical Optimization because it is not supported for the current family.
Info (170189): Fitter placement preparation operations beginning
Info (170190): Fitter placement preparation operations ending: elapsed time is 00:00:00
Info (170191): Fitter placement operations beginning
Info (170137): Fitter placement was successful
Info (170192): Fitter placement operations ending: elapsed time is 00:00:07
Info (170193): Fitter routing operations beginning
Info (170195): Router estimated average interconnect usage is 0% of the available device resources
    Info (170196): Router estimated peak interconnect usage is 9% of the available device resources in the region that extends from location X46_Y24 to location X57_Y36
Info (170199): The Fitter performed an Auto Fit compilation.  Optimizations were skipped to reduce compilation time.
    Info (170201): Optimizations that may affect the design's routability were skipped
Info (170194): Fitter routing operations ending: elapsed time is 00:00:03
Info (11888): Total time spent on timing analysis during the Fitter is 1.20 seconds.
Info (334003): Started post-fitting delay annotation
Info (334004): Delay annotation completed successfully
Info (334003): Started post-fitting delay annotation
Info (334004): Delay annotation completed successfully
Info (11218): Fitter post-fit operations ending: elapsed time is 00:00:01
Warning (171167): Found invalid Fitter assignments. See the Ignored Assignments panel in the Fitter Compilation Report for more information.
Info (144001): Generated suppressed messages file C:/VHDL_training/miniVGA/output_files/miniVGA.fit.smsg
Info: Quartus Prime Fitter was successful. 0 errors, 34 warnings
    Info: Peak virtual memory: 14279 megabytes
    Info: Processing ended: Sun Nov 23 19:05:43 2025
    Info: Elapsed time: 00:00:25
    Info: Total CPU time (on all processors): 00:00:32


+----------------------------+
; Fitter Suppressed Messages ;
+----------------------------+
The suppressed messages can be found in C:/VHDL_training/miniVGA/output_files/miniVGA.fit.smsg.


